,hate_speech,toxicity,sent_neg,sent_neu,sent_pos,sent_compound,word_count,readability,p_hedges,p_impersonal_pronoun,p_swearing,p_negation,p_filler_pause,p_informal_title,p_formal_title,p_could_you,p_can_you,p_by_the_way,p_let_me_know,p_goodbye,p_for_me,p_for_you,p_reasoning,p_contrast_conjunction,p_reassurance,p_ask_agency,p_give_agency,p_hello,p_please,p_first_person_plural,p_first_person_single,p_second_person,p_third_person,p_positive_emotion,p_negative_emotion,p_agreement,p_disagreement,p_acknowledgement,p_subjectivity,p_bare_command,p_wh_questions,p_repair_questions,p_tag_questions,p_yesno_questions,p_gratitude,p_apology,p_truth_intensifier,p_adverb_limiter,p_affirmation,p_conjunction_start,named_entities,arg_discourse_connectives,arg_stance_adverbials,arg_reasoning_verbs,arg_modals,arg_full_root_clauses,arg_partial_root_clauses,score,upvote_ratio
18vkjp3,0.118,0.548,0.144,0.738,0.119,-0.9182,323,11.333407214811011,4,27,0,3,0,0,0,0,0,0,0,0,0,0,2,3,0,0,0,0,0,0,9,1,7,12,14,0,0,1,0,0,0,0,0,4,0,0,2,4,0,0,14,23,6,2,2,3,1,170,0.6700000166893005
18vkmq7,0.06,0.032,0.114,0.747,0.139,0.987,908,15.87199460549797,14,38,0,21,0,0,0,0,0,0,0,0,0,0,6,4,0,0,0,0,0,1,11,2,12,43,46,0,0,0,0,0,0,0,0,0,0,0,0,3,0,0,1,44,3,8,15,3,1,1,1.0
18vkmw4,0.188,0.361,0.111,0.729,0.159,0.4172,31,15.903189008614273,0,2,0,1,0,0,0,0,0,0,0,0,0,0,1,0,0,0,0,0,0,0,1,0,1,2,2,0,0,0,0,0,0,0,0,0,0,0,0,0,0,0,0,3,0,1,1,0,0,1,1.0
18vla5q,0.068,0.471,0.194,0.703,0.103,-0.9698,200,13.149919865122353,0,15,2,5,0,0,0,0,0,0,0,0,0,0,1,1,0,0,0,0,1,6,2,1,0,6,13,0,0,0,0,0,0,0,0,0,0,0,0,3,0,0,2,18,2,3,1,0,1,1,1.0
18vleb7,0.021,0.038,0.071,0.711,0.218,0.9982,425,10.66633372479733,2,29,0,15,0,0,0,0,0,0,0,0,0,0,2,5,0,0,1,0,0,7,11,17,3,21,13,0,0,1,0,0,0,0,0,0,0,0,0,0,0,0,21,24,3,0,5,2,0,1,1.0
18vlsi6,0.012,0.11,0.0,0.551,0.449,0.7997,13,11.20814326018867,0,0,0,1,0,0,0,0,0,0,0,0,0,0,0,0,0,0,0,0,0,1,0,0,0,1,1,0,0,0,0,0,0,0,0,0,0,0,0,0,0,0,1,0,0,0,0,0,0,1,1.0
18vltyt,0.012,0.134,0.0,0.574,0.426,0.7997,14,11.20814326018867,0,0,0,1,0,0,0,0,0,0,0,0,0,0,0,0,0,0,0,0,0,1,0,0,0,1,1,0,0,0,0,0,0,0,0,0,0,0,0,0,0,0,0,0,0,0,0,0,0,1,1.0
18vlv87,0.764,0.371,0.283,0.531,0.186,-0.296,15,8.841846274778883,0,0,0,0,0,0,0,0,0,0,0,0,0,0,0,0,0,0,0,0,0,0,0,0,0,1,2,0,0,0,0,0,0,0,0,0,0,0,0,0,0,0,0,1,0,0,0,0,0,1,1.0
18vlvla,0.012,0.111,0.0,0.551,0.449,0.7997,13,11.20814326018867,0,0,0,1,0,0,0,0,0,0,0,0,0,0,0,0,0,0,0,0,0,1,0,0,0,1,1,0,0,0,0,0,0,0,0,0,0,0,0,0,0,0,0,0,0,0,0,0,0,1,1.0
18vlzlt,0.113,0.024,0.0,0.734,0.266,0.4404,9,3.1291,0,0,0,0,0,0,0,0,0,0,0,0,0,0,0,0,0,0,0,0,0,0,2,0,0,1,0,0,0,0,1,0,0,0,0,0,0,0,0,0,0,0,0,0,0,0,1,1,0,1,1.0
18vm7qr,0.123,0.44,0.109,0.891,0.0,-0.0572,11,3.1291,0,0,0,1,0,1,0,0,0,0,0,0,0,0,0,0,0,0,0,0,0,0,1,0,0,0,0,0,0,0,0,0,0,0,0,1,0,0,0,0,0,0,2,2,0,0,0,0,0,1,1.0
18vm85z,0.169,0.361,0.0,1.0,0.0,0.0,10,3.1291,0,0,0,1,0,1,0,0,0,0,0,0,0,0,0,0,0,0,0,0,0,0,1,0,0,0,0,0,0,0,0,0,0,0,0,0,0,0,0,0,0,0,2,2,0,0,0,0,0,1,1.0
18vm9lw,0.569,0.255,0.147,0.724,0.129,-0.1879,165,11.051253699011982,2,9,1,4,0,0,0,0,1,0,0,0,0,0,0,0,0,0,0,0,1,0,4,1,1,8,7,0,0,0,1,0,0,0,0,1,0,0,0,2,0,0,6,10,0,2,1,0,0,1,1.0
18vneaq,0.381,0.421,0.0,0.775,0.225,0.4404,11,3.1291,0,1,0,0,0,1,0,0,0,0,0,0,0,0,0,0,0,0,0,0,0,0,0,0,0,1,0,0,0,0,0,0,0,0,0,0,0,0,0,0,0,0,0,1,0,0,0,0,0,1,1.0
18vngr5,0.11,0.339,0.096,0.723,0.182,0.9672,176,14.836745963215662,2,13,0,4,0,2,0,0,0,0,0,0,0,0,1,2,0,0,0,0,0,0,6,1,3,11,4,0,0,0,3,0,0,0,0,0,0,0,0,0,0,0,3,16,2,0,2,2,0,1,1.0
18vnlvi,0.022,0.074,0.0,0.759,0.241,0.431,10,3.1291,1,1,0,1,0,0,0,0,0,0,0,0,0,0,0,0,0,0,0,0,0,0,0,0,0,1,0,0,0,0,0,0,0,0,0,0,0,0,0,0,0,0,0,1,0,0,0,0,0,1,1.0
18vnnpn,0.019,0.039,0.0,0.674,0.326,0.4404,7,8.841846274778883,0,0,0,0,0,0,0,0,0,0,0,0,0,0,0,0,0,0,0,0,0,0,0,0,0,1,0,0,0,0,0,0,0,0,0,0,0,0,0,0,0,0,0,1,0,0,0,0,0,1,1.0
18vnugq,0.084,0.068,0.118,0.784,0.098,0.0683,166,13.25671669890799,0,10,0,4,0,0,0,0,0,0,0,0,0,0,2,3,0,0,0,0,0,0,0,0,3,4,3,0,0,0,0,0,0,0,0,0,0,0,0,0,0,0,10,17,1,3,3,0,0,1,1.0
18vnupi,0.152,0.326,0.121,0.829,0.05,-0.8674,162,14.191785591663535,4,12,0,4,0,0,0,0,0,0,0,0,0,0,0,1,0,0,0,0,0,2,3,0,4,3,10,0,0,1,0,0,0,0,0,0,0,0,0,0,0,0,21,16,1,1,9,0,0,1,0.33000001311302185
18vnxh1,0.053,0.053,0.027,0.872,0.101,0.9483,217,11.698219412168324,1,13,0,3,0,0,0,0,0,0,0,0,0,0,3,1,0,0,2,0,0,0,6,4,9,12,2,0,0,0,2,0,0,0,0,0,0,0,0,4,0,0,20,23,2,3,3,1,0,1,0.23999999463558197
18vp04v,0.048,0.479,0.122,0.841,0.037,-0.8878,146,15.247664890283005,2,9,0,3,0,0,0,0,0,0,0,0,0,0,2,3,1,0,0,0,0,2,5,0,4,3,10,0,0,0,0,0,0,0,0,1,0,0,1,1,0,0,5,19,1,1,1,1,0,1,1.0
18vp5wo,0.54,0.43,0.163,0.754,0.083,-0.9638,233,11.022393298168332,2,12,2,9,0,0,0,0,0,0,0,0,0,0,2,2,0,0,0,0,0,0,4,0,15,10,14,0,0,0,0,2,1,0,0,0,0,0,0,0,0,0,15,19,2,2,2,0,0,1,1.0
18vpgoj,0.038,0.388,0.0,1.0,0.0,0.0,11,11.20814326018867,0,0,0,0,0,0,0,0,0,0,0,0,0,0,0,0,0,0,0,0,0,0,0,0,0,0,0,0,0,0,0,0,0,0,0,0,0,0,0,0,0,0,1,0,0,0,0,0,0,1,1.0
18vprwt,0.031,0.048,0.104,0.826,0.07,-0.964,500,12.481268711053069,11,36,0,17,0,0,0,0,0,0,0,0,0,0,11,3,0,0,1,0,0,0,13,12,15,9,16,0,1,0,1,1,0,0,0,0,0,0,1,1,0,0,25,27,4,2,14,1,0,1,1.0
18vqaal,0.1,0.202,0.158,0.708,0.134,-0.2351,130,17.315433740611066,4,11,0,2,0,0,0,0,0,0,0,0,0,0,0,3,0,0,0,0,0,0,1,0,3,9,9,0,0,0,0,0,0,0,0,1,0,0,1,0,0,0,0,19,3,1,4,0,0,1,1.0
18vqdos,0.04,0.396,0.0,1.0,0.0,0.0,12,11.20814326018867,0,0,0,0,0,0,0,0,0,0,0,0,0,0,0,0,0,0,0,0,0,0,0,0,0,0,0,0,0,0,0,0,0,0,0,0,0,0,0,0,0,0,1,0,0,0,0,0,0,1,1.0
18vqkk7,0.036,0.208,0.196,0.804,0.0,-0.5267,20,11.20814326018867,0,0,0,1,0,0,0,0,0,0,0,0,0,0,1,0,0,0,0,0,0,0,0,0,1,0,0,0,0,0,0,0,0,0,0,0,0,0,0,0,0,0,0,4,0,0,0,0,0,1,1.0
18vqlre,0.116,0.05,0.259,0.634,0.107,-0.4767,16,8.841846274778883,1,1,0,0,0,0,0,0,0,0,0,0,0,0,0,0,0,0,0,0,0,0,0,0,0,1,1,0,0,0,0,0,0,0,0,0,0,0,0,1,0,0,0,3,0,0,1,0,0,1,1.0
18vqm2w,0.023,0.065,0.099,0.78,0.121,0.9085,493,14.03604970812114,11,35,1,7,0,0,0,0,0,0,0,0,0,0,0,7,0,0,1,0,0,1,6,3,6,21,21,0,0,0,3,1,1,0,0,1,0,1,1,2,0,0,13,34,4,6,10,1,0,1,1.0
18vr28a,0.046,0.112,0.308,0.692,0.0,-0.6124,10,8.841846274778883,0,0,0,1,0,0,0,0,0,0,0,0,0,0,0,0,0,0,0,0,0,0,1,0,0,0,1,0,1,0,1,0,0,0,0,0,0,0,0,0,0,0,0,0,0,0,0,1,0,1,1.0
18vs2e5,0.029,0.134,0.094,0.719,0.187,0.9809,267,13.133204557630332,1,18,0,5,0,0,0,0,0,0,0,0,0,0,0,6,0,0,2,0,0,0,8,5,8,23,12,1,0,1,2,0,0,0,0,0,0,0,1,3,0,0,0,23,4,2,3,3,0,1,1.0
18vt82j,0.132,0.141,0.108,0.767,0.124,0.5554,299,9.516144504307135,10,23,0,6,0,0,0,0,0,0,0,0,0,0,2,4,0,0,1,0,0,7,5,2,19,5,6,0,0,0,0,0,4,0,0,1,0,0,0,2,0,0,3,18,3,2,20,0,1,1,1.0
18vthun,0.016,0.111,0.06,0.716,0.225,0.9928,230,16.954822765917157,9,16,0,2,0,0,0,0,0,0,0,0,0,0,2,3,0,0,0,0,0,0,3,0,3,16,9,0,0,0,0,0,0,0,0,0,0,0,3,1,0,0,1,24,3,0,2,0,0,1,1.0
18vtvpc,0.016,0.602,0.154,0.662,0.184,0.1027,11,11.20814326018867,0,1,0,0,0,0,0,0,0,0,0,0,0,0,0,0,0,0,0,0,0,0,0,0,0,0,1,0,0,0,0,0,0,0,0,0,0,0,0,0,0,0,1,2,0,0,0,0,0,1,1.0
18vtygx,0.015,0.243,0.104,0.735,0.161,0.9925,652,11.401295070857707,1,63,0,20,0,1,0,0,0,0,0,0,0,0,1,6,0,0,1,0,0,0,20,2,42,28,34,0,3,1,5,0,3,0,0,2,0,0,0,7,0,0,18,26,4,3,6,4,0,1,1.0
18vuhuj,0.154,0.186,0.112,0.74,0.148,0.6442,145,13.925175675911131,0,6,0,2,0,0,0,0,0,0,0,0,0,0,1,0,0,0,0,0,0,0,0,0,9,3,6,1,0,0,0,0,0,0,0,0,0,0,0,0,0,0,6,9,1,0,5,0,0,1,1.0
18vulpb,0.044,0.305,0.061,0.774,0.165,0.9509,204,12.872792785125622,1,13,2,6,0,0,0,0,0,0,0,0,0,0,1,1,0,0,0,0,0,4,6,1,2,16,6,0,0,1,1,0,1,0,0,0,0,0,0,2,0,0,0,20,1,0,6,4,0,1,1.0
18vuz82,0.152,0.06,0.112,0.793,0.095,-0.3716,127,13.023866798666859,4,7,0,6,0,0,0,0,0,0,0,0,0,0,0,2,0,0,1,0,0,0,3,13,2,7,4,1,1,0,0,0,1,0,0,0,0,0,0,1,0,0,2,17,3,0,2,0,0,1,1.0
18vvcxj,0.023,0.137,0.106,0.802,0.091,-0.9437,633,14.756829357015494,3,36,0,7,0,0,0,0,0,0,0,0,0,0,4,5,0,0,0,0,0,0,9,1,12,15,23,0,2,0,3,0,0,0,0,0,0,0,1,2,0,0,81,40,4,7,12,5,0,1,1.0
18vwvuk,0.174,0.063,0.117,0.797,0.086,-0.8689,164,13.731508374201276,0,7,0,4,0,0,0,0,0,0,0,0,0,0,0,0,0,0,0,0,0,2,0,0,9,5,7,0,0,0,0,0,0,0,0,0,0,0,0,0,0,0,0,12,2,3,2,0,0,1,1.0
18vx4uu,0.061,0.106,0.045,0.828,0.127,0.9704,269,12.28987398476788,5,11,0,2,0,0,0,0,0,0,0,0,0,0,0,1,0,0,0,0,0,0,1,0,6,10,7,0,0,0,1,0,0,0,0,0,0,0,0,0,0,0,4,16,0,1,2,0,1,1,1.0
18vx7e9,0.054,0.255,0.012,0.872,0.116,0.9464,173,10.25414643259724,0,10,0,1,0,0,0,0,0,0,0,0,0,0,2,1,0,0,0,0,0,0,2,1,3,4,4,1,0,0,0,0,0,0,0,0,0,0,0,3,0,0,7,16,3,1,2,0,0,1,1.0
18vyu2o,0.141,0.376,0.136,0.57,0.294,0.2378,10,8.841846274778883,0,0,0,1,0,0,0,0,0,0,0,0,0,0,0,0,0,0,0,0,0,0,0,0,0,1,1,0,0,0,0,0,0,0,0,0,0,0,0,0,0,0,0,2,0,0,0,0,0,1,1.0
18vyx5s,0.034,0.125,0.058,0.852,0.091,0.9201,277,9.80015041476705,11,28,0,7,0,2,0,0,0,0,0,0,0,0,7,2,0,0,1,0,0,5,2,2,12,7,6,1,0,0,1,0,0,0,0,0,0,0,1,4,0,0,4,25,3,0,11,1,1,1,1.0
18vzdtb,0.087,0.255,0.115,0.802,0.083,-0.9629,460,13.936533991178674,15,28,0,4,0,1,0,0,0,0,0,0,1,0,5,2,0,0,0,0,0,0,2,1,10,20,17,0,0,0,0,0,0,0,0,0,0,0,0,0,0,0,14,28,3,5,8,1,1,1,1.0
18w0as9,0.067,0.465,0.166,0.718,0.116,-0.9576,254,13.383793397009324,2,19,0,7,0,0,0,0,0,0,0,0,0,0,1,3,0,0,0,0,2,2,18,2,9,9,13,1,1,0,1,0,0,0,0,0,2,1,4,1,0,0,20,21,4,6,0,3,0,1,0.46000000834465027
18w0j4g,0.033,0.052,0.122,0.878,0.0,-0.3612,19,14.554592549557764,0,1,0,0,0,0,0,0,0,0,0,0,0,0,0,0,0,0,0,0,0,0,1,0,0,0,0,0,0,0,0,0,0,0,0,0,0,0,0,0,0,0,1,2,0,0,0,0,0,1,1.0
18w1crl,0.068,0.33,0.0,1.0,0.0,0.0,13,3.1291,0,0,0,1,0,0,0,0,0,0,0,0,0,0,0,0,0,0,0,0,0,0,0,1,0,0,0,0,0,0,0,0,0,0,0,0,0,0,0,0,0,0,1,0,0,0,0,0,0,1,1.0
18w1h11,0.057,0.304,0.069,0.821,0.111,0.6112,126,10.74609503303851,1,7,0,5,0,0,0,0,0,0,0,0,0,0,0,0,0,0,0,0,0,0,0,2,3,5,2,0,1,0,0,0,0,0,0,1,0,0,0,0,0,0,10,9,0,2,1,1,0,1,1.0
18w1hrc,0.811,0.153,0.172,0.818,0.01,-0.9628,114,13.484332010920856,0,7,0,2,0,1,0,0,0,0,0,0,0,0,0,0,0,0,0,0,0,4,1,0,0,2,6,0,0,0,0,0,1,0,0,0,0,0,2,2,0,0,6,14,3,2,2,1,0,1,1.0
18w1lch,0.093,0.292,0.166,0.767,0.068,-0.971,188,10.389873798559362,3,7,0,2,0,0,0,0,0,0,0,0,0,0,0,2,0,0,0,0,0,13,4,0,0,2,10,0,0,1,0,1,0,0,0,0,0,0,0,3,0,0,5,14,1,0,2,0,0,1,1.0
18w2bgo,0.049,0.075,0.07,0.822,0.108,0.9836,661,12.281387856049985,7,40,0,16,0,7,0,0,0,0,0,0,0,0,6,7,0,0,0,0,0,10,6,9,28,27,20,0,0,2,2,0,1,0,0,0,0,0,0,6,0,0,14,33,4,6,8,3,1,1,1.0
18w2pwd,0.183,0.787,0.423,0.577,0.0,-0.6597,7,8.841846274778883,0,0,1,0,0,0,0,0,0,0,0,0,0,0,0,0,0,0,0,0,0,0,0,0,0,0,0,0,0,0,0,0,0,0,0,0,0,0,0,0,0,0,1,0,0,0,0,0,0,1,1.0
18w31t5,0.027,0.378,0.052,0.815,0.133,0.9531,220,14.90622815163357,2,5,0,2,0,0,0,0,0,0,0,0,0,0,1,0,0,0,0,0,0,2,0,0,16,11,5,0,0,0,0,1,0,0,0,0,0,0,0,0,0,0,15,16,3,3,7,0,0,1,1.0
18w31v0,0.083,0.313,0.257,0.449,0.294,-0.0258,16,11.20814326018867,0,1,0,0,0,0,0,0,0,0,0,0,0,0,1,0,0,0,0,0,0,0,1,0,1,1,3,0,0,0,0,0,0,0,0,0,0,0,0,0,0,0,0,1,0,0,0,0,0,1,1.0
18w34q8,0.062,0.102,0.135,0.723,0.142,0.3603,554,14.800330179935766,9,27,0,8,0,0,0,0,0,0,0,0,0,0,1,4,0,0,0,0,0,2,7,0,23,25,30,0,0,1,4,0,0,0,0,0,0,0,0,0,0,0,37,30,1,2,9,4,1,1,1.0
18w3dsf,0.039,0.052,0.089,0.761,0.15,0.9877,451,13.681092451943961,3,27,1,7,0,0,0,0,0,0,0,0,0,0,2,5,0,0,2,0,0,1,27,21,10,23,21,0,0,0,4,0,0,0,0,0,0,0,2,4,0,0,2,32,4,0,7,2,3,1,1.0
18w43mn,0.024,0.03,0.052,0.887,0.061,0.5552,463,16.15616582465906,14,39,0,10,0,0,0,0,0,0,0,0,0,0,2,4,0,0,0,0,0,0,8,0,5,15,8,0,0,0,0,0,0,0,1,1,0,0,0,3,0,0,5,25,2,11,7,3,0,1,1.0
18w4aih,0.031,0.627,0.235,0.765,0.0,-0.6808,16,3.1291,1,0,0,0,0,0,0,0,0,0,0,0,0,0,0,0,0,0,0,0,0,0,0,0,0,0,1,0,0,0,0,0,0,0,0,0,0,0,0,0,0,0,3,1,0,0,1,0,0,1,1.0
18w4bep,0.079,0.069,0.068,0.814,0.117,0.9076,186,9.928628108626363,3,17,0,4,0,1,0,0,0,0,0,0,1,0,0,1,0,0,0,0,0,0,6,2,2,10,4,0,0,0,1,0,0,0,0,0,0,0,0,1,0,0,7,21,2,1,2,2,0,1,1.0
18w4f9z,0.223,0.498,0.166,0.74,0.094,-0.9608,152,10.504223727775692,1,8,0,6,0,1,0,0,0,0,0,0,0,0,1,0,0,0,0,0,1,0,0,0,6,7,8,0,1,0,0,0,0,0,0,0,0,0,0,1,0,0,19,13,2,2,2,0,0,1,1.0
18w5xuy,0.025,0.093,0.091,0.765,0.144,0.9432,242,11.20814326018867,3,24,0,9,0,0,1,0,0,0,0,0,0,0,0,2,0,0,0,0,0,0,10,6,0,13,8,0,0,0,0,0,0,0,0,2,0,0,1,6,0,0,3,24,4,0,4,2,0,1,1.0
18w688w,0.036,0.29,0.192,0.746,0.063,-0.9975,475,12.432590859559816,1,30,2,14,0,2,0,0,0,0,0,0,0,1,2,5,0,0,1,0,0,2,2,25,2,13,41,0,0,0,1,0,2,0,0,0,0,0,2,1,0,0,8,29,3,4,9,2,0,1,1.0
18w7ar4,0.041,0.338,0.189,0.811,0.0,-0.4215,13,11.20814326018867,0,0,0,0,0,0,0,0,0,0,0,0,0,0,1,0,0,0,0,0,0,0,0,0,1,0,1,0,0,0,0,0,0,0,0,0,0,0,0,1,0,0,2,4,0,0,0,0,0,1,1.0
18w7bdo,0.041,0.338,0.189,0.811,0.0,-0.4215,13,11.20814326018867,0,0,0,0,0,0,0,0,0,0,0,0,0,0,1,0,0,0,0,0,0,0,0,0,1,0,1,0,0,0,0,0,0,0,0,0,0,0,0,1,0,0,2,4,0,0,0,0,0,1,1.0
18w7se5,0.085,0.305,0.099,0.71,0.191,0.9582,188,10.686352973137792,1,10,0,3,0,0,0,0,0,0,0,0,0,0,2,0,0,0,0,0,0,0,1,1,3,11,7,0,0,0,0,0,0,0,0,0,0,0,0,1,0,0,0,18,0,2,6,3,0,1,1.0
18w93v8,0.059,0.202,0.219,0.625,0.156,-0.9088,144,10.125756701596842,2,14,0,7,0,0,0,0,0,0,0,0,0,0,2,3,0,0,0,0,0,0,4,5,1,4,13,0,0,1,0,0,1,0,0,1,0,0,2,1,0,0,1,19,4,2,3,4,2,1,1.0
18w97gu,0.028,0.017,0.035,0.909,0.056,0.4621,136,11.20814326018867,4,8,0,1,0,0,0,0,0,0,0,0,0,0,0,2,0,0,0,0,0,0,6,1,0,0,6,0,0,0,1,0,0,0,0,0,0,0,1,0,0,0,18,15,1,4,3,0,0,1,1.0
18w98nr,0.078,0.323,0.176,0.724,0.1,-0.9835,263,13.81666964889586,7,21,0,8,0,0,0,0,0,0,0,0,0,0,0,2,0,0,0,0,0,0,4,0,13,3,17,1,1,0,1,1,0,0,0,0,0,0,1,8,0,0,9,26,5,4,3,1,1,1,1.0
18w9rsy,0.015,0.009,0.0,1.0,0.0,0.0,19,7.168621630094336,0,0,0,0,0,0,0,0,0,0,0,0,0,0,0,0,0,0,0,0,0,0,0,0,0,0,0,0,0,0,0,0,0,0,0,0,0,0,0,0,0,0,3,4,0,0,0,0,0,1,1.0
18w9ziy,0.176,0.03,0.0,1.0,0.0,0.0,25,10.125756701596842,0,0,0,1,0,0,0,0,0,0,0,0,0,0,0,0,0,0,0,0,0,2,0,0,0,0,0,0,0,0,0,0,0,0,0,0,0,0,0,0,0,0,0,1,0,0,0,0,0,1,1.0
18wa2hk,0.114,0.16,0.0,0.555,0.445,0.5875,8,11.20814326018867,0,0,0,1,0,0,0,0,0,0,0,0,0,0,0,0,0,0,0,0,0,0,0,0,0,1,0,0,0,0,0,0,0,0,0,0,0,0,0,0,0,0,0,1,0,0,0,0,0,1,1.0
18waax8,0.031,0.029,0.028,0.938,0.034,0.5946,272,8.4952907291091,2,13,0,1,0,0,0,0,0,0,0,0,0,0,2,4,0,0,0,0,0,0,14,12,1,2,2,0,0,0,4,1,0,0,0,0,0,0,1,0,0,0,11,25,2,4,7,2,0,1,1.0
18wakp0,0.119,0.627,0.281,0.521,0.198,-0.2023,7,11.20814326018867,0,0,1,0,0,0,0,0,0,0,0,0,0,0,0,0,0,0,0,0,0,0,0,0,0,0,2,0,0,0,0,0,0,0,0,0,0,0,0,0,0,0,0,0,0,0,0,0,0,1,1.0
18wbinc,0.07,0.398,0.1,0.805,0.095,-0.5966,296,13.463846863241148,2,16,0,7,0,1,0,0,0,0,0,0,0,0,2,1,0,0,0,0,0,0,2,0,19,16,17,0,0,0,1,0,0,0,0,0,0,0,0,2,0,0,21,19,2,1,10,2,1,1,1.0
18wbwz7,0.044,0.023,0.128,0.872,0.0,-0.296,16,13.023866798666859,0,0,0,1,0,0,0,0,0,0,0,0,0,0,0,0,0,0,0,0,0,1,0,0,0,0,0,0,0,0,0,0,0,0,0,0,0,0,0,0,0,0,0,6,0,1,1,0,0,1,1.0
18wc1h2,0.032,0.04,0.0,0.81,0.19,0.6597,25,13.023866798666859,0,1,0,0,0,1,0,0,0,0,0,0,0,0,0,0,0,0,0,0,0,0,0,0,0,1,0,0,0,0,0,0,0,0,0,0,0,0,0,0,0,0,0,6,0,0,0,0,0,1,1.0
18wcguh,0.082,0.028,0.0,1.0,0.0,0.0,11,11.20814326018867,2,0,0,0,0,0,0,0,0,0,0,0,0,0,0,0,0,0,0,0,0,0,0,0,0,0,0,0,0,0,0,0,0,0,0,0,0,0,0,0,0,0,1,2,0,0,2,0,0,1,1.0
18wd3va,0.17,0.317,0.286,0.631,0.082,-0.9843,130,12.68835289967788,0,0,0,2,0,0,0,0,0,0,0,0,0,0,0,1,0,0,0,0,0,0,0,1,14,5,22,0,2,0,0,0,0,0,0,0,0,0,0,1,0,0,3,9,2,0,6,0,0,1,1.0
18wdsi2,0.032,0.054,0.091,0.831,0.078,-0.8819,571,14.286979477949401,5,53,0,18,0,0,0,0,0,0,0,0,0,0,4,8,0,0,0,0,0,1,18,2,16,19,25,0,3,2,3,0,0,0,0,0,0,0,3,4,0,0,9,35,5,19,13,3,1,1,1.0
18wev3y,0.023,0.015,0.0,1.0,0.0,0.0,5,3.1291,0,0,0,0,0,0,0,0,0,0,0,0,0,0,1,0,0,0,0,0,0,0,0,0,0,1,0,0,0,0,0,0,0,0,0,0,0,0,0,0,0,0,2,0,0,1,0,0,0,1,1.0
18wf6ia,0.031,0.751,0.241,0.759,0.0,-0.5859,13,10.125756701596842,0,0,0,0,0,0,0,0,0,0,0,0,0,0,0,0,0,0,0,0,0,0,1,0,0,0,1,0,0,0,0,0,0,0,0,0,0,0,0,0,0,0,2,1,0,0,0,0,0,1,1.0
18wfjpv,0.044,0.439,0.448,0.448,0.104,-0.836,12,11.20814326018867,0,0,1,0,0,0,0,0,0,0,0,0,0,0,0,0,0,0,0,0,0,0,0,0,1,0,2,0,0,0,0,0,0,0,0,0,0,0,0,0,0,0,0,2,0,0,0,0,0,1,1.0
18wft37,0.378,0.305,0.506,0.494,0.0,-0.8481,10,13.023866798666859,0,0,0,0,0,0,0,0,0,0,0,0,0,0,0,0,0,0,0,0,0,0,0,0,0,0,2,0,0,0,0,0,0,0,0,0,0,0,0,0,0,0,0,3,0,0,0,0,0,1,1.0
18whmyd,0.026,0.29,0.099,0.786,0.115,0.5866,255,14.117786864225405,0,16,0,3,0,0,0,0,1,0,0,0,0,0,2,3,0,0,0,0,0,0,3,5,5,12,16,1,0,0,1,0,0,0,0,2,0,0,1,4,0,0,5,23,3,1,3,0,0,1,1.0
18wi11o,0.044,0.329,0.0,0.849,0.151,0.4939,19,3.1291,0,3,0,2,0,0,0,0,0,0,0,0,0,0,0,0,0,0,0,0,0,0,0,0,0,1,0,0,0,0,0,0,0,0,0,0,0,0,0,0,0,0,0,1,0,0,1,0,0,1,1.0
18widp3,0.022,0.013,0.0,0.783,0.217,0.3612,10,11.20814326018867,1,0,0,0,0,0,0,0,0,0,0,0,0,0,0,0,0,0,0,0,0,0,0,0,0,0,0,0,0,0,0,0,0,0,0,0,0,0,0,0,0,0,0,3,0,0,1,0,0,1,1.0
18wj1ek,0.118,0.038,0.106,0.743,0.151,0.9692,459,12.432590859559816,5,23,0,1,0,0,0,0,0,0,0,0,0,0,3,8,0,0,0,0,0,4,4,2,4,30,14,0,0,0,2,1,0,0,0,0,0,0,4,0,0,0,12,30,3,6,11,1,0,1,1.0
18wj1ml,0.063,0.103,0.189,0.811,0.0,-0.5423,16,11.20814326018867,1,0,0,0,0,0,0,0,0,0,0,0,0,0,0,0,0,0,0,0,0,1,0,0,0,0,1,0,0,0,0,0,0,0,0,0,0,0,0,0,0,0,3,2,0,0,0,0,0,1,1.0
18wj5dh,0.018,0.035,0.366,0.634,0.0,-0.6369,11,3.1291,1,1,0,0,0,0,0,0,0,0,0,0,0,0,0,0,0,0,0,0,0,1,0,0,0,0,1,0,0,0,0,0,0,0,0,1,0,0,0,0,0,0,0,3,0,0,0,0,0,1,1.0
18wje1j,0.094,0.19,0.135,0.865,0.0,-0.4215,19,11.20814326018867,1,0,0,0,0,0,0,0,0,0,0,0,0,0,0,0,0,0,0,0,0,0,0,0,1,0,1,0,0,0,0,0,0,0,0,0,0,0,0,0,0,0,0,3,0,0,1,0,0,1,1.0
18wjkce,0.03,0.051,0.012,0.789,0.199,0.9978,359,12.68835289967788,6,36,0,9,0,0,0,0,0,0,0,0,0,0,2,2,0,0,1,0,0,0,3,20,11,14,5,0,0,0,0,0,0,0,1,0,0,0,0,2,0,0,3,20,2,3,9,1,1,1,0.3499999940395355
18wmx20,0.032,0.165,0.128,0.768,0.105,-0.9723,914,16.378866842450865,18,75,0,26,0,0,0,0,0,0,0,0,0,0,6,8,2,1,0,0,0,9,36,1,18,37,58,0,2,3,11,0,0,0,0,2,0,0,4,6,0,0,4,47,9,5,10,6,0,1,1.0
18wne99,0.014,0.015,0.13,0.87,0.0,-0.34,16,14.554592549557764,0,0,0,0,0,0,0,0,0,0,0,0,0,0,0,0,0,0,0,0,0,0,0,0,0,1,0,0,0,0,0,0,0,0,0,0,0,0,0,0,0,0,1,2,0,0,0,0,0,1,1.0
18wnsyg,0.154,0.235,0.127,0.76,0.113,-0.7583,150,13.5591,0,7,0,6,0,0,0,0,0,0,0,0,0,0,2,1,0,0,0,0,0,2,1,0,7,5,4,0,0,2,0,0,0,0,0,0,0,0,0,2,0,0,15,15,1,0,8,1,0,1,1.0
18wo1qk,0.429,0.339,0.046,0.856,0.098,0.991,732,13.925175675911131,8,38,1,10,0,1,0,0,0,0,0,0,0,0,1,4,0,1,4,0,0,0,6,22,9,25,28,0,2,0,1,0,1,0,0,1,1,0,1,4,0,0,16,35,7,2,14,4,0,1,1.0
18wo63g,0.073,0.11,0.071,0.809,0.12,0.5632,158,9.2995712137729,2,6,0,2,0,1,0,0,0,0,0,0,0,0,1,1,0,0,2,0,0,0,2,5,4,8,4,0,0,0,0,2,1,0,0,2,0,0,0,0,0,0,2,20,1,0,4,0,0,1,1.0
18wo8oz,0.025,0.013,0.0,1.0,0.0,0.0,11,8.841846274778883,0,0,0,0,0,0,0,0,0,0,0,0,0,0,0,0,0,0,0,0,0,0,0,0,0,0,0,0,0,0,0,0,0,0,0,1,0,0,0,0,0,0,2,1,0,1,1,0,0,1,1.0
18woxlk,0.056,0.09,0.216,0.784,0.0,-0.5106,13,8.841846274778883,0,0,0,1,0,0,0,0,0,0,0,0,0,0,0,0,0,0,0,0,0,1,0,0,0,1,0,0,0,0,0,0,0,0,0,0,0,0,0,0,0,0,0,5,0,0,0,0,0,1,1.0
18wp0jh,0.083,0.092,0.059,0.871,0.07,0.4149,419,10.577609850970193,4,39,2,11,0,0,0,0,0,0,0,0,0,0,8,0,1,0,0,0,0,7,2,12,6,11,8,0,0,0,0,0,1,0,0,2,0,0,0,0,0,0,23,27,0,5,7,1,1,1,1.0
18wpb66,0.208,0.323,0.0,1.0,0.0,0.0,9,3.1291,0,0,0,1,0,0,0,0,0,0,0,0,0,0,0,0,0,0,0,0,0,0,0,0,0,0,0,0,0,0,0,0,0,0,0,0,0,0,0,0,0,0,2,0,0,0,0,0,0,1,1.0
18wpc2s,0.026,0.269,0.094,0.794,0.112,0.854,396,11.635897716609016,6,20,0,9,0,0,0,0,0,0,0,0,1,0,4,8,0,0,0,0,0,9,22,4,2,6,16,1,0,0,0,0,0,0,0,1,0,1,1,1,0,0,5,29,7,5,2,1,1,1,1.0
18wpiu7,0.098,0.159,0.222,0.778,0.0,-0.25,8,8.841846274778883,0,1,0,0,0,0,0,0,0,0,0,0,0,0,0,0,0,0,0,0,0,0,0,0,0,0,1,0,0,0,0,0,0,0,0,0,0,0,0,0,0,0,0,2,0,0,0,0,0,1,1.0
18wpxa8,0.076,0.378,0.47,0.53,0.0,-0.9228,19,11.20814326018867,0,2,0,0,0,0,0,0,0,0,0,0,0,0,0,0,0,0,0,0,0,0,0,0,0,0,4,0,0,0,0,0,0,0,0,0,0,0,0,1,0,0,2,1,1,0,0,0,0,1,1.0
18wqjib,0.017,0.031,0.0,0.691,0.309,0.7003,15,11.20814326018867,0,0,0,0,0,0,0,0,0,0,0,0,0,0,0,0,0,0,0,0,0,0,0,0,0,2,0,0,0,0,0,0,0,0,0,1,0,0,0,0,0,0,0,2,0,0,0,0,0,1,1.0
18wqn2w,0.045,0.115,0.027,0.857,0.117,0.9163,130,14.790194502661404,1,15,0,4,0,0,0,0,0,0,0,0,0,0,0,0,0,0,0,0,0,0,1,0,1,4,1,0,0,0,0,0,0,0,0,0,0,0,0,0,0,0,10,12,0,3,4,0,0,1,1.0
18wqnty,0.027,0.042,0.04,0.845,0.114,0.9547,276,16.18397175987059,3,22,0,9,0,0,0,0,0,0,0,0,0,0,7,1,0,0,0,0,0,1,2,0,0,6,7,0,0,0,1,0,0,0,0,0,0,0,0,0,0,0,2,24,1,9,10,0,0,1,1.0
18wqpts,0.037,0.109,0.142,0.714,0.143,0.0337,121,12.457975602129121,0,11,0,5,0,2,0,0,0,0,0,0,0,0,3,1,0,0,0,0,0,0,4,0,3,5,5,0,0,0,0,0,0,0,0,0,0,0,0,0,0,0,3,15,2,1,2,1,0,1,1.0
18wr7wk,0.093,0.38,0.202,0.724,0.073,-0.9908,239,13.227904075235838,4,10,2,6,0,0,0,0,0,0,0,0,0,0,2,4,0,0,0,0,0,0,12,0,13,4,18,0,1,0,2,0,0,0,0,0,0,0,2,1,0,0,16,20,4,2,4,3,0,1,1.0
18wrce3,0.03,0.033,0.0,1.0,0.0,0.0,15,8.841846274778883,0,2,0,2,0,0,0,0,0,0,0,0,0,0,0,0,0,0,0,0,0,0,0,0,0,0,0,0,0,0,0,0,0,0,0,0,0,0,0,0,0,0,0,1,0,0,1,0,0,1,1.0
18ws8lu,0.049,0.031,0.0,0.756,0.244,0.4404,10,8.841846274778883,0,0,0,0,0,0,0,0,0,0,0,0,0,0,0,0,0,0,0,0,0,0,0,0,0,1,0,0,0,0,0,0,0,0,0,1,0,0,0,0,0,0,1,1,0,0,1,0,0,1,1.0
18ws9le,0.029,0.024,0.027,0.703,0.27,0.9951,171,10.686352973137792,2,13,0,3,0,0,0,0,0,0,0,0,0,0,1,4,0,0,1,0,0,1,3,3,0,11,2,0,1,0,1,0,0,0,0,0,0,0,0,1,0,0,10,22,3,0,5,0,0,1,1.0
18wsa6q,0.046,0.038,0.05,0.889,0.062,0.296,167,12.340626583579944,4,10,0,2,0,0,0,0,0,0,0,0,0,0,0,3,0,0,0,0,0,2,5,1,1,3,4,0,0,0,0,0,0,0,0,1,0,0,0,0,0,0,4,16,0,3,6,2,1,1,1.0
18wsbnb,0.047,0.094,0.049,0.89,0.061,0.296,169,12.340626583579944,4,10,0,3,0,0,0,0,0,0,0,0,0,0,0,3,0,0,0,0,0,2,5,1,1,3,4,0,0,0,0,0,1,0,0,0,0,0,0,0,0,0,5,16,0,3,6,2,1,1,1.0
18wsdm1,0.086,0.202,0.032,0.918,0.05,0.8041,232,12.785403640627713,3,9,0,8,0,0,0,0,0,0,0,0,0,0,2,1,0,0,1,0,0,0,5,1,6,3,2,0,1,0,4,0,0,0,0,0,0,0,0,1,0,0,32,18,0,4,6,3,0,1,1.0
18wstio,0.045,0.39,0.111,0.75,0.14,0.9219,262,8.548686976883017,0,12,2,7,0,2,0,0,0,0,0,0,0,0,4,4,1,0,0,0,0,0,5,7,29,17,7,0,0,1,0,0,0,0,0,0,0,1,0,4,0,0,8,23,1,1,0,3,0,1,1.0
18wt02f,0.038,0.084,0.138,0.862,0.0,-0.911,97,11.602472056035307,0,5,0,4,0,0,0,0,0,0,0,0,0,0,0,2,0,0,1,0,0,3,3,1,0,1,3,0,0,0,0,0,0,0,0,0,0,0,1,1,0,0,6,12,1,2,1,0,0,1,1.0
18wt3yt,0.019,0.028,0.0,0.82,0.18,0.0258,6,3.1291,0,0,0,0,0,0,0,0,0,0,0,0,0,0,0,0,0,0,0,0,0,0,1,0,0,0,0,0,0,0,0,0,0,0,0,1,0,0,0,0,0,0,0,0,0,0,0,0,0,1,1.0
18wt8g6,0.058,0.219,0.107,0.815,0.078,-0.8087,276,16.52667757954773,1,29,1,11,0,0,0,0,0,0,0,0,0,0,2,4,0,0,0,0,0,3,5,0,0,1,8,3,0,0,1,0,0,0,0,0,0,0,1,0,0,0,29,22,2,2,3,0,0,1,1.0
18wudgw,0.024,0.04,0.046,0.849,0.105,0.9055,206,15.172626615295595,3,16,0,5,0,0,0,0,0,0,0,0,0,0,2,2,0,0,0,0,0,1,6,0,5,3,4,0,0,0,1,0,0,0,0,1,0,0,0,0,0,0,0,24,3,0,3,1,0,1,1.0
18wuex5,0.026,0.028,0.0,0.581,0.419,0.5574,6,11.20814326018867,0,0,0,1,0,0,0,0,0,0,0,0,0,0,0,0,0,0,0,0,0,0,0,0,0,0,1,0,0,0,0,0,0,0,0,0,0,0,0,0,0,0,0,0,0,0,1,0,0,1,1.0
18wvtba,0.182,0.047,0.0,1.0,0.0,0.0,11,8.841846274778883,1,0,0,0,0,0,0,0,0,0,0,0,0,0,0,0,0,0,0,0,0,0,0,0,0,0,0,0,0,0,0,0,0,0,0,0,0,0,0,0,0,0,1,0,0,0,1,0,0,1,1.0
18ww9zo,0.049,0.479,0.277,0.723,0.0,-0.6808,13,3.1291,0,0,0,1,0,0,0,0,0,0,0,0,0,0,0,0,0,0,0,0,0,0,3,0,0,0,1,0,0,0,1,0,0,0,0,0,0,0,0,0,0,0,0,3,0,0,1,0,0,1,1.0
18wwh6q,0.047,0.202,0.101,0.831,0.068,-0.7163,186,13.023866798666859,0,10,0,1,0,0,0,0,0,0,0,0,0,0,1,1,0,0,0,0,0,0,3,10,0,3,6,0,0,0,0,1,0,0,0,0,0,0,1,0,0,0,9,15,3,0,2,1,0,1,1.0
18wwjnv,0.05,0.169,0.188,0.77,0.042,-0.9933,240,8.472884824447931,1,4,0,4,0,6,0,0,0,0,0,0,0,0,0,2,0,0,0,0,0,0,0,0,15,7,12,0,0,0,0,1,1,0,0,1,0,0,0,2,0,0,32,9,0,1,0,0,0,1,1.0
18wx8m3,0.028,0.123,0.0,0.6,0.4,0.4588,8,3.1291,0,0,0,1,0,0,0,0,0,0,0,0,0,0,0,0,0,0,0,0,0,0,0,0,0,1,0,0,0,0,0,0,0,0,0,0,0,0,0,0,0,0,0,1,0,0,0,0,0,1,1.0
18wz6jg,0.056,0.155,0.146,0.75,0.104,-0.9078,249,15.668782140382117,3,14,1,5,0,0,0,0,0,0,0,0,0,0,0,0,0,0,0,0,0,0,13,1,4,7,16,0,0,1,2,0,0,0,0,0,0,0,2,2,0,0,16,19,5,2,3,2,0,1,1.0
18wzakx,0.062,0.339,0.087,0.711,0.202,0.9938,339,8.841846274778883,1,24,0,9,0,0,0,0,0,0,0,0,0,0,1,5,0,1,0,0,1,1,27,5,9,20,18,0,0,0,1,0,2,0,0,2,0,0,0,1,0,0,14,23,4,2,2,2,1,1,1.0
18wzpq6,0.019,0.152,0.043,0.826,0.132,0.979,300,13.383793397009324,4,29,0,3,0,0,0,0,0,0,0,0,0,0,1,3,0,0,0,0,0,0,11,5,6,14,12,0,1,1,2,0,0,0,0,0,0,0,0,1,0,0,5,24,2,2,1,3,0,1,1.0
18wzxpn,0.574,0.129,0.177,0.758,0.065,-0.8796,101,9.236282656511921,1,4,0,2,0,0,0,0,0,0,0,0,0,0,0,0,0,0,0,0,0,0,3,1,3,1,5,0,0,0,2,0,0,0,0,0,0,0,0,1,0,0,3,10,0,0,4,2,0,1,1.0
18x0qlr,0.138,0.238,0.193,0.749,0.059,-0.9896,244,10.832165505486643,2,18,0,11,0,0,0,0,0,0,0,0,0,1,2,0,0,0,0,0,0,0,4,2,5,4,10,0,0,0,0,0,0,0,0,0,0,0,0,1,0,0,1,20,0,2,9,0,0,1,1.0
18x1ie5,0.047,0.103,0.097,0.8,0.103,0.8519,776,13.397384779245865,4,52,0,18,0,0,0,0,1,0,0,0,1,0,9,4,0,0,0,1,0,15,9,9,12,31,47,0,0,1,0,0,14,0,0,8,0,0,0,6,0,0,4,33,2,15,9,5,3,1,1.0
18x1m9i,0.091,0.52,0.081,0.749,0.169,0.9957,572,12.200932325342574,3,46,1,15,0,3,0,0,0,0,0,0,0,0,4,3,0,0,0,0,0,0,7,0,16,32,17,0,1,0,4,0,0,0,0,0,0,0,1,4,0,0,4,31,4,6,14,4,0,1,1.0
18x1rlm,0.096,0.502,0.081,0.747,0.172,0.9959,573,12.200932325342574,3,46,1,15,0,3,0,0,0,0,0,0,0,0,5,3,0,0,0,0,0,0,7,0,16,32,17,0,1,0,4,0,0,0,0,0,0,0,1,4,0,0,4,31,4,6,14,3,1,1,1.0
18x1wbj,0.083,0.035,0.13,0.763,0.108,-0.851,315,12.516099999999998,4,14,0,6,0,0,0,0,0,0,0,0,0,0,1,2,0,0,0,0,0,5,5,0,3,8,13,0,0,0,2,0,0,0,0,0,0,0,1,2,0,0,10,22,4,5,7,2,1,1,1.0
18x2ysh,0.098,0.163,0.571,0.429,0.0,-0.8402,8,11.20814326018867,1,0,0,0,0,0,0,0,0,0,0,0,0,0,0,0,0,0,0,0,0,0,0,0,0,0,2,0,0,0,0,0,0,0,0,0,0,0,0,0,0,0,0,0,0,0,1,0,0,1,1.0
18x3691,0.797,0.435,0.19,0.756,0.054,-0.9898,257,8.4952907291091,1,15,0,9,0,1,0,0,0,0,0,0,0,0,1,2,0,0,0,0,0,2,13,3,20,6,17,0,0,0,0,1,0,0,0,0,0,0,0,3,0,0,5,20,2,3,4,1,0,1,1.0
18x3bse,0.029,0.095,0.167,0.741,0.092,-0.9385,173,17.315433740611066,2,11,0,2,0,0,0,0,0,0,0,0,0,0,0,1,0,0,0,0,0,1,0,0,2,3,9,0,0,0,0,0,0,0,0,0,0,0,0,1,0,0,1,15,0,0,1,0,0,1,1.0
18x3d95,0.07,0.361,0.166,0.782,0.053,-0.9778,190,9.661875296680812,2,7,0,5,0,0,0,1,0,0,0,0,0,0,0,3,0,0,0,0,0,3,2,2,3,15,15,0,0,0,0,1,0,0,0,0,0,0,0,1,0,0,10,21,1,1,5,0,1,1,1.0
18x3r20,0.027,0.025,0.0,0.853,0.147,0.4767,19,14.554592549557764,1,1,0,1,0,0,0,0,0,0,0,0,0,0,0,0,0,0,0,0,0,1,0,0,0,1,0,0,0,0,0,0,0,0,0,0,0,0,0,0,0,0,1,4,1,0,0,0,0,1,1.0
18x3wyf,0.035,0.114,0.0,0.706,0.294,0.6124,14,11.20814326018867,0,0,0,1,0,0,0,0,0,0,0,0,0,0,0,0,0,0,0,0,0,1,0,0,0,0,1,0,0,0,0,0,0,0,0,0,0,0,0,0,0,0,0,1,0,0,0,0,0,1,1.0
18x3yea,0.037,0.112,0.262,0.567,0.17,-0.1184,12,11.20814326018867,0,0,0,1,0,0,0,0,0,0,0,0,0,0,0,0,0,0,0,0,0,1,0,0,0,0,1,0,1,0,0,0,0,0,0,0,0,0,0,0,0,0,0,1,0,0,0,0,0,1,1.0
18x42zc,0.033,0.044,0.0,1.0,0.0,0.0,12,8.841846274778883,1,0,0,0,0,0,0,0,0,0,0,0,0,0,0,0,0,0,0,0,0,0,0,0,0,0,0,0,0,0,0,0,0,0,0,0,0,0,0,0,0,0,3,2,0,0,1,0,0,1,1.0
18x4aek,0.038,0.113,0.254,0.646,0.1,-0.3259,18,8.841846274778883,0,0,0,1,0,0,0,0,0,0,0,0,0,0,0,0,0,0,0,0,0,0,0,0,0,0,2,0,0,0,0,0,0,0,0,0,0,0,1,1,0,0,0,5,1,0,0,0,0,1,1.0
18x4io3,0.051,0.112,0.061,0.888,0.051,-0.3191,119,9.188382445141503,0,4,0,2,0,0,0,0,0,0,0,0,1,0,0,0,0,0,0,0,0,0,6,4,0,0,1,0,0,0,0,0,0,0,0,0,0,0,0,0,0,0,8,7,1,1,1,0,0,1,1.0
18x5jq2,0.039,0.427,0.113,0.759,0.128,0.9382,505,13.731508374201276,2,28,0,15,0,2,0,0,0,0,0,0,0,0,2,3,0,1,0,0,0,4,12,3,4,21,19,0,0,0,2,2,0,0,0,2,0,0,0,2,0,0,54,27,1,8,7,0,1,1,1.0
18x63iy,0.031,0.251,0.0,0.63,0.37,0.5719,10,8.841846274778883,1,0,0,1,0,0,0,0,0,0,0,0,0,0,0,0,0,0,0,0,0,1,0,0,0,1,0,0,0,0,0,0,0,0,0,0,0,0,0,0,0,0,1,0,1,0,1,0,0,1,1.0
18x6jud,0.021,0.589,0.201,0.737,0.062,-0.9641,119,13.348371206891418,1,1,5,5,0,1,0,0,0,0,0,0,0,0,1,0,0,0,0,0,0,0,7,2,1,4,9,0,0,0,0,0,0,0,0,0,0,0,0,4,0,0,4,20,0,0,0,0,1,1,1.0
18x78yb,0.468,0.159,0.0,1.0,0.0,0.0,6,8.841846274778883,1,0,0,0,0,0,0,0,0,0,0,0,0,0,0,0,0,0,0,0,0,0,0,0,0,0,0,0,0,0,0,0,0,0,0,0,0,0,0,0,0,0,0,2,0,0,1,0,0,1,1.0
18x7g8v,0.036,0.054,0.057,0.84,0.103,0.9802,422,13.76565470535455,8,34,0,9,1,0,0,0,0,0,0,0,0,0,0,2,0,0,1,0,0,0,4,9,3,18,14,0,3,0,3,0,0,0,0,1,0,0,1,4,0,0,13,31,5,5,16,3,0,1,1.0
18x7w4i,0.016,0.093,0.0,1.0,0.0,0.0,7,3.1291,0,0,0,0,0,0,0,0,0,0,0,0,0,0,0,0,0,0,0,0,0,0,0,0,0,0,0,0,0,0,0,0,0,0,0,0,0,0,0,0,0,0,3,1,0,0,0,0,0,1,1.0
18x9rmr,0.068,0.182,0.0,0.783,0.217,0.3612,10,3.1291,0,0,0,0,0,0,0,0,0,0,0,0,0,0,0,0,0,0,0,0,0,0,0,0,0,0,0,0,0,0,0,0,0,0,0,0,0,0,0,0,0,0,0,1,0,0,0,0,0,1,1.0
18xal7a,0.034,0.04,0.0,1.0,0.0,0.0,14,13.023866798666859,0,2,0,0,0,0,0,0,0,0,0,0,0,0,0,0,0,0,0,0,0,0,0,1,0,1,0,0,0,0,0,0,0,0,0,0,0,0,0,0,0,0,0,4,0,0,0,0,0,1,1.0
18xapu2,0.063,0.05,0.134,0.658,0.208,0.9609,180,13.624085052395262,0,14,0,2,0,0,0,0,0,0,0,0,1,0,1,2,0,0,0,0,0,8,1,0,3,10,7,0,0,0,0,0,0,0,0,0,0,0,0,0,0,0,1,15,2,1,0,0,0,1,1.0
18xb3c4,0.523,0.427,0.237,0.763,0.0,-0.4767,11,3.1291,0,0,0,0,0,0,0,0,0,0,0,0,0,0,0,0,0,0,0,0,0,0,0,0,0,0,1,0,0,0,0,0,0,0,0,0,0,0,0,0,0,0,2,2,0,0,0,0,0,1,1.0
18xb4jp,0.043,0.139,0.172,0.828,0.0,-0.4019,14,13.023866798666859,0,1,0,1,0,0,0,0,0,0,0,0,0,0,0,0,0,0,0,0,0,0,0,0,0,0,1,0,0,0,0,0,0,0,0,0,0,0,0,0,0,0,0,2,0,0,0,0,0,1,1.0
18xb6lj,0.523,0.427,0.237,0.763,0.0,-0.4767,11,3.1291,0,0,0,0,0,0,0,0,0,0,0,0,0,0,0,0,0,0,0,0,0,0,0,0,0,0,1,0,0,0,0,0,0,0,0,0,0,0,0,0,0,0,2,2,0,0,0,0,0,1,1.0
18xbesa,0.047,0.226,0.188,0.724,0.088,-0.9804,281,12.000913495891488,3,13,0,13,0,0,0,0,0,0,0,0,0,0,1,2,0,0,0,0,0,2,1,1,14,7,14,0,0,0,0,0,0,0,0,0,0,0,0,0,0,0,5,22,3,3,5,0,0,1,1.0
18xc4hh,0.08,0.203,0.033,0.847,0.12,0.9711,214,11.20814326018867,3,17,0,7,0,3,0,0,0,0,0,0,0,0,3,2,0,0,0,0,0,1,1,0,7,5,7,0,1,0,1,0,0,0,0,0,0,0,2,2,0,0,5,21,1,3,10,0,0,1,1.0
18xcpq9,0.049,0.042,0.027,0.707,0.266,0.984,109,11.20814326018867,1,7,0,1,0,0,0,0,0,0,0,0,0,0,0,0,0,0,0,0,0,1,0,1,3,10,2,0,0,0,0,0,0,0,0,0,0,0,0,0,0,0,1,14,2,0,1,0,0,1,1.0
18xd1ju,0.531,0.112,0.0,1.0,0.0,0.0,9,8.841846274778883,0,0,0,0,0,0,0,0,0,0,0,0,0,0,0,0,0,0,0,0,0,0,0,0,0,0,0,0,0,0,0,0,0,0,0,0,0,0,0,0,0,0,0,0,0,0,0,0,0,1,1.0
18xdzg5,0.052,0.237,0.187,0.714,0.099,-0.9934,454,12.704596331783538,5,28,0,11,0,0,0,0,0,0,0,0,0,0,3,5,0,0,0,0,0,1,6,1,17,14,26,0,1,0,4,0,0,0,0,0,0,0,0,3,0,0,3,31,2,6,12,5,0,1,1.0
18xegjf,0.074,0.265,0.085,0.852,0.063,-0.2382,172,19.032712561301913,3,12,0,2,0,0,0,0,0,0,0,0,0,0,0,2,0,0,0,0,0,0,3,0,1,1,8,0,0,0,1,0,0,0,0,0,0,0,0,0,0,0,9,12,2,0,1,0,0,1,1.0
18xeu9f,0.029,0.086,0.063,0.923,0.014,-0.9921,859,8.782025293597997,6,93,0,41,0,0,0,0,0,0,0,0,1,0,5,3,0,2,0,0,0,2,118,0,0,7,21,0,12,3,20,0,1,0,0,2,0,0,0,5,0,0,3,36,3,7,27,5,3,1,1.0
18xfm7j,0.021,0.034,0.0,1.0,0.0,0.0,15,11.20814326018867,2,0,0,0,0,0,0,0,0,0,0,0,0,0,0,0,0,0,0,0,0,0,0,0,0,0,0,0,0,0,0,0,0,0,0,0,0,0,0,0,0,0,0,3,0,0,2,0,0,1,1.0
18xfp21,0.07,0.056,0.036,0.824,0.14,0.9295,125,10.504223727775692,1,8,0,3,0,0,0,0,0,0,0,0,0,0,1,2,0,0,0,0,0,1,5,2,3,5,5,0,0,1,0,1,0,0,0,2,0,0,1,1,0,0,0,13,4,0,3,3,0,1,1.0
18xfysd,0.026,0.111,0.04,0.821,0.139,0.9655,221,14.39478758073233,3,15,0,4,0,0,0,0,0,0,0,0,0,0,1,0,0,0,0,0,0,2,15,0,7,6,4,0,0,0,2,0,0,0,0,0,0,0,1,0,0,0,2,19,3,2,4,2,0,212,0.7599999904632568
18xgp6g,0.05,0.202,0.062,0.845,0.093,0.5716,135,17.122413403193683,1,3,0,5,0,0,0,0,0,0,0,0,0,0,3,0,0,0,0,0,0,2,0,5,3,4,2,0,0,0,0,0,0,0,0,0,0,0,2,2,0,0,3,10,2,6,6,0,0,1,1.0
18xh3sb,0.052,0.687,0.0,1.0,0.0,0.0,6,11.20814326018867,0,0,0,0,0,0,0,0,0,0,0,0,0,0,0,0,0,0,0,0,0,0,0,0,0,0,1,0,0,0,0,0,0,0,0,0,0,0,0,0,0,0,1,0,0,0,0,0,0,1,1.0
18xh4pl,0.06,0.045,0.0,0.549,0.451,0.6249,6,3.1291,0,0,0,0,0,0,0,0,0,0,0,0,0,0,0,0,0,0,0,0,0,0,0,0,0,1,0,0,0,0,0,0,0,0,0,0,0,0,0,0,0,0,0,0,0,0,0,0,0,1,1.0
18xh9ad,0.031,0.621,0.214,0.67,0.116,-0.9535,122,16.15616582465906,2,7,1,1,0,0,0,0,0,0,0,0,0,1,1,2,0,0,0,0,0,0,2,5,0,8,9,0,0,0,0,0,0,0,0,0,0,0,0,2,0,0,0,20,2,0,3,0,0,1,0.9900000095367432
18xhw1w,0.021,0.285,0.185,0.729,0.086,-0.9644,158,13.023866798666859,1,10,0,4,0,0,0,0,0,0,0,0,0,0,0,3,0,0,1,0,0,0,2,1,2,7,10,0,0,0,2,0,0,0,0,0,0,0,0,2,0,0,2,15,1,0,2,2,0,1,1.0
18xif0o,0.04,0.191,0.051,0.911,0.038,-0.4767,153,14.191785591663535,5,21,0,3,0,0,0,0,0,0,0,0,0,0,0,2,0,0,0,0,0,0,0,0,0,8,1,0,0,0,0,0,0,0,0,0,0,0,2,0,0,0,14,15,1,5,4,0,0,1,0.28999999165534973
18xiqgs,0.026,0.226,0.117,0.776,0.107,-0.1272,134,12.161744961471694,4,8,0,3,0,0,0,0,0,0,0,0,0,0,1,2,0,0,0,0,0,0,2,1,2,1,8,0,0,0,1,0,1,0,0,0,0,0,1,2,0,0,2,13,2,0,2,1,0,1,1.0
18xj0pc,0.055,0.304,0.118,0.778,0.104,0.1671,133,7.447530270364452,0,11,0,8,0,0,0,0,0,0,0,0,1,0,2,1,0,0,0,0,0,2,8,6,0,10,5,0,0,0,0,0,0,0,2,0,0,0,1,1,0,0,0,17,2,0,2,2,0,1,1.0
18xkb64,0.152,0.3,0.263,0.737,0.0,-0.3612,8,13.023866798666859,0,1,0,0,0,0,0,0,0,0,0,0,0,0,0,0,0,0,0,0,0,0,0,0,0,0,0,0,0,0,0,0,0,0,0,0,0,0,0,0,0,0,0,1,0,0,0,0,0,1,1.0
18xl2ry,0.028,0.018,0.06,0.765,0.175,0.969,180,15.381575749822971,2,17,0,2,0,0,0,0,0,0,0,0,0,0,0,0,0,0,0,0,0,2,3,0,4,10,5,0,0,0,2,0,0,0,0,1,0,0,0,1,0,0,2,15,2,2,10,1,0,1,1.0
18xl7f6,0.024,0.022,0.0,1.0,0.0,0.0,9,3.1291,0,0,0,0,0,0,0,0,0,0,0,0,0,0,0,0,0,0,0,0,0,1,0,0,0,0,0,0,0,0,0,0,0,0,0,0,0,0,0,0,0,0,1,0,0,0,0,0,0,1,1.0
18xlm4i,0.11,0.285,0.048,0.913,0.039,-0.0387,239,12.40481918309499,1,16,0,4,0,0,0,0,0,0,0,0,0,0,2,8,0,0,0,0,0,1,0,0,14,5,5,0,0,0,0,0,0,0,0,0,0,0,0,3,0,0,14,16,2,1,0,2,0,1,1.0
18xlngk,0.034,0.378,0.083,0.825,0.092,0.0516,19,13.023866798666859,0,1,0,0,0,0,0,0,0,0,0,0,0,0,0,0,0,0,0,0,0,0,0,0,1,0,0,0,0,0,0,0,0,0,0,0,0,0,0,1,0,0,0,5,0,0,0,0,0,1,1.0
18xlvqo,0.024,0.082,0.0,0.367,0.633,0.7845,6,8.841846274778883,0,0,0,1,0,0,0,0,0,0,0,0,0,0,0,0,0,0,0,0,0,0,0,0,0,1,1,0,0,0,0,0,0,0,0,0,0,0,0,0,0,0,0,0,0,0,0,0,0,1,1.0
18xm2kk,0.014,0.035,0.0,1.0,0.0,0.0,7,10.125756701596842,0,1,0,0,0,0,0,0,0,0,0,0,0,0,0,0,0,0,0,0,0,0,0,0,0,0,0,0,0,0,0,0,0,0,0,0,0,0,0,0,0,0,0,1,0,0,0,0,0,1,1.0
18xm5ky,0.138,0.305,0.125,0.797,0.079,-0.9095,196,9.80015041476705,2,15,1,2,0,0,0,0,0,0,0,0,0,0,1,3,0,0,0,0,0,0,9,0,4,2,5,0,0,0,1,0,0,0,0,0,0,0,1,4,0,0,3,22,2,1,0,2,1,1,1.0
18xm8no,0.203,0.127,0.168,0.778,0.054,-0.9974,504,13.236681829239998,2,35,0,8,0,0,0,0,0,0,0,0,0,0,1,2,0,0,0,0,0,7,11,0,10,8,26,0,0,0,6,0,0,0,0,1,0,0,0,7,0,0,12,37,4,2,11,2,2,1,1.0
18xmleu,0.037,0.021,0.01,0.935,0.055,0.8701,232,14.975302809339372,1,10,0,4,0,0,0,0,0,0,0,0,0,0,0,1,0,0,0,0,0,2,7,1,0,11,3,0,0,0,3,0,0,0,0,0,0,0,0,2,0,0,9,21,2,0,3,0,2,1,1.0
18xnklc,0.237,0.401,0.078,0.824,0.097,0.2706,234,11.911945987284739,3,14,1,5,0,0,0,0,0,0,0,0,0,0,2,1,0,0,0,0,0,2,8,0,7,5,4,1,0,0,2,0,0,0,0,0,0,0,0,4,0,0,4,18,2,2,9,1,0,1,1.0
18xnte5,0.016,0.426,0.07,0.84,0.091,0.3374,364,10.172246626331159,7,45,3,9,0,1,0,0,0,0,0,0,0,0,1,0,0,0,0,0,0,0,20,5,1,11,14,0,0,0,2,0,0,0,0,0,0,0,0,1,0,0,8,25,2,1,5,1,0,1,0.20000000298023224
18xo4wu,0.055,0.093,0.097,0.73,0.173,0.9981,993,14.130154551723667,12,69,0,18,0,0,0,0,0,0,0,0,0,0,7,5,0,0,3,0,0,3,10,6,12,49,28,1,0,1,5,1,0,0,0,0,0,0,2,1,0,0,85,41,6,11,27,6,1,1,1.0
18xoc6v,0.035,0.289,0.233,0.691,0.076,-0.9921,211,14.005844860021309,1,15,0,5,0,1,0,0,0,0,0,0,0,0,0,2,0,0,0,0,0,0,3,0,9,3,9,0,0,0,0,0,0,0,0,0,0,0,0,1,0,0,7,13,2,1,5,0,0,1,1.0
18xod9i,0.033,0.175,0.0,0.762,0.238,0.6826,20,8.841846274778883,0,0,0,1,0,0,0,0,0,0,0,0,0,0,0,0,0,0,0,0,0,0,0,0,1,2,0,0,0,0,0,0,0,0,0,0,0,0,0,0,0,0,3,4,0,0,1,0,0,1,1.0
18xod9x,0.033,0.175,0.0,0.762,0.238,0.6826,20,8.841846274778883,0,0,0,1,0,0,0,0,0,0,0,0,0,0,0,0,0,0,0,0,0,0,0,0,1,2,0,0,0,0,0,0,0,0,0,0,0,0,0,0,0,0,3,4,0,0,1,0,0,1,1.0
18xoijo,0.037,0.375,0.05,0.699,0.252,0.9774,106,16.52667757954773,1,5,1,2,0,0,0,0,0,0,0,0,0,0,1,2,0,0,0,0,0,0,2,0,4,9,2,0,0,0,1,0,0,0,0,0,0,0,0,0,0,0,15,16,3,1,2,1,0,1,1.0
18xoiu9,0.281,0.199,0.25,0.75,0.0,-0.25,7,8.841846274778883,1,0,0,0,0,0,0,0,0,0,0,0,0,0,0,0,0,0,0,0,0,0,0,0,0,0,0,0,0,0,0,0,0,0,0,0,0,0,0,0,0,0,2,1,0,0,1,0,0,1,1.0
18xojph,0.193,0.224,0.423,0.577,0.0,-0.6597,7,8.841846274778883,0,0,0,0,0,0,0,0,0,0,0,0,0,0,0,0,0,0,0,0,0,0,0,0,0,1,1,0,0,0,0,0,0,0,0,0,0,0,0,0,0,0,0,1,0,0,0,0,0,1,1.0
18xp30n,0.152,0.384,0.125,0.748,0.128,-0.821,418,14.381905143607526,5,21,1,8,0,0,0,0,0,0,0,0,0,0,1,5,0,0,0,0,0,3,5,2,6,12,19,0,0,1,1,0,1,0,0,0,0,0,0,1,0,0,5,20,3,2,14,0,0,1,0.4099999964237213
18xq55k,0.03,0.015,0.0,1.0,0.0,0.0,18,15.903189008614273,0,0,0,0,0,0,0,0,0,0,0,0,0,0,0,0,0,0,0,0,0,0,0,0,0,0,0,0,0,0,0,0,0,0,0,0,0,0,0,0,0,0,0,1,0,0,1,0,0,1,1.0
18xqbuf,0.05,0.255,0.248,0.589,0.163,-0.997,574,13.199009011505517,12,42,0,37,0,1,0,0,1,0,0,0,1,0,11,6,0,0,1,0,0,17,9,8,8,23,39,0,1,0,4,0,4,0,0,5,0,0,1,8,0,0,5,25,4,16,24,6,0,1,1.0
18xqesb,0.083,0.058,0.0,0.684,0.316,0.7506,19,13.023866798666859,0,0,0,1,0,0,0,0,0,0,0,0,0,0,0,0,0,0,0,0,0,1,0,0,2,0,0,0,0,0,0,0,0,0,0,0,0,0,0,0,0,0,3,4,1,0,1,0,0,1,1.0
18xqp0f,0.03,0.757,0.145,0.746,0.11,-0.2023,19,14.554592549557764,0,0,1,0,0,0,0,0,0,0,0,0,0,0,0,0,0,0,0,0,0,0,0,2,0,1,2,0,0,0,0,0,0,0,0,0,0,0,0,0,0,0,1,4,1,0,0,0,0,1,1.0
18xqtlc,0.045,0.019,0.038,0.927,0.036,-0.1027,224,9.673873057562805,4,8,0,5,0,0,0,0,0,0,0,0,0,0,0,2,0,0,0,0,0,1,17,2,5,4,3,0,0,2,0,0,0,0,0,1,0,0,0,0,0,0,12,20,5,0,3,1,1,1,1.0
18xqwlu,0.021,0.153,0.094,0.738,0.168,0.9501,212,11.051253699011982,4,13,0,4,0,0,0,0,0,0,0,0,0,0,6,2,0,0,0,0,1,0,13,3,4,14,7,0,0,0,0,1,0,0,0,0,0,0,1,0,0,0,1,20,4,2,6,0,0,1,1.0
18xr16u,0.041,0.067,0.03,0.893,0.077,0.9058,244,13.023866798666859,4,10,0,5,0,1,0,0,0,0,0,0,0,1,1,2,0,0,0,0,0,1,5,5,1,7,2,0,0,0,0,1,0,0,0,0,0,0,3,3,0,0,6,15,2,2,6,1,0,1,1.0
18xr5fi,0.281,0.199,0.25,0.75,0.0,-0.25,7,8.841846274778883,1,0,0,0,0,0,0,0,0,0,0,0,0,0,0,0,0,0,0,0,0,0,0,0,0,0,0,0,0,0,0,0,0,0,0,0,0,0,0,0,0,0,2,1,0,0,1,0,0,1,1.0
18xrxyz,0.045,0.081,0.113,0.806,0.081,-0.8668,213,12.060818386365153,3,13,0,10,0,0,0,0,0,0,0,0,0,0,1,1,0,0,1,0,0,0,3,7,4,14,7,0,0,0,0,0,0,0,0,0,0,0,0,6,0,0,4,24,3,1,5,0,1,1,1.0
18xsacf,0.026,0.321,0.255,0.745,0.0,-0.6249,13,11.20814326018867,0,1,0,0,0,0,0,0,0,0,0,0,0,0,0,0,0,0,0,0,0,0,0,0,0,0,1,0,0,0,0,0,0,0,0,0,0,0,0,0,0,0,0,2,0,0,0,0,0,1,1.0
18xseij,0.297,0.334,0.263,0.737,0.0,-0.3612,8,11.20814326018867,1,0,0,1,0,0,0,0,0,0,0,0,0,0,0,0,0,0,0,0,0,0,0,0,0,0,0,0,0,0,0,0,0,0,0,0,0,0,0,0,0,0,0,0,0,0,1,0,0,1,0.9900000095367432
18xsrts,0.039,0.038,0.081,0.824,0.096,0.2311,409,12.07096230602999,3,18,1,12,0,2,0,0,0,0,0,0,0,1,0,2,0,0,0,0,0,1,10,34,19,14,9,0,3,1,0,0,0,0,0,1,0,0,0,3,0,0,9,22,3,3,5,1,0,1,1.0
18xsv5l,0.082,0.412,0.071,0.85,0.079,0.3711,284,12.745084868956482,2,14,1,3,0,1,0,0,0,0,0,0,0,0,0,3,0,0,0,0,0,3,13,6,3,7,10,0,1,1,1,0,0,0,0,0,0,0,2,1,0,0,3,19,3,2,0,0,0,1,1.0
18xsxxn,0.024,0.339,0.04,0.89,0.07,0.6316,228,10.864195022040775,5,11,0,3,0,3,0,0,0,0,0,0,1,0,1,1,0,0,0,0,0,0,9,1,11,15,5,0,1,1,2,0,0,0,0,0,0,0,2,0,0,0,22,21,4,2,3,3,0,1,1.0
18xt73v,0.025,0.049,0.0,0.877,0.123,0.2732,16,11.20814326018867,0,0,0,0,0,0,0,0,0,0,0,0,0,0,0,0,0,0,0,0,0,0,0,0,0,1,0,0,0,0,0,0,0,0,0,0,0,0,0,0,0,0,1,2,0,0,0,0,0,1,1.0
18xtwr3,0.079,0.199,0.512,0.488,0.0,-0.6369,5,3.1291,0,0,0,0,0,0,0,0,0,0,0,0,0,0,0,0,0,0,0,0,0,0,0,0,0,0,1,0,0,0,0,0,0,0,0,0,0,0,0,0,0,0,0,0,0,0,0,0,0,1,1.0
18xu0jm,0.017,0.024,0.0,1.0,0.0,0.0,15,13.023866798666859,0,0,0,0,0,0,0,0,0,0,0,0,0,0,0,0,0,0,0,0,0,0,0,0,0,1,1,0,0,0,0,0,0,0,0,0,0,0,0,0,0,0,1,3,0,0,0,0,0,1,1.0
18xu4p4,0.03,0.02,0.011,0.851,0.138,0.9478,126,17.122413403193683,4,7,0,3,0,0,0,0,0,0,0,0,0,0,0,2,0,0,0,0,0,0,2,1,2,4,2,0,0,0,0,0,0,0,0,0,0,0,0,1,0,0,3,14,1,3,4,2,0,1,1.0
18xuz5c,0.179,0.024,0.047,0.856,0.097,0.765,103,12.161744961471694,2,0,0,1,0,0,0,0,0,0,0,0,0,0,0,0,0,0,0,0,0,0,0,1,0,6,4,0,0,0,0,0,0,0,0,1,0,0,0,0,0,0,1,10,0,1,1,0,0,1,1.0
18xvt6f,0.052,0.427,0.191,0.651,0.158,-0.9649,350,11.578365685549247,6,30,1,14,0,0,0,0,0,0,0,0,1,0,3,4,5,0,0,0,0,7,9,0,7,17,19,0,4,0,3,0,0,0,0,0,0,0,0,3,0,0,7,26,4,0,6,1,0,1,1.0
18xw8no,0.028,0.075,0.231,0.769,0.0,-0.34,9,13.023866798666859,0,0,0,0,0,0,0,0,0,0,0,0,0,0,0,0,0,0,0,0,0,0,0,0,0,1,0,0,0,0,0,0,0,0,0,0,0,0,0,0,0,0,1,2,0,0,0,0,0,1,1.0
18xxt4p,0.223,0.22,0.146,0.662,0.192,0.1027,23,8.841846274778883,1,0,0,1,0,0,0,0,0,0,0,0,0,0,0,0,0,0,0,0,0,0,0,0,1,2,1,0,0,0,0,0,0,0,0,0,0,0,0,0,0,0,0,2,0,0,0,0,0,1,1.0
18xyhnf,0.023,0.018,0.0,0.885,0.115,0.0772,11,8.841846274778883,0,1,0,0,0,0,0,0,0,0,0,0,0,0,0,0,0,0,0,0,0,1,0,0,0,0,0,0,0,0,0,0,0,0,0,0,0,0,0,0,0,0,0,0,0,0,1,0,0,1,1.0
18xyjpf,0.032,0.053,0.098,0.738,0.163,0.9077,161,15.172626615295595,3,5,0,0,0,0,0,0,0,0,0,0,0,0,0,0,0,0,0,0,0,1,3,0,1,6,5,0,0,0,1,0,0,0,0,0,0,0,0,0,0,0,0,12,0,2,4,2,0,1,1.0
18xz2e9,0.021,0.015,0.0,0.667,0.333,0.6124,12,11.20814326018867,0,0,0,0,0,0,0,0,0,0,0,0,0,0,0,0,0,0,0,0,1,0,0,0,0,1,0,0,0,0,0,0,0,0,0,0,0,0,0,0,0,0,0,3,0,0,0,0,0,1,1.0
18xzqp3,0.055,0.159,0.234,0.695,0.071,-0.9919,249,12.516099999999998,0,8,0,9,0,0,0,0,0,0,0,0,0,0,4,2,0,0,0,0,1,0,2,4,1,7,16,0,0,0,2,0,0,0,0,0,0,0,0,2,0,0,0,22,0,2,2,1,0,1,1.0
18y058j,0.03,0.375,0.204,0.772,0.024,-0.8652,57,10.125756701596842,0,2,0,5,0,0,0,0,0,0,0,0,0,0,0,1,0,0,0,0,0,0,4,1,0,1,3,0,0,0,1,0,0,0,0,0,0,0,0,0,0,0,0,12,0,0,0,0,0,1,1.0
18y09pq,0.035,0.263,0.046,0.899,0.055,0.8626,781,14.467705413686144,11,62,0,11,0,1,0,0,0,0,0,0,0,0,2,5,0,0,0,0,0,10,14,2,6,19,16,0,0,1,7,0,0,0,0,0,0,0,2,2,0,0,5,48,6,7,10,7,0,1,1.0
18y0dcq,0.019,0.023,0.0,0.678,0.322,0.5848,9,3.1291,0,0,0,0,0,0,0,0,0,0,0,0,0,0,0,0,0,0,0,0,0,0,1,0,0,1,0,0,0,0,0,0,0,0,0,0,0,0,0,0,0,0,0,3,0,0,0,0,0,1,1.0
18y0s37,0.029,0.025,0.074,0.784,0.142,0.9891,395,12.75995879102334,6,33,0,6,0,0,0,0,0,0,0,0,0,0,0,3,0,0,0,0,0,2,9,0,3,18,8,0,0,0,2,2,0,0,0,0,0,0,0,0,0,0,9,24,1,5,7,3,0,1,1.0
18y0txz,0.085,0.091,0.111,0.768,0.121,0.6324,288,14.232682905230785,1,17,0,4,0,0,0,0,0,0,0,0,0,0,0,5,0,0,0,0,0,0,5,2,9,11,16,0,1,0,3,0,0,0,0,0,0,0,0,3,0,0,10,23,2,0,7,1,0,1,1.0
18y1rdf,0.05,0.176,0.143,0.761,0.096,-0.8082,166,13.227904075235838,9,7,0,4,0,0,0,0,0,0,0,0,0,0,0,1,0,0,0,0,0,1,12,1,5,2,9,0,0,1,2,0,0,0,0,1,0,0,0,0,0,0,7,18,2,3,4,2,1,1,1.0
18y1tdw,0.042,0.036,0.0,1.0,0.0,0.0,12,11.20814326018867,0,1,0,1,0,0,0,0,0,0,0,0,0,0,0,0,0,0,0,0,0,0,1,0,0,0,0,0,0,0,0,0,0,0,0,0,0,0,0,0,0,0,0,2,0,0,1,0,0,1,1.0
18y26ns,0.042,0.509,0.267,0.733,0.0,-0.7351,19,14.554592549557764,0,2,0,0,0,0,0,0,0,0,0,0,0,0,0,0,0,0,0,0,0,0,0,0,0,0,0,0,0,0,0,0,0,0,0,0,0,0,0,1,0,0,0,4,0,0,0,0,0,1,1.0
18y27g7,0.352,0.369,0.0,0.928,0.072,0.34,32,15.903189008614273,0,1,0,0,0,0,0,0,0,0,0,0,0,0,0,0,0,0,0,0,0,1,0,0,0,0,1,0,0,0,0,0,0,0,0,0,0,0,0,0,0,0,5,3,0,0,1,0,0,1,1.0
18y2ejk,0.287,0.05,0.0,0.602,0.398,0.5106,6,13.023866798666859,0,0,0,0,0,0,0,0,0,0,0,0,0,0,0,0,0,0,0,0,0,0,0,0,0,0,0,0,0,0,0,0,0,0,0,0,0,0,0,0,0,0,0,2,0,0,0,0,0,1,1.0
18y2m23,0.316,0.034,0.0,0.61,0.39,0.4939,6,11.20814326018867,0,0,0,0,0,0,0,0,0,0,0,0,0,0,0,0,0,0,0,0,0,0,0,0,0,0,0,0,0,0,0,0,0,0,0,0,0,0,0,0,0,0,0,0,0,0,0,0,0,1,1.0
18y348j,0.104,0.048,0.0,1.0,0.0,0.0,11,8.841846274778883,0,0,0,0,0,0,0,0,0,0,0,0,0,0,0,0,0,0,0,0,0,0,0,0,0,0,0,0,0,0,0,0,0,0,0,0,0,0,0,0,0,0,1,3,0,0,0,0,0,1,1.0
18y3dv1,0.121,0.589,0.146,0.777,0.078,-0.79,100,9.2995712137729,3,8,0,1,0,1,0,0,0,0,0,0,0,0,0,1,0,0,0,0,0,0,1,1,3,3,6,0,0,0,1,0,1,0,0,0,0,0,0,2,0,0,4,12,0,0,6,1,2,1,1.0
18y3i8t,0.294,0.232,0.147,0.853,0.0,-0.5859,23,3.1291,1,1,0,1,0,0,0,0,0,0,0,0,0,0,0,0,0,0,0,0,0,0,0,0,1,0,1,0,0,0,0,0,0,0,0,0,0,0,0,0,0,0,2,2,0,0,2,0,0,1,1.0
18y3s5v,0.084,0.23,0.075,0.866,0.059,-0.8064,460,13.023866798666859,3,27,0,5,0,1,0,0,0,0,0,0,0,0,3,3,0,0,0,0,1,0,12,11,11,12,15,0,0,2,1,0,2,0,0,1,0,0,0,1,0,0,13,28,3,0,6,1,1,1,1.0
18y3w1w,0.055,0.235,0.158,0.737,0.105,-0.8782,127,12.031772070788634,2,12,0,5,0,0,0,0,0,0,0,0,0,0,0,2,0,0,0,0,0,0,17,1,0,5,9,0,0,0,1,0,0,0,0,2,0,0,2,2,0,0,4,15,4,0,2,2,0,1,1.0
18y3y0o,0.063,0.041,0.12,0.821,0.059,-0.9428,186,11.20814326018867,0,28,0,7,0,0,0,0,0,0,0,0,0,0,1,2,0,0,0,0,0,2,2,1,5,3,7,0,0,0,0,0,0,0,0,0,0,0,1,1,0,0,3,19,1,3,6,1,0,1,1.0
18y4zs4,0.038,0.1,0.046,0.847,0.107,0.9411,339,12.161744961471694,1,17,0,7,0,0,0,0,0,0,0,0,0,0,0,1,0,0,0,0,0,1,0,10,7,17,11,0,0,0,0,1,5,0,0,0,1,0,0,0,0,0,6,21,2,2,6,0,0,1,1.0
18y5yop,0.047,0.361,0.0,1.0,0.0,0.0,25,13.023866798666859,1,3,0,0,0,0,0,0,0,0,0,0,0,0,0,0,0,0,0,0,0,0,0,0,1,0,0,0,0,0,0,0,0,0,0,0,0,0,0,0,0,0,2,8,0,0,1,0,0,1,1.0
18y6fpd,0.016,0.378,0.0,1.0,0.0,0.0,15,8.841846274778883,0,0,0,0,0,0,0,0,0,0,0,0,0,0,0,0,0,0,0,0,0,0,0,0,0,0,0,0,0,0,0,0,0,0,0,0,0,0,0,0,0,0,3,2,1,0,0,0,0,1,1.0
18y6hc9,0.015,0.02,0.0,1.0,0.0,0.0,20,3.1291,0,1,0,0,0,0,0,0,0,0,0,0,0,0,1,0,0,0,0,0,0,0,0,0,0,0,0,0,0,0,0,0,0,0,0,0,0,0,0,0,0,0,3,4,0,0,0,0,0,1,1.0
18y792s,0.078,0.363,0.165,0.738,0.097,-0.9888,433,13.023866798666859,2,35,1,12,0,0,0,0,0,0,0,0,0,0,1,1,1,0,0,0,0,5,12,2,8,18,26,0,0,1,6,0,0,0,0,0,0,0,3,2,0,0,3,34,4,1,19,4,1,1,1.0
18y8026,0.053,0.338,0.088,0.835,0.077,-0.3919,125,9.725611199111238,0,7,0,0,0,0,0,0,0,0,0,0,0,0,2,1,0,0,0,0,0,0,0,0,11,4,3,0,0,0,0,0,0,0,0,0,0,0,0,2,0,0,3,12,1,0,2,0,0,1,1.0
18y8onx,0.017,0.093,0.029,0.855,0.116,0.9874,446,11.561104654884861,9,32,0,6,0,0,0,0,0,0,0,0,0,0,1,5,0,0,0,0,0,6,20,1,3,12,13,0,2,2,1,1,0,0,0,0,0,0,0,1,0,0,13,35,6,3,9,3,0,1,1.0
18y92k6,0.026,0.041,0.063,0.778,0.159,0.9507,161,15.470042427545799,4,8,0,2,0,0,0,0,0,0,0,0,0,0,1,0,1,0,0,0,0,4,6,3,3,7,2,0,0,0,1,0,0,0,0,1,0,1,0,1,0,0,6,22,2,3,4,0,0,1,1.0
18yadqa,0.318,0.294,0.028,0.886,0.087,0.8792,244,13.81666964889586,2,13,0,2,0,1,0,0,0,0,0,0,0,0,1,2,0,0,0,0,0,2,3,3,6,5,3,0,0,0,1,0,0,0,0,0,0,0,0,2,0,0,19,24,1,0,11,1,0,1,1.0
18yb00x,0.048,0.026,0.0,0.693,0.307,0.4767,8,11.20814326018867,0,0,0,0,0,0,0,0,0,0,0,0,0,0,0,0,0,0,0,0,0,0,0,0,0,1,0,0,0,0,0,0,0,0,0,0,0,0,0,0,0,0,0,2,0,0,0,0,0,1,1.0
18yb083,0.031,0.397,0.226,0.645,0.129,-0.2023,15,13.023866798666859,0,1,0,0,0,0,0,0,0,0,0,0,0,0,0,0,0,0,0,0,0,0,0,0,0,1,2,0,0,0,0,0,0,0,0,0,0,0,0,0,0,0,0,2,0,0,0,0,0,1,1.0
18ybbcn,0.023,0.025,0.0,0.687,0.313,0.6249,10,8.841846274778883,0,0,0,0,0,0,0,0,0,0,0,0,0,0,0,0,0,0,0,0,0,0,0,0,0,1,0,0,0,0,0,0,0,0,0,0,0,0,0,0,0,0,0,0,0,0,0,0,0,1,1.0
18ybfrt,0.812,0.058,0.183,0.666,0.152,-0.25,50,10.125756701596842,0,0,0,0,0,0,0,0,0,0,0,0,0,0,0,0,0,0,0,0,0,0,0,0,0,3,4,0,0,0,0,1,0,0,0,1,0,0,0,2,0,0,4,4,1,0,0,0,0,1,1.0
18ybpr8,0.051,0.465,0.077,0.857,0.065,-0.4821,401,10.374825546531014,5,20,0,14,0,1,1,0,0,0,0,0,1,0,0,1,1,1,0,0,0,2,33,2,8,13,21,0,0,0,1,0,0,0,0,2,1,0,0,0,0,0,6,29,3,2,14,1,1,1,1.0
18yccn9,0.367,0.343,0.135,0.753,0.112,-0.636,190,12.719339214003902,1,9,0,5,0,0,0,0,0,0,0,0,0,0,3,3,0,0,0,0,0,2,11,0,7,4,9,0,1,0,0,0,0,0,0,0,0,0,1,0,0,0,10,18,2,0,5,1,0,1,1.0
18ycwo5,0.154,0.252,0.375,0.625,0.0,-0.4588,6,8.841846274778883,0,0,0,0,0,0,0,0,0,0,0,0,0,0,0,0,0,0,0,0,0,0,0,0,0,0,1,0,0,0,0,0,0,0,0,0,0,0,0,0,0,0,0,1,0,0,0,0,0,1,1.0
18yd75c,0.037,0.458,0.0,1.0,0.0,0.0,16,13.023866798666859,0,2,1,0,0,0,0,0,0,0,0,0,0,0,0,0,0,0,0,0,0,0,0,0,1,0,1,0,0,0,0,0,0,0,0,0,0,0,0,0,0,0,1,3,0,0,0,0,0,1,1.0
18ydcra,0.215,0.285,0.124,0.723,0.153,0.1779,20,8.841846274778883,0,0,0,0,0,0,0,0,0,0,0,0,0,0,0,0,0,0,0,0,0,0,0,0,1,2,1,0,0,0,0,0,0,0,0,0,0,0,0,0,0,0,0,4,0,0,0,0,0,1,1.0
18ydepk,0.023,0.352,0.062,0.839,0.099,0.4158,90,13.662883650711645,1,13,3,0,0,0,0,0,0,0,0,0,0,0,0,0,0,0,0,0,0,0,0,0,3,4,5,0,0,0,0,0,0,0,0,0,0,0,2,2,0,0,3,15,2,2,1,0,0,1,1.0
18yeo4c,0.034,0.417,0.086,0.905,0.009,-0.9204,174,14.554592549557764,4,20,3,3,0,0,0,0,0,0,0,0,0,0,3,1,0,0,0,0,0,0,2,0,5,1,9,0,0,0,0,0,0,0,0,0,0,0,0,0,0,0,20,16,1,2,4,1,0,1,1.0
18yftzo,0.024,0.339,0.206,0.784,0.01,-0.9741,114,15.247664890283005,0,10,1,2,0,1,0,0,0,0,0,0,0,0,1,0,0,0,0,0,0,0,5,0,0,1,7,0,1,1,1,0,0,0,0,1,0,0,0,1,0,0,13,8,1,1,1,1,0,1,1.0
18yg3yq,0.03,0.223,0.043,0.817,0.14,0.9885,299,14.756829357015494,1,13,0,6,0,0,0,0,0,0,0,0,0,0,2,2,0,0,0,0,0,0,1,0,27,14,5,0,0,0,0,0,1,0,0,3,0,0,0,1,0,0,18,21,0,0,11,1,0,1,1.0
18ygzrg,0.032,0.045,0.07,0.901,0.029,-0.7303,164,13.25671669890799,2,5,0,4,0,0,0,0,0,0,0,0,0,0,0,0,0,0,0,0,0,1,3,0,0,2,4,0,0,0,2,1,0,0,0,0,0,0,0,0,0,0,37,10,1,3,1,2,1,1,1.0
18yhshl,0.116,0.113,0.0,0.587,0.413,0.5448,6,3.1291,0,0,0,1,0,0,0,0,0,0,0,0,0,0,0,0,0,0,0,0,0,0,0,0,0,1,0,0,0,0,0,0,0,0,0,0,0,0,0,0,0,0,1,0,0,0,0,0,0,1,1.0
18yiiaw,0.047,0.041,0.061,0.815,0.124,0.8807,185,13.484332010920856,0,15,0,3,0,0,0,0,0,0,0,0,0,1,2,0,0,0,1,0,0,0,3,13,0,8,2,0,2,0,1,0,0,0,0,0,0,0,1,0,0,0,2,15,2,7,1,0,0,1,1.0
18yitkl,0.266,0.218,0.273,0.727,0.0,-0.6705,13,8.841846274778883,0,0,0,0,0,0,0,0,0,0,0,0,0,0,1,0,0,0,0,0,0,0,0,0,0,0,2,0,0,0,0,0,0,0,0,0,0,0,0,0,0,0,0,3,0,0,0,0,0,1,1.0
18yivy5,0.06,0.063,0.078,0.874,0.048,-0.4393,122,11.20814326018867,0,7,0,2,0,0,0,0,0,0,0,0,0,0,1,0,0,0,1,0,0,0,0,5,1,0,3,0,0,0,0,0,0,0,1,1,0,0,1,0,0,0,8,12,1,0,1,1,0,1,0.18000000715255737
18yj3fn,0.059,0.047,0.138,0.776,0.085,-0.9865,477,10.767703573000404,6,29,0,6,0,1,0,0,0,0,0,0,0,0,1,3,0,0,0,0,0,7,5,0,4,11,23,0,1,0,3,1,1,0,0,0,0,0,2,2,0,0,31,28,3,3,5,2,2,1,1.0
18yjhdv,0.065,0.215,0.046,0.878,0.076,0.9449,416,14.191785591663535,12,28,0,25,0,0,0,0,0,0,0,0,0,0,0,1,0,0,0,0,0,0,3,1,11,8,3,0,0,0,0,0,0,0,0,1,0,0,0,3,0,0,58,25,1,6,14,0,1,1,1.0
18yjngk,0.028,0.278,0.0,1.0,0.0,0.0,20,11.20814326018867,0,0,0,0,0,0,0,0,0,0,0,0,0,0,0,0,0,0,0,0,0,0,0,0,1,0,0,0,0,0,0,0,0,0,0,0,0,0,0,0,0,0,0,3,0,0,0,0,0,1,1.0
18ykagx,0.04,0.11,0.197,0.618,0.185,-0.0831,22,15.903189008614273,0,1,0,1,0,0,0,0,0,0,0,0,0,0,0,0,0,0,0,0,0,0,0,0,0,0,4,0,0,0,0,0,0,0,0,0,0,0,0,0,0,0,0,5,0,0,0,0,0,1,1.0
18ykgck,0.105,0.087,0.0,0.725,0.275,0.4215,12,3.1291,0,0,0,0,0,0,0,0,0,0,0,0,0,0,0,0,0,0,0,0,0,0,1,0,0,0,0,0,0,0,0,0,0,0,0,0,0,0,0,1,0,0,0,3,0,0,0,0,0,1,1.0
18ykke2,0.023,0.09,0.099,0.901,0.0,-0.296,21,15.903189008614273,2,0,0,0,0,0,0,0,0,0,0,0,0,0,0,0,0,0,0,0,0,0,0,0,1,0,0,0,0,0,0,0,0,0,0,0,0,0,0,0,0,0,0,5,0,0,1,0,0,1,1.0
18ykkyo,0.035,0.255,0.177,0.709,0.114,-0.9546,184,8.841846274778883,1,14,0,8,0,2,0,0,0,0,0,0,0,0,1,3,0,0,0,0,0,0,22,0,1,7,9,0,0,0,3,0,0,0,0,0,0,0,1,1,0,0,2,19,4,0,5,0,3,1,1.0
18yklf3,0.022,0.071,0.062,0.828,0.111,0.8316,160,14.756829357015494,1,7,0,0,0,0,0,0,0,0,0,0,0,0,0,0,0,0,0,0,0,1,0,0,6,8,2,0,0,0,0,0,0,0,0,0,0,0,0,0,0,0,10,17,0,5,9,1,0,1,1.0
18ykufw,0.088,0.442,0.226,0.675,0.098,-0.9993,796,12.526319926815653,19,52,1,20,0,0,0,0,0,0,0,0,0,0,6,6,0,0,0,0,0,12,2,0,44,22,57,0,0,0,2,0,0,0,0,3,0,0,1,5,0,0,9,31,6,10,16,4,0,1,1.0
18ym722,0.062,0.11,0.0,0.746,0.254,0.6259,17,11.20814326018867,0,1,0,2,0,0,0,0,0,0,0,0,0,0,0,0,0,0,0,0,0,0,0,0,0,2,0,0,0,0,0,0,0,0,0,0,0,0,0,0,0,0,0,4,0,0,0,0,0,1,1.0
18ymg2j,0.022,0.113,0.078,0.834,0.088,0.705,167,13.295006501635747,1,8,0,5,0,0,0,0,0,0,0,0,0,0,0,2,0,0,1,0,0,0,4,2,5,8,2,0,0,1,0,0,0,0,0,0,0,0,0,2,0,0,6,22,1,1,2,2,0,1,1.0
18ymgl2,0.022,0.153,0.061,0.879,0.06,0.2152,229,13.023866798666859,5,24,0,7,0,0,0,0,0,0,0,0,0,0,1,3,0,0,0,0,0,0,5,0,4,7,10,0,1,0,3,0,0,0,0,0,0,0,1,0,0,0,6,26,4,3,6,3,0,1,1.0
18ymt79,0.048,0.068,0.103,0.77,0.127,0.9817,1322,17.842425626791517,10,132,0,45,0,1,0,0,0,0,0,0,0,0,7,18,0,0,4,0,0,18,19,28,16,56,60,2,0,4,3,0,3,0,0,5,0,0,8,8,0,0,6,49,10,8,38,2,1,1,1.0
18yn5og,0.12,0.2,0.356,0.644,0.0,-0.802,15,8.841846274778883,0,0,0,0,0,0,0,0,0,0,0,0,0,0,0,0,0,0,0,0,0,0,0,0,0,0,0,0,0,0,0,0,0,0,0,0,0,0,0,0,0,0,2,1,0,0,0,0,0,1,1.0
18ynlm7,0.027,0.123,0.052,0.867,0.081,0.9754,889,12.98715139636294,5,84,0,34,0,1,0,0,0,0,0,0,0,0,7,4,0,0,0,1,0,30,12,8,9,20,12,0,1,1,5,1,2,0,0,7,0,0,2,3,0,0,27,37,7,16,13,7,3,1,1.0
18ynn61,0.02,0.029,0.0,0.716,0.284,0.4902,9,3.1291,0,0,0,0,0,0,0,0,0,0,0,0,0,0,0,0,0,0,0,0,0,0,0,0,0,1,0,0,0,0,0,0,0,0,0,0,0,0,0,0,0,0,0,6,0,0,0,0,0,1,1.0
18yp6f9,0.37,0.235,0.0,1.0,0.0,0.0,18,8.841846274778883,0,0,0,0,0,0,0,0,0,0,0,0,0,0,0,0,0,0,0,0,0,0,0,0,0,0,0,0,0,0,0,0,0,0,0,0,0,0,0,0,0,0,0,4,0,0,0,0,0,1,1.0
18yplxo,0.031,0.031,0.206,0.794,0.0,-0.3818,11,8.841846274778883,0,1,0,1,0,0,0,0,0,0,0,0,0,0,0,0,0,0,0,0,0,0,0,0,0,1,0,0,0,0,0,0,0,0,0,0,0,0,0,0,0,0,1,0,0,0,1,0,0,1,1.0
18ypn2i,0.023,0.063,0.0,1.0,0.0,0.0,8,8.841846274778883,0,0,0,1,0,0,0,0,0,0,0,0,0,0,0,0,0,0,0,0,0,0,1,0,0,0,0,0,1,0,1,0,0,0,0,0,0,0,0,0,0,0,1,0,0,0,0,1,0,1,1.0
18yprlb,0.037,0.018,0.0,1.0,0.0,0.0,8,3.1291,0,0,0,1,0,0,0,0,0,0,0,0,0,0,0,0,0,0,0,0,0,0,0,0,0,0,1,0,0,0,0,0,0,0,0,0,0,0,0,0,0,0,1,1,0,0,1,0,0,1,1.0
18ypzle,0.039,0.027,0.074,0.862,0.064,-0.296,116,11.855464076750408,0,8,0,0,0,0,0,0,0,0,0,0,0,0,0,0,0,0,0,0,0,0,1,0,0,1,2,0,0,1,0,0,0,0,0,0,0,0,0,1,0,0,14,11,0,0,4,0,0,1,1.0
18ypzr1,0.022,0.026,0.0,0.985,0.015,0.3182,150,15.414825405933506,2,6,0,3,0,0,0,0,0,0,0,0,0,0,1,1,0,0,0,0,0,0,1,0,2,1,0,0,1,0,1,0,0,0,0,0,0,0,1,0,0,0,4,13,1,3,1,1,0,1,1.0
18yqxv9,0.029,0.181,0.298,0.702,0.0,-0.5267,9,8.841846274778883,0,0,0,0,0,0,0,0,0,0,0,0,0,0,0,0,0,0,0,0,0,0,0,0,0,0,1,0,0,0,0,0,0,0,0,0,0,0,0,0,0,0,0,0,1,0,0,0,0,1,1.0
18yr2h8,0.071,0.159,0.073,0.745,0.182,0.9282,111,17.879347455551382,2,2,0,0,0,0,0,0,0,0,0,0,0,0,0,0,0,0,0,0,0,0,2,2,4,6,3,0,0,0,1,0,0,0,0,0,0,0,0,2,0,0,11,13,0,0,0,1,0,1,1.0
18ys2py,0.032,0.069,0.0,0.908,0.092,0.9868,376,12.670367459663947,6,20,0,3,0,2,0,0,0,0,0,0,0,0,1,2,0,0,0,0,0,8,5,1,5,12,5,0,0,0,2,0,0,0,0,11,0,0,1,0,0,0,22,29,3,3,2,1,0,1,1.0
18ysa9f,0.098,0.096,0.1,0.806,0.094,-0.3962,246,10.686352973137792,5,20,0,6,0,0,0,0,0,0,0,0,0,0,3,1,0,0,1,0,0,0,11,3,9,3,7,0,0,0,0,0,2,0,0,1,0,0,0,2,0,0,1,27,2,0,6,0,0,1,1.0
18yshj8,0.028,0.035,0.0,1.0,0.0,0.0,6,8.841846274778883,0,0,0,0,0,0,0,0,0,0,0,0,0,0,0,0,0,0,0,0,0,0,0,0,0,0,0,0,0,0,0,0,0,0,0,0,0,0,0,0,0,0,0,0,0,0,0,0,0,1,1.0
18ysiue,0.096,0.117,0.0,1.0,0.0,0.0,11,8.841846274778883,0,0,0,1,0,0,0,0,0,0,0,0,0,0,0,0,0,0,0,0,0,0,0,0,0,0,0,0,0,0,0,0,0,0,0,0,0,0,0,0,0,0,0,3,0,0,0,0,0,1,1.0
18yswmz,0.101,0.448,0.063,0.798,0.139,0.9921,404,12.161744961471694,5,33,1,19,0,1,0,0,0,0,0,0,0,0,4,3,0,0,0,0,1,4,18,9,28,11,9,0,0,0,6,0,0,0,0,2,0,0,1,3,0,0,9,29,7,1,12,3,1,1,1.0
18yt6ro,0.105,0.112,0.0,1.0,0.0,0.0,12,8.841846274778883,0,1,0,1,0,0,0,0,0,0,0,0,0,0,0,0,0,0,0,0,0,0,0,0,0,0,0,0,0,0,0,0,0,0,0,0,0,0,0,0,0,0,0,3,0,0,0,0,0,1,1.0
18yuk4e,0.155,0.48,0.0,0.861,0.139,0.4404,19,8.841846274778883,0,2,0,0,0,1,0,0,0,0,0,0,0,0,0,0,0,0,0,0,0,0,0,0,0,1,0,0,0,0,0,0,0,0,0,0,0,0,0,0,0,0,1,4,0,0,0,0,0,1,1.0
18yuo1c,0.618,0.04,0.059,0.822,0.118,0.9787,386,11.635897716609016,1,24,0,4,0,0,0,0,0,0,0,0,0,0,0,7,0,0,0,1,0,4,0,4,6,28,15,0,0,0,0,0,1,0,0,1,0,0,0,1,0,0,17,29,2,1,9,0,1,1,1.0
18yv2ti,0.031,0.114,0.0,1.0,0.0,0.0,18,13.023866798666859,0,1,0,1,0,0,0,0,0,0,0,0,0,0,0,0,0,0,0,0,0,1,1,0,0,0,1,0,1,0,1,0,0,0,0,0,0,0,0,0,0,0,0,2,0,0,0,1,0,1,1.0
18yv82w,0.021,0.022,0.02,0.747,0.232,0.9901,159,11.979248473330827,0,15,0,2,0,0,0,0,0,0,0,0,0,0,1,2,0,0,0,0,0,0,14,3,0,14,1,0,0,0,1,0,0,0,0,1,0,0,0,0,0,0,3,12,2,2,4,1,0,1,1.0
18yv92y,0.021,0.058,0.023,0.879,0.098,0.9582,220,14.90622815163357,2,7,0,2,0,1,0,0,0,0,0,0,0,0,0,2,0,0,0,0,0,0,6,0,8,14,4,0,0,0,0,0,0,0,0,0,0,0,0,0,0,0,18,19,2,2,2,2,1,1,1.0
18yvbmw,0.023,0.044,0.012,0.898,0.09,0.9366,276,14.265292616868656,3,10,0,3,0,1,0,0,0,0,0,0,0,0,0,3,0,0,0,0,0,0,9,0,9,17,4,0,0,0,1,0,0,0,0,0,0,0,0,0,0,0,19,21,2,3,4,2,2,1,1.0
18ywk1s,0.089,0.43,0.064,0.786,0.15,0.9946,483,11.384434051031349,2,17,1,13,0,3,0,0,0,0,0,0,0,0,2,4,0,0,0,0,0,1,10,2,14,21,10,0,0,1,1,1,0,0,0,0,0,0,0,0,0,0,15,23,3,0,9,1,1,1,1.0
18ywnb1,0.042,0.033,0.0,1.0,0.0,0.0,7,3.1291,0,0,0,0,0,0,0,0,0,0,0,0,0,0,0,0,0,0,0,0,0,0,0,0,0,0,1,0,0,0,0,0,0,0,0,0,0,0,0,0,0,0,0,0,0,0,0,0,0,1,1.0
18ywz3m,0.068,0.386,0.082,0.775,0.143,0.9931,597,13.28429990940602,5,32,0,11,0,4,0,0,0,0,0,0,0,0,5,7,0,0,0,0,0,1,14,5,12,16,21,1,1,1,6,0,0,0,0,0,1,0,4,3,0,0,12,34,5,4,6,6,0,1,1.0
18yxsmt,0.033,0.232,0.092,0.743,0.165,0.9007,107,12.457975602129121,2,7,1,3,0,0,0,0,0,0,0,0,0,0,0,1,0,0,0,0,0,0,1,0,3,4,7,0,0,0,0,0,0,0,0,0,0,0,1,1,0,0,2,12,3,0,1,0,0,1,1.0
18yzn4m,0.432,0.159,0.167,0.732,0.102,-0.3818,20,17.122413403193683,0,1,0,0,0,0,0,0,0,0,0,0,0,0,0,0,0,0,0,0,0,1,0,0,0,1,1,0,0,0,0,0,0,0,0,0,0,0,0,1,0,0,2,5,1,0,1,0,0,1,1.0
18z0yat,0.038,0.038,0.0,1.0,0.0,0.0,5,8.841846274778883,0,0,0,1,0,0,0,0,0,0,0,0,0,0,0,0,0,0,0,0,0,0,0,0,0,0,0,0,0,0,0,0,0,0,0,0,0,0,0,0,0,0,0,0,0,0,0,0,0,1,1.0
18z160w,0.086,0.137,0.0,1.0,0.0,0.0,9,11.20814326018867,0,0,0,0,0,0,0,0,0,0,0,0,0,0,0,0,0,0,0,0,0,0,0,2,0,0,0,0,0,0,0,0,0,0,0,0,0,0,0,0,0,0,0,1,0,1,1,0,0,1,1.0
18z1lzs,0.02,0.055,0.062,0.807,0.131,0.6808,72,10.290406445055957,0,2,0,2,0,0,0,0,0,0,0,0,0,0,0,1,0,0,0,0,0,1,0,1,1,3,3,0,0,0,0,0,0,0,0,1,0,0,0,0,0,0,4,8,0,0,1,0,0,1,1.0
18z1r24,0.033,0.075,0.011,0.793,0.197,0.9702,105,15.343465313023842,0,1,0,0,0,0,0,0,0,0,0,0,0,0,0,0,0,0,0,0,0,0,0,0,2,3,1,0,0,0,0,0,0,0,0,0,0,0,1,0,0,0,17,10,1,0,1,0,0,1,1.0
18z1s5h,0.058,0.378,0.077,0.766,0.157,0.9949,476,9.916854025145753,5,19,2,10,0,0,0,0,0,0,0,0,0,0,3,2,0,0,1,0,0,0,16,21,17,21,15,0,0,0,1,1,2,0,0,1,0,0,1,2,0,0,4,27,4,1,17,4,1,1,1.0
18z1scj,0.118,0.401,0.301,0.407,0.293,-0.0258,7,8.841846274778883,0,0,0,0,0,0,0,0,0,0,0,0,0,0,0,0,0,0,0,0,0,0,1,0,0,0,1,0,0,0,0,0,0,0,0,0,0,0,0,0,0,0,1,1,0,0,0,0,0,1,1.0
18z1tcy,0.073,0.432,0.167,0.687,0.146,-0.7512,198,15.247664890283005,1,9,0,4,0,0,0,0,0,0,0,0,0,0,1,4,0,0,0,0,0,0,15,0,3,7,11,0,0,0,0,0,0,0,0,3,0,0,1,3,0,0,7,23,0,0,4,0,0,1,1.0
18z2067,0.029,0.042,0.0,1.0,0.0,0.0,8,13.023866798666859,0,0,0,0,0,0,0,0,0,0,0,0,0,0,0,0,0,0,0,0,0,0,1,0,0,0,1,0,0,0,0,0,0,0,0,0,0,0,0,0,0,0,1,0,0,0,0,0,0,1,1.0
18z24js,0.043,0.095,0.077,0.813,0.109,0.6322,113,12.457975602129121,0,13,0,1,0,0,0,0,0,0,0,0,0,0,2,0,0,0,0,0,0,0,6,1,3,5,3,0,0,0,1,0,4,0,1,1,1,0,0,0,0,0,4,12,2,1,1,2,0,1,1.0
18z2xmm,0.073,0.343,0.16,0.552,0.287,0.3182,13,13.023866798666859,0,0,0,0,0,0,0,0,0,0,0,0,0,0,0,0,0,0,0,0,0,0,0,0,0,0,1,0,0,0,0,0,0,0,0,0,0,0,0,0,0,0,1,2,0,0,0,0,0,1,1.0
18z441x,0.078,0.331,0.17,0.705,0.124,-0.2732,19,8.841846274778883,0,0,0,0,0,0,0,0,0,0,0,0,0,0,0,0,0,0,0,0,0,0,1,2,0,1,1,0,0,0,0,0,0,0,0,0,0,0,0,0,0,0,2,1,0,0,0,0,0,1,1.0
18z514j,0.032,0.324,0.009,0.84,0.151,0.9643,141,12.602617957971052,2,10,0,1,0,0,0,0,0,0,0,0,0,0,0,1,0,0,0,0,0,0,2,0,0,7,3,0,0,0,1,0,0,0,0,0,0,0,0,0,0,0,1,15,2,1,7,1,0,1,1.0
18z5yt7,0.025,0.015,0.0,0.783,0.217,0.5574,14,14.554592549557764,0,1,0,0,0,0,0,0,0,0,0,0,0,0,0,0,0,0,0,0,0,0,1,0,0,1,0,0,0,0,1,0,0,0,0,0,0,0,0,0,0,0,0,1,0,0,0,1,0,1,1.0
18z6757,0.183,0.306,0.266,0.734,0.0,-0.7003,18,7.168621630094336,0,0,0,0,0,0,0,0,0,0,0,0,0,0,0,0,0,0,0,0,0,0,0,0,1,0,2,0,1,0,0,0,0,0,0,0,0,0,0,1,0,0,0,3,0,0,0,0,0,1,1.0
18z6ldj,0.042,0.199,0.28,0.72,0.0,-0.872,32,13.023866798666859,0,0,0,0,0,0,0,0,0,0,0,0,0,0,0,0,0,0,0,0,0,0,0,0,2,0,3,0,0,0,0,0,0,0,0,0,0,0,0,0,0,0,0,3,0,0,1,0,0,1,1.0
18z6rio,0.029,0.016,0.0,0.769,0.231,0.5106,12,8.841846274778883,0,0,0,0,0,0,0,0,0,0,0,0,0,0,0,1,0,0,0,0,0,0,0,0,0,1,0,0,0,0,0,0,0,0,0,0,0,0,0,0,0,0,0,3,0,0,0,0,0,1,1.0
18z74kz,0.052,0.043,0.0,1.0,0.0,0.0,3,8.841846274778883,0,0,0,0,0,0,0,0,0,0,0,0,0,0,0,0,0,0,0,0,0,0,0,0,0,0,0,0,0,0,0,0,0,0,0,0,0,0,0,0,0,0,1,0,0,0,0,0,0,1,1.0
18z78xz,0.032,0.02,0.0,0.783,0.217,0.3612,10,11.20814326018867,0,0,0,0,0,0,0,0,0,0,0,0,0,0,0,0,0,0,0,0,0,0,0,0,0,1,0,0,0,0,0,0,0,0,0,0,0,0,0,0,0,0,0,5,1,0,0,0,0,1,1.0
18z7bfj,0.034,0.015,0.0,0.783,0.217,0.3612,10,11.20814326018867,0,0,0,0,0,0,0,0,0,0,0,0,0,0,0,0,0,0,0,0,0,0,0,0,0,1,0,0,0,0,0,0,0,0,0,0,0,0,0,0,0,0,0,5,1,0,0,0,0,1,1.0
18z8fbn,0.027,0.265,0.0,1.0,0.0,0.0,9,13.023866798666859,1,0,0,0,0,0,0,0,0,0,0,0,0,0,0,0,0,0,0,0,0,0,0,0,0,0,3,0,0,0,0,0,0,0,0,0,0,0,0,0,0,0,1,1,0,0,0,0,0,1,1.0
18z8i8v,0.032,0.027,0.0,0.693,0.307,0.7351,16,3.1291,1,0,0,1,0,0,0,0,0,0,0,0,0,0,0,0,0,0,0,0,0,0,0,2,0,2,0,0,0,0,0,0,0,0,0,0,0,0,0,0,0,0,0,1,0,0,1,0,0,1,1.0
18z93xl,0.102,0.016,0.0,0.656,0.344,0.6369,9,13.023866798666859,0,0,0,0,0,0,0,0,0,0,0,0,0,0,0,0,0,0,0,0,0,0,0,0,0,1,0,0,0,0,0,0,0,0,0,0,0,0,0,0,0,0,0,0,0,0,0,0,0,1,1.0
18z98vd,0.102,0.016,0.0,0.656,0.344,0.6369,9,13.023866798666859,0,0,0,0,0,0,0,0,0,0,0,0,0,0,0,0,0,0,0,0,0,0,0,0,0,1,0,0,0,0,0,0,0,0,0,0,0,0,0,0,0,0,0,0,0,0,0,0,0,1,1.0
18z9gpb,0.102,0.016,0.0,0.656,0.344,0.6369,9,13.023866798666859,0,0,0,0,0,0,0,0,0,0,0,0,0,0,0,0,0,0,0,0,0,0,0,0,0,1,0,0,0,0,0,0,0,0,0,0,0,0,0,0,0,0,0,0,0,0,0,0,0,1,1.0
18z9iad,0.045,0.158,0.026,0.889,0.086,0.9759,407,13.776415006240082,3,27,0,5,0,2,0,0,0,0,0,0,0,0,4,3,0,0,0,0,0,0,4,0,8,11,6,0,0,0,1,2,0,0,0,0,0,0,0,1,0,0,64,24,2,2,19,2,0,1,1.0
18z9j5g,0.099,0.175,0.074,0.926,0.0,-0.2846,28,13.023866798666859,0,2,0,1,0,0,0,0,0,0,0,0,0,0,0,1,0,0,0,0,0,1,0,0,0,1,3,0,0,0,0,0,0,0,0,0,0,0,0,0,0,0,2,4,0,1,0,0,0,1,1.0
18z9k6i,0.101,0.158,0.082,0.918,0.0,-0.2846,25,11.20814326018867,0,2,0,0,0,0,0,0,0,0,0,0,0,0,0,1,0,0,0,0,0,1,0,0,0,2,2,0,0,0,0,0,0,0,0,0,0,0,0,0,0,0,2,4,0,1,0,0,0,1,1.0
18z9tpy,0.016,0.039,0.31,0.69,0.0,-0.4019,7,3.1291,0,0,0,0,0,0,0,0,0,0,0,0,0,0,0,0,0,0,0,0,0,0,0,0,0,1,1,0,0,0,0,0,0,0,0,0,0,0,0,0,0,0,0,3,0,0,0,0,0,1,1.0
18za5wn,0.043,0.563,0.333,0.667,0.0,-0.5423,8,8.841846274778883,0,1,0,0,0,0,0,0,0,0,0,0,0,0,0,0,0,0,0,0,0,0,0,0,0,0,1,0,0,0,0,0,0,0,0,0,0,0,0,0,0,0,1,1,0,0,0,0,0,1,1.0
18zaprp,0.036,0.508,0.0,1.0,0.0,0.0,12,3.1291,0,0,0,0,0,0,0,0,0,0,0,0,0,0,0,0,0,0,0,0,0,0,1,0,0,0,1,0,0,0,0,0,0,0,0,0,0,0,0,0,0,0,0,4,0,0,0,0,0,1,1.0
18zaq7m,0.018,0.203,0.0,1.0,0.0,0.0,7,11.20814326018867,0,0,0,0,0,0,0,0,0,0,0,0,0,0,0,0,0,0,0,0,0,0,0,0,0,0,2,0,0,0,0,0,0,0,0,0,0,0,0,0,0,0,1,1,0,0,0,0,0,1,1.0
18zb6ae,0.152,0.203,0.378,0.514,0.108,-0.8387,25,14.554592549557764,0,1,0,1,0,0,0,0,0,0,0,0,0,0,0,0,0,0,0,0,0,0,0,0,0,0,3,0,0,0,0,0,0,0,0,0,0,0,0,1,0,0,2,4,0,1,0,0,0,1,1.0
18zc15z,0.052,0.019,0.136,0.864,0.0,-0.296,15,8.841846274778883,1,1,0,0,0,0,0,0,0,0,0,0,0,0,0,0,0,0,0,0,0,1,0,0,0,0,2,0,0,0,0,0,0,0,0,0,0,0,0,0,0,0,0,4,1,0,1,0,0,1,1.0
18zc7g1,0.058,0.043,0.163,0.837,0.0,-0.5423,19,11.20814326018867,1,1,0,0,0,0,0,0,0,0,0,0,0,0,0,0,0,0,0,0,0,0,0,1,0,0,2,0,0,0,0,0,0,0,0,0,0,0,0,0,0,0,0,7,0,0,1,0,0,1,1.0
18zd5te,0.068,0.107,0.15,0.85,0.0,-0.5719,22,11.20814326018867,0,1,0,2,0,0,0,0,0,0,0,0,0,0,0,0,0,0,0,0,0,0,0,0,1,0,2,0,0,0,0,0,0,0,0,0,0,0,0,0,0,0,4,2,0,0,0,0,0,1,1.0
18zdtwu,0.097,0.322,0.189,0.811,0.0,-0.4215,13,3.1291,0,0,0,1,0,0,0,0,0,0,0,0,0,0,0,0,0,0,0,0,0,0,0,0,1,1,0,0,0,0,0,0,0,0,0,0,0,0,0,0,0,0,0,3,0,0,1,0,0,1,1.0
18zdz1b,0.064,0.032,0.0,1.0,0.0,0.0,9,3.1291,0,1,0,0,0,0,0,0,0,0,0,0,0,0,0,0,0,0,0,0,0,0,0,0,0,2,0,0,0,0,0,0,0,0,0,1,0,0,0,0,0,0,1,3,0,0,0,0,0,1,1.0
18ze03g,0.622,0.373,0.0,0.87,0.13,0.2023,13,8.841846274778883,0,0,0,0,0,0,0,0,0,0,0,0,0,0,0,0,0,0,0,0,0,0,1,0,2,2,1,0,0,0,1,0,0,0,0,0,0,0,0,0,0,0,1,3,0,0,0,1,0,1,1.0
18ze8fo,0.622,0.373,0.0,0.87,0.13,0.2023,13,8.841846274778883,0,0,0,0,0,0,0,0,0,0,0,0,0,0,0,0,0,0,0,0,0,0,1,0,2,2,1,0,0,0,1,0,0,0,0,0,0,0,0,0,0,0,1,3,0,0,0,1,0,1,1.0
18ze8se,0.054,0.603,0.0,1.0,0.0,0.0,6,3.1291,0,0,0,0,0,0,0,0,0,0,0,0,0,0,0,0,0,0,0,0,0,0,0,0,0,0,0,0,0,0,0,0,0,0,0,0,0,0,0,0,0,0,0,0,0,0,0,0,0,1,1.0
18zegsm,0.046,0.292,0.62,0.38,0.0,-0.5994,5,3.1291,0,0,0,0,0,0,0,0,0,0,0,0,0,0,0,0,0,0,0,0,0,0,0,0,0,0,2,0,0,0,0,0,0,0,0,0,0,0,0,0,0,0,0,0,0,0,0,0,0,1,1.0
18zeyr0,0.047,0.314,0.262,0.567,0.17,-0.3182,10,11.20814326018867,0,0,0,1,0,0,0,0,0,0,0,0,0,0,0,0,0,0,0,0,0,0,0,0,0,0,2,0,0,0,0,0,0,0,0,0,0,0,0,0,0,0,0,2,0,1,0,0,0,1,1.0
18zf6iv,0.026,0.057,0.0,1.0,0.0,0.0,8,13.023866798666859,0,0,0,0,0,0,0,0,0,0,0,0,0,0,0,0,0,0,0,0,0,0,0,0,0,0,1,0,0,0,0,0,0,0,0,0,0,0,0,0,0,0,0,1,0,0,0,0,0,1,1.0
18zfw5i,0.021,0.091,0.118,0.766,0.116,-0.0258,39,19.287186520377343,1,2,0,0,0,0,0,0,0,0,0,0,0,0,0,0,0,0,0,0,0,0,0,0,1,4,3,0,0,0,0,0,0,0,0,0,0,0,0,0,0,0,1,4,0,2,0,0,0,1,1.0
18zglta,0.146,0.294,0.151,0.734,0.115,-0.2023,18,14.554592549557764,0,0,0,0,0,0,0,0,0,0,0,0,0,0,0,0,0,0,0,0,0,0,0,0,0,1,3,0,0,0,0,0,0,0,0,0,0,0,0,0,0,0,2,3,1,0,0,0,0,1,1.0
18zgt3h,0.03,0.113,0.0,0.773,0.227,0.5267,17,3.1291,0,1,0,0,0,0,0,0,0,0,0,0,0,0,0,0,0,0,0,0,0,0,3,0,0,0,0,0,0,0,1,0,0,0,0,0,0,0,1,0,0,0,1,1,0,0,0,1,0,1,1.0
18zh0jg,0.066,0.067,0.0,0.609,0.391,0.7717,15,3.1291,0,2,0,0,0,0,0,0,0,0,0,0,0,0,1,0,0,0,0,0,0,0,1,0,0,0,0,1,0,0,0,0,0,0,0,0,0,0,0,0,0,0,1,1,0,0,0,0,0,1,1.0
18zhior,0.347,0.158,0.21,0.618,0.172,-0.1591,12,8.841846274778883,0,0,0,1,0,0,0,0,0,0,0,0,0,0,0,0,0,0,0,0,0,0,0,0,0,1,1,0,0,0,0,0,0,0,0,0,0,0,0,0,0,0,0,0,0,0,0,0,0,1,1.0
18zhj5x,0.112,0.062,0.145,0.745,0.11,-0.4588,24,8.841846274778883,0,0,0,0,0,0,0,0,0,0,0,0,0,0,0,0,0,0,0,0,0,0,0,0,1,0,2,0,0,0,0,0,0,0,0,0,0,0,0,0,0,0,2,5,0,0,0,0,0,1,1.0
18zhll7,0.021,0.022,0.066,0.764,0.17,0.9725,191,12.457975602129121,7,5,0,3,0,0,0,0,0,0,0,0,0,0,1,0,0,0,0,0,0,0,2,0,2,5,6,0,0,0,1,0,0,0,0,0,0,0,0,1,0,0,10,16,1,2,5,1,0,1,1.0
18zi2xz,0.123,0.272,0.0,1.0,0.0,0.0,14,3.1291,0,0,0,0,0,1,0,0,0,0,0,0,0,0,0,0,0,0,0,0,0,0,0,0,0,0,0,0,0,0,0,0,0,0,0,0,0,0,0,0,0,0,0,1,0,0,0,0,0,1,1.0
18zlkbv,0.048,0.289,0.0,1.0,0.0,0.0,14,10.125756701596842,1,1,0,1,0,0,0,0,0,0,0,0,0,0,0,0,0,0,0,0,0,0,0,0,0,1,0,0,0,0,0,0,0,0,0,0,0,0,0,0,0,0,0,4,0,0,1,0,0,1,1.0
18zmk8e,0.03,0.148,0.121,0.733,0.146,0.8654,781,15.120765425932294,13,75,0,9,0,1,0,0,0,0,0,0,0,0,3,5,0,0,4,0,0,4,9,8,13,39,31,0,0,0,4,0,0,0,0,2,0,0,2,4,0,0,22,37,2,18,18,4,0,1,0.33000001311302185
18zmx1p,0.048,0.198,0.154,0.715,0.131,-0.1082,15,14.554592549557764,0,0,0,0,0,0,0,0,0,0,0,0,0,0,0,0,0,0,0,0,0,0,0,0,0,0,0,0,0,0,0,0,0,0,0,0,0,0,0,0,0,0,1,5,0,0,0,0,0,73,0.7699999809265137
18znj6u,0.02,0.046,0.0,1.0,0.0,0.0,21,11.20814326018867,0,1,0,0,0,0,0,0,0,0,0,0,0,0,0,0,0,0,0,0,0,0,0,2,0,0,0,0,0,0,0,0,0,0,0,0,0,0,0,1,0,0,3,2,0,0,0,0,0,151,0.7699999809265137
18zoi78,0.051,0.101,0.073,0.706,0.222,0.9621,124,13.427899808715576,1,7,0,3,0,1,0,0,0,0,0,0,0,0,1,0,0,0,0,0,0,1,0,0,4,7,7,0,0,0,0,0,0,0,0,0,0,0,0,2,0,0,7,10,1,1,4,0,0,76,0.7300000190734863
18zpcqi,0.096,0.339,0.07,0.788,0.142,0.9922,553,15.381575749822971,9,31,0,3,0,0,0,0,0,0,0,0,0,0,1,1,0,0,0,0,0,0,4,2,14,25,8,0,0,0,1,0,0,0,0,0,0,0,0,0,0,0,18,33,2,4,18,2,0,1,0.47999998927116394
18zpq08,0.058,0.11,0.304,0.696,0.0,-0.5423,9,3.1291,0,0,0,0,0,0,0,0,0,0,0,0,0,0,0,0,0,0,0,0,0,0,0,0,0,0,1,0,0,0,0,0,0,0,0,0,0,0,0,0,0,0,1,0,0,0,0,0,0,1,1.0
18zqakx,0.068,0.061,0.1,0.778,0.123,0.8061,236,13.319297830178854,3,23,1,8,0,0,0,0,0,0,0,0,0,0,0,1,0,0,0,0,0,1,3,3,5,6,8,0,0,0,2,0,0,0,0,0,0,0,1,1,0,0,1,19,3,1,6,2,1,68,0.8500000238418579
18zqh0x,0.098,0.304,0.202,0.798,0.0,-0.5859,16,11.20814326018867,2,2,0,0,0,0,0,0,0,0,0,0,0,0,0,0,0,0,0,0,0,0,0,0,1,1,0,0,0,0,0,0,0,0,0,0,0,0,0,0,0,0,1,1,0,0,0,0,0,1,1.0
18zqsp0,0.062,0.033,0.0,1.0,0.0,0.0,6,3.1291,0,0,0,0,0,0,0,0,0,0,0,0,0,0,0,0,0,0,0,0,0,0,1,0,0,0,0,0,0,0,0,0,0,0,0,0,0,0,0,0,0,0,0,1,0,0,0,0,0,1,1.0
18zquqh,0.068,0.33,0.226,0.774,0.0,-0.5859,14,11.20814326018867,0,2,0,0,0,0,0,0,0,0,0,0,0,0,0,0,0,0,0,0,0,0,0,0,1,1,0,0,0,0,0,0,0,0,0,0,0,0,0,0,0,0,1,1,0,0,0,0,0,1,1.0
18zqv55,0.06,0.095,0.0,1.0,0.0,0.0,9,8.841846274778883,0,0,0,0,0,0,0,0,0,0,0,0,0,0,0,0,0,0,0,0,0,0,0,0,0,0,0,0,0,0,0,0,0,0,0,0,0,0,0,0,0,0,1,1,0,0,0,0,0,1,1.0
18zrdoe,0.06,0.111,0.0,1.0,0.0,0.0,9,8.841846274778883,0,0,0,0,0,0,0,0,0,0,0,0,0,0,0,0,0,0,0,0,0,0,0,0,0,0,0,0,0,0,0,0,0,0,0,0,0,0,0,0,0,0,2,1,0,0,0,0,0,1,1.0
18zri8n,0.034,0.063,0.0,1.0,0.0,0.0,3,11.20814326018867,0,0,0,0,0,0,0,0,0,0,0,0,0,0,0,0,0,0,0,0,0,0,0,0,0,0,0,0,0,0,0,0,0,0,0,0,0,0,0,0,0,0,0,0,0,0,0,0,0,1,1.0
18zrkj2,0.034,0.112,0.0,1.0,0.0,0.0,4,11.20814326018867,0,0,0,0,0,0,0,0,0,0,0,0,0,0,0,0,0,0,0,0,0,0,0,0,0,0,0,0,0,0,0,0,0,0,0,0,0,0,0,0,0,0,0,0,0,0,0,0,0,1,1.0
18zrlg2,0.034,0.015,0.0,0.783,0.217,0.3612,10,11.20814326018867,0,0,0,0,0,0,0,0,0,0,0,0,0,0,0,0,0,0,0,0,0,0,0,0,0,1,0,0,0,0,0,0,0,0,0,0,0,0,0,0,0,0,0,5,1,0,0,0,0,1,1.0
18zsxmh,0.087,0.812,0.0,0.714,0.286,0.34,7,11.20814326018867,0,0,0,0,0,0,0,0,0,0,0,0,0,0,0,0,0,0,0,0,0,0,0,0,0,0,1,0,0,0,0,0,0,0,0,0,0,0,0,0,0,0,0,0,0,0,0,0,0,1,1.0
18zt70k,0.019,0.025,0.068,0.866,0.066,-0.0258,40,15.247664890283005,0,2,0,2,0,0,0,0,0,0,0,0,0,0,1,0,0,0,0,0,0,0,0,0,0,1,1,0,0,0,0,0,0,0,0,0,0,0,0,0,0,0,0,5,0,1,0,0,0,69,0.6299999952316284
18zujr6,0.021,0.055,0.0,0.708,0.292,0.5106,9,10.125756701596842,0,0,0,1,0,0,0,0,0,0,0,0,0,0,0,0,0,0,0,0,0,0,0,0,0,0,1,0,0,0,0,0,0,0,0,1,0,0,0,0,0,0,0,3,0,0,0,0,0,1,1.0
18zv0h9,0.048,0.234,0.0,1.0,0.0,0.0,12,11.20814326018867,0,2,0,0,0,0,0,0,0,0,0,0,0,0,0,0,0,0,0,0,0,0,0,0,0,0,0,0,0,0,0,0,0,0,0,0,0,0,0,0,0,0,1,1,0,0,1,0,0,1,1.0
18zvkwx,0.025,0.023,0.0,0.828,0.172,0.4019,14,14.554592549557764,2,0,0,0,0,0,0,0,0,0,0,0,0,0,0,0,0,0,0,0,0,0,0,0,0,1,0,0,0,0,0,0,0,0,0,0,0,0,0,1,0,0,0,6,1,0,0,0,0,1,1.0
18zvtjm,0.282,0.098,0.078,0.859,0.063,-0.6737,389,12.948620331739964,6,17,0,10,0,0,0,0,0,0,0,0,0,0,2,6,0,0,0,0,0,1,7,0,7,6,7,1,0,2,1,0,2,1,0,1,0,0,3,0,0,0,11,28,4,9,9,2,1,3,0.5299999713897705
18zw08j,0.026,0.028,0.153,0.675,0.172,0.068,11,7.168621630094336,0,0,0,1,0,0,0,0,0,0,0,0,0,0,0,0,0,0,0,0,1,0,1,0,0,0,1,0,0,0,0,0,0,0,0,0,0,0,0,0,0,0,1,1,0,0,0,0,0,1,1.0
18zwwg1,0.093,0.3,0.093,0.802,0.106,0.8784,525,14.836745963215662,4,34,2,9,0,0,0,0,0,0,0,0,0,0,3,7,0,0,0,0,0,3,14,1,4,19,24,0,0,1,1,1,0,0,0,1,0,0,4,3,0,0,23,44,9,1,8,3,0,1,0.2800000011920929
18zxfga,0.206,0.148,0.164,0.836,0.0,-0.0951,8,13.023866798666859,1,0,0,1,0,0,0,0,0,0,0,0,0,0,0,0,0,0,0,0,0,0,0,0,0,0,0,0,0,0,0,0,0,0,0,0,0,0,0,0,0,0,0,0,0,1,1,0,0,1,1.0
18zxjs2,0.031,0.018,0.0,1.0,0.0,0.0,17,11.20814326018867,1,2,0,0,0,0,0,0,0,0,0,0,0,0,0,0,0,0,0,0,0,0,0,0,0,0,0,0,0,0,0,0,0,0,0,0,0,0,0,0,0,0,1,3,0,0,2,0,0,1,1.0
18zy92j,0.058,0.399,0.0,0.597,0.403,0.4019,5,11.20814326018867,0,0,0,0,0,0,0,0,0,0,0,0,0,0,0,0,0,0,0,0,0,0,0,0,0,0,0,0,0,0,0,0,0,0,0,0,0,0,0,0,0,0,1,1,0,1,0,0,0,1,1.0
18zypz6,0.027,0.307,0.0,0.606,0.394,0.7056,11,13.023866798666859,0,0,0,0,0,0,0,0,0,0,0,0,0,0,0,0,0,0,0,0,0,0,0,0,0,1,0,0,0,0,0,0,0,0,0,0,0,0,0,0,0,0,2,3,0,0,0,0,0,1,1.0
18zyukj,0.05,0.401,0.0,1.0,0.0,0.0,8,11.20814326018867,0,1,0,0,0,0,0,0,0,0,0,0,0,0,0,0,0,0,0,0,0,0,0,0,0,0,0,0,0,0,0,0,0,0,0,0,0,0,0,0,0,0,0,1,0,0,0,0,0,1,1.0
18zz1cb,0.023,0.056,0.0,0.838,0.162,0.4019,15,11.20814326018867,0,0,0,0,0,0,0,0,0,0,0,0,0,0,0,0,0,0,0,0,0,0,0,0,0,1,0,0,0,0,0,0,0,0,0,0,0,0,0,0,0,0,2,2,0,0,0,0,0,1,0.2800000011920929
18zzbxg,0.146,0.169,0.0,1.0,0.0,0.0,9,11.20814326018867,0,0,0,0,0,0,0,0,0,0,0,0,0,0,0,0,0,0,0,0,0,0,0,0,0,0,0,0,0,0,0,0,0,0,0,0,0,0,1,0,0,0,1,3,1,0,0,0,0,1,1.0
18zzby8,0.086,0.314,0.035,0.827,0.138,0.9705,213,11.95083700844419,1,9,0,4,0,1,0,0,0,0,0,0,0,0,1,0,0,0,0,0,0,0,3,3,6,10,1,0,0,0,0,0,0,0,0,1,0,0,0,0,0,0,5,20,2,2,4,0,0,1,0.4300000071525574
18zzez0,0.046,0.306,0.226,0.774,0.0,-0.5859,14,11.20814326018867,0,1,0,0,0,0,0,0,0,0,0,0,0,0,0,0,0,0,0,0,0,1,0,0,1,1,0,0,0,0,0,0,0,0,0,0,0,0,0,0,0,0,1,1,0,0,0,0,0,57,0.5899999737739563
18zzriv,0.419,0.284,0.054,0.861,0.085,0.476,180,10.980518767755715,0,7,0,4,0,3,0,0,0,0,0,0,0,0,1,0,0,0,0,0,0,0,0,0,3,7,2,0,0,0,0,0,0,0,0,0,0,0,0,3,0,0,6,18,1,2,2,0,0,1,0.25
18zzwil,0.223,0.196,0.0,1.0,0.0,0.0,9,3.1291,0,0,0,1,0,0,0,0,0,0,0,0,0,0,0,0,0,0,0,0,0,0,0,0,0,0,0,0,0,0,0,0,0,0,0,0,0,0,0,0,0,0,2,1,0,0,1,0,0,1,1.0
1900eoq,0.016,0.331,0.102,0.707,0.191,0.9613,185,9.007467420416297,2,4,0,2,0,1,0,0,0,0,0,0,0,0,0,0,0,0,0,1,1,2,15,2,0,5,8,0,0,0,1,0,0,0,0,0,1,0,0,1,0,0,4,12,2,1,2,0,0,1,0.6700000166893005
1901cnr,0.108,0.057,0.0,1.0,0.0,0.0,10,8.841846274778883,0,0,0,0,0,0,0,0,0,0,0,0,0,0,0,0,0,0,0,0,0,1,1,0,0,0,0,0,0,0,1,0,0,0,0,0,0,0,0,0,0,0,0,0,0,0,0,1,0,1,1.0
19023kh,0.045,0.034,0.055,0.789,0.156,0.9968,584,16.874724566997386,5,37,0,8,0,0,0,0,0,0,0,0,0,0,4,5,0,0,0,0,0,3,10,0,4,27,11,0,0,1,3,0,0,0,0,0,0,0,0,1,0,0,26,32,1,3,8,2,0,15,0.550000011920929
19025jk,0.107,0.075,0.089,0.705,0.206,0.9508,110,8.841846274778883,0,5,0,2,0,0,0,0,0,0,0,0,0,0,1,0,0,0,0,0,0,0,1,1,8,8,5,0,0,0,0,0,0,0,0,0,0,0,0,0,0,0,0,12,1,1,1,0,0,0,0.5
1902a38,0.054,0.401,0.0,0.597,0.403,0.4019,5,11.20814326018867,0,0,0,0,0,0,0,0,0,0,0,0,0,0,0,0,0,0,0,0,0,0,0,0,0,0,0,0,0,0,0,0,0,0,0,0,0,0,0,0,0,0,1,1,0,1,0,0,0,1,1.0
1904avc,0.022,0.026,0.049,0.788,0.163,0.9211,134,13.023866798666859,1,10,1,3,0,2,0,0,0,0,0,0,0,0,0,2,0,0,0,0,0,0,2,0,0,8,5,0,0,0,2,0,0,0,0,0,0,0,0,1,0,0,5,14,1,1,1,0,0,1,0.5
1904y8n,0.025,0.058,0.087,0.874,0.039,-0.9914,767,12.91803737305623,9,76,0,11,1,1,0,1,0,0,0,0,0,0,5,8,1,0,1,0,0,4,17,8,3,7,40,2,0,0,8,1,3,0,0,1,1,0,3,2,0,0,11,44,7,9,7,2,0,94,0.5799999833106995
190573g,0.046,0.132,0.044,0.778,0.179,0.9909,310,16.827784334635936,2,12,0,2,0,0,0,0,0,0,0,0,1,0,0,1,0,0,0,0,0,1,5,0,5,19,4,0,0,0,1,0,0,0,0,0,0,0,0,1,0,0,33,21,3,3,4,0,1,228,0.550000011920929
1905751,0.043,0.032,0.032,0.914,0.054,0.7097,297,13.968273953766033,8,19,0,10,0,0,0,0,0,0,0,0,0,2,0,0,0,0,0,0,0,8,9,2,0,5,4,0,0,0,1,0,0,0,0,0,0,0,0,3,0,0,9,26,0,8,9,1,1,128,0.9399999976158142
1907gh0,0.029,0.062,0.0,0.753,0.247,0.3182,8,13.023866798666859,0,0,0,0,0,0,0,0,0,0,0,0,0,0,0,0,0,0,0,0,0,0,0,0,0,0,0,0,0,0,0,0,0,0,0,0,0,0,0,0,0,0,0,3,0,0,0,0,0,1,1.0
1907mmi,0.027,0.111,0.0,0.865,0.135,0.3612,17,11.20814326018867,0,0,0,0,0,0,0,0,0,0,0,0,0,0,0,0,0,0,0,0,0,0,0,0,0,2,1,0,0,0,0,0,0,0,0,0,0,0,0,0,0,0,0,4,0,1,0,0,0,1,1.0
1907q64,0.034,0.325,0.0,1.0,0.0,0.0,6,3.1291,0,0,0,0,0,0,0,0,0,0,0,0,0,0,0,0,0,0,0,0,0,0,0,0,0,0,0,0,0,0,0,0,0,0,0,0,0,0,0,0,0,0,0,0,0,0,0,0,0,1,0.25
1907vka,0.033,0.226,0.139,0.666,0.194,0.2079,25,14.554592549557764,2,0,0,1,0,0,0,0,0,0,0,0,0,0,0,0,0,0,0,0,0,0,0,0,1,3,1,0,0,0,0,0,0,0,0,0,0,0,0,0,0,0,0,5,0,0,1,0,0,1,0.5
19099gd,0.103,0.201,0.0,0.78,0.22,0.4767,12,3.1291,0,1,0,0,0,0,0,0,0,0,0,0,0,0,0,0,0,0,0,0,0,0,0,0,0,0,0,0,0,0,0,0,0,0,0,0,0,0,0,1,0,0,1,4,0,0,1,0,0,1,1.0
1909nsh,0.054,0.166,0.355,0.645,0.0,-0.765,14,14.554592549557764,0,0,0,0,0,0,0,0,0,0,0,0,0,0,0,0,0,0,0,0,0,0,0,0,0,0,2,0,0,0,0,0,0,0,0,0,0,0,0,0,0,0,0,0,0,0,0,0,0,1,1.0
1909tjk,0.045,0.06,0.124,0.876,0.0,-0.4019,20,3.1291,0,1,0,1,0,0,0,0,0,0,0,0,0,0,0,0,0,0,0,0,0,0,1,0,0,1,1,0,0,0,0,0,1,0,0,0,0,0,0,0,0,0,1,3,0,0,1,0,0,1,1.0
190a2m2,0.087,0.178,0.068,0.83,0.102,0.5572,230,17.315433740611066,4,17,0,5,0,0,0,0,0,0,0,0,0,0,0,3,0,0,1,0,0,2,7,1,4,10,9,0,0,0,1,0,0,0,0,0,0,0,1,1,0,0,4,22,4,8,3,1,0,1,0.2800000011920929
190a31x,0.061,0.255,0.168,0.781,0.051,-0.9871,250,13.484332010920856,0,9,0,5,0,1,0,0,0,0,0,0,0,1,0,0,0,0,1,0,0,2,4,2,1,6,10,0,0,0,0,0,0,0,0,1,0,0,1,0,0,0,19,24,1,0,5,0,1,59,0.6399999856948853
190anyb,0.039,0.285,0.141,0.573,0.286,0.9877,149,10.686352973137792,0,8,1,4,0,0,0,0,0,0,0,0,0,0,2,2,0,0,0,0,0,1,3,0,1,11,11,0,0,0,0,0,0,0,0,0,0,0,1,0,0,0,10,17,1,1,2,0,0,1,0.1599999964237213
190azk2,0.059,0.505,0.035,0.894,0.071,0.6286,106,9.827888789773866,3,11,1,4,0,0,0,0,0,0,0,0,0,0,0,0,0,0,0,0,0,0,5,1,0,2,3,0,0,0,0,0,2,0,0,0,0,0,0,2,0,0,9,8,2,0,1,1,0,1,0.2199999988079071
190cmeb,0.041,0.033,0.052,0.839,0.109,0.9623,333,14.819310888816336,7,18,0,3,0,0,0,0,0,0,0,0,1,0,0,1,0,0,0,0,0,6,4,2,4,8,7,0,0,0,1,0,0,0,0,4,0,0,0,2,0,0,21,28,2,1,3,0,1,253,0.6299999952316284
190dh2u,0.27,0.417,0.0,1.0,0.0,0.0,8,11.20814326018867,0,0,0,0,0,0,0,0,0,0,0,0,0,0,0,0,0,0,0,0,0,0,0,0,0,0,0,0,0,0,0,0,0,0,0,0,0,0,0,0,0,0,1,0,0,0,0,0,0,1,1.0
190dsez,0.079,0.272,0.0,1.0,0.0,0.0,9,11.20814326018867,0,0,0,0,0,0,0,0,0,0,0,0,0,0,0,0,0,0,0,0,0,0,0,0,0,0,0,0,0,0,0,0,0,0,0,0,0,0,0,0,0,0,0,0,0,0,0,0,0,1,1.0
190eajj,0.042,0.255,0.042,0.889,0.069,0.9449,460,14.756829357015494,13,31,0,26,0,0,0,0,0,0,0,0,0,0,0,3,0,0,0,0,0,0,3,1,11,8,3,0,0,0,0,0,0,0,0,1,0,0,0,3,0,0,66,27,3,6,15,0,1,531,0.7200000286102295
190el3f,0.054,0.123,0.0,0.606,0.394,0.5994,7,8.841846274778883,0,0,0,0,0,0,0,0,0,0,0,0,0,0,0,0,0,0,0,0,0,0,0,0,0,1,0,0,0,0,0,0,0,0,0,0,0,0,0,0,0,0,0,0,0,0,0,0,0,1,1.0
190eokt,0.08,0.326,0.315,0.609,0.075,-0.8271,20,13.023866798666859,0,0,0,0,0,0,0,0,0,0,0,0,0,0,0,0,0,0,0,0,0,0,0,0,0,0,3,0,0,0,0,0,0,0,0,0,0,0,0,0,0,0,1,2,0,0,0,0,0,1,0.9900000095367432
190evbx,0.076,0.339,0.186,0.715,0.099,-0.9826,226,10.560738912317856,2,19,0,12,0,1,0,0,0,0,0,0,0,0,0,2,0,0,0,0,1,0,14,0,2,7,17,0,2,0,6,0,0,0,0,0,0,0,2,1,0,0,12,17,4,2,3,3,0,1,0.5199999809265137
190f6un,0.036,0.019,0.231,0.769,0.0,-0.4939,16,11.20814326018867,0,0,0,0,0,0,0,0,0,0,0,0,0,0,0,0,0,0,0,0,0,0,0,0,0,0,2,0,0,0,0,0,0,0,0,0,0,0,0,0,0,0,0,4,0,0,1,0,0,1,0.5
190fpak,0.034,0.075,0.071,0.858,0.071,-0.2382,201,14.191785591663535,8,15,0,2,0,1,0,0,0,0,0,0,0,0,0,3,0,0,1,0,0,5,0,1,3,10,3,0,0,4,0,0,0,0,0,1,0,0,0,0,0,0,14,16,0,0,7,2,0,335,0.6399999856948853
190g0zb,0.043,0.172,0.101,0.797,0.101,0.4517,456,11.855464076750408,4,42,0,11,0,4,0,0,0,0,0,0,0,0,2,2,0,0,1,0,0,0,9,5,8,7,21,0,0,0,2,0,0,0,0,0,0,0,3,5,0,0,7,27,6,1,10,1,1,1,1.0
190gir1,0.035,0.421,0.305,0.534,0.16,-0.4404,9,8.841846274778883,0,0,0,0,0,0,0,0,0,0,0,0,0,0,0,0,0,0,0,0,0,0,0,0,0,0,1,0,0,0,0,0,0,0,0,1,0,0,0,0,0,0,1,0,0,0,0,0,0,1,1.0
190h4xl,0.043,0.246,0.101,0.797,0.101,0.4517,456,11.855464076750408,4,42,0,11,0,4,0,0,0,0,0,0,0,0,2,2,0,0,1,0,0,0,9,5,8,7,21,0,0,0,2,0,0,0,0,0,0,0,3,5,0,0,7,27,6,1,10,1,1,43,0.550000011920929
190hbcf,0.031,0.059,0.141,0.75,0.108,-0.9973,1387,17.427758009839696,17,111,2,39,0,0,1,0,0,0,0,0,1,0,17,6,0,0,2,0,0,21,32,36,17,42,64,0,4,1,4,1,0,0,0,2,0,1,2,9,0,0,18,69,10,10,37,3,0,1,0.1899999976158142
190hgj1,0.064,0.021,0.0,1.0,0.0,0.0,7,3.1291,0,0,0,1,0,0,0,0,0,0,0,0,0,0,0,0,0,0,0,0,0,0,0,0,0,0,0,0,0,0,0,0,0,0,0,0,0,0,0,0,0,0,0,1,0,0,0,0,0,1,1.0
190hi1h,0.056,0.187,0.084,0.721,0.195,0.9245,107,11.855464076750408,0,6,0,1,0,0,0,0,0,0,0,0,0,0,0,0,0,0,0,0,0,0,1,2,4,2,4,0,0,0,0,0,0,0,0,0,0,0,0,0,0,0,0,15,0,1,0,0,0,1,0.23000000417232513
190ir2z,0.111,0.112,0.532,0.468,0.0,-0.8442,11,11.20814326018867,0,0,0,1,0,0,0,0,0,0,0,0,0,0,0,0,0,0,0,0,0,0,0,0,0,1,2,0,0,0,0,0,0,0,0,0,0,0,0,0,0,0,1,2,0,0,0,0,0,1,1.0
190jarb,0.089,0.166,0.0,0.762,0.238,0.3612,9,11.20814326018867,0,0,0,0,0,0,0,0,0,0,0,0,0,0,0,0,0,0,0,0,0,0,0,0,0,1,0,0,0,0,0,0,0,0,0,0,0,0,0,0,0,0,1,2,1,0,0,0,0,1,1.0
190jj68,0.083,0.285,0.059,0.762,0.179,0.9646,166,18.7741,0,1,0,6,0,0,0,0,0,0,0,0,0,0,1,0,0,0,0,0,0,4,0,0,4,6,3,0,0,0,0,0,0,0,0,0,0,0,0,0,0,0,6,12,1,1,5,0,1,1,0.3400000035762787
190l1gs,0.018,0.146,0.11,0.822,0.068,-0.9975,1575,19.76632135587684,22,93,0,25,0,3,1,0,0,0,0,0,2,0,16,12,0,1,0,0,0,5,100,0,25,46,71,1,2,1,6,2,1,0,0,0,0,1,5,7,0,0,122,66,16,12,11,1,0,59,0.550000011920929
190lc4u,0.226,0.378,0.189,0.713,0.097,-0.9852,243,13.023866798666859,10,6,0,4,0,0,0,0,0,0,0,0,0,0,0,4,0,0,0,0,0,0,4,3,7,2,17,0,0,0,0,1,0,0,0,0,0,0,0,2,0,0,2,22,2,0,11,0,0,3,0.6200000047683716
190ltzk,0.049,0.05,0.496,0.504,0.0,-0.7096,10,11.20814326018867,0,0,0,1,0,0,0,0,0,0,0,0,0,0,0,0,0,0,0,0,0,0,0,0,0,1,0,0,0,0,0,0,0,0,0,0,0,0,0,0,0,0,0,1,0,0,0,0,0,1,1.0
190m3cw,0.046,0.132,0.176,0.682,0.142,-0.1531,14,11.20814326018867,0,1,0,0,0,1,0,0,0,0,0,0,0,0,0,0,0,0,0,0,0,0,0,0,0,2,1,0,0,0,0,0,0,0,0,0,0,0,0,0,0,0,1,4,1,0,1,0,0,1,1.0
190m67i,0.023,0.075,0.405,0.595,0.0,-0.5812,9,8.841846274778883,0,1,0,1,0,0,0,0,0,0,0,0,0,0,0,0,0,0,0,0,0,0,0,0,0,1,1,0,0,0,0,0,0,0,0,0,0,0,0,0,0,0,1,2,0,0,0,0,0,1,1.0
190mh6r,0.044,0.072,0.057,0.801,0.142,0.9942,543,16.055569216301873,9,30,1,5,0,1,0,0,0,0,0,0,0,0,4,6,0,0,0,0,0,3,5,0,14,30,14,0,1,0,2,0,0,0,0,0,1,0,0,0,0,0,26,38,3,5,6,3,0,96,0.6200000047683716
190nmby,0.098,0.33,0.0,0.886,0.114,0.2023,15,14.554592549557764,1,0,0,0,0,0,0,0,0,0,0,0,0,0,0,0,0,0,0,0,0,0,0,0,0,0,0,0,0,0,0,0,0,0,0,0,0,0,0,0,0,0,0,4,0,0,1,0,0,1,1.0
190onr0,0.022,0.061,0.156,0.714,0.13,-0.8824,292,14.424011203321125,9,33,0,11,0,0,0,0,0,0,0,0,0,0,4,3,0,0,0,0,0,0,38,0,4,6,19,0,0,0,7,0,0,0,0,0,0,0,0,1,0,0,4,27,3,0,3,4,1,1,0.6000000238418579
190oyw7,0.036,0.074,0.0,0.846,0.154,0.7184,35,19.287186520377343,2,2,0,2,0,0,0,0,0,0,0,0,0,0,0,0,0,0,0,0,0,0,0,0,0,2,0,0,0,0,0,0,0,0,0,0,0,0,0,0,0,0,3,6,0,0,2,0,0,1,1.0
190pkxm,0.029,0.285,0.204,0.796,0.0,-0.3182,10,13.023866798666859,0,0,0,0,0,0,0,0,0,0,0,0,0,0,0,0,0,0,0,0,0,0,0,0,0,0,0,0,0,0,0,0,0,0,0,0,0,0,0,0,0,0,1,1,0,0,0,0,0,1,1.0
190plqb,0.062,0.317,0.108,0.837,0.056,-0.9908,607,15.952225998937053,5,28,1,17,0,1,0,0,0,0,0,0,0,0,2,8,0,0,0,0,0,0,8,0,8,8,19,0,2,1,0,0,0,0,0,0,0,0,1,2,0,0,70,32,3,5,5,2,0,1,0.2800000011920929
190qozt,0.045,0.064,0.075,0.701,0.224,0.9936,246,11.491704259439757,3,14,0,2,0,0,0,0,0,0,0,0,0,0,0,3,0,0,0,0,0,0,14,0,2,19,9,0,0,0,4,0,0,0,0,1,0,0,4,1,0,0,3,28,5,3,4,3,1,1,1.0
190rcpr,0.232,0.112,0.15,0.85,0.0,-0.3182,14,13.023866798666859,0,0,0,1,0,0,0,0,0,0,0,0,0,0,0,0,0,0,0,0,0,0,0,0,0,0,0,0,0,0,0,0,0,0,0,0,0,0,0,0,0,0,0,1,0,0,0,0,0,1,1.0
190rm5n,0.06,0.589,0.089,0.801,0.111,0.5017,128,15.021129683784007,2,8,1,4,0,0,0,0,0,0,0,0,0,0,1,0,0,0,0,0,0,0,4,2,2,6,6,0,0,1,0,0,0,0,0,0,0,0,3,4,0,0,2,11,2,1,1,0,1,1,1.0
190tdji,0.21,0.09,0.161,0.747,0.092,-0.9711,256,9.478462496947788,7,13,0,4,0,0,0,0,0,0,0,0,0,0,2,1,0,0,0,0,0,0,13,0,6,6,12,0,0,1,1,0,0,0,0,0,0,1,0,0,0,0,25,26,5,1,12,3,0,1,0.33000001311302185
190tf2u,0.082,0.339,0.093,0.849,0.058,-0.8458,318,10.62613485830676,2,19,0,14,0,0,1,0,0,0,0,0,0,0,0,2,0,0,1,0,0,0,24,3,7,10,15,0,4,0,2,0,0,0,0,0,0,0,1,3,0,0,2,23,4,5,8,4,0,1,0.46000000834465027
190thvk,0.039,0.169,0.0,1.0,0.0,0.0,7,3.1291,0,0,0,0,0,0,0,0,0,0,0,0,0,0,0,0,0,0,0,0,0,0,0,0,0,1,0,0,0,0,0,0,0,0,0,0,0,0,0,0,0,0,1,1,0,0,0,0,0,1,1.0
190uhvr,0.061,0.294,0.203,0.672,0.125,-0.9966,583,10.87236733813107,6,36,0,24,0,1,0,0,0,0,0,0,0,0,4,8,1,0,0,0,0,2,27,0,22,15,22,0,0,1,1,0,2,0,0,1,0,0,1,3,0,0,56,31,4,2,10,1,1,1,1.0
190unr6,0.029,0.081,0.0,1.0,0.0,0.0,14,11.20814326018867,1,0,0,1,0,0,0,0,0,0,0,0,0,0,0,0,0,0,0,0,0,0,0,0,1,0,0,0,0,0,0,0,0,0,0,0,0,0,0,0,0,0,0,1,0,0,1,0,0,1,1.0
190uxuf,0.088,0.603,0.0,1.0,0.0,0.0,11,8.841846274778883,0,0,0,0,0,0,0,0,0,0,0,0,0,0,1,0,0,0,0,0,0,0,0,0,0,0,1,0,0,0,0,0,0,0,0,0,0,0,0,0,0,0,0,3,0,0,0,0,0,1,1.0
190uzyi,0.028,0.035,0.098,0.754,0.148,0.7139,100,14.554592549557764,5,5,0,2,0,0,0,0,0,0,0,0,0,0,0,1,0,0,0,0,0,0,3,0,2,4,4,0,0,0,2,1,1,0,0,0,0,0,0,1,0,0,0,14,1,0,3,0,1,1,0.23999999463558197
190v4k3,0.029,0.167,0.063,0.852,0.085,0.6011,288,14.554592549557764,4,20,0,4,0,0,0,0,0,0,0,0,0,0,6,4,0,0,0,0,0,1,8,2,12,7,4,0,0,0,1,0,0,0,0,1,0,0,0,1,0,0,3,24,3,1,5,0,0,51,0.699999988079071
190v5og,0.061,0.054,0.185,0.676,0.139,-0.9885,458,10.067206243781511,1,28,1,8,0,0,0,0,0,0,0,0,0,1,1,3,0,0,2,0,0,4,0,9,8,34,25,0,0,0,0,3,4,0,0,2,0,0,1,5,0,0,14,28,3,2,13,0,1,1,0.3400000035762787
190vg40,0.048,0.301,0.074,0.817,0.109,0.8452,285,10.125756701596842,3,18,1,7,0,0,0,0,0,0,0,0,1,0,0,0,0,0,1,0,0,2,12,3,10,12,11,0,1,0,3,0,0,0,0,0,0,0,1,1,0,0,5,21,2,3,10,3,0,1,0.25999999046325684
190vq8h,0.079,0.471,0.167,0.705,0.128,-0.9214,252,9.120678840339163,1,17,2,3,0,2,0,0,0,0,0,0,0,0,2,3,0,1,0,0,0,5,3,3,7,9,15,0,0,0,0,0,1,0,0,2,0,0,2,0,0,0,18,19,5,0,3,0,0,1,0.2199999988079071
190vueg,0.122,0.233,0.06,0.871,0.069,-0.5362,253,12.161744961471694,0,13,0,3,0,0,0,0,0,0,0,0,0,0,1,0,0,0,0,0,0,0,2,0,6,5,6,0,0,0,1,1,3,0,0,1,0,0,0,0,0,0,35,19,1,0,3,2,0,1,0.23999999463558197
190w2p4,0.017,0.039,0.0,1.0,0.0,0.0,9,11.20814326018867,0,0,0,0,0,0,0,0,0,0,0,0,0,0,0,0,0,0,0,0,0,0,0,0,0,0,0,0,0,0,0,0,0,0,0,1,0,0,0,0,0,0,1,1,0,0,0,0,0,1,1.0
190xah9,0.05,0.313,0.076,0.723,0.201,0.3891,25,15.903189008614273,0,3,0,2,0,0,0,0,0,0,0,0,0,0,0,0,0,0,0,0,0,0,0,0,2,2,0,0,0,0,0,0,0,0,0,0,0,0,0,0,0,0,0,4,1,0,0,0,0,1,1.0
190xcvm,0.1,0.235,0.146,0.822,0.032,-0.9726,139,12.457975602129121,0,8,0,0,0,0,0,0,0,0,0,0,0,0,1,1,0,0,0,0,0,2,0,1,1,2,8,0,0,0,0,0,0,0,0,0,0,0,2,1,0,0,17,15,3,1,1,0,0,1,0.6700000166893005
190y1mz,0.039,0.255,0.044,0.902,0.054,0.5714,242,12.745084868956482,0,9,0,1,0,1,0,0,0,0,0,0,0,0,0,0,0,0,0,0,0,0,1,0,11,3,12,0,0,0,1,1,0,0,0,0,0,0,0,0,0,0,16,12,1,1,2,0,0,225,0.7400000095367432
190y7sb,0.084,0.414,0.096,0.799,0.106,-0.4779,500,9.325443323948027,5,31,6,7,0,0,0,0,0,0,0,0,3,0,0,2,0,0,1,0,0,14,18,4,8,24,24,0,0,2,1,0,1,0,0,0,0,0,2,1,0,0,28,33,5,1,3,2,3,1,0.25
190yks1,0.069,0.202,0.09,0.729,0.181,0.9201,146,13.662883650711645,2,7,0,3,0,0,0,0,0,0,0,0,0,0,0,1,0,0,0,0,0,1,1,0,6,14,3,0,0,0,1,1,0,0,0,0,0,0,0,0,0,0,5,12,0,2,3,0,0,1,0.10000000149011612
190z0eq,0.053,0.026,0.015,0.92,0.065,0.8481,215,9.188382445141503,4,7,0,4,0,1,5,0,0,0,0,0,0,0,1,3,0,0,0,0,0,0,7,2,1,2,2,0,1,0,4,1,0,0,0,0,0,0,0,2,0,0,21,16,3,3,7,4,0,77,0.6600000262260437
190zegp,0.654,0.361,0.383,0.51,0.107,-0.7506,13,14.554592549557764,0,0,0,0,0,0,0,0,0,0,0,0,0,0,0,0,0,0,0,0,0,0,0,0,0,1,1,0,0,0,0,0,0,0,0,0,0,0,0,0,0,0,2,4,0,0,0,0,0,1,1.0
190zipc,0.028,0.093,0.095,0.807,0.098,-0.1016,177,14.265292616868656,1,12,0,2,0,0,0,0,0,0,0,0,2,0,0,1,0,0,0,0,0,0,15,0,0,6,7,0,0,0,2,0,0,0,0,0,0,0,0,0,0,0,2,20,1,0,1,1,1,1,0.28999999165534973
190zv0w,0.021,0.046,0.025,0.843,0.132,0.9318,192,18.243605946275583,3,5,0,3,0,1,0,0,0,0,0,0,0,0,0,1,0,0,0,0,0,0,1,0,6,17,2,0,0,0,0,0,0,0,0,0,0,0,0,0,0,0,0,19,2,6,5,0,0,1,0.3700000047683716
19101u8,0.644,0.44,0.285,0.673,0.041,-0.9876,109,16.827784334635936,0,7,0,5,0,0,0,0,0,0,0,0,0,0,0,3,0,0,0,0,0,1,0,0,0,3,12,0,0,0,0,0,0,0,0,0,0,0,0,0,0,0,9,12,1,0,0,0,0,0,0.5
19101yg,0.644,0.44,0.285,0.673,0.041,-0.9876,109,16.827784334635936,0,7,0,5,0,0,0,0,0,0,0,0,0,0,0,3,0,0,0,0,0,1,0,0,0,3,12,0,0,0,0,0,0,0,0,0,0,0,0,0,0,0,9,12,1,0,0,0,0,1,1.0
19102ll,0.042,0.505,0.099,0.78,0.121,0.6486,129,14.554592549557764,1,8,0,1,0,0,0,0,0,0,0,0,0,0,0,0,0,0,0,0,0,0,1,3,3,12,6,0,0,0,1,0,0,0,0,0,0,0,0,0,0,0,2,12,2,0,1,1,0,122,0.7099999785423279
19116sa,0.045,0.085,0.0,0.805,0.195,0.4404,13,3.1291,0,0,0,1,0,0,0,0,0,0,0,0,0,0,0,0,0,0,0,0,0,0,0,0,0,1,0,0,0,0,0,0,0,0,0,0,0,0,0,0,0,0,0,2,0,0,0,0,0,1,0.5
1911hqm,0.044,0.01,0.0,0.892,0.108,0.3182,20,15.903189008614273,2,0,0,0,0,0,0,0,0,0,0,0,0,0,0,0,0,0,0,0,0,0,0,0,1,0,0,0,0,0,0,0,0,0,0,0,0,0,0,0,0,0,1,4,0,0,1,0,0,1,0.6600000262260437
1911ke4,0.052,0.175,0.066,0.805,0.128,0.7773,124,12.38480682065935,3,10,0,3,0,0,0,0,0,0,0,0,0,0,0,1,0,0,0,0,0,0,0,2,2,3,3,0,0,0,0,0,0,0,0,0,0,0,0,1,0,0,2,11,0,0,4,0,1,51,0.6000000238418579
1911lke,0.038,0.111,0.266,0.734,0.0,-0.4404,9,11.20814326018867,0,0,0,0,0,0,0,0,0,0,0,0,0,0,0,0,0,0,0,0,0,0,0,0,0,0,1,0,0,0,0,0,0,0,0,0,0,0,1,0,0,0,1,1,1,0,0,0,0,1,1.0
1911t9l,0.027,0.042,0.06,0.893,0.047,-0.8203,320,14.106358169646779,2,18,0,5,0,0,0,0,0,0,0,0,0,0,1,4,0,0,0,0,0,0,8,0,3,5,14,0,1,0,4,0,0,0,0,0,0,0,0,1,0,0,15,18,1,2,3,2,0,42,0.8600000143051147
1912033,0.042,0.244,0.074,0.71,0.216,0.9956,354,13.589731490329378,7,8,0,5,0,0,0,0,0,0,0,0,0,0,4,2,0,0,0,0,1,3,1,6,6,29,20,0,1,0,0,2,0,0,0,0,0,0,0,0,0,0,18,22,3,4,8,0,0,1,0.2800000011920929
19128k9,0.04,0.104,0.0,0.853,0.147,0.4767,19,13.023866798666859,1,1,0,1,0,0,0,0,0,0,0,0,0,0,0,0,0,0,0,0,0,0,0,0,1,0,0,0,0,0,0,0,0,0,0,0,0,0,0,0,0,0,0,0,0,0,1,0,0,1,1.0
19129ue,0.43,0.394,0.155,0.645,0.2,0.1779,12,8.841846274778883,0,1,0,0,0,0,0,0,0,0,0,0,0,0,0,0,0,0,0,0,0,0,0,0,1,0,0,0,0,0,0,0,0,0,0,0,0,0,0,0,0,0,0,0,0,0,0,0,0,1,1.0
1912u7q,0.074,0.378,0.2,0.8,0.0,-0.5423,15,11.20814326018867,0,0,0,0,0,0,0,0,0,0,0,0,0,0,0,0,0,0,0,0,0,0,0,0,0,1,2,0,0,0,0,0,0,0,0,0,0,0,0,0,0,0,0,3,0,0,0,0,0,1,1.0
1914dtv,0.076,0.017,0.0,0.734,0.266,0.4404,9,3.1291,0,0,0,0,0,0,0,0,0,0,0,0,0,0,0,0,0,0,0,0,0,0,0,0,0,2,0,0,0,0,0,0,0,0,0,0,0,0,0,0,0,0,1,1,0,0,0,0,0,1,1.0
1914iz5,0.038,0.231,0.0,1.0,0.0,0.0,20,14.554592549557764,2,0,0,0,0,0,0,0,0,0,0,0,0,0,0,0,0,0,0,0,0,0,0,0,0,0,0,0,0,0,0,0,0,0,0,0,0,0,0,0,0,0,1,2,0,0,1,0,0,1,1.0
1914tct,0.034,0.146,0.023,0.857,0.12,0.9791,247,15.021129683784007,1,14,0,9,0,0,0,0,0,0,0,0,0,0,0,3,1,0,0,0,0,0,2,8,0,5,3,0,0,0,1,0,0,0,0,0,0,0,0,2,0,0,7,19,1,1,2,1,0,1,0.5299999713897705
1914yb8,0.061,0.03,0.13,0.87,0.0,-0.2732,15,8.841846274778883,1,0,0,1,0,0,0,0,0,0,0,0,0,0,0,0,0,0,0,0,0,0,0,0,0,1,0,0,0,0,0,0,0,0,0,0,0,0,0,0,0,0,2,3,0,1,1,0,0,1,1.0
1916ct7,0.028,0.071,0.048,0.846,0.106,0.969,315,14.879552855430394,5,15,0,10,0,0,0,0,0,0,0,0,0,0,0,3,0,0,0,0,0,0,9,1,8,11,7,0,0,2,5,0,0,0,0,0,0,0,3,0,0,0,3,24,3,3,5,5,1,1,0.28999999165534973
1916gng,0.046,0.241,0.141,0.754,0.106,-0.1779,17,11.20814326018867,0,1,0,1,0,0,0,0,0,0,0,0,0,0,1,0,0,0,0,0,0,0,0,0,0,0,1,0,0,0,0,0,0,0,0,0,0,0,0,0,0,0,0,3,0,0,0,0,0,1,1.0
1916liu,0.023,0.029,0.0,0.938,0.062,0.1027,22,8.841846274778883,0,1,0,0,0,0,0,0,0,0,0,0,0,0,0,0,0,0,0,0,0,0,0,0,1,1,0,0,0,0,0,0,0,0,0,0,0,0,0,0,0,0,2,2,0,0,0,0,0,1,1.0
1916nlw,0.032,0.06,0.412,0.588,0.0,-0.5423,6,11.20814326018867,0,0,0,1,0,0,0,0,0,0,0,0,0,0,0,0,0,0,0,0,0,0,0,0,0,1,0,0,0,0,0,0,0,0,0,0,0,0,0,0,0,0,0,1,0,0,0,0,0,1,1.0
191705i,0.046,0.241,0.141,0.754,0.106,-0.1779,17,11.20814326018867,0,1,0,1,0,0,0,0,0,0,0,0,0,0,1,0,0,0,0,0,0,0,0,0,0,0,1,0,0,0,0,0,0,0,0,0,0,0,0,0,0,0,0,3,0,0,0,0,0,1,1.0
1917a44,0.037,0.026,0.069,0.779,0.152,0.991,612,13.25671669890799,12,39,0,8,0,1,0,0,0,0,0,0,1,0,7,5,0,0,0,0,0,1,11,17,10,27,26,0,1,2,3,0,0,0,0,0,0,0,1,7,0,0,10,37,3,6,14,1,1,38,0.7400000095367432
1917upz,0.023,0.086,0.098,0.797,0.105,0.3034,160,9.188382445141503,2,14,0,6,0,0,0,0,0,0,0,0,0,0,0,4,0,0,0,0,0,0,6,0,5,5,6,0,0,1,0,0,0,0,0,1,0,0,0,2,0,0,3,14,3,0,4,1,1,212,0.7599999904632568
1918c1h,0.219,0.311,0.161,0.805,0.034,-0.9704,166,13.348371206891418,1,16,0,2,0,0,0,0,0,0,0,0,0,0,1,1,0,0,0,0,0,2,1,0,5,2,7,0,1,0,0,0,0,0,0,0,0,0,0,2,0,0,19,16,0,2,5,0,0,1,0.5
1919ae4,0.029,0.197,0.107,0.832,0.061,-0.9014,215,17.251386760058843,2,8,0,2,0,2,0,0,0,0,0,0,0,0,2,0,0,0,0,0,0,0,2,0,2,5,10,0,0,0,0,0,0,0,0,0,0,0,0,4,0,0,0,11,1,4,2,0,0,1,0.3400000035762787
1919hza,0.055,0.1,0.07,0.857,0.073,-0.5075,198,9.3871,2,12,0,5,0,0,0,0,0,0,0,0,0,0,0,1,0,0,0,0,0,0,14,7,14,6,4,0,1,2,2,0,0,0,0,0,0,0,0,1,0,0,0,15,1,0,5,2,1,1,0.10000000149011612
1919ohm,0.031,0.323,0.057,0.857,0.086,0.7928,287,21.19438992294339,3,20,0,2,0,0,0,0,0,0,0,0,0,0,0,1,0,0,0,0,1,1,0,0,3,5,17,0,0,0,0,0,0,0,0,0,0,0,1,2,0,0,20,19,1,2,0,0,0,1,0.18000000715255737
191a3xj,0.367,0.218,0.087,0.804,0.109,0.6864,187,7.928766900206845,4,11,0,5,0,3,0,0,0,0,0,0,0,1,0,4,2,0,0,0,0,1,5,8,9,5,6,0,0,0,0,0,0,0,0,3,0,0,2,3,0,0,6,23,4,0,1,1,0,1,0.3199999928474426
191ah4c,0.022,0.078,0.175,0.825,0.0,-0.5267,17,11.20814326018867,0,0,0,1,0,0,0,0,0,0,0,0,0,0,0,0,0,0,0,0,0,1,0,0,0,0,1,0,0,0,0,0,0,0,0,0,0,0,0,0,0,0,0,1,0,0,0,0,0,1,1.0
191aj6o,0.101,0.099,0.061,0.81,0.128,0.8723,131,13.25671669890799,0,18,0,6,0,0,0,0,0,0,0,0,0,0,2,1,0,0,0,0,0,0,2,0,2,3,2,0,0,0,0,0,2,0,0,2,0,0,1,1,0,0,1,15,0,2,4,0,0,1,0.3799999952316284
191axag,0.074,0.274,0.419,0.581,0.0,-0.7579,11,3.1291,1,0,0,0,0,0,0,0,0,0,0,0,0,0,0,0,0,0,0,0,0,0,0,0,0,0,0,0,0,0,0,0,0,0,0,0,0,0,0,0,0,0,0,0,0,0,1,0,0,1,1.0
191b011,0.02,0.021,0.0,1.0,0.0,0.0,6,8.841846274778883,0,0,0,0,0,0,0,0,0,0,0,0,0,0,0,0,0,0,0,0,0,0,0,0,0,0,0,0,0,0,0,0,0,0,0,0,0,0,0,0,0,0,0,1,1,0,0,0,0,1,1.0
191b2ck,0.064,0.427,0.176,0.77,0.054,-0.9424,111,11.698219412168324,0,9,1,2,0,0,0,0,0,0,0,0,0,0,1,0,0,0,0,0,0,1,3,2,2,2,6,0,1,0,0,0,0,0,0,0,0,0,2,1,0,0,1,12,3,3,0,0,0,1,0.49000000953674316
191bo05,0.023,0.032,0.0,1.0,0.0,0.0,19,11.20814326018867,0,1,0,0,0,0,0,0,0,0,0,0,0,0,0,0,0,0,0,0,0,0,0,0,0,0,0,0,0,0,0,0,0,0,0,0,0,0,0,0,0,0,4,2,0,0,0,0,0,1,1.0
191br06,0.102,0.15,0.119,0.813,0.067,-0.7523,125,14.790194502661404,1,2,0,1,0,0,0,0,0,0,0,0,0,0,1,1,0,0,0,0,0,0,0,0,12,2,7,0,0,0,0,0,0,0,0,0,0,0,0,0,0,0,4,12,0,3,2,1,0,1,0.36000001430511475
191bsrp,0.111,0.113,0.224,0.745,0.031,-0.9886,136,7.3011,2,3,0,2,0,0,0,0,0,0,0,0,0,0,0,4,0,0,0,0,0,1,11,0,6,1,11,0,0,0,3,0,0,0,0,0,0,0,0,0,0,0,4,15,2,0,1,1,4,1,0.5
191c4yl,0.122,0.233,0.06,0.871,0.069,-0.5362,253,12.161744961471694,0,13,0,3,0,0,0,0,0,0,0,0,0,0,1,0,0,0,0,0,0,0,2,0,6,5,6,0,0,0,1,1,3,0,0,1,0,0,0,0,0,0,35,19,1,0,3,2,0,1,0.23000000417232513
191cexf,0.021,0.039,0.162,0.73,0.108,-0.9446,217,10.328600350310264,2,11,0,10,0,0,0,0,0,0,0,0,1,0,0,0,0,0,0,0,0,3,8,6,7,10,14,0,0,0,0,0,0,0,0,0,0,0,0,2,0,0,4,16,3,0,3,2,0,2,0.5199999809265137
191cwvq,0.131,0.278,0.0,1.0,0.0,0.0,22,11.20814326018867,0,0,0,0,0,0,0,0,0,0,0,0,0,0,0,0,0,0,0,0,0,0,0,0,0,0,1,0,0,0,0,0,0,0,0,0,0,0,0,0,0,0,1,2,0,0,1,0,0,1,1.0
191d2qo,0.028,0.107,0.139,0.709,0.152,-0.6804,245,9.586721724236664,0,16,3,7,0,0,0,0,0,0,0,0,0,0,2,2,0,0,1,0,0,1,5,6,3,6,12,0,1,0,2,0,3,0,0,0,1,0,1,4,0,0,3,27,3,3,3,5,0,1,0.10999999940395355
191d44l,0.038,0.047,0.276,0.562,0.162,-0.1591,11,8.841846274778883,0,0,0,1,0,0,0,0,0,0,0,0,0,0,0,0,0,0,0,0,0,0,0,0,0,0,1,0,0,0,0,0,0,0,0,0,0,0,1,0,0,0,0,2,1,0,0,0,0,1,1.0
191dttw,0.066,0.113,0.071,0.887,0.042,-0.631,129,13.427899808715576,3,3,0,1,0,0,0,0,0,0,0,0,0,0,0,1,0,0,0,0,0,0,1,0,3,2,4,0,0,0,0,1,0,0,0,0,0,0,0,0,0,0,17,16,0,1,0,0,0,1,0.4099999964237213
191dtw6,0.106,0.012,0.0,1.0,0.0,0.0,11,11.20814326018867,0,0,0,0,0,0,0,0,0,0,0,0,0,0,0,0,0,0,0,0,0,0,0,0,0,0,0,0,0,0,0,0,0,0,0,0,0,0,0,0,0,0,0,2,0,0,0,0,0,1,1.0
191dzi7,0.115,0.255,0.042,0.799,0.159,0.9818,206,10.891193690592665,5,10,1,5,0,0,0,0,0,0,0,0,0,0,0,4,0,0,0,0,0,7,9,0,4,9,3,0,0,1,1,0,0,0,0,0,0,0,4,1,0,0,1,21,6,0,5,1,0,664,0.75
191etwe,0.023,0.315,0.047,0.769,0.185,0.9645,142,20.736966565827903,4,17,0,2,0,0,0,0,0,0,0,0,0,0,0,2,0,0,0,0,0,0,4,4,0,4,2,0,0,0,1,0,0,0,0,0,0,0,0,0,0,0,1,15,2,0,5,0,0,1,1.0
191fx30,0.025,0.09,0.261,0.612,0.128,-0.9997,1164,11.555786455267256,16,112,0,24,0,0,2,0,0,0,0,0,0,0,5,12,0,0,0,0,0,46,15,0,4,54,116,4,2,3,4,3,1,0,0,1,0,0,3,8,0,0,9,42,5,8,22,6,2,1,0.4699999988079071
191gjs5,0.105,0.014,0.0,1.0,0.0,0.0,15,11.20814326018867,1,0,0,0,0,0,0,0,0,0,0,0,0,0,0,0,0,0,0,0,0,0,0,0,0,0,1,0,0,0,0,0,0,0,0,0,0,0,0,0,0,0,0,3,0,0,1,0,0,1,1.0
191he1n,0.106,0.255,0.212,0.531,0.257,0.0,15,14.554592549557764,0,2,0,0,0,0,0,0,0,0,0,0,0,0,0,0,0,0,0,0,0,1,0,0,0,2,0,0,0,0,0,0,0,0,0,0,0,0,0,0,0,0,2,2,0,0,1,0,0,1,1.0
191he32,0.029,0.02,0.0,1.0,0.0,0.0,9,11.20814326018867,0,0,0,0,0,0,0,0,0,0,0,0,0,0,0,0,0,0,0,0,0,0,1,0,0,1,0,0,0,0,0,0,0,0,0,0,0,0,0,0,0,0,0,0,0,0,0,0,0,1,1.0
191jxik,0.04,0.067,0.074,0.89,0.036,-0.7778,169,11.855464076750408,2,14,0,4,0,0,0,0,0,0,0,0,0,0,0,0,0,0,0,0,0,0,1,0,7,5,11,0,1,0,1,0,0,0,0,0,0,0,0,1,0,0,17,12,2,1,4,2,0,1,1.0
191k459,0.025,0.105,0.178,0.726,0.096,-0.9964,653,13.87838856225353,12,26,0,4,0,2,0,0,0,0,0,0,0,0,0,3,0,0,0,0,0,0,7,1,9,30,37,1,0,0,1,0,2,0,0,3,0,0,1,0,0,0,76,23,1,7,18,0,0,1,0.36000001430511475
191kikb,0.036,0.067,0.109,0.832,0.059,-0.8883,190,12.457975602129121,2,15,0,4,0,0,0,0,0,0,0,0,0,0,0,0,0,0,0,0,0,0,1,0,7,7,13,0,1,0,1,0,0,0,0,0,0,0,0,1,0,0,18,12,2,1,4,2,0,1,0.3100000023841858
191knp2,0.094,0.193,0.214,0.655,0.131,-0.5859,35,20.267338824336647,1,1,0,1,0,0,0,0,0,0,0,0,0,0,1,1,0,0,0,0,0,1,0,0,0,2,3,0,0,0,0,0,0,0,0,0,0,0,0,0,0,0,0,6,0,0,1,0,0,1,1.0
191ktge,0.028,0.086,0.0,0.813,0.187,0.3182,11,3.1291,0,1,0,1,0,0,0,0,0,0,0,0,0,0,1,0,0,0,0,0,1,0,2,0,0,0,0,0,0,0,0,0,0,0,0,0,0,0,0,0,0,0,0,2,0,0,1,0,0,1,0.9900000095367432
191lm0r,0.049,0.031,0.047,0.826,0.126,0.9905,568,11.92444826548165,8,35,0,12,0,0,0,0,0,0,0,0,0,0,3,5,0,0,0,0,0,2,15,2,4,20,12,0,2,0,2,0,0,0,0,0,0,0,2,2,0,0,36,39,7,3,13,4,0,245,0.699999988079071
191lspd,0.044,0.109,0.0,1.0,0.0,0.0,9,8.841846274778883,1,0,0,0,0,0,0,0,0,0,0,0,0,0,0,0,0,0,0,0,0,1,0,0,0,0,0,0,0,0,0,0,0,0,0,0,0,0,0,0,0,0,0,0,0,0,1,0,0,1,1.0
191m0e6,0.033,0.629,0.0,1.0,0.0,0.0,11,3.1291,0,0,0,0,0,0,0,0,0,0,0,0,0,0,0,0,0,0,0,0,0,0,0,0,0,0,0,0,0,0,0,0,0,0,0,0,0,0,0,2,0,0,0,0,0,0,0,0,0,1,1.0
191mwit,0.034,0.032,0.099,0.582,0.319,0.7112,16,6.42735559955562,0,0,0,1,0,0,0,0,0,0,0,0,0,0,0,0,0,0,0,0,0,0,0,0,0,1,0,0,0,0,0,0,1,0,0,2,0,0,1,0,0,0,0,3,1,0,1,0,0,1,1.0
191mywd,0.035,0.06,0.028,0.797,0.175,0.9877,235,10.504223727775692,3,22,0,8,0,0,0,0,0,0,0,0,0,0,0,1,0,0,0,0,0,6,7,1,2,6,4,0,0,0,1,0,0,0,0,0,1,0,1,5,0,0,4,25,5,6,7,2,1,1,0.25999999046325684
191naiz,0.138,0.24,0.0,1.0,0.0,0.0,12,11.20814326018867,0,0,0,0,0,0,0,0,0,0,0,0,0,0,0,0,0,0,0,0,0,0,1,0,0,0,0,0,0,0,0,0,0,0,0,0,0,0,0,0,0,0,2,1,0,0,0,0,0,1,1.0
191npvt,0.03,0.029,0.079,0.794,0.126,0.7515,139,12.745084868956482,1,8,0,1,0,0,0,0,0,0,0,0,0,0,0,3,0,0,0,0,0,3,8,0,1,7,8,0,0,3,0,0,0,0,0,0,0,0,0,1,0,0,3,11,1,0,1,1,1,46,0.6600000262260437
191nv6i,0.032,0.026,0.217,0.783,0.0,-0.3612,10,11.20814326018867,1,0,0,0,0,0,0,0,0,0,0,0,0,0,0,0,0,0,0,0,0,0,0,0,0,0,1,0,0,0,0,0,0,0,0,0,0,0,0,0,0,0,0,2,0,0,1,0,0,1,1.0
191o4gl,0.059,0.021,0.231,0.769,0.0,-0.34,9,11.20814326018867,1,0,0,1,0,0,0,0,0,0,0,0,0,0,0,0,0,0,0,0,0,0,0,0,0,0,1,0,0,0,0,0,0,0,0,0,0,0,0,0,0,0,1,1,0,0,1,0,0,1,1.0
191o63c,0.059,0.021,0.231,0.769,0.0,-0.34,9,11.20814326018867,1,0,0,1,0,0,0,0,0,0,0,0,0,0,0,0,0,0,0,0,0,0,0,0,0,0,1,0,0,0,0,0,0,0,0,0,0,0,0,0,0,0,1,1,0,0,1,0,0,1,1.0
191ouaz,0.02,0.06,0.0,1.0,0.0,0.0,5,13.023866798666859,0,0,0,0,0,0,0,0,0,0,0,0,0,0,0,0,0,0,0,0,0,0,0,0,0,0,0,0,0,0,0,0,0,0,0,0,0,0,0,0,0,0,0,1,0,0,0,0,0,1,1.0
191ox6t,0.059,0.056,0.144,0.709,0.147,0.3259,119,13.227904075235838,1,4,0,8,0,0,0,0,0,0,0,0,0,0,0,0,0,0,0,0,0,0,2,2,1,3,5,0,0,0,1,0,0,0,0,0,0,0,2,0,0,0,0,15,5,1,1,0,0,1,0.10000000149011612
191pb9v,0.059,0.022,0.231,0.769,0.0,-0.34,9,11.20814326018867,1,0,0,1,0,0,0,0,0,0,0,0,0,0,0,0,0,0,0,0,0,0,0,0,0,0,1,0,0,0,0,0,0,0,0,0,0,0,0,0,0,0,1,1,0,0,1,0,0,1,1.0
191qasc,0.019,0.035,0.0,0.872,0.128,0.3612,18,3.1291,0,0,0,1,0,0,0,0,0,0,0,0,0,0,0,0,0,0,0,0,0,0,0,0,0,1,0,0,0,0,0,0,0,0,0,0,0,0,0,2,0,0,1,3,1,0,0,0,0,1,1.0
191rkx5,0.172,0.352,0.105,0.786,0.109,0.3985,149,8.841846274778883,1,16,0,14,0,0,0,0,0,0,0,0,0,0,0,3,0,0,0,0,0,4,3,3,1,4,8,0,1,0,1,0,0,0,0,3,0,0,0,2,0,0,0,11,2,1,3,2,0,1,0.12999999523162842
191sgb2,0.021,0.177,0.036,0.87,0.094,0.964,315,16.887214914478655,1,21,0,6,0,0,0,0,0,0,0,0,0,0,3,2,0,0,0,0,0,1,3,0,5,13,5,1,0,1,0,0,0,0,0,0,0,0,0,0,0,0,24,19,1,0,4,1,0,1,0.49000000953674316
191syr3,0.035,0.064,0.0,0.92,0.08,0.0772,16,8.841846274778883,0,0,0,0,0,0,0,0,0,0,0,0,0,0,0,0,0,0,0,0,0,0,1,0,0,0,0,0,0,0,0,0,0,0,0,0,0,0,0,0,0,0,1,1,0,0,0,0,0,1,1.0
191tbve,0.459,0.197,0.0,1.0,0.0,0.0,10,3.1291,1,0,0,1,0,0,0,0,0,0,0,0,0,0,0,0,0,0,0,0,0,0,0,0,0,0,0,0,0,0,0,0,0,0,0,0,0,0,0,0,0,0,0,3,0,0,0,0,0,1,1.0
191tdtt,0.019,0.031,0.0,0.847,0.153,0.4019,16,8.841846274778883,0,1,0,1,0,0,0,0,0,0,0,0,0,0,0,0,0,0,0,0,0,0,0,0,0,0,0,0,0,0,0,0,0,0,0,0,0,0,0,1,0,0,0,2,0,0,0,0,0,1,1.0
191uybp,0.03,0.152,0.056,0.856,0.089,0.8588,234,11.341690212594319,2,8,0,1,0,0,0,0,0,0,0,0,0,0,0,1,0,0,0,0,0,0,0,1,7,8,3,0,0,0,0,0,0,0,0,0,0,0,0,1,0,0,44,15,0,0,3,0,0,9,0.6000000238418579
191v0d5,0.039,0.042,0.069,0.817,0.114,0.9937,980,11.018912242520237,14,61,2,17,0,0,0,0,0,0,0,0,0,0,4,7,0,0,0,1,0,3,66,2,19,16,34,0,1,0,7,0,8,1,0,3,0,0,1,5,0,0,28,43,4,12,15,5,1,1,0.25999999046325684
191w1h0,0.039,0.36,0.0,1.0,0.0,0.0,14,14.554592549557764,0,0,0,0,0,0,0,0,0,0,0,0,0,0,0,0,0,0,0,0,0,0,0,0,0,1,0,0,0,0,0,0,0,0,0,0,0,0,0,0,0,0,2,2,0,0,0,0,0,1,0.6600000262260437
191w2q6,0.119,0.201,0.123,0.801,0.076,-0.9899,657,15.021129683784007,13,54,0,20,0,0,0,0,0,0,0,0,0,0,12,2,0,0,2,0,0,0,11,13,10,22,26,0,0,1,1,0,1,1,0,0,0,0,5,2,0,0,6,41,5,8,20,2,1,1,0.28999999165534973
191whrq,0.023,0.386,0.072,0.928,0.0,-0.2732,28,8.841846274778883,0,1,0,0,0,0,0,0,0,0,0,0,0,0,1,0,0,0,0,0,0,0,0,0,3,0,0,0,0,0,0,0,0,0,0,0,0,0,0,0,0,0,2,4,0,0,0,0,0,1,1.0
191wtnd,0.121,0.204,0.333,0.667,0.0,-0.5423,8,11.20814326018867,0,0,0,0,0,0,0,0,0,0,0,0,0,0,0,0,0,0,0,0,0,0,0,0,0,0,1,0,0,0,0,0,0,0,0,0,0,0,0,0,0,0,0,1,0,0,1,0,0,1,1.0
191wuki,0.041,0.33,0.222,0.667,0.111,-0.4588,14,13.023866798666859,0,0,0,0,0,0,0,0,0,0,0,0,0,0,0,0,0,0,0,0,0,0,0,0,0,0,2,0,0,0,0,0,0,0,0,0,0,0,0,0,0,0,1,2,0,1,0,0,0,1,1.0
191x3hx,0.051,0.328,0.168,0.809,0.022,-0.9827,179,11.567385478589937,2,6,0,2,0,0,0,0,0,0,0,0,0,0,0,2,0,0,0,0,0,0,4,2,8,4,11,0,0,1,0,1,0,0,0,0,0,0,0,1,0,0,10,16,2,0,3,1,0,1,0.38999998569488525
191x4eu,0.028,0.373,0.315,0.685,0.0,-0.3182,6,11.20814326018867,0,0,0,0,0,0,0,0,0,0,0,0,0,0,0,0,0,0,0,0,0,0,0,0,0,0,1,0,0,0,0,0,0,0,0,0,0,0,1,0,0,0,0,2,1,0,0,0,0,1,1.0
191x50g,0.035,0.051,0.0,0.548,0.452,0.5106,5,8.841846274778883,0,1,0,1,0,0,0,0,0,0,0,0,0,0,0,0,0,0,0,0,0,0,0,0,0,0,1,0,0,0,0,0,0,0,0,0,0,0,0,0,0,0,0,0,0,0,0,0,0,1,1.0
191x632,0.083,0.098,0.115,0.78,0.105,-0.6091,344,13.5591,6,25,1,5,0,1,0,1,0,0,0,0,0,0,0,0,0,0,0,0,0,2,6,4,11,8,20,0,0,0,0,0,1,0,0,3,0,0,0,3,0,0,14,18,2,8,12,3,0,1,0.33000001311302185
191xac3,0.055,0.452,0.047,0.859,0.094,0.893,265,10.460712293590639,1,22,3,9,0,0,0,0,0,0,0,0,0,0,3,2,0,0,0,0,0,0,19,0,8,10,5,0,1,3,4,1,0,0,0,0,0,1,4,5,0,0,2,22,2,1,2,1,1,1,0.4300000071525574
191xd68,0.019,0.372,0.0,1.0,0.0,0.0,16,11.20814326018867,0,2,0,0,0,0,0,0,0,0,0,0,0,0,0,0,0,0,0,0,0,0,0,0,0,2,0,0,0,0,0,0,0,0,0,0,0,0,0,0,0,0,2,2,0,0,0,0,0,1,1.0
191ycsf,0.104,0.106,0.187,0.61,0.203,0.1012,19,14.554592549557764,0,0,0,1,0,0,0,0,0,0,0,0,0,0,0,0,0,0,0,0,0,0,0,0,0,2,1,0,0,0,0,0,0,0,0,0,0,0,0,0,0,0,2,6,1,0,0,0,0,1,1.0
191yfeh,0.421,0.156,0.2,0.707,0.093,-0.9732,144,13.925175675911131,1,11,0,4,0,0,0,0,0,0,0,0,0,0,0,1,0,0,0,0,0,0,0,4,1,1,5,0,0,0,0,0,0,0,0,0,0,0,0,1,0,0,3,14,1,1,3,0,0,1,0.18000000715255737
191z1nh,0.04,0.114,0.167,0.79,0.043,-0.9919,331,11.051253699011982,3,15,0,3,0,0,0,0,0,0,0,0,0,0,6,1,0,0,1,0,0,0,3,1,16,6,19,0,0,0,1,0,0,0,0,0,0,0,1,1,0,0,3,19,3,3,11,0,1,67,0.7699999809265137
191zd8y,0.114,0.187,0.11,0.794,0.095,-0.7707,268,11.911945987284739,3,19,0,6,0,1,0,0,0,0,0,0,0,0,0,5,0,0,0,0,0,1,5,1,1,14,8,0,1,1,2,0,0,0,0,1,0,0,2,0,0,0,6,21,4,0,5,3,0,230,0.7200000286102295
191zrbj,0.074,0.155,0.124,0.751,0.125,-0.537,398,15.970245054697788,7,21,0,5,0,0,0,0,0,0,0,0,0,0,3,1,0,0,0,0,0,1,18,0,1,13,20,0,0,0,4,0,0,0,0,1,0,0,0,0,0,0,10,29,2,3,10,1,0,1,0.3199999928474426
191zs2b,0.071,0.202,0.375,0.625,0.0,-0.4588,6,8.841846274778883,0,0,0,0,0,0,0,0,0,0,0,0,0,0,0,0,0,0,0,0,0,0,0,0,0,0,1,0,0,0,0,0,0,0,0,0,0,0,0,0,0,0,0,1,0,0,0,0,0,1,1.0
191zvjl,0.046,0.255,0.151,0.75,0.099,-0.9971,1292,13.152375647505774,19,85,9,31,0,3,0,0,1,0,0,0,1,0,19,7,0,0,1,4,0,24,57,29,10,52,81,1,0,0,2,0,3,0,0,3,0,0,6,15,0,0,19,41,8,8,27,4,2,1,0.4699999988079071
19208cq,0.071,0.202,0.375,0.625,0.0,-0.4588,6,8.841846274778883,0,0,0,0,0,0,0,0,0,0,0,0,0,0,0,0,0,0,0,0,0,0,0,0,0,0,1,0,0,0,0,0,0,0,0,0,0,0,0,0,0,0,0,1,0,0,0,0,0,1,1.0
19209s2,0.032,0.356,0.135,0.686,0.179,0.9659,319,10.891193690592665,7,21,4,8,0,0,0,0,0,0,0,0,0,0,2,4,0,0,0,0,0,0,18,12,3,16,17,0,2,1,5,0,0,0,0,0,0,0,1,0,0,0,5,30,4,1,7,4,1,1,0.2199999988079071
1920avn,0.078,0.427,0.251,0.707,0.042,-0.9852,132,13.624085052395262,0,4,0,3,0,1,0,0,0,0,0,0,0,0,1,1,0,0,0,0,0,0,1,0,1,6,14,0,0,0,0,0,0,0,0,0,0,0,0,0,0,0,14,12,1,1,1,0,0,1,0.41999998688697815
1920cq4,0.053,0.365,0.162,0.789,0.049,-0.9462,133,9.827888789773866,3,4,0,6,0,0,1,0,0,0,0,0,0,0,0,0,0,0,0,0,0,0,0,3,2,2,8,0,0,0,0,0,0,0,0,0,0,0,0,0,0,0,4,11,1,0,5,0,0,1,0.11999999731779099
1920kb7,0.03,0.201,0.064,0.867,0.069,0.7869,172,14.756829357015494,1,9,0,2,0,0,0,0,0,0,0,0,0,0,0,2,0,0,0,0,0,0,1,0,13,2,5,0,0,0,0,0,0,0,0,0,0,0,0,0,0,0,6,13,1,0,1,1,0,1173,0.7900000214576721
1920mjr,0.034,0.175,0.057,0.853,0.09,0.9201,280,10.018931242160765,11,30,0,7,0,2,0,0,0,0,0,0,0,0,8,2,0,0,1,0,0,5,2,2,13,7,6,1,0,0,1,0,0,0,0,0,0,0,1,4,0,0,4,25,3,0,11,1,1,0,0.33000001311302185
1921jpz,0.04,0.285,0.156,0.769,0.075,-0.9849,295,13.875232112747142,2,11,0,0,0,0,0,0,0,0,0,0,0,0,0,5,0,0,0,0,0,0,7,4,13,8,11,0,1,0,1,1,0,0,0,0,0,0,3,0,0,0,1,21,6,5,3,2,1,20,0.5799999833106995
1922247,0.094,0.098,0.07,0.8,0.13,0.296,18,3.1291,0,1,0,0,0,0,0,0,0,0,0,0,0,0,0,0,0,0,0,0,0,0,0,0,1,1,1,0,0,0,0,0,0,0,0,0,0,0,0,0,0,0,0,3,0,0,0,0,0,1,1.0
19228x9,0.026,0.029,0.324,0.676,0.0,-0.34,6,13.023866798666859,0,0,0,0,0,0,0,0,0,0,0,0,0,0,0,0,0,0,0,0,0,0,0,0,0,0,2,0,0,0,0,0,0,0,0,0,0,0,0,0,0,0,0,1,0,0,0,0,0,1,1.0
1922rxc,0.024,0.089,0.137,0.747,0.115,-0.9485,730,12.095408849813502,6,54,1,27,0,0,0,0,0,0,0,0,0,0,9,7,0,0,0,2,1,8,10,16,20,19,41,1,0,3,1,1,2,0,0,1,0,2,1,7,0,0,3,36,5,8,13,5,3,1,0.36000001430511475
1923ck1,0.198,0.399,0.28,0.622,0.099,-0.9929,149,9.642632912329528,6,13,0,3,0,0,0,0,0,0,0,0,0,0,2,2,0,0,0,0,0,1,8,0,4,7,13,0,0,0,6,0,0,0,0,1,0,0,1,2,0,0,1,13,2,2,6,5,1,1,0.25
1924pzu,0.023,0.063,0.022,0.914,0.064,0.9323,266,10.864195022040775,5,11,0,7,0,0,0,0,0,0,0,0,0,0,0,3,0,0,1,0,0,0,0,3,9,6,4,0,0,0,0,0,0,0,0,0,0,0,0,4,0,0,15,16,3,7,4,0,0,1,0.38999998569488525
19254lb,0.024,0.52,0.147,0.717,0.136,-0.6461,96,13.968273953766033,1,7,0,1,0,0,0,0,0,0,0,0,0,0,1,0,1,0,0,0,0,0,0,1,0,5,4,0,0,0,0,0,0,0,0,0,0,0,1,1,0,0,1,13,2,0,0,0,0,1,0.25
1925d41,0.08,0.378,0.125,0.745,0.13,0.3954,106,12.540900571622839,1,5,0,6,0,1,0,0,0,0,0,0,0,0,0,1,0,0,0,0,0,2,3,0,1,7,5,0,0,0,1,0,0,0,0,0,0,0,0,1,0,0,7,14,1,1,1,0,1,125,0.6499999761581421
19260np,0.052,0.278,0.058,0.855,0.086,0.6306,267,11.20814326018867,1,29,0,1,0,0,0,0,0,0,0,0,0,0,4,3,0,0,0,0,0,3,7,0,8,5,9,0,0,0,4,0,0,0,0,0,0,0,1,1,0,0,1,19,2,3,7,4,0,1,0.41999998688697815
19261gl,0.043,0.377,0.267,0.623,0.11,-0.6494,20,14.554592549557764,0,0,0,1,0,0,0,0,0,0,0,0,0,0,0,0,0,0,0,0,0,0,0,0,0,0,2,0,0,0,0,0,0,0,0,0,0,0,0,0,0,0,3,4,0,1,0,0,0,1,1.0
1926b3y,0.128,0.237,0.109,0.858,0.033,-0.9896,584,14.314028922438442,3,16,0,14,0,1,0,0,0,0,0,0,0,0,2,1,1,0,0,0,0,6,6,1,11,10,34,0,0,0,3,0,4,1,0,1,0,0,0,2,0,0,58,27,4,4,5,8,0,1,0.4699999988079071
1926bxe,0.08,0.103,0.0,1.0,0.0,0.0,7,3.1291,0,0,0,1,0,0,0,0,0,0,0,0,0,0,0,0,0,0,0,0,0,0,0,0,0,0,0,0,0,0,0,0,0,0,0,0,0,0,0,0,0,0,1,0,0,0,0,0,0,1,1.0
1926jjh,0.03,0.167,0.115,0.792,0.093,-0.2489,233,11.491704259439757,6,22,0,3,0,1,0,0,0,0,0,0,0,0,1,2,0,0,0,0,0,1,7,4,9,6,9,0,1,0,0,0,0,0,0,0,0,0,0,1,0,0,5,30,2,2,5,3,0,45,0.6200000047683716
1928chm,0.026,0.065,0.168,0.668,0.164,0.5966,169,14.06817628641468,3,11,0,2,0,0,0,0,0,0,0,0,1,0,0,2,0,0,0,0,0,3,4,3,1,9,12,0,0,0,2,0,0,0,0,0,0,0,1,3,0,0,0,20,3,3,4,1,2,1,0.2800000011920929
1929izx,0.021,0.054,0.141,0.691,0.168,-0.2065,126,21.19438992294339,0,14,0,1,0,0,0,0,0,0,0,0,0,0,1,1,0,0,0,0,0,0,1,1,1,6,4,1,0,0,0,0,0,0,0,0,0,0,1,0,0,0,0,14,2,2,0,1,0,154,0.6100000143051147
192a4c5,0.056,0.228,0.139,0.674,0.187,0.0772,21,8.841846274778883,0,0,0,0,0,0,0,0,0,0,0,0,0,0,0,0,0,0,0,0,0,0,0,0,2,2,1,0,0,0,0,0,0,0,0,0,0,0,0,1,0,0,2,3,1,0,1,0,0,1,1.0
192acmq,0.282,0.684,0.0,1.0,0.0,0.0,8,13.023866798666859,0,0,0,0,0,0,0,0,0,0,0,0,0,0,0,0,0,0,0,0,0,0,0,0,0,0,1,0,0,0,0,0,0,0,0,0,0,0,0,0,0,0,1,0,0,0,0,0,0,1,1.0
192b8f8,0.185,0.049,0.094,0.803,0.102,-0.3742,370,20.503739492662863,6,22,2,10,0,1,0,0,0,0,0,0,0,1,3,6,0,0,1,0,0,3,13,10,3,13,9,0,0,0,2,0,0,0,0,0,0,0,1,1,0,0,9,25,2,8,14,6,0,1,0.3199999928474426
192d31s,0.037,0.112,0.0,1.0,0.0,0.0,17,13.023866798666859,0,0,0,0,0,0,0,0,0,0,0,0,0,0,0,1,0,0,0,0,0,1,2,0,0,0,0,0,0,0,0,0,0,0,0,0,0,0,0,0,0,0,4,2,0,0,0,0,0,1,1.0
192dbjc,0.055,0.094,0.0,1.0,0.0,0.0,19,13.023866798666859,0,0,0,0,0,0,0,0,0,0,0,0,0,0,0,1,0,0,0,0,0,1,2,0,0,0,0,0,0,0,0,0,0,0,0,0,0,0,0,0,0,0,4,2,0,0,0,0,0,1,1.0
192e2mp,0.304,0.409,0.226,0.774,0.0,-0.4215,15,3.1291,0,0,0,0,0,0,0,0,0,0,0,0,0,0,0,0,0,0,0,0,0,0,2,0,0,1,0,0,0,0,1,0,0,0,0,0,0,0,0,0,0,0,0,0,0,0,1,1,0,1,1.0
192enb7,0.466,0.339,0.381,0.619,0.0,-0.5719,7,11.20814326018867,0,0,0,0,0,0,0,0,0,0,0,0,0,0,0,0,0,0,0,0,0,0,0,0,1,0,1,0,0,0,0,0,0,0,0,0,0,0,0,0,0,0,0,0,0,0,0,0,0,1,1.0
192eqb6,0.093,0.287,0.04,0.834,0.126,0.9899,474,11.750952952430431,5,31,0,5,0,2,0,0,0,0,0,0,0,1,1,2,0,0,1,0,0,8,10,7,11,24,7,0,0,0,2,1,2,0,1,2,0,0,0,1,0,0,11,27,6,3,8,0,0,1035,0.7599999904632568
192es16,0.041,0.015,0.0,1.0,0.0,0.0,20,14.554592549557764,0,1,0,0,0,0,0,0,0,0,0,0,0,0,0,0,0,0,0,0,0,0,0,0,0,0,0,0,0,0,0,0,0,0,0,0,0,0,0,0,0,0,0,3,0,0,0,0,0,1,1.0
192fa0p,0.1,0.328,0.211,0.738,0.051,-0.9978,362,13.81666964889586,4,24,0,8,0,0,0,0,0,0,0,0,0,0,4,4,0,0,0,0,0,4,13,0,13,8,25,0,3,0,2,0,0,0,0,0,0,0,0,4,0,0,30,32,3,4,8,5,1,1,0.46000000834465027
192fbk1,0.083,0.113,0.0,1.0,0.0,0.0,16,11.20814326018867,0,0,0,0,0,0,0,0,0,0,0,0,0,0,0,0,0,0,0,0,0,1,1,0,0,0,0,0,0,0,0,0,0,0,0,0,0,0,0,0,0,0,4,1,0,0,0,0,0,1,1.0
192fw6z,0.075,0.04,0.0,0.808,0.192,0.431,13,8.841846274778883,0,1,0,1,0,0,0,0,0,0,0,0,0,0,0,0,0,0,0,0,0,0,0,0,0,2,0,0,0,0,0,0,0,0,0,0,0,0,0,0,0,0,0,1,0,0,1,0,0,1,0.5
192gjc2,0.031,0.026,0.0,1.0,0.0,0.0,5,8.841846274778883,0,0,0,0,0,0,0,0,0,0,0,0,0,0,0,0,0,0,0,0,0,0,0,0,0,0,0,0,0,0,0,0,0,0,0,0,0,0,0,0,0,0,0,1,0,0,0,0,0,1,1.0
192gkxa,0.045,0.155,0.07,0.832,0.098,0.7451,267,15.322241378113624,5,16,0,11,0,0,0,0,0,0,0,0,0,0,2,2,0,0,0,0,0,2,5,0,4,7,5,0,0,0,1,0,1,0,0,0,0,0,0,1,0,0,26,24,2,3,7,1,0,1,0.6700000166893005
192gmsi,0.052,0.202,0.11,0.878,0.012,-0.9154,121,10.31748142421505,2,2,0,0,0,0,0,0,0,0,0,0,0,0,1,0,0,0,0,0,0,2,4,0,0,1,9,0,0,0,1,0,0,0,0,0,0,0,0,0,0,0,24,11,1,0,0,1,1,1,0.25
192hbpp,0.041,0.065,0.093,0.868,0.039,-0.7752,116,9.606745405546679,1,6,0,3,0,0,0,0,0,0,0,0,0,0,0,0,0,0,0,0,0,2,5,0,4,2,5,0,0,0,0,0,2,0,0,2,0,0,0,0,0,0,4,10,1,0,1,2,0,1,0.12999999523162842
192hcz0,0.099,0.22,0.065,0.747,0.188,0.9671,176,11.698219412168324,1,10,0,0,0,0,0,0,0,0,0,0,0,0,1,1,0,0,0,0,0,1,9,2,0,11,6,0,0,0,1,0,0,0,0,0,0,0,0,1,0,0,11,19,2,0,2,1,0,1,0.20999999344348907
192hgly,0.033,0.255,0.137,0.519,0.344,0.5267,15,8.841846274778883,0,0,0,0,0,0,0,0,0,0,0,0,0,0,0,0,0,0,0,0,0,0,0,0,0,1,1,0,0,0,0,0,0,0,0,0,0,0,0,0,0,0,0,1,1,0,0,0,0,1,1.0
192hh2e,0.032,0.237,0.137,0.519,0.344,0.5267,15,8.841846274778883,0,0,0,0,0,0,0,0,0,0,0,0,0,0,0,0,0,0,0,0,0,0,0,0,0,1,1,0,0,0,0,0,0,0,0,0,0,0,0,0,0,0,0,1,1,0,0,0,0,1,1.0
192hmhb,0.032,0.237,0.137,0.519,0.344,0.5267,15,8.841846274778883,0,0,0,0,0,0,0,0,0,0,0,0,0,0,0,0,0,0,0,0,0,0,0,0,0,1,1,0,0,0,0,0,0,0,0,0,0,0,0,0,0,0,0,1,1,0,0,0,0,1,1.0
192hmyi,0.279,0.502,0.25,0.642,0.108,-0.9864,183,9.150863307647796,0,7,2,5,0,0,0,0,0,0,0,0,0,0,1,1,0,0,0,0,0,0,20,9,8,6,17,0,0,0,0,1,0,0,0,0,0,0,1,0,0,0,3,15,1,0,1,0,0,1,0.25
192hnhm,0.038,0.063,0.174,0.685,0.141,-0.9963,1054,13.58036403838311,12,62,0,28,0,2,0,0,0,0,0,0,0,0,4,2,0,1,0,0,0,8,17,5,31,39,54,0,1,0,1,0,3,0,0,1,0,0,1,3,0,0,28,49,2,15,25,3,3,1,0.3499999940395355
192hte2,0.031,0.024,0.04,0.877,0.083,0.8903,205,11.333407214811011,1,6,0,3,0,0,0,0,0,0,0,0,0,0,0,0,0,0,0,0,0,2,8,1,10,5,7,0,0,0,1,0,0,0,0,0,0,0,0,2,0,0,6,15,1,0,3,1,0,1,0.14000000059604645
192hu1d,0.165,0.454,0.139,0.787,0.074,-0.8625,115,10.914260884657427,2,7,3,3,0,1,0,0,0,0,0,0,0,0,0,0,0,0,0,0,0,0,2,8,4,2,6,0,0,0,0,0,0,0,0,0,0,0,0,0,0,0,2,13,1,0,2,1,0,1,0.6700000166893005
192ipbq,0.077,0.108,0.079,0.876,0.045,-0.6021,104,12.602617957971052,0,4,0,2,0,1,0,0,0,0,0,0,0,0,0,1,0,0,0,0,0,0,6,0,0,1,8,0,0,0,0,0,0,0,0,0,0,0,0,1,0,0,2,17,1,0,0,0,0,1,0.38999998569488525
192j1qm,0.049,0.025,0.026,0.868,0.106,0.9741,273,13.5591,2,12,0,1,0,0,0,0,0,0,0,0,0,0,0,3,0,0,0,0,0,0,3,2,4,4,6,0,0,0,0,0,0,0,0,0,0,0,0,1,0,0,5,19,3,6,8,0,0,1,0.3100000023841858
192j4hb,0.101,0.227,0.087,0.832,0.081,-0.2535,182,11.20814326018867,5,7,0,7,0,0,0,0,0,0,0,0,0,0,0,1,0,0,0,0,0,0,3,3,8,7,13,0,0,0,0,0,1,0,0,0,0,0,0,1,0,0,4,22,2,0,3,1,0,61,0.6600000262260437
192jbn2,0.06,0.097,0.081,0.867,0.052,-0.7887,223,11.20814326018867,1,8,0,1,0,0,0,0,0,0,0,0,0,0,0,0,0,0,0,0,0,6,3,0,2,9,10,0,0,0,1,0,0,0,0,0,0,0,0,2,0,0,18,19,2,0,2,1,0,61,0.6200000047683716
192kt5e,0.033,0.399,0.217,0.751,0.033,-0.9974,331,12.031772070788634,2,10,3,5,0,0,0,0,0,0,0,0,0,0,4,2,0,0,0,0,0,2,7,4,4,5,20,2,0,0,0,1,1,0,0,0,0,0,0,0,0,0,28,27,2,1,3,2,0,41,0.6600000262260437
192ktqk,0.031,0.028,0.0,0.488,0.512,0.6369,5,8.841846274778883,0,1,0,0,0,0,0,0,0,0,0,0,0,0,0,0,0,0,0,0,0,0,0,0,0,1,0,0,0,0,0,0,0,0,0,0,0,0,0,0,0,0,0,0,0,0,0,0,0,1,1.0
192ldli,0.033,0.031,0.103,0.897,0.0,-0.128,14,11.20814326018867,1,0,0,0,0,0,0,0,0,0,0,0,0,0,0,0,0,0,0,0,0,0,0,0,0,0,0,0,0,0,0,0,0,0,0,0,0,0,0,0,0,0,1,4,0,0,1,0,0,1,1.0
192lf7o,0.082,0.674,0.174,0.826,0.0,-0.2732,11,15.903189008614273,0,0,1,0,0,0,0,0,0,0,0,0,0,0,0,0,0,0,0,0,0,0,0,0,0,0,2,0,0,0,0,0,0,0,0,0,0,0,0,0,0,0,1,2,1,0,0,0,0,1,1.0
192lwxl,0.031,0.112,0.102,0.834,0.064,-0.8835,223,17.228024813938504,2,10,0,1,0,0,0,0,0,0,0,0,0,0,1,6,0,0,0,0,0,0,0,0,1,6,10,0,0,0,0,0,0,0,0,0,0,0,0,1,0,0,1,18,1,5,0,0,0,1,0.30000001192092896
192m9bk,0.026,0.039,0.033,0.774,0.192,0.9905,267,10.25414643259724,1,9,0,0,0,0,0,0,0,0,0,0,0,0,2,1,0,0,0,0,0,0,24,0,1,14,3,0,0,0,1,0,0,0,0,4,0,0,2,0,0,0,8,21,5,2,3,0,0,1,0.07000000029802322
192mviz,0.023,0.77,0.0,0.952,0.048,0.25,41,10.504223727775692,0,1,0,0,0,0,0,0,0,0,0,0,0,0,0,0,0,0,0,0,0,1,3,0,1,0,0,0,0,0,0,0,0,0,0,0,0,0,0,0,0,0,4,8,1,0,1,0,0,1,1.0
192nq7u,0.038,0.699,0.385,0.615,0.0,-0.3612,5,3.1291,0,0,1,0,0,0,0,0,0,0,0,0,0,0,0,0,0,0,0,0,0,0,0,0,0,0,1,0,0,0,0,0,0,0,0,0,0,0,0,0,0,0,0,1,0,0,0,0,0,1,1.0
192nsiq,0.074,0.037,0.0,1.0,0.0,0.0,11,13.023866798666859,0,0,0,0,0,0,0,0,0,0,0,0,0,0,0,0,0,0,0,0,0,0,0,0,0,0,1,0,0,0,0,0,0,0,0,0,0,0,0,0,0,0,1,4,0,0,0,0,0,1,1.0
192nu9v,0.037,0.051,0.071,0.768,0.161,0.9944,539,14.206526018710303,6,19,0,11,0,2,0,0,0,0,0,0,0,0,2,8,0,0,0,0,0,24,29,2,6,15,8,0,0,0,5,0,2,0,0,4,0,0,2,3,0,0,39,25,4,3,13,2,0,1,0.47999998927116394
192nw0h,0.094,0.09,0.014,0.925,0.061,0.5106,110,10.125756701596842,2,11,0,1,0,0,0,0,0,0,0,0,0,0,2,1,0,0,1,0,0,0,7,3,0,2,1,0,0,0,3,0,0,0,0,0,0,0,2,3,0,0,1,13,3,0,1,1,1,1,0.18000000715255737
192ow57,0.066,0.031,0.0,0.909,0.091,0.4404,30,11.20814326018867,0,2,0,0,0,0,0,0,0,0,0,0,0,0,0,1,0,0,0,0,0,1,0,0,0,1,0,0,0,0,0,0,0,0,0,0,0,0,0,0,0,0,1,7,0,0,1,0,0,1,1.0
192pmc9,0.029,0.317,0.052,0.903,0.045,-0.6206,250,10.96692322722173,3,10,0,8,0,1,0,0,0,0,0,0,0,0,6,2,0,0,0,0,1,0,13,6,3,3,9,0,0,0,2,1,0,0,0,1,0,0,0,4,0,0,7,23,3,1,3,2,0,1,0.6000000238418579
192qkxn,0.085,0.201,0.064,0.859,0.077,0.1921,278,13.160352788161607,1,16,0,3,0,0,0,0,0,0,0,0,0,0,0,2,0,0,0,0,0,1,5,4,2,12,8,0,0,0,1,0,1,0,0,0,0,0,1,0,0,0,19,23,3,2,6,2,0,1,0.17000000178813934
192qwh5,0.197,0.39,0.0,1.0,0.0,0.0,8,8.841846274778883,0,0,0,0,0,0,0,0,0,0,0,0,0,0,0,0,0,0,0,0,0,0,0,0,0,0,0,0,0,0,0,0,0,0,0,0,0,0,0,1,0,0,0,5,0,0,0,0,0,1,1.0
192qzh1,0.162,0.2,0.166,0.674,0.16,-0.6904,382,12.360288348925252,5,40,0,11,0,1,0,0,0,0,0,0,0,0,4,2,0,0,0,0,0,2,6,9,5,23,20,0,0,2,1,0,1,0,0,0,0,0,0,1,0,0,8,36,2,0,4,2,1,1,0.4699999988079071
192rxq1,0.199,0.401,0.107,0.81,0.083,-0.6228,149,7.168621630094336,0,13,0,5,0,3,0,0,0,0,0,0,0,0,2,3,1,0,0,0,0,2,0,2,6,5,8,0,2,1,0,0,0,0,0,1,0,0,0,1,0,0,4,17,1,0,2,0,0,1,0.5199999809265137
192s3id,0.075,0.285,0.088,0.875,0.037,-0.3612,28,18.243605946275583,1,0,0,0,0,0,0,0,0,0,0,0,0,0,0,0,0,0,0,0,0,0,0,0,2,0,1,0,0,0,0,0,0,0,0,0,0,0,0,0,0,0,3,5,0,0,1,0,0,1,1.0
192t4w9,0.074,0.102,0.0,0.562,0.438,0.5994,6,11.20814326018867,0,0,0,0,0,0,0,0,0,0,0,0,0,0,0,0,0,0,0,0,0,0,0,0,0,1,1,0,0,0,0,0,0,0,0,0,0,0,0,0,0,0,0,0,0,0,0,0,0,1,1.0
192tsfk,0.024,0.325,0.104,0.8,0.096,-0.6928,179,10.125756701596842,1,10,0,5,0,0,0,0,0,0,0,0,0,0,2,1,0,0,1,0,0,0,2,7,2,7,6,0,0,0,0,1,0,0,0,0,0,0,0,1,0,0,8,16,2,3,4,0,0,1,0.47999998927116394
192u0gh,0.092,0.078,0.037,0.873,0.091,0.8176,161,13.5591,3,10,0,2,0,0,0,0,0,0,0,0,0,0,2,0,0,0,1,0,0,1,9,1,2,10,2,0,0,0,0,0,0,0,0,0,0,0,0,1,0,0,10,18,2,2,6,1,0,1,0.33000001311302185
192u5xz,0.763,0.435,0.126,0.76,0.114,-0.7545,309,13.140968706690074,3,18,2,6,0,0,0,0,0,0,0,0,0,0,2,2,0,0,0,0,0,1,4,1,5,9,11,0,0,1,0,1,1,0,0,4,0,0,1,5,0,0,23,28,2,4,10,3,0,1,0.14000000059604645
192u77t,0.031,0.05,0.07,0.823,0.107,0.716,316,11.807384569943707,3,29,0,9,0,0,0,0,0,0,0,0,1,0,1,3,0,0,1,0,1,5,8,9,4,15,10,0,2,1,3,0,0,0,0,0,0,0,0,1,0,0,2,21,2,1,4,1,2,35,0.6700000166893005
192ujva,0.032,0.181,0.138,0.738,0.124,-0.6126,118,10.9516,0,11,0,6,0,0,0,0,0,0,0,0,0,0,3,0,1,0,0,0,0,1,1,4,1,5,7,0,0,0,1,0,0,0,0,0,0,0,0,1,0,0,1,15,1,1,0,1,0,7,0.6100000143051147
192uma2,0.019,0.157,0.269,0.644,0.088,-0.9611,112,13.968273953766033,1,12,0,4,0,0,0,0,0,0,0,0,0,0,1,2,0,0,0,0,0,0,1,4,2,3,11,0,0,0,0,0,0,0,0,0,0,0,0,1,0,0,0,10,0,1,1,0,0,337,0.7599999904632568
192up81,0.03,0.052,0.096,0.762,0.143,0.6369,112,14.554592549557764,1,6,0,2,0,0,0,0,0,0,0,0,0,0,0,0,0,0,1,0,0,0,2,10,3,4,5,0,0,0,0,1,0,0,0,1,0,0,0,0,0,0,0,15,1,1,2,0,0,1,0.5
192woep,0.077,0.339,0.024,0.909,0.067,0.6124,155,11.765960540728905,0,8,0,5,0,0,0,0,0,0,0,0,0,0,0,1,0,0,0,0,0,1,5,0,3,3,3,0,0,0,0,0,0,0,0,0,0,0,0,0,0,0,13,16,2,0,1,1,0,1,0.3799999952316284
192xcon,0.057,0.099,0.029,0.844,0.127,0.9976,771,12.227597436926388,11,74,0,14,0,0,0,0,0,0,0,0,1,0,0,4,0,0,0,0,0,22,12,2,6,31,22,0,2,3,3,0,0,0,0,0,0,0,2,12,0,0,3,38,5,6,19,5,1,1,1.0
192xqsg,0.03,0.068,0.047,0.724,0.229,0.9994,738,10.178562406969252,5,58,0,5,0,2,0,0,0,0,0,0,0,0,6,3,0,0,3,0,5,15,13,31,35,29,11,0,0,1,1,2,1,0,0,1,0,0,4,4,0,0,7,32,4,7,16,3,4,1,0.4699999988079071
192ymug,0.028,0.091,0.304,0.61,0.086,-0.9966,199,11.20814326018867,5,16,0,10,0,0,0,0,0,0,0,0,0,0,2,3,0,0,0,0,0,3,0,6,2,12,20,0,0,0,0,0,0,0,0,1,0,0,0,1,0,0,2,22,2,2,5,0,0,1,0.20000000298023224
192yyhz,0.022,0.026,0.0,0.785,0.215,0.6249,16,3.1291,0,0,0,1,0,0,0,0,0,0,0,0,0,0,0,0,0,0,0,0,0,0,0,0,3,0,1,0,0,0,0,0,0,0,0,0,0,0,0,0,0,0,0,1,0,0,0,0,0,1,1.0
192z4gy,0.032,0.388,0.12,0.795,0.086,-0.5983,98,14.554592549557764,0,3,1,0,0,0,0,0,0,0,0,0,0,0,0,1,0,0,0,0,0,0,1,2,0,5,4,0,0,0,1,0,0,0,0,0,0,0,0,0,0,0,9,12,2,1,5,1,0,1,0.41999998688697815
192z7k8,0.036,0.11,0.173,0.802,0.026,-0.9863,169,9.339509955726097,7,5,0,6,0,0,0,0,0,0,0,0,0,0,0,1,0,0,0,0,0,0,3,1,10,2,4,0,0,2,0,0,0,0,0,0,0,0,1,3,0,0,7,20,6,1,3,2,1,1,0.3499999940395355
192zq03,0.046,0.136,0.0,1.0,0.0,0.0,7,8.841846274778883,0,0,0,0,0,0,0,0,0,0,0,0,0,0,0,0,0,0,0,0,0,0,0,0,0,0,1,0,0,0,0,0,0,0,0,0,0,0,0,0,0,0,1,0,0,0,0,0,0,1,1.0
1930m1m,0.059,0.315,0.184,0.588,0.228,0.1531,10,11.20814326018867,0,0,0,0,0,0,0,0,0,0,0,0,0,0,0,0,0,0,0,0,0,0,0,0,1,1,1,0,0,0,0,0,0,0,0,0,0,0,0,0,0,0,1,1,0,0,0,0,0,1,1.0
1930oeg,0.039,0.255,0.133,0.731,0.136,-0.308,130,8.418075326091056,1,18,0,4,0,0,0,0,0,0,0,0,0,0,0,0,0,0,0,0,0,1,5,0,6,10,6,0,0,0,0,0,0,0,0,2,0,0,1,0,0,0,0,16,1,0,2,0,0,4,0.5600000023841858
1931bry,0.083,0.034,0.292,0.708,0.0,-0.6984,16,13.023866798666859,0,0,0,1,0,0,0,0,0,0,0,0,0,0,0,1,0,0,0,0,0,0,0,0,0,0,1,0,0,0,0,0,0,0,0,0,0,0,0,0,0,0,0,2,0,0,0,0,0,1,1.0
1931cnb,0.053,0.048,0.102,0.898,0.0,-0.6124,46,13.81666964889586,0,2,0,0,0,0,0,0,0,0,0,0,0,0,0,0,0,0,0,0,0,4,0,0,2,1,3,0,0,0,0,0,0,0,0,0,0,0,0,0,0,0,3,9,0,1,3,0,0,1,1.0
1931pb6,0.115,0.027,0.121,0.725,0.154,0.8785,199,12.650343791298138,6,7,0,5,0,0,0,0,0,0,0,0,0,0,0,0,0,0,0,0,0,0,3,0,9,10,8,0,0,0,0,0,0,0,0,0,0,0,1,1,0,0,0,15,3,0,4,1,0,45,0.6299999952316284
1931tvf,0.043,0.057,0.024,0.905,0.071,0.8019,164,10.74609503303851,1,10,0,5,0,3,0,0,0,0,0,0,0,0,0,1,0,0,1,0,0,3,2,5,1,3,1,0,2,0,2,0,1,0,0,1,0,0,0,0,0,0,3,14,1,1,1,3,0,1,0.3199999928474426
1932ooe,0.024,0.051,0.0,0.724,0.276,0.6369,12,3.1291,0,0,0,0,0,0,0,0,0,0,0,0,0,0,0,0,0,0,0,0,0,0,0,0,0,1,0,0,0,0,0,0,0,0,0,0,0,0,0,0,0,0,0,0,0,0,0,0,0,1,1.0
19331dv,0.018,0.075,0.071,0.839,0.09,0.1531,29,12.161744961471694,0,4,0,1,0,0,0,0,0,0,0,0,0,0,2,0,0,0,0,0,0,0,0,0,0,1,2,0,0,0,0,0,0,0,0,0,0,0,0,0,0,0,0,8,0,0,0,0,0,1,1.0
1933dj2,0.047,0.073,0.156,0.741,0.102,-0.9908,526,13.404572938879603,4,29,0,16,0,1,0,0,0,0,0,0,1,0,0,0,0,0,0,0,0,16,8,5,6,6,29,1,1,1,3,0,0,0,0,0,1,0,0,3,0,0,5,27,2,3,10,3,0,1,0.23000000417232513
1934ct5,0.307,0.589,0.162,0.737,0.102,-0.895,289,14.672994598444667,3,16,0,3,0,0,0,0,0,0,0,0,0,0,3,2,0,0,0,0,0,0,1,3,27,10,17,0,0,0,0,0,0,0,0,0,0,0,0,1,0,0,13,20,3,3,4,1,0,1,0.27000001072883606
19359ap,0.113,0.339,0.179,0.728,0.093,-0.9937,374,13.274406872562384,4,32,0,3,0,2,0,0,0,0,0,0,1,0,4,5,0,0,0,0,0,0,15,3,11,15,21,0,0,0,2,0,0,0,0,0,0,0,1,2,0,0,2,30,4,2,9,1,0,43,0.5799999833106995
1935b0a,0.046,0.031,0.034,0.838,0.128,0.9741,306,16.52667757954773,3,24,0,4,0,1,0,0,0,0,0,0,0,0,1,2,0,0,0,0,0,1,5,5,8,20,7,0,0,0,2,0,0,0,0,1,0,0,2,1,0,0,15,28,3,5,4,2,1,45,0.5400000214576721
1935h84,0.063,0.05,0.011,0.955,0.035,0.3693,103,9.888512548439397,0,7,0,1,0,0,0,0,0,0,0,0,0,0,1,1,0,0,0,0,0,1,1,3,0,2,0,0,0,0,1,0,1,0,0,0,0,0,0,0,0,0,4,13,0,0,3,1,0,114,0.800000011920929
1935ong,0.207,0.473,0.103,0.635,0.262,0.9825,151,12.745084868956482,1,3,2,6,0,0,0,0,0,0,0,0,0,1,0,0,0,0,1,0,0,0,1,8,3,15,11,0,0,0,0,0,0,0,0,0,0,0,0,0,0,0,0,15,0,3,4,0,0,1,0.3799999952316284
19367t7,0.022,0.058,0.186,0.814,0.0,-0.6249,19,8.841846274778883,1,0,0,1,0,0,0,0,0,0,0,0,0,0,1,0,0,0,0,0,0,0,0,0,1,0,1,0,0,0,0,0,0,0,0,0,0,0,0,0,0,0,2,6,0,0,1,0,0,1,1.0
1936ij9,0.025,0.045,0.081,0.872,0.048,-0.9541,462,14.638296910706313,6,16,0,2,0,0,0,0,0,0,0,0,1,0,5,1,0,0,0,1,0,3,24,3,7,10,21,0,0,0,4,0,0,0,0,0,0,0,1,1,0,0,14,35,2,7,8,2,1,1,0.47999998927116394
1936ukk,0.106,0.2,0.118,0.792,0.09,-0.8001,286,12.319762396917735,4,22,0,8,0,1,0,0,0,0,0,0,0,0,1,2,0,0,0,0,0,1,7,4,6,9,14,0,0,1,0,0,1,0,0,1,0,0,1,1,0,0,6,22,2,2,5,1,0,1,0.49000000953674316
1937ylb,0.041,0.17,0.221,0.779,0.0,-0.1779,7,3.1291,0,0,0,0,0,0,0,0,0,0,0,0,0,0,0,0,0,0,0,0,0,1,0,0,0,0,1,0,0,0,0,0,0,0,0,0,0,0,0,0,0,0,0,0,0,0,0,0,0,1,1.0
1938c6m,0.048,0.305,0.074,0.817,0.109,0.8452,285,10.125756701596842,3,18,1,7,0,0,0,0,0,0,0,0,1,0,0,0,0,0,1,0,0,2,12,3,10,12,11,0,1,0,3,0,0,0,0,0,0,0,1,1,0,0,5,21,2,3,10,3,0,1,0.25
19393c9,0.015,0.114,0.269,0.481,0.25,-0.0516,7,3.1291,0,0,0,0,0,0,0,0,0,0,0,0,0,0,0,0,0,0,0,0,0,0,1,0,0,0,1,0,0,0,1,0,0,0,0,0,0,0,0,0,0,0,0,2,0,0,0,0,1,1,1.0
193a15y,0.039,0.248,0.199,0.628,0.174,-0.7514,134,11.979248473330827,1,11,0,4,0,0,0,0,0,0,0,0,0,0,0,0,0,0,0,0,0,1,4,0,0,7,7,0,0,0,0,0,0,0,0,0,0,0,0,0,0,0,5,13,1,1,3,0,0,1,0.1899999976158142
193abfl,0.063,0.634,0.293,0.431,0.276,-0.0516,7,3.1291,0,0,0,0,0,0,0,0,0,0,0,0,0,0,0,0,0,0,0,0,0,0,0,0,0,0,1,0,0,0,0,0,0,0,0,0,0,0,0,0,0,0,0,0,1,0,0,0,0,1,1.0
193b0tq,0.174,0.057,0.116,0.785,0.1,-0.9232,385,10.686352973137792,7,19,2,15,0,2,0,0,0,0,0,0,0,0,0,5,0,0,0,0,0,3,13,1,5,14,9,0,0,0,2,0,0,0,0,0,0,0,1,0,0,0,8,27,3,1,4,1,2,1,0.30000001192092896
193bc0x,0.032,0.062,0.067,0.8,0.133,0.9073,165,13.484332010920856,5,10,0,3,0,0,0,0,0,0,0,0,0,0,0,0,0,0,0,0,0,5,0,0,3,4,7,0,0,0,0,0,0,0,0,0,0,0,1,0,0,0,0,15,1,3,3,1,0,56,0.6899999976158142
193be5h,0.026,0.171,0.101,0.753,0.146,0.7488,196,10.686352973137792,2,16,0,7,0,0,0,0,0,0,0,0,0,0,2,0,0,0,0,0,0,0,2,0,6,4,7,0,0,0,0,0,1,0,0,2,0,0,0,1,0,0,3,21,2,1,3,1,1,23,0.6499999761581421
193bi7c,0.069,0.05,0.345,0.512,0.143,-0.7096,19,11.20814326018867,0,2,0,0,0,0,0,0,0,0,0,0,0,0,0,0,0,0,0,0,0,0,0,0,0,1,0,0,0,0,0,0,0,0,0,0,0,0,0,0,0,0,0,0,0,0,0,0,0,1,1.0
193c347,0.363,0.285,0.0,1.0,0.0,0.0,8,11.20814326018867,0,0,0,1,0,0,0,0,0,0,0,0,0,0,0,0,0,0,0,0,0,0,0,0,0,0,0,0,0,0,0,0,0,0,0,0,0,0,0,0,0,0,2,1,0,0,0,0,0,1,1.0
193c5r8,0.031,0.114,0.068,0.743,0.189,0.9916,270,14.554592549557764,3,15,0,4,0,0,0,0,0,0,0,0,0,0,0,4,0,0,0,0,0,0,4,0,2,12,12,0,0,0,2,0,0,0,0,0,0,0,1,2,0,0,30,22,3,2,8,2,0,1,0.46000000834465027
193cqvo,0.022,0.095,0.087,0.822,0.091,0.6742,584,9.3871,5,42,0,3,0,1,0,0,0,0,0,0,1,0,9,6,0,0,0,0,0,0,86,1,13,18,26,0,0,0,9,1,0,0,0,2,1,0,2,0,0,0,16,32,5,4,11,1,3,1,0.3100000023841858
193dqcw,0.053,0.111,0.04,0.905,0.055,-0.1027,175,13.205437297517054,4,7,0,3,0,0,0,0,0,0,0,0,0,0,0,1,0,0,0,0,0,0,0,0,2,2,3,0,0,0,0,0,0,0,0,0,0,0,0,0,0,0,0,17,0,2,7,0,0,1,0.3700000047683716
193e6ox,0.043,0.238,0.031,0.78,0.189,0.9955,314,13.911672136322576,1,22,0,6,0,0,0,0,0,0,0,0,0,0,3,4,0,1,0,0,0,0,18,0,1,16,8,0,0,1,1,0,0,0,0,0,0,0,0,2,0,0,6,23,2,0,4,3,1,1,0.25
193e7te,0.036,0.284,0.052,0.75,0.198,0.9943,297,15.973960126395564,5,20,0,5,0,0,0,0,0,0,0,0,0,0,0,3,0,0,0,0,0,8,1,0,2,14,11,1,0,1,0,1,0,0,0,0,0,0,0,0,0,0,0,22,1,2,3,0,0,7,0.5299999713897705
193fanm,0.031,0.079,0.088,0.839,0.073,-0.5693,220,12.416235457179464,2,17,0,11,0,1,0,0,0,0,0,0,0,0,1,2,0,0,0,0,0,0,11,9,4,8,7,0,2,1,1,0,0,0,0,1,0,0,0,3,0,0,4,25,3,3,2,1,0,1,0.38999998569488525
193fs1r,0.023,0.102,0.164,0.721,0.115,-0.9378,289,13.274406872562384,1,17,0,6,0,0,0,0,0,0,0,0,0,0,0,0,0,0,0,0,0,0,11,0,15,15,23,0,1,1,2,0,1,0,0,0,0,0,1,1,0,0,3,19,4,0,4,1,0,1,0.5
193g7et,0.119,0.339,0.112,0.717,0.171,0.1265,21,11.20814326018867,0,0,0,1,0,0,0,0,0,0,0,0,0,0,0,0,0,0,0,0,0,1,0,0,0,2,1,0,0,0,0,0,0,0,0,0,0,0,0,0,0,0,0,4,1,0,1,0,0,1,1.0
193g89t,0.104,0.114,0.114,0.866,0.02,-0.9003,116,8.167268648758528,2,5,0,1,0,0,0,0,0,0,0,0,0,0,0,2,0,0,0,0,0,0,8,0,10,0,3,0,0,0,2,0,2,0,0,0,0,0,0,0,0,0,4,13,1,0,2,0,0,1,0.10000000149011612
193h69z,0.039,0.009,0.0,0.833,0.167,0.3818,14,3.1291,1,0,0,1,0,0,0,0,0,0,0,0,0,0,0,1,0,0,0,0,0,0,0,0,0,1,0,0,0,0,0,0,0,0,0,0,0,0,0,0,0,0,0,3,0,0,0,0,0,1,1.0
193his0,0.029,0.114,0.048,0.89,0.062,0.4473,128,10.608840637214634,2,3,0,2,0,0,0,0,0,0,0,0,0,0,0,0,0,0,0,0,0,2,3,0,1,1,0,0,0,0,1,0,1,0,0,3,0,0,0,0,0,0,14,9,0,2,0,0,0,1,0.3199999928474426
193hlu9,0.019,0.083,0.128,0.72,0.151,0.5227,229,9.325443323948027,4,13,0,4,0,1,0,0,0,0,0,0,0,0,1,1,0,0,0,0,0,0,14,0,15,9,15,0,0,2,1,0,0,0,0,0,0,0,0,1,0,0,16,18,2,3,6,3,2,1,1.0
193hncw,0.144,0.114,0.04,0.929,0.031,-0.4176,205,12.161744961471694,0,14,0,6,0,0,0,0,0,0,0,0,0,0,1,0,0,0,0,0,0,1,3,2,4,3,4,0,1,0,2,0,1,0,0,1,0,0,0,1,0,0,9,16,2,1,3,3,1,1,0.17000000178813934
193hpkh,0.02,0.166,0.125,0.721,0.154,0.6221,224,9.325443323948027,4,13,0,4,0,1,0,0,0,0,0,0,0,0,1,1,0,0,0,0,0,0,14,0,15,9,14,0,0,2,1,0,0,0,0,0,0,0,0,1,0,0,16,18,2,3,6,3,1,1,1.0
193hqwq,0.019,0.132,0.122,0.72,0.158,0.7448,230,9.325443323948027,4,13,0,4,0,1,0,0,0,0,0,0,0,0,1,1,0,0,0,0,0,0,14,0,15,9,15,0,0,2,1,0,0,0,0,0,0,0,0,1,0,0,16,18,2,3,6,3,2,1,0.4399999976158142
193i39g,0.023,0.154,0.031,0.867,0.102,0.9167,195,18.243605946275583,0,5,0,1,0,0,0,0,0,0,0,0,0,0,1,1,0,0,0,0,0,1,1,6,2,6,4,0,0,0,0,0,0,0,0,0,0,0,0,0,0,0,19,18,1,1,3,0,0,1294,0.6200000047683716
193iial,0.022,0.027,0.049,0.788,0.163,0.9211,134,13.023866798666859,1,10,1,3,0,2,0,0,0,0,0,0,0,0,0,2,0,0,0,0,0,0,2,0,0,8,5,0,0,0,2,0,0,0,0,0,0,0,0,1,0,0,5,14,1,1,1,0,0,41,0.6700000166893005
193ir08,0.071,0.233,0.03,0.798,0.172,0.9891,222,12.872792785125622,5,11,0,5,0,0,0,0,0,0,0,0,0,0,0,2,0,0,0,0,0,2,0,1,5,10,4,0,0,0,0,0,1,0,0,0,0,0,2,3,0,0,16,22,4,0,3,0,0,214,0.6399999856948853
193izw8,0.127,0.115,0.049,0.885,0.066,0.7032,258,13.023866798666859,12,21,0,9,0,0,0,0,0,0,0,0,0,0,4,1,1,0,0,0,0,0,9,0,14,5,4,0,3,0,6,0,0,0,0,0,0,0,0,1,0,0,7,16,4,0,12,2,1,88,0.6600000262260437
193ja8e,0.055,0.326,0.079,0.875,0.045,-0.7821,242,13.133204557630332,5,12,0,8,0,0,0,0,0,0,0,0,0,0,1,5,0,0,0,0,0,3,1,0,2,3,9,0,1,0,0,0,0,0,0,0,0,0,1,2,0,0,9,19,2,5,0,0,0,36,0.5799999833106995
193jasy,0.416,0.154,0.166,0.747,0.087,-0.9526,171,11.038039088145766,3,7,0,9,0,1,0,0,0,0,0,0,0,0,0,1,0,0,1,0,0,1,4,7,4,5,6,0,0,1,0,0,1,0,0,1,0,0,0,5,0,0,7,14,0,1,8,2,0,1,0.33000001311302185
193jx75,0.039,0.04,0.075,0.815,0.11,0.9892,968,13.723163305317424,12,47,0,13,0,3,0,0,0,0,0,0,0,0,4,5,0,0,0,0,0,6,2,0,10,36,33,0,0,0,0,1,0,0,0,0,0,0,1,5,0,0,59,52,6,19,14,1,1,47,0.8299999833106995
193jzqm,0.03,0.254,0.0,1.0,0.0,0.0,8,11.20814326018867,0,1,0,0,0,0,0,0,0,0,0,0,0,0,0,0,0,0,0,0,0,0,0,0,0,0,0,0,0,0,0,0,0,0,0,0,0,0,0,0,0,0,0,0,0,0,0,0,0,1,1.0
193ksbz,0.044,0.024,0.038,0.872,0.089,0.794,144,10.686352973137792,3,14,0,1,0,0,0,0,0,0,0,0,0,0,1,2,0,0,0,0,0,0,1,3,1,3,2,0,0,0,1,0,0,0,0,0,0,0,0,0,0,0,8,17,0,2,6,1,0,1,0.20000000298023224
193l4w4,0.033,0.318,0.081,0.831,0.088,0.705,344,11.319583603955667,2,27,0,8,0,0,0,0,0,0,0,0,0,1,1,1,1,0,0,0,0,0,8,4,7,10,4,0,0,0,2,0,1,0,0,0,0,0,0,3,0,0,0,15,2,2,4,0,0,1,0.30000001192092896
193ljr7,0.09,0.029,0.067,0.89,0.042,-0.7823,256,9.2995712137729,4,19,0,3,0,0,0,0,0,0,0,0,0,0,2,0,0,0,0,0,0,0,13,0,9,4,10,0,0,1,1,0,0,0,0,0,0,0,0,1,0,0,1,27,0,5,10,0,0,1,0.4300000071525574
193n4ns,0.023,0.024,0.0,1.0,0.0,0.0,17,11.20814326018867,1,1,0,0,0,0,0,0,0,0,0,0,0,0,0,0,0,0,0,0,0,0,0,0,0,0,0,0,0,0,0,0,0,0,0,0,0,0,0,0,0,0,1,5,0,0,1,0,0,1,1.0
193ne2g,0.059,0.231,0.064,0.845,0.091,0.8631,364,8.575989854853784,3,18,1,6,0,3,0,0,0,0,0,0,0,0,2,1,0,0,0,0,1,0,4,8,12,10,11,0,0,0,0,0,2,0,0,7,0,0,0,0,0,0,18,22,2,1,2,1,0,1,0.25999999046325684
193nsbc,0.034,0.108,0.056,0.805,0.139,0.9437,192,12.602617957971052,4,15,0,7,0,1,0,0,0,0,0,0,0,0,2,0,0,1,0,0,0,0,11,3,0,8,7,0,1,0,2,0,1,0,0,0,0,0,0,1,0,0,5,17,4,2,10,0,0,134,0.6700000166893005
193oh6g,0.105,0.255,0.084,0.778,0.138,0.9219,229,12.079253325248377,2,11,2,3,0,1,0,0,0,0,0,0,0,0,1,3,0,0,0,0,1,3,1,0,8,4,12,0,0,0,0,0,0,0,0,0,0,0,2,0,0,0,19,21,3,1,3,1,0,1,0.20000000298023224
193oyti,0.018,0.193,0.122,0.878,0.0,-0.3612,19,11.20814326018867,0,2,0,1,0,0,0,0,0,0,0,0,0,0,0,0,0,0,0,0,0,0,0,0,1,1,1,0,0,0,0,0,0,0,0,0,0,0,0,0,0,0,0,3,0,0,0,0,0,1,1.0
193p0o8,0.023,0.06,0.046,0.852,0.102,0.9938,715,16.54766048602984,6,62,0,8,0,0,0,0,0,0,0,0,0,0,1,5,0,0,0,0,0,3,8,0,9,23,17,3,2,0,1,0,0,0,0,0,0,0,0,4,0,0,7,40,2,14,16,2,0,1,0.41999998688697815
193qbnr,0.085,0.107,0.0,1.0,0.0,0.0,9,13.023866798666859,0,1,0,0,0,0,0,0,0,0,0,0,0,0,0,0,0,0,0,0,0,0,0,0,0,0,1,0,0,0,0,0,0,0,0,0,0,0,0,0,0,0,0,0,0,0,0,0,0,1,1.0
193qrhn,0.029,0.064,0.179,0.706,0.116,-0.9865,353,8.716276077567194,6,26,1,9,0,1,0,0,0,0,0,0,0,0,2,9,0,0,2,0,0,0,5,15,9,14,19,0,0,0,1,0,0,0,1,0,0,0,1,1,0,0,9,33,4,5,9,2,1,5,0.5899999737739563
193r0y5,0.062,0.228,0.1,0.835,0.065,-0.8824,267,10.832165505486643,7,19,0,8,0,1,0,0,0,0,0,0,0,0,2,1,0,0,0,0,0,0,4,3,7,8,17,0,0,0,0,0,0,0,0,0,0,0,2,1,0,0,3,24,4,2,1,0,0,1,0.44999998807907104
193rgmm,0.051,0.063,0.109,0.696,0.195,0.9971,640,13.915783698773748,11,43,0,11,0,0,0,0,0,0,0,0,0,0,2,8,0,0,0,0,0,5,9,0,15,26,28,1,2,0,3,0,1,0,0,2,0,0,5,1,0,0,6,31,5,9,17,3,0,1,0.4699999988079071
193s671,0.054,0.046,0.0,1.0,0.0,0.0,14,8.841846274778883,1,0,0,0,0,0,0,0,0,0,0,0,0,0,0,0,0,0,0,0,0,1,0,0,0,0,1,0,0,0,0,0,0,0,0,0,0,0,0,0,0,0,1,3,0,0,1,0,0,1,1.0
193s7zr,0.137,0.129,0.115,0.822,0.063,-0.9798,454,13.187427743715652,1,30,0,19,0,0,0,0,0,0,0,0,0,0,1,5,0,0,0,0,0,4,2,1,16,12,17,0,0,0,0,0,0,0,0,1,0,0,1,4,0,0,20,27,1,4,6,0,0,0,0.3400000035762787
193sn5l,0.124,0.18,0.121,0.737,0.141,0.128,147,14.554592549557764,1,11,0,6,0,0,0,0,0,0,0,0,0,0,1,0,0,0,0,0,0,2,2,0,7,3,5,0,0,0,0,0,0,0,0,0,0,0,1,2,0,0,18,12,2,1,3,0,0,1,0.47999998927116394
193t6q8,0.036,0.035,0.027,0.75,0.223,0.9873,161,17.5058628484301,1,6,0,2,0,0,0,0,0,0,0,0,0,0,0,2,0,0,0,0,0,1,3,0,8,13,3,0,0,1,1,0,0,0,1,0,0,0,0,0,0,0,7,13,1,4,1,0,1,1,0.15000000596046448
193tbkg,0.031,0.067,0.059,0.897,0.044,-0.6921,373,9.457814108942454,8,29,0,8,0,1,0,0,0,1,0,0,0,0,4,2,0,0,0,1,0,3,6,11,5,4,14,0,0,0,1,1,0,0,0,1,0,0,0,0,0,0,19,19,3,4,6,0,0,185,0.6800000071525574
193tof0,0.067,0.1,0.134,0.725,0.141,0.4315,201,13.023866798666859,3,11,0,4,0,2,0,0,0,0,0,0,0,0,1,0,0,0,0,0,1,2,1,0,1,12,13,0,0,0,1,0,1,0,0,0,0,0,0,0,0,0,12,12,1,2,2,0,0,1,0.2800000011920929
193tyme,0.023,0.77,0.0,0.952,0.048,0.25,41,10.504223727775692,0,1,0,0,0,0,0,0,0,0,0,0,0,0,0,0,0,0,0,0,0,1,3,0,1,0,0,0,0,0,0,0,0,0,0,0,0,0,0,0,0,0,4,8,1,0,1,0,0,1,1.0
193u4km,0.132,0.44,0.412,0.588,0.0,-0.5423,6,8.841846274778883,0,0,0,0,0,1,0,0,0,0,0,0,0,0,0,0,0,0,0,0,0,0,0,0,0,0,1,0,0,0,0,0,0,0,0,0,0,0,0,0,0,0,0,1,0,0,0,0,0,1,1.0
193um9t,0.132,0.44,0.412,0.588,0.0,-0.5423,6,8.841846274778883,0,0,0,0,0,1,0,0,0,0,0,0,0,0,0,0,0,0,0,0,0,0,0,0,0,0,1,0,0,0,0,0,0,0,0,0,0,0,0,0,0,0,0,1,0,0,0,0,0,1,1.0
193up8m,0.158,0.627,0.232,0.653,0.115,-0.9416,105,8.841846274778883,0,2,2,0,0,5,0,0,0,0,0,0,0,0,0,0,0,0,0,0,1,0,10,1,1,4,10,0,0,3,1,1,0,0,0,0,0,0,0,0,0,0,1,10,4,0,1,1,0,1,0.10000000149011612
193urwg,0.029,0.155,0.119,0.669,0.212,0.3071,11,8.841846274778883,0,0,0,1,0,0,0,0,0,0,0,0,0,0,0,0,0,0,0,0,0,0,0,0,0,1,1,0,0,0,0,0,0,0,0,0,0,0,0,0,0,0,0,1,0,0,0,0,0,1,0.5
193uss8,0.04,0.403,0.135,0.74,0.125,0.3358,136,9.150863307647796,3,15,3,7,0,0,0,0,0,0,0,0,0,0,1,3,0,0,0,0,0,0,13,4,1,5,3,0,0,1,2,0,0,0,0,0,0,0,0,2,0,0,1,14,4,0,3,2,2,1,0.3799999952316284
193uzq2,0.08,0.103,0.0,1.0,0.0,0.0,7,3.1291,0,0,0,1,0,0,0,0,0,0,0,0,0,0,0,0,0,0,0,0,0,0,0,0,0,0,0,0,0,0,0,0,0,0,0,0,0,0,0,0,0,0,1,0,0,0,0,0,0,1,1.0
193v184,0.022,0.035,0.0,1.0,0.0,0.0,22,18.243605946275583,0,0,0,1,0,0,0,0,0,0,0,0,0,0,0,0,0,0,0,0,0,0,0,0,0,0,0,0,0,0,0,0,0,0,0,0,0,0,0,0,0,0,1,4,0,0,0,1,0,1,1.0
193vd1l,0.017,0.107,0.153,0.677,0.169,-0.128,24,12.161744961471694,0,0,0,0,0,0,0,0,0,0,0,0,0,0,0,1,0,0,0,0,0,0,0,0,0,2,1,0,0,0,0,0,0,0,0,0,0,0,0,0,0,0,3,2,0,0,1,0,0,1,1.0
193vdsw,0.017,0.107,0.153,0.677,0.169,-0.128,24,12.161744961471694,0,0,0,0,0,0,0,0,0,0,0,0,0,0,0,1,0,0,0,0,0,0,0,0,0,2,1,0,0,0,0,0,0,0,0,0,0,0,0,0,0,0,3,2,0,0,1,0,0,1,1.0
193vqsx,0.022,0.251,0.143,0.776,0.082,-0.9668,243,13.160352788161607,1,14,1,2,0,0,0,0,0,0,0,0,0,0,2,1,0,0,0,0,0,0,0,1,21,5,17,0,0,0,0,0,0,0,0,0,0,0,2,1,0,0,8,17,4,1,2,0,0,1,0.36000001430511475
193w3z1,0.258,0.098,0.206,0.723,0.071,-0.9944,265,13.25671669890799,4,19,0,7,0,0,0,0,0,0,0,0,0,0,1,3,0,0,0,0,0,2,3,0,4,5,9,0,1,0,1,0,0,0,0,0,0,0,1,1,0,0,24,24,4,2,2,1,0,1,0.5
193wax8,0.149,0.183,0.194,0.738,0.068,-0.9891,229,13.023866798666859,1,3,0,1,0,1,0,0,0,0,0,0,0,0,0,0,0,0,0,0,0,0,1,0,0,3,13,0,0,0,1,1,0,0,0,0,0,0,0,0,0,0,29,9,0,2,0,0,0,1,0.1599999964237213
193xlrj,0.09,0.051,0.0,0.705,0.295,0.5574,13,14.554592549557764,0,0,0,0,0,0,0,0,0,0,0,0,0,0,0,0,0,0,0,0,0,0,0,0,1,1,0,0,0,0,0,0,0,0,0,0,0,0,0,0,0,0,0,2,0,0,0,0,0,1,1.0
193xzmc,0.165,0.029,0.237,0.763,0.0,-0.4215,10,11.20814326018867,0,0,0,1,0,0,0,0,0,0,0,0,0,0,0,0,0,0,0,0,0,0,0,0,0,0,1,0,0,0,0,0,0,0,0,0,0,0,0,0,0,0,0,1,0,0,0,0,0,1,0.9900000095367432
193zl0t,0.061,0.164,0.102,0.793,0.105,0.5273,136,10.411451182825502,0,12,0,3,0,0,0,0,0,0,0,0,0,0,1,1,0,0,0,0,0,0,3,5,3,2,11,0,0,0,0,0,0,0,0,0,0,0,0,1,0,0,5,15,2,0,1,0,0,1,1.0
1940bvl,0.02,0.037,0.133,0.867,0.0,-0.3818,18,8.841846274778883,0,1,0,1,0,0,0,0,0,0,0,0,0,0,0,0,0,0,0,0,0,0,0,0,2,0,1,0,0,0,0,0,0,0,0,0,0,0,0,0,0,0,0,4,0,0,0,0,0,1,1.0
1940nqi,0.085,0.162,0.13,0.87,0.0,-0.4019,19,13.023866798666859,0,1,0,0,0,0,0,0,0,0,0,0,0,0,0,0,0,0,0,0,0,0,0,0,0,1,2,0,0,0,0,0,0,0,0,0,0,0,0,0,0,0,1,1,0,0,0,0,0,1,1.0
1940o18,0.073,0.053,0.039,0.813,0.149,0.8906,146,9.236282656511921,0,9,0,1,0,0,0,0,0,0,0,0,0,0,0,1,0,0,0,0,0,8,0,1,8,7,5,0,0,0,0,1,0,0,0,0,0,0,1,0,0,0,2,20,2,2,1,0,0,175,0.7900000214576721
1940ojb,0.046,0.022,0.017,0.835,0.148,0.9657,138,13.348371206891418,2,4,0,1,0,0,0,0,0,0,0,0,0,0,0,1,0,0,2,0,0,1,0,5,0,5,4,0,0,1,0,0,0,0,0,0,0,0,0,2,0,0,7,15,1,0,6,0,0,89,0.7799999713897705
1940paf,0.089,0.473,0.118,0.843,0.038,-0.9855,341,13.484332010920856,3,16,0,6,0,0,0,0,0,0,0,0,0,0,2,0,0,0,0,0,0,0,8,2,13,7,15,0,0,1,1,0,0,0,0,2,0,0,1,1,0,0,41,27,2,0,5,3,0,84,0.6399999856948853
1941af5,0.088,0.322,0.112,0.797,0.09,-0.9126,260,10.62613485830676,4,18,1,7,0,0,0,0,0,0,0,0,0,0,0,4,0,0,0,0,0,0,15,1,3,7,4,0,1,0,5,0,0,0,0,1,0,0,1,5,0,0,5,26,4,1,5,5,1,1,1.0
1941srx,0.089,0.078,0.069,0.803,0.127,0.9684,427,15.202697889610203,2,27,0,6,0,1,0,0,0,0,0,0,0,0,0,4,0,0,0,0,0,3,2,0,4,22,12,0,0,0,2,0,0,0,0,0,0,0,0,0,0,0,18,30,2,4,14,2,0,1,0.5
1941z54,0.197,0.367,0.0,1.0,0.0,0.0,9,11.20814326018867,0,0,0,1,0,0,0,0,0,0,0,0,0,0,0,0,0,0,0,0,0,0,0,0,0,0,1,0,0,0,0,0,0,0,0,0,0,0,0,0,0,0,1,1,0,0,0,0,0,1,1.0
1942xn4,0.072,0.388,0.301,0.641,0.058,-0.8531,26,13.023866798666859,0,1,0,1,0,0,0,0,0,0,0,0,0,0,2,1,0,0,0,0,0,0,0,0,1,1,3,0,0,0,0,0,0,0,0,0,0,0,0,0,0,0,3,6,0,0,0,0,0,1,1.0
1943tlv,0.031,0.026,0.0,1.0,0.0,0.0,5,8.841846274778883,0,0,0,0,0,0,0,0,0,0,0,0,0,0,0,0,0,0,0,0,0,0,0,0,0,0,0,0,0,0,0,0,0,0,0,0,0,0,0,0,0,0,0,1,0,0,0,0,0,1,1.0
1943vd7,0.079,0.112,0.13,0.733,0.138,-0.1274,152,16.647925096878797,1,9,0,2,0,0,0,0,0,0,0,0,0,0,0,2,0,0,0,0,0,2,3,2,1,9,4,0,0,0,1,1,0,0,0,0,0,0,0,1,0,0,7,14,0,1,5,0,0,1,0.20000000298023224
1943xje,0.031,0.026,0.0,1.0,0.0,0.0,5,8.841846274778883,0,0,0,0,0,0,0,0,0,0,0,0,0,0,0,0,0,0,0,0,0,0,0,0,0,0,0,0,0,0,0,0,0,0,0,0,0,0,0,0,0,0,0,1,0,0,0,0,0,1,1.0
19442az,0.058,0.112,0.086,0.853,0.061,-0.465,107,9.994966539143718,1,8,0,4,0,0,0,0,0,1,0,0,0,0,3,2,0,0,0,0,0,0,6,0,1,1,5,0,0,0,0,1,1,0,0,1,0,0,0,1,0,0,1,13,1,1,2,0,0,1,0.4300000071525574
1944f6v,0.054,0.035,0.16,0.703,0.137,-0.5972,205,14.314028922438442,0,7,0,5,0,0,0,0,0,0,0,0,0,0,2,3,0,0,0,0,0,3,0,1,0,9,14,0,0,0,0,0,0,0,0,0,0,0,0,2,0,0,2,21,0,0,8,0,0,248,0.7200000286102295
1945de3,0.036,0.052,0.145,0.855,0.0,-0.296,14,8.841846274778883,0,0,0,1,0,0,0,0,0,0,0,0,0,0,0,0,0,0,0,0,0,0,0,0,0,0,0,0,0,0,0,0,0,0,0,1,0,0,0,0,0,0,0,1,0,0,0,0,0,1,0.9900000095367432
1945lxt,0.04,0.027,0.085,0.811,0.103,0.7973,452,13.747043046817236,6,19,0,6,0,0,0,0,0,0,0,0,0,0,3,3,0,0,0,0,0,1,12,0,7,8,12,0,0,4,2,0,0,0,0,0,1,0,1,1,0,0,3,28,2,5,12,0,1,1,0.36000001430511475
19462it,0.048,0.029,0.04,0.886,0.074,0.3798,99,8.841846274778883,2,9,0,3,0,0,0,0,0,0,1,0,0,0,0,1,0,1,0,0,1,0,5,1,1,1,7,0,0,0,2,0,2,0,0,1,0,0,0,0,0,0,1,16,1,0,1,2,1,1,0.3100000023841858
1947z3e,0.035,0.013,0.0,1.0,0.0,0.0,4,3.1291,0,0,0,0,0,0,0,0,0,0,0,0,0,0,0,0,0,0,0,0,0,0,0,0,0,0,0,0,0,0,0,0,0,0,0,0,0,0,0,0,0,0,1,0,0,0,0,0,0,1,1.0
19486l4,0.072,0.378,0.0,1.0,0.0,0.0,10,13.023866798666859,0,0,0,1,0,0,0,0,0,0,0,0,0,0,0,0,0,0,0,0,0,0,0,0,0,0,1,0,0,0,0,0,0,0,0,0,0,0,0,0,0,0,1,1,0,0,0,0,0,1,1.0
1948c2c,0.078,0.178,0.0,1.0,0.0,0.0,12,11.20814326018867,0,0,0,0,0,0,0,0,0,0,0,0,0,0,0,0,0,0,0,0,0,0,0,0,0,0,0,0,0,0,0,0,0,0,0,0,0,0,0,0,0,0,3,3,0,0,0,0,0,1,0.4300000071525574
1948eza,0.104,0.199,0.036,0.923,0.04,0.1779,150,13.81666964889586,4,13,0,4,0,1,0,0,0,0,0,0,0,0,0,0,0,0,0,0,0,0,8,0,7,0,1,0,0,0,0,0,0,0,0,0,0,0,0,2,0,0,17,16,2,0,3,0,0,1,1.0
1948k37,0.04,0.204,0.149,0.758,0.094,-0.9976,998,14.829000248862524,7,62,2,20,0,2,0,0,0,0,0,0,0,0,6,4,0,0,0,0,0,6,15,10,8,23,55,0,1,0,4,0,0,0,0,0,0,0,2,5,0,0,28,45,6,1,5,6,1,1,0.25
19499v3,0.057,0.122,0.212,0.74,0.048,-0.9936,227,11.538034831475386,2,19,1,4,0,1,0,0,0,0,0,0,0,0,1,2,0,0,0,0,0,5,7,0,3,6,14,0,1,0,2,0,1,0,0,1,0,0,1,0,0,0,5,20,3,0,6,3,1,17,0.6000000238418579
1949awv,0.016,0.397,0.0,1.0,0.0,0.0,13,13.023866798666859,0,0,0,2,0,0,0,0,0,0,0,0,0,0,0,0,0,0,0,0,0,0,3,0,0,0,0,0,0,0,0,0,0,0,0,0,0,0,0,0,0,0,0,2,0,0,0,0,0,1,1.0
1949g4z,0.089,0.28,0.167,0.754,0.079,-0.9955,499,13.023866798666859,6,41,0,14,0,0,0,0,0,0,0,0,0,1,2,4,0,0,0,0,0,2,6,10,4,10,17,0,0,0,2,0,0,0,0,2,0,0,3,1,0,0,45,32,3,4,21,2,0,1,0.49000000953674316
1949qk9,0.04,0.285,0.071,0.857,0.073,0.1154,208,10.560738912317856,6,17,1,8,0,0,0,0,0,0,0,0,1,0,0,2,0,0,0,0,0,0,14,3,1,3,12,0,1,0,2,0,0,0,0,0,0,0,0,4,0,0,1,16,3,3,1,1,1,1,0.07000000029802322
1949u0f,0.235,0.367,0.0,1.0,0.0,0.0,11,3.1291,0,0,0,2,0,2,0,0,0,0,0,0,0,0,0,0,0,0,0,0,0,0,0,0,0,0,0,0,0,0,0,0,0,0,0,0,0,0,0,0,0,0,0,1,0,0,2,0,0,1,1.0
1949v9q,0.054,0.22,0.096,0.854,0.051,-0.8128,170,13.295006501635747,0,11,0,8,0,2,0,0,0,0,0,0,1,0,1,1,0,0,0,0,1,0,18,0,1,5,5,0,0,1,3,0,0,0,0,0,0,0,2,3,0,0,3,20,3,1,7,1,0,0,0.33000001311302185
1949xox,0.027,0.157,0.187,0.813,0.0,-0.3182,11,11.20814326018867,0,0,0,0,0,0,0,0,0,0,0,0,0,0,0,0,0,0,0,0,0,0,0,0,0,0,1,0,0,0,0,0,0,0,0,0,0,0,0,0,0,0,0,0,0,0,0,0,0,1,1.0
194a8jd,0.038,0.061,0.13,0.502,0.368,0.6908,16,15.903189008614273,0,1,0,0,0,0,0,0,0,0,0,0,0,0,0,0,0,0,0,0,0,0,0,0,0,1,2,0,0,0,0,0,0,0,0,0,0,0,0,0,0,0,0,4,0,0,0,0,0,1,1.0
194a94w,0.028,0.338,0.241,0.759,0.0,-0.5423,12,8.841846274778883,0,1,0,0,0,0,0,0,0,0,0,0,0,0,0,0,0,0,0,0,0,0,0,0,0,0,1,0,0,0,0,0,0,0,0,0,0,0,0,0,0,0,1,2,0,0,0,0,0,1,1.0
194adk1,0.03,0.339,0.259,0.741,0.0,-0.5423,11,11.20814326018867,0,2,0,0,0,0,0,0,0,0,0,0,0,0,0,0,0,0,0,0,0,0,0,0,0,0,1,0,0,0,0,0,0,0,0,0,0,0,0,0,0,0,1,3,0,0,0,0,0,1,1.0
194afjy,0.078,0.032,0.053,0.816,0.131,0.9925,529,9.701314574385464,8,30,0,7,0,4,0,0,0,0,0,0,0,0,7,4,0,0,0,0,0,3,7,2,28,18,19,0,1,1,1,0,1,0,0,0,0,0,0,1,0,0,10,38,2,1,6,3,3,1,0.5
194axin,0.047,0.255,0.209,0.697,0.094,-0.9976,479,13.427899808715576,13,43,1,12,0,1,0,0,0,0,0,0,0,0,1,5,1,0,0,0,0,2,7,0,28,19,28,0,2,1,2,0,4,0,0,0,0,0,1,3,0,0,14,26,3,10,13,3,1,324,0.800000011920929
194cjhp,0.023,0.065,0.024,0.861,0.115,0.9735,213,13.348371206891418,2,12,0,3,0,0,0,0,0,0,0,0,0,0,3,3,0,0,0,0,0,2,21,0,0,9,10,0,0,1,4,0,1,0,0,0,1,1,2,1,0,0,1,24,4,3,3,2,1,307,0.6399999856948853
194csj3,0.073,0.318,0.161,0.77,0.069,-0.9934,469,13.471818130807456,4,15,0,3,0,0,0,0,0,0,0,0,0,0,0,3,0,1,0,0,0,2,3,0,9,3,29,0,0,0,1,1,1,0,0,0,1,0,0,0,0,0,69,25,3,3,2,1,0,1,0.1599999964237213
194cuj4,0.099,0.442,0.113,0.839,0.047,-0.9809,361,13.241360182570464,4,16,0,4,0,1,0,0,0,0,0,0,0,0,2,0,0,0,0,0,1,0,10,2,14,4,16,0,0,0,1,0,1,0,0,0,0,0,1,1,0,0,43,27,2,1,5,2,0,147,0.699999988079071
194cvjs,0.072,0.378,0.0,1.0,0.0,0.0,10,13.023866798666859,0,0,0,1,0,0,0,0,0,0,0,0,0,0,0,0,0,0,0,0,0,0,0,0,0,0,1,0,0,0,0,0,0,0,0,0,0,0,0,0,0,0,1,1,0,0,0,0,0,1,1.0
194cxe6,0.017,0.107,0.04,0.87,0.09,0.9849,544,13.64565750075407,6,31,0,13,0,1,0,0,0,0,0,0,0,0,1,9,0,1,0,0,0,2,62,2,2,8,13,0,0,0,5,0,0,0,0,0,1,0,3,5,0,0,34,38,8,0,8,1,1,1,0.33000001311302185
194d4tf,0.045,0.417,0.16,0.758,0.082,-0.9797,256,10.686352973137792,0,16,4,9,0,2,0,0,0,0,0,0,0,0,0,3,0,0,0,0,0,0,4,0,12,6,14,0,0,0,0,0,0,0,0,0,0,1,0,0,0,0,12,20,3,0,2,0,0,246,0.8500000238418579
194dqi0,0.092,0.096,0.146,0.824,0.03,-0.9848,212,10.793553405168563,3,12,0,4,0,0,0,0,0,0,0,0,0,0,4,1,0,0,0,0,0,1,0,0,6,3,6,0,0,0,0,0,0,0,0,0,0,0,2,1,0,0,20,22,2,0,6,0,0,224,0.6499999761581421
194e1iy,0.15,0.397,0.0,0.741,0.259,0.4215,9,11.20814326018867,0,0,0,1,0,0,0,0,0,0,0,0,0,0,0,0,0,0,0,0,0,0,0,0,0,0,0,0,0,0,0,0,0,0,0,0,0,0,0,0,0,0,0,1,0,0,0,0,0,1,1.0
194e4gt,0.122,0.514,0.195,0.805,0.0,-0.7783,30,17.122413403193683,0,2,0,0,0,0,0,0,0,0,0,0,0,0,1,0,0,0,0,0,0,0,0,0,3,1,2,0,0,0,0,0,0,0,0,0,0,0,0,0,0,0,2,7,0,0,0,0,0,1,1.0
194edlm,0.789,0.251,0.0,1.0,0.0,0.0,15,11.20814326018867,1,0,0,0,0,0,0,0,0,0,0,0,0,0,0,0,0,0,0,0,0,0,0,0,0,0,0,0,0,0,0,0,0,0,0,0,0,0,0,0,0,0,1,4,0,0,1,0,0,1,1.0
194etx4,0.017,0.038,0.0,1.0,0.0,0.0,8,8.841846274778883,0,1,0,0,0,0,0,0,0,0,0,0,0,0,0,0,0,0,0,0,0,0,1,0,0,0,0,0,0,0,0,0,0,0,0,0,0,0,0,0,0,0,0,2,0,1,0,0,0,1,1.0
194eyzz,0.051,0.017,0.0,1.0,0.0,0.0,19,14.554592549557764,0,0,0,0,0,0,0,0,0,0,0,0,0,0,0,0,0,0,0,0,0,0,0,0,1,0,1,0,0,0,0,0,0,0,0,0,0,0,0,0,0,0,0,5,0,0,0,0,0,1,1.0
194f6a3,0.029,0.097,0.104,0.811,0.085,-0.7277,192,16.975882523387877,4,6,0,5,0,0,0,0,0,0,0,0,0,0,0,2,0,0,0,1,0,0,4,0,4,4,10,0,0,0,2,0,0,0,0,0,0,0,0,0,0,0,2,20,2,2,5,0,0,1,0.3400000035762787
194f7t6,0.038,0.07,0.138,0.756,0.106,-0.9852,555,14.499529614371863,7,26,1,7,0,0,0,0,0,0,0,0,0,0,2,6,0,0,0,0,0,25,2,0,11,17,11,1,0,0,2,0,0,0,0,0,0,0,0,1,0,0,58,37,2,2,5,2,0,0,0.3799999952316284
194f8kl,0.961,0.787,0.494,0.506,0.0,-0.8316,10,8.841846274778883,0,0,0,0,0,0,0,0,0,0,0,0,0,0,0,0,0,0,0,0,0,0,0,0,0,0,2,0,0,0,0,0,0,0,0,0,0,0,0,0,0,0,0,0,0,0,1,0,0,1,1.0
194fyef,0.024,0.589,0.0,1.0,0.0,0.0,13,13.023866798666859,0,2,0,0,0,0,0,0,0,0,0,0,0,0,0,1,0,0,0,0,0,0,0,0,0,0,1,0,0,0,0,0,0,0,0,0,0,0,0,0,0,0,0,3,0,0,0,0,0,1,1.0
194g66d,0.039,0.457,0.202,0.684,0.114,-0.9917,386,9.314750747691289,0,32,7,18,0,0,0,0,0,0,0,0,2,0,2,3,0,0,0,0,0,0,32,1,1,10,22,0,0,0,1,0,0,0,0,0,0,0,1,3,0,0,14,30,3,2,6,1,1,4,0.5199999809265137
194g9su,0.052,0.371,0.094,0.796,0.11,0.7908,432,11.801093677801319,1,31,1,11,0,2,0,0,0,0,0,0,0,0,4,2,0,0,0,0,0,2,14,2,9,11,14,0,1,0,6,0,0,0,0,0,0,0,0,8,0,0,4,28,4,2,4,5,2,158,0.699999988079071
194gemb,0.034,0.378,0.065,0.832,0.103,0.8807,264,11.051253699011982,2,10,2,1,0,0,0,0,0,0,0,0,0,0,0,2,0,0,0,0,0,0,9,3,13,9,15,0,0,0,2,1,0,0,0,0,0,0,0,3,0,0,5,22,3,2,2,1,0,1,0.5
194gpjc,0.079,0.111,0.0,1.0,0.0,0.0,6,3.1291,0,0,0,0,0,0,0,0,0,0,0,0,0,0,0,0,0,0,0,0,0,0,0,0,0,0,0,0,0,0,0,0,0,0,0,0,0,0,0,1,0,0,1,2,0,0,0,0,0,1,1.0
194gqcg,0.021,0.378,0.144,0.802,0.054,-0.97,232,13.227904075235838,2,20,1,7,0,0,0,0,0,0,0,0,0,0,1,4,0,0,0,0,0,0,4,0,5,6,9,0,1,0,2,1,0,0,0,0,0,0,1,4,0,0,18,23,2,1,1,3,0,1,0.4000000059604645
194he18,0.03,0.096,0.0,1.0,0.0,0.0,9,3.1291,0,1,0,1,0,0,0,0,0,0,0,0,0,0,0,0,0,0,0,0,0,0,0,2,0,0,0,0,0,0,0,0,0,0,0,0,0,0,1,0,0,0,0,1,1,0,1,0,0,1,1.0
194hhaw,0.105,0.03,0.045,0.847,0.109,0.9886,573,12.28987398476788,5,24,0,13,0,1,0,0,0,0,0,0,0,0,0,0,0,0,0,0,0,16,12,6,2,15,22,1,0,1,3,0,0,0,0,0,1,0,0,0,0,0,10,31,1,3,13,3,2,39,0.7099999785423279
194hi5e,0.039,0.234,0.228,0.575,0.197,-0.099,9,3.1291,1,1,0,0,0,0,0,0,0,0,0,0,0,0,0,0,0,0,0,0,0,0,1,0,0,0,1,0,0,0,0,0,0,0,0,0,0,0,0,0,0,0,0,0,0,0,0,1,0,1,1.0
194i4l9,0.045,0.063,0.087,0.863,0.049,-0.8595,179,10.914260884657427,3,17,0,7,0,0,0,0,0,0,0,0,0,0,1,1,0,0,0,0,0,0,10,0,0,1,5,0,0,0,0,0,0,0,0,0,0,0,1,3,0,0,10,15,3,0,5,2,1,1,0.14000000059604645
194j4mk,0.055,0.113,0.163,0.745,0.092,-0.952,199,11.661520659325951,0,20,0,5,0,0,0,0,0,0,0,0,0,0,0,6,0,0,0,0,0,5,5,0,6,5,11,0,1,0,3,0,0,0,0,0,0,0,0,1,0,0,4,16,2,1,3,6,0,1,0.23000000417232513
194j5ty,0.093,0.327,0.0,1.0,0.0,0.0,7,11.20814326018867,0,0,0,0,0,0,0,0,0,0,0,0,0,0,0,0,0,0,0,0,0,0,0,0,0,0,0,0,0,0,0,0,0,0,0,0,0,0,0,0,0,0,1,0,0,0,0,0,0,1,1.0
194k23w,0.449,0.02,0.0,0.847,0.153,0.4019,16,14.554592549557764,1,0,0,0,0,0,0,0,0,0,0,0,0,0,1,0,0,0,0,0,0,0,0,0,0,2,0,0,0,0,0,0,0,0,0,0,0,0,0,0,0,0,1,4,0,0,1,0,0,1,1.0
194k6xv,0.087,0.114,0.055,0.749,0.196,0.9985,577,12.676573162732819,7,40,1,7,0,0,0,0,0,0,0,0,0,0,4,11,0,0,0,0,0,7,11,6,6,30,21,0,0,0,1,0,0,0,0,0,0,1,0,5,0,0,18,39,7,1,5,4,0,1,0.25
194krnl,0.124,0.603,0.115,0.745,0.14,0.8537,434,9.314750747691289,4,25,3,16,0,6,0,0,0,0,0,0,0,0,0,4,0,0,0,0,2,1,16,4,16,17,16,1,0,0,1,0,0,0,0,0,0,0,2,4,0,0,3,32,4,2,6,2,0,482,0.6200000047683716
194krvf,0.026,0.111,0.0,0.85,0.15,0.357,15,3.1291,0,1,0,1,0,0,0,0,0,0,0,0,0,0,0,0,0,1,0,0,0,0,2,0,0,1,0,0,0,0,0,0,0,0,0,1,0,0,0,0,0,0,0,0,0,0,1,0,0,1,1.0
194kt8g,0.036,0.039,0.0,1.0,0.0,0.0,11,3.1291,0,1,0,0,0,0,0,0,0,0,0,0,0,0,0,0,0,0,0,0,0,0,0,0,0,2,0,0,0,0,0,0,0,0,0,0,0,0,0,0,0,0,0,2,0,0,2,0,0,1,1.0
194kwv3,0.021,0.022,0.014,0.827,0.159,0.998,614,18.35487988490075,10,22,0,0,0,0,0,0,0,0,0,0,0,0,0,3,0,0,0,0,0,2,0,0,3,46,5,0,0,0,0,0,0,0,0,0,0,0,0,0,0,0,7,30,1,11,16,0,0,1,0.4000000059604645
194kz4g,0.026,0.275,0.047,0.828,0.126,0.9713,270,8.6894789155246,2,17,6,3,0,1,0,1,0,0,0,0,0,0,2,3,0,0,0,0,0,2,23,2,5,6,13,0,0,0,2,0,1,0,0,3,0,0,2,3,0,0,7,20,5,0,3,2,0,436,0.8899999856948853
194m3vf,0.027,0.111,0.072,0.86,0.068,-0.0062,245,15.760457277294734,2,19,0,3,0,1,0,0,0,0,0,0,0,0,2,1,0,0,0,0,0,3,4,0,3,9,11,0,0,0,0,0,0,0,0,1,0,0,0,0,0,0,34,20,3,2,3,1,1,1,0.14000000059604645
194n8au,0.024,0.255,0.08,0.92,0.0,-0.1027,17,3.1291,0,1,0,0,0,0,0,0,0,0,0,0,0,0,0,0,0,0,0,0,0,0,0,0,0,0,1,0,0,0,0,0,0,0,0,0,0,0,0,0,0,0,2,3,0,1,0,0,0,1,0.5
194naj2,0.233,0.427,0.223,0.777,0.0,-0.6808,17,14.554592549557764,0,2,0,1,0,0,0,0,0,0,0,0,0,0,0,0,0,0,0,0,0,0,0,0,0,0,1,0,0,0,0,0,0,0,0,0,0,0,0,0,0,0,1,6,0,0,0,0,0,1,1.0
194nlhf,0.06,0.627,0.227,0.731,0.042,-0.9794,118,10.686352973137792,1,8,2,7,0,0,0,0,0,0,0,0,0,0,0,0,0,0,0,0,0,0,4,1,4,2,11,0,1,0,0,0,1,0,0,0,0,0,0,0,0,0,9,13,1,2,3,1,0,151,0.6899999976158142
194of2i,0.046,0.035,0.053,0.811,0.136,0.9969,680,11.265646073119722,12,59,0,26,0,2,0,0,0,0,0,0,0,0,5,10,0,0,0,0,0,7,8,14,28,28,24,1,0,0,2,0,0,0,0,0,0,0,1,3,0,0,16,40,3,3,20,3,0,1,1.0
194oqjr,0.102,0.15,0.0,1.0,0.0,0.0,5,3.1291,0,0,0,1,0,0,0,0,0,0,0,0,0,0,0,0,0,0,0,0,0,0,0,0,0,0,1,0,0,0,0,0,0,0,0,0,0,0,0,0,0,0,1,0,0,0,0,0,0,1,1.0
194p7ue,0.033,0.123,0.084,0.759,0.157,0.9979,922,15.980374538843503,15,56,0,21,0,0,0,1,0,0,0,0,0,0,11,10,0,0,1,0,0,4,31,4,9,41,35,0,0,1,10,1,2,0,0,0,0,0,1,1,0,0,20,44,6,18,19,6,1,1,0.4399999976158142
194pcyw,0.24,0.38,0.0,0.912,0.088,0.0644,14,3.1291,1,2,0,1,0,0,0,0,0,0,0,0,0,0,0,1,0,0,0,0,0,0,0,0,0,0,0,0,0,0,0,0,0,0,0,0,0,0,0,0,0,0,0,1,0,0,1,0,0,1,1.0
194pf5t,0.044,0.127,0.0,1.0,0.0,0.0,9,8.841846274778883,1,0,0,1,0,0,0,0,0,0,0,0,0,0,0,0,0,0,0,0,0,0,0,0,0,0,0,0,0,0,0,0,0,0,0,0,0,0,0,0,0,0,1,2,0,0,1,0,0,1,1.0
194pglm,0.044,0.127,0.0,1.0,0.0,0.0,9,8.841846274778883,1,0,0,1,0,0,0,0,0,0,0,0,0,0,0,0,0,0,0,0,0,0,0,0,0,0,0,0,0,0,0,0,0,0,0,0,0,0,0,0,0,0,1,2,0,0,1,0,0,1,1.0
194psr3,0.02,0.055,0.062,0.807,0.131,0.6808,72,10.290406445055957,0,2,0,2,0,0,0,0,0,0,0,0,0,0,0,1,0,0,0,0,0,1,0,1,1,3,3,0,0,0,0,0,0,0,0,1,0,0,0,0,0,0,4,8,0,0,1,0,0,1,0.6700000166893005
194pwp2,0.025,0.28,0.0,0.8,0.2,0.4576,13,8.841846274778883,0,0,0,0,0,0,0,0,0,0,0,0,0,0,1,0,0,0,0,0,0,0,0,0,1,2,1,0,0,0,0,0,0,0,0,0,0,0,0,0,0,0,0,4,0,0,0,0,0,1,1.0
194q0di,0.054,0.237,0.127,0.822,0.051,-0.8208,111,13.81666964889586,1,5,0,2,0,0,0,0,0,0,0,0,0,0,0,1,0,0,0,0,0,0,1,0,0,3,6,0,0,0,0,1,0,0,0,1,0,0,1,0,0,0,9,14,2,1,0,0,0,1,0.6700000166893005
194q9gg,0.082,0.479,0.111,0.843,0.046,-0.9869,554,13.88584557914918,5,34,0,9,0,0,0,0,0,0,0,0,0,0,1,1,0,0,1,0,0,0,2,5,21,11,30,0,0,0,0,0,1,0,0,0,0,0,0,2,0,0,73,31,1,6,7,2,0,5,1.0
194qf1y,0.205,0.427,0.071,0.79,0.138,0.9876,395,11.538034831475386,5,23,1,19,0,2,0,0,0,0,0,0,0,0,3,11,0,0,0,0,0,0,16,1,16,16,13,0,2,0,8,0,0,0,0,0,0,0,2,4,0,0,2,28,5,7,11,9,1,0,0.18000000715255737
194qfth,0.057,0.095,0.319,0.681,0.0,-0.7269,15,11.20814326018867,1,0,0,0,0,0,0,0,0,0,0,0,0,0,0,1,0,0,0,0,0,1,0,0,0,0,1,0,0,0,0,0,0,0,0,0,0,0,0,0,0,0,0,1,0,0,1,0,0,1,1.0
194qik6,0.019,0.401,0.527,0.473,0.0,-0.7713,8,8.841846274778883,0,0,0,1,0,0,0,0,0,0,0,0,0,0,0,0,0,0,0,0,0,0,0,0,0,2,0,0,0,0,0,0,0,0,0,0,0,0,1,0,0,0,0,2,1,0,0,0,0,1,1.0
194qlu8,0.052,0.047,0.044,0.903,0.052,0.3145,153,17.122413403193683,3,4,0,6,0,1,0,0,0,0,0,0,0,0,1,1,0,0,0,0,0,3,9,0,2,1,4,0,0,0,2,0,0,0,0,0,0,0,0,2,0,0,5,17,3,2,3,1,0,1,0.14000000059604645
194rior,0.073,0.057,0.186,0.763,0.051,-0.9829,172,13.348371206891418,4,8,0,3,0,0,0,0,0,0,0,0,0,0,3,2,0,0,0,0,0,0,0,0,6,5,10,0,0,0,0,0,0,0,0,0,0,0,0,1,0,0,3,14,1,3,5,1,0,23,0.75
194rnug,0.028,0.123,0.049,0.918,0.033,-0.6908,160,15.112257680678326,1,7,0,1,0,0,0,0,0,0,0,0,0,0,1,2,0,0,0,0,0,0,0,1,11,3,7,0,0,0,0,0,0,0,0,0,0,0,0,0,0,0,9,19,0,2,2,0,0,10,0.550000011920929
194rp6g,0.096,0.033,0.14,0.86,0.0,-0.4767,20,11.20814326018867,0,1,0,0,0,0,0,0,0,0,0,0,0,0,0,0,0,0,0,0,0,0,0,0,1,0,1,0,0,0,0,0,0,0,0,0,0,0,0,0,0,0,1,4,1,1,0,0,0,1,1.0
194rqhf,0.084,0.109,0.074,0.742,0.184,0.9754,197,13.5591,3,13,0,8,0,5,0,0,0,0,0,0,0,0,3,0,0,0,0,0,0,0,2,3,7,10,8,0,1,0,1,0,0,0,0,0,0,0,1,0,0,0,1,24,3,0,3,1,1,1,0.25999999046325684
194ruwi,0.049,0.259,0.05,0.814,0.136,0.988,342,9.457814108942454,2,7,0,8,0,0,0,0,0,0,0,0,0,0,2,4,0,0,0,0,0,0,18,8,18,18,7,0,0,0,2,0,0,0,0,1,0,0,0,2,0,0,10,18,2,1,2,5,2,1,0.3700000047683716
194sub7,0.024,0.018,0.0,1.0,0.0,0.0,12,13.023866798666859,1,0,0,0,0,0,0,0,0,0,0,0,0,0,0,0,0,0,0,0,0,0,0,0,0,0,1,0,0,0,0,0,0,0,0,0,0,0,0,0,0,0,0,3,0,0,1,0,0,1,1.0
194szdh,0.127,0.398,0.362,0.638,0.0,-0.5267,7,8.841846274778883,0,0,0,0,0,0,0,0,0,0,0,0,0,0,0,0,0,0,0,0,0,0,1,0,0,0,1,0,0,0,0,0,0,0,0,0,0,0,0,0,0,0,0,1,0,0,0,0,0,1,1.0
194t1hx,0.024,0.008,0.0,1.0,0.0,0.0,4,3.1291,0,0,0,0,0,0,0,0,0,0,0,0,0,0,0,0,0,0,0,0,0,0,0,0,0,0,0,0,0,0,0,0,0,0,0,0,0,0,0,0,0,0,0,2,0,0,0,0,0,1,1.0
194t2c4,0.021,0.007,0.0,1.0,0.0,0.0,4,8.841846274778883,0,0,0,0,0,0,0,0,0,0,0,0,0,0,0,0,0,0,0,0,0,0,0,0,0,0,0,0,0,0,0,0,0,0,0,0,0,0,0,0,0,0,0,1,0,0,0,0,0,1,1.0
194t3hn,0.024,0.007,0.0,1.0,0.0,0.0,4,8.841846274778883,0,0,0,0,0,0,0,0,0,0,0,0,0,0,0,0,0,0,0,0,0,0,0,0,0,0,0,0,0,0,0,0,0,0,0,0,0,0,0,0,0,0,1,2,0,0,0,0,0,1,1.0
194t56f,0.021,0.439,0.045,0.888,0.066,0.7937,353,17.650647597118724,2,24,0,5,0,0,0,0,0,0,0,0,0,0,3,2,0,0,0,0,0,0,1,4,5,18,23,0,0,0,0,1,1,0,0,0,0,0,0,1,0,0,3,16,1,3,2,0,1,1,0.12999999523162842
194tgrs,0.035,0.046,0.008,0.856,0.136,0.9915,293,12.55080252130686,3,25,0,6,0,0,0,0,0,0,0,0,0,0,0,0,0,0,0,0,0,0,2,5,0,12,6,0,0,0,1,1,2,0,1,0,0,0,0,1,0,0,13,19,0,13,9,1,0,1,0.17000000178813934
194tnel,0.022,0.553,0.17,0.83,0.0,-0.6249,21,3.1291,0,1,0,1,0,0,0,0,0,0,0,0,0,0,0,0,0,0,0,0,0,0,0,0,1,2,0,0,0,0,0,0,0,0,0,0,0,0,0,0,0,0,2,1,1,0,0,1,0,1,1.0
194u1hy,0.047,0.265,0.071,0.741,0.188,0.9812,181,14.756829357015494,2,9,0,4,0,0,0,0,0,0,0,0,0,0,1,1,0,0,0,0,0,0,5,0,1,6,7,0,0,0,1,0,0,0,0,2,1,0,0,1,0,0,24,16,0,0,4,1,0,1,1.0
194uky4,0.155,0.047,0.273,0.727,0.0,-0.4588,9,3.1291,0,0,0,0,0,0,0,0,0,0,0,0,0,0,0,0,0,0,0,0,0,0,0,0,0,0,0,0,0,0,0,0,0,0,0,0,0,0,0,0,0,0,0,1,0,0,0,0,0,1,1.0
194uqmg,0.04,0.014,0.051,0.895,0.054,0.0757,106,13.295006501635747,3,6,0,2,0,0,0,0,0,0,0,0,0,0,0,0,0,0,1,0,0,0,6,1,0,6,2,0,0,0,1,0,0,0,0,0,0,0,0,0,0,0,1,8,0,0,7,1,0,194,0.7300000190734863
194uruj,0.018,0.025,0.0,0.816,0.184,0.4019,13,8.841846274778883,0,0,0,0,0,0,0,0,0,0,0,0,0,0,0,0,0,0,0,0,0,2,0,0,0,0,0,0,0,0,0,0,0,0,0,0,0,0,0,0,0,0,0,2,0,0,0,0,0,1,1.0
194vquc,0.195,0.296,0.167,0.833,0.0,-0.4588,16,13.023866798666859,0,0,0,2,0,0,0,0,0,0,0,0,0,0,0,0,0,0,0,0,0,0,0,0,0,1,1,0,0,0,0,0,0,0,0,0,0,0,0,0,0,0,0,4,0,0,1,0,0,1,1.0
194vwue,0.065,0.054,0.0,0.904,0.096,0.1511,16,8.841846274778883,1,0,0,2,0,0,0,0,0,0,0,0,0,0,0,0,0,0,0,0,0,0,0,3,0,1,0,0,0,0,0,0,0,0,0,0,0,0,0,0,0,0,0,1,1,0,1,0,0,1,1.0
194w0uu,0.085,0.162,0.198,0.802,0.0,-0.5719,16,14.554592549557764,0,0,0,0,0,0,0,0,0,0,0,0,0,0,0,0,0,0,0,0,0,0,0,0,0,1,1,0,0,0,0,0,0,0,0,0,0,0,0,0,0,0,1,3,0,0,0,0,0,1,0.6000000238418579
194xs6d,0.035,0.069,0.21,0.6,0.19,-0.0516,8,8.841846274778883,0,0,0,0,0,0,0,0,0,0,0,0,0,0,0,0,0,0,0,0,0,0,0,0,0,1,1,0,0,0,0,0,0,0,0,0,0,0,0,0,0,0,1,1,0,0,0,0,0,1,1.0
194y3zs,0.068,0.156,0.193,0.734,0.072,-0.9747,155,11.20814326018867,2,7,1,1,0,0,0,0,0,0,0,0,0,0,3,1,0,0,0,0,0,0,0,1,3,1,8,0,0,0,0,0,0,0,0,0,0,0,0,1,0,0,3,18,1,1,5,1,0,1,0.47999998927116394
194yb6z,0.043,0.04,0.0,0.819,0.181,0.4939,21,8.841846274778883,0,1,0,0,0,0,0,0,0,0,0,0,0,0,0,0,0,0,0,0,0,0,1,0,1,2,0,0,0,0,0,0,0,0,0,0,0,0,0,0,0,0,0,6,0,0,0,0,0,1,0.6600000262260437
194yirn,0.055,0.058,0.0,1.0,0.0,0.0,14,8.841846274778883,1,0,0,0,0,0,0,0,0,0,0,0,0,0,0,0,0,0,0,0,0,0,0,0,0,0,1,0,0,0,0,0,0,0,0,0,0,0,0,0,0,0,1,1,0,0,0,0,0,1,1.0
194ylki,0.022,0.058,0.186,0.814,0.0,-0.6249,19,8.841846274778883,1,0,0,1,0,0,0,0,0,0,0,0,0,0,1,0,0,0,0,0,0,0,0,0,1,0,1,0,0,0,0,0,0,0,0,0,0,0,0,0,0,0,2,6,0,0,1,0,0,1,1.0
194z1a2,0.188,0.323,0.095,0.845,0.061,-0.25,27,15.903189008614273,1,4,0,1,0,0,0,0,0,0,0,0,0,0,0,0,0,0,0,0,0,0,2,0,0,0,0,0,0,0,0,0,0,0,0,0,0,0,0,0,0,0,0,6,0,0,3,0,0,1,1.0
194zhhk,0.07,0.333,0.146,0.854,0.0,-0.4144,24,9.725611199111238,0,2,0,2,0,0,0,0,0,0,0,0,0,0,0,0,0,0,0,0,0,0,0,0,0,0,3,0,0,0,0,0,0,0,0,0,0,0,0,0,0,0,0,5,0,0,0,0,0,1,0.5
194zpc9,0.208,0.2,0.0,0.674,0.326,0.4404,7,8.841846274778883,0,0,0,0,0,0,0,0,0,0,0,0,0,0,0,0,0,0,0,0,0,0,0,0,0,1,0,0,0,0,0,0,0,0,0,0,0,0,1,0,0,0,1,3,1,0,0,0,0,1,0.2800000011920929
194zzvw,0.023,0.252,0.0,0.64,0.36,0.8402,19,8.841846274778883,0,2,0,1,0,0,0,0,0,0,0,0,0,0,0,0,0,0,0,0,0,0,0,1,0,2,0,0,0,0,0,0,0,0,0,0,0,0,0,0,0,0,0,3,0,0,0,1,0,1,1.0
19509p5,0.029,0.049,0.0,1.0,0.0,0.0,5,8.841846274778883,0,0,0,0,0,0,0,0,0,0,0,0,0,0,0,0,0,0,0,0,0,0,0,0,0,0,1,0,0,0,0,0,0,0,0,0,0,0,0,0,0,0,1,0,0,0,0,0,0,1,1.0
1950apq,0.025,0.097,0.036,0.811,0.153,0.9766,207,12.28987398476788,2,16,0,5,0,0,0,0,0,0,0,0,0,0,0,0,0,0,3,0,0,0,2,7,9,10,4,0,0,0,2,0,0,0,0,0,0,0,0,0,0,0,3,16,2,0,9,3,0,180,0.7699999809265137
1951kos,0.032,0.107,0.0,1.0,0.0,0.0,9,8.841846274778883,1,1,0,1,0,0,0,0,0,0,0,0,0,0,0,0,0,0,0,0,0,0,0,0,0,0,0,0,0,0,0,0,0,0,0,0,0,0,0,0,0,0,2,0,0,0,1,0,0,1,1.0
1951tse,0.033,0.085,0.341,0.659,0.0,-0.4767,7,3.1291,0,0,0,0,0,0,0,0,0,0,0,0,0,0,0,0,0,0,0,0,0,0,0,0,0,0,1,0,0,0,0,0,0,0,0,0,0,0,0,0,0,0,1,0,0,0,0,0,0,1,1.0
1952jxw,0.016,0.033,0.022,0.941,0.038,0.3973,229,15.151101081350806,5,17,0,11,0,0,0,1,0,0,0,0,0,0,2,2,0,0,0,0,0,0,17,5,10,12,3,3,0,0,3,0,0,0,0,1,0,0,1,2,0,0,3,21,2,4,8,4,0,1,0.44999998807907104
1952r0z,0.198,0.113,0.078,0.841,0.081,-0.1982,413,10.008157457239328,9,26,0,11,0,0,0,0,0,0,0,0,0,0,1,4,0,0,0,0,0,10,3,6,9,11,18,0,0,1,3,1,0,0,0,1,0,0,2,6,0,0,2,36,5,4,14,0,3,510,0.8799999952316284
1953t6z,0.095,0.053,0.0,0.704,0.296,0.6369,11,8.841846274778883,0,0,0,0,0,0,0,0,0,0,0,0,0,0,0,0,0,0,0,0,0,0,0,0,0,1,0,0,0,0,0,0,0,0,0,0,0,0,0,0,0,0,1,0,0,0,0,0,0,1,0.4399999976158142
195413i,0.081,0.035,0.0,1.0,0.0,0.0,12,11.20814326018867,1,1,0,0,0,0,0,0,0,0,0,0,0,0,0,0,0,0,0,0,0,0,0,0,0,0,0,0,0,0,0,0,0,0,0,0,0,0,0,0,0,0,0,0,0,0,1,0,0,1,1.0
1954j4b,0.022,0.016,0.0,1.0,0.0,0.0,11,3.1291,1,0,0,0,0,0,0,0,0,0,0,0,0,0,0,0,0,0,0,0,0,0,1,0,0,0,0,0,0,0,0,0,0,0,0,0,0,0,0,0,0,0,2,3,0,0,1,0,0,1,1.0
1954l23,0.085,0.2,0.0,1.0,0.0,0.0,11,13.023866798666859,0,0,0,0,0,0,0,0,0,0,0,0,0,0,0,0,0,0,0,0,0,0,0,0,0,0,2,0,0,0,0,0,0,0,0,0,0,0,0,0,0,0,1,2,0,0,0,0,0,1,1.0
1954nkt,0.085,0.201,0.0,1.0,0.0,0.0,11,13.023866798666859,0,0,0,0,0,0,0,0,0,0,0,0,0,0,0,0,0,0,0,0,0,0,0,0,0,0,2,0,0,0,0,0,0,0,0,0,0,0,0,0,0,0,1,2,0,0,0,0,0,1,1.0
1954r9n,0.029,0.023,0.0,1.0,0.0,0.0,12,8.841846274778883,0,0,0,1,0,0,0,0,0,0,0,0,0,0,0,0,0,0,0,0,0,0,0,0,0,0,0,0,0,0,0,0,0,0,0,0,0,0,0,0,0,0,1,3,0,0,1,0,0,1,1.0
1954wph,0.018,0.047,0.16,0.84,0.0,-0.4336,16,8.841846274778883,0,4,0,0,0,0,0,0,0,0,0,0,0,0,0,0,0,0,0,0,0,0,0,2,0,0,1,0,0,0,0,0,0,0,0,0,0,0,0,0,0,0,0,1,0,0,1,0,0,1,1.0
1955aa2,0.026,0.185,0.313,0.687,0.0,-0.6249,10,11.20814326018867,0,0,0,0,0,0,0,0,0,0,0,0,0,0,0,0,0,0,0,0,0,0,0,0,0,0,2,0,0,0,0,0,0,0,0,0,0,0,0,0,0,0,0,2,0,0,0,0,0,1,1.0
1955hdm,0.02,0.43,0.109,0.891,0.0,-0.296,19,7.168621630094336,0,1,0,0,0,0,0,0,0,0,0,0,0,0,0,0,0,0,0,0,0,0,1,0,0,0,2,0,0,0,1,0,0,0,0,0,0,0,0,0,0,0,0,1,0,0,0,1,0,1,1.0
1955swb,0.038,0.036,0.026,0.927,0.048,0.5215,192,11.37473899888905,4,9,0,2,0,0,0,0,0,0,0,0,0,0,0,2,0,0,0,0,0,0,6,0,0,5,1,0,0,0,0,0,0,0,0,0,0,0,0,1,0,0,7,17,1,1,1,1,0,1,0.20999999344348907
195689b,0.031,0.019,0.0,1.0,0.0,0.0,4,3.1291,0,0,0,0,0,0,0,0,0,0,0,0,0,0,0,0,0,0,0,0,0,0,0,0,0,0,0,0,0,0,0,0,0,0,0,0,0,0,0,0,0,0,0,0,0,0,0,0,0,1,1.0
1956olw,0.132,0.036,0.0,0.759,0.241,0.431,10,3.1291,0,0,0,1,0,0,0,0,0,0,0,0,0,0,0,0,0,0,0,0,0,0,0,0,0,1,0,0,0,0,0,0,0,0,0,0,0,0,0,0,0,0,1,2,0,0,0,0,0,1,0.3400000035762787
1956y0f,0.041,0.338,0.214,0.786,0.0,-0.4585,12,8.841846274778883,0,0,0,1,0,0,0,0,0,0,0,0,0,0,0,0,0,0,0,0,0,0,0,0,0,1,2,0,0,0,0,0,0,0,0,0,0,0,0,0,0,0,0,1,0,0,0,0,0,1,1.0
1957ie3,0.018,0.036,0.265,0.547,0.187,-0.3142,21,11.20814326018867,0,3,0,3,0,0,0,0,0,0,0,0,0,0,0,0,0,0,0,0,0,0,0,0,0,2,1,0,0,0,0,0,0,0,0,0,0,0,0,0,0,0,0,5,0,1,0,1,0,1,1.0
1957jaf,0.017,0.113,0.157,0.843,0.0,-0.0772,8,11.20814326018867,0,0,0,0,0,0,0,0,0,0,0,0,0,0,0,0,0,0,0,0,0,0,1,0,0,0,1,0,0,0,0,0,0,0,0,0,0,0,0,0,0,0,0,3,0,0,0,0,0,1,1.0
1957lfb,0.024,0.026,0.0,1.0,0.0,0.0,13,14.554592549557764,0,1,0,0,0,0,0,0,0,0,0,0,0,0,0,0,0,0,0,0,0,0,0,0,0,1,0,0,0,0,0,0,0,0,0,0,0,0,0,0,0,0,0,2,0,0,1,0,0,1,1.0
19585o1,0.035,0.172,0.155,0.845,0.0,-0.296,13,11.20814326018867,0,1,0,1,0,0,0,0,0,0,0,0,0,0,0,0,0,0,0,0,0,0,0,0,0,0,1,0,0,0,0,0,0,0,0,0,0,0,0,0,0,0,0,2,0,0,0,0,0,1,1.0
19588sc,0.036,0.055,0.155,0.845,0.0,-0.296,13,11.20814326018867,0,1,0,1,0,0,0,0,0,0,0,0,0,0,0,0,0,0,0,0,0,0,0,0,0,0,0,0,0,0,0,0,0,0,0,0,0,0,0,0,0,0,0,1,0,0,0,0,0,1,1.0
1958n2b,0.029,0.211,0.067,0.846,0.087,0.883,667,13.181186149727253,12,23,0,12,0,2,1,0,0,0,0,0,0,1,3,4,0,0,0,0,0,1,4,4,5,28,37,0,0,0,0,1,0,0,0,0,0,0,0,4,0,0,39,32,2,4,13,2,1,1,0.49000000953674316
1958pp1,0.363,0.285,0.0,1.0,0.0,0.0,8,11.20814326018867,0,0,0,1,0,0,0,0,0,0,0,0,0,0,0,0,0,0,0,0,0,0,0,0,0,0,0,0,0,0,0,0,0,0,0,0,0,0,0,0,0,0,2,1,0,0,0,0,0,1,1.0
1958q40,0.034,0.018,0.0,0.556,0.444,0.4939,5,3.1291,0,0,0,0,0,0,0,0,0,0,0,0,0,0,0,0,0,0,0,0,0,0,0,0,0,0,0,0,0,0,0,0,0,0,0,0,0,0,0,0,0,0,0,1,0,0,0,0,0,1,1.0
195aevn,0.072,0.419,0.346,0.472,0.181,-0.7351,16,3.1291,0,0,0,0,0,0,0,0,0,0,0,0,0,0,0,0,0,0,0,0,0,0,1,0,0,0,2,0,0,0,1,0,0,0,0,0,0,0,0,0,0,0,0,1,0,0,0,0,0,1,1.0
195ayqf,0.035,0.045,0.079,0.723,0.198,0.9963,410,12.214722805548657,3,27,0,7,0,2,1,0,0,0,0,0,0,0,0,4,0,0,0,0,0,0,29,2,10,23,12,0,0,1,1,0,0,0,0,0,0,0,1,2,0,0,7,23,5,1,6,2,0,1,1.0
195buuz,0.198,0.326,0.098,0.804,0.098,-0.0034,20,15.903189008614273,0,0,0,1,0,0,0,0,0,0,0,0,0,0,0,0,0,0,0,0,0,0,2,0,0,1,0,0,0,0,0,0,0,0,0,0,0,0,0,0,0,0,4,2,0,0,0,0,0,1,1.0
195bzyy,0.389,0.093,0.2,0.8,0.0,-0.25,9,8.841846274778883,0,0,0,0,0,0,0,0,0,0,0,0,0,0,0,0,0,0,0,0,0,0,0,0,0,0,0,0,0,0,0,0,0,0,0,0,0,0,0,0,0,0,1,0,0,0,0,0,0,1,1.0
195c5j7,0.024,0.074,0.0,0.916,0.084,0.0258,13,8.841846274778883,0,0,0,0,0,0,0,0,0,0,0,0,0,0,0,0,0,0,0,0,0,0,0,0,0,0,0,0,0,0,0,0,0,0,0,0,0,0,0,0,0,0,2,4,0,0,0,0,0,1,1.0
195ca41,0.033,0.326,0.0,1.0,0.0,0.0,20,18.243605946275583,0,0,0,1,0,2,0,0,0,0,0,0,0,0,1,0,0,0,0,0,0,0,1,0,1,0,0,0,0,0,0,0,0,0,0,0,0,0,0,0,0,0,1,3,0,0,1,0,1,1,1.0
195ccwg,0.047,0.144,0.054,0.85,0.096,0.8534,228,14.434950587195996,5,18,0,1,0,2,0,0,0,0,0,0,0,0,2,2,0,0,0,0,0,0,17,0,2,5,3,0,0,1,1,0,1,0,0,2,0,0,0,0,0,0,12,21,3,0,2,1,1,1,0.38999998569488525
195ce42,0.027,0.078,0.0,0.811,0.189,0.4215,13,8.841846274778883,0,0,0,0,0,0,0,0,0,0,0,0,0,0,0,0,0,0,0,0,0,0,0,0,0,0,0,1,0,0,0,0,0,0,0,0,0,0,0,0,0,0,2,4,0,0,0,0,0,1,1.0
195d4aq,0.019,0.028,0.0,0.737,0.263,0.431,9,8.841846274778883,0,0,0,1,0,0,0,0,0,0,0,0,0,0,0,0,0,0,0,0,0,0,0,0,0,1,0,0,0,0,0,0,0,0,0,0,0,0,0,0,0,0,0,0,0,0,0,0,0,1,1.0
195deex,0.084,0.296,0.0,0.949,0.051,0.0772,25,17.122413403193683,0,0,0,0,0,0,0,0,0,0,0,0,0,0,0,0,0,0,0,0,0,0,0,0,0,0,0,0,0,0,0,0,0,0,0,0,0,0,0,0,0,0,6,3,0,0,0,0,0,1,1.0
195dpg3,0.021,0.107,0.249,0.751,0.0,-0.2484,7,8.841846274778883,0,0,0,0,0,0,0,0,0,0,0,0,0,0,0,0,0,0,0,0,0,0,1,0,0,0,0,0,0,0,0,0,0,0,0,0,0,0,0,0,0,0,0,0,1,0,0,0,0,1,0.6600000262260437
195f8hs,0.031,0.106,0.145,0.855,0.0,-0.1779,11,3.1291,0,0,0,0,0,0,0,0,0,0,0,0,0,0,0,0,0,0,0,0,0,0,0,0,0,0,1,0,0,0,0,0,0,0,0,0,0,0,0,0,0,0,0,3,0,0,0,0,0,1,1.0
195faod,0.027,0.042,0.073,0.748,0.179,0.9161,117,14.06817628641468,4,14,0,2,0,0,0,0,0,0,0,0,0,0,0,3,0,0,0,0,0,0,6,0,0,8,1,0,1,1,2,0,0,0,0,0,0,0,2,0,0,0,0,17,5,0,2,2,0,1,0.38999998569488525
195fvps,0.038,0.103,0.203,0.593,0.203,0.0,9,8.841846274778883,1,1,0,1,0,0,0,0,0,0,0,0,0,0,0,0,0,0,0,0,0,0,0,0,0,0,0,0,0,0,0,0,0,0,0,0,0,0,0,0,0,0,0,0,0,0,1,0,0,1,1.0
195fvwv,0.018,0.047,0.255,0.472,0.274,0.0516,7,8.841846274778883,0,1,0,0,0,0,0,0,0,0,0,0,0,0,0,0,0,0,0,0,0,0,0,0,0,1,1,0,0,0,0,0,0,0,0,0,0,0,0,0,0,0,0,3,0,0,0,0,0,1,1.0
195fye1,0.044,0.11,0.388,0.612,0.0,-0.5324,9,8.841846274778883,1,1,0,1,0,0,0,0,0,0,0,0,0,0,0,0,0,0,0,0,0,0,0,0,0,0,0,0,0,0,0,0,0,0,0,0,0,0,0,0,0,0,0,0,0,0,1,0,0,1,1.0
195g15k,0.044,0.03,0.0,1.0,0.0,0.0,5,8.841846274778883,0,0,0,1,0,0,0,0,0,0,0,0,0,0,0,0,0,0,0,0,0,0,0,0,0,0,0,0,0,0,0,0,0,0,0,0,0,0,0,0,0,0,0,0,0,0,0,0,0,1,1.0
195g478,0.044,0.024,0.0,1.0,0.0,0.0,9,8.841846274778883,1,0,0,0,0,0,0,0,0,0,0,0,0,0,0,0,0,0,0,0,0,0,0,0,0,0,0,0,0,0,0,0,0,0,0,0,0,0,0,0,0,0,0,0,0,0,1,0,0,1,1.0
195ib1s,0.022,0.236,0.0,0.795,0.205,0.3818,16,14.554592549557764,0,0,0,1,0,0,0,0,0,0,0,0,0,0,0,1,0,0,0,0,0,0,2,0,0,0,1,0,0,0,1,0,0,0,0,0,0,0,0,0,0,0,2,2,0,0,1,0,1,1,1.0
195iv43,0.324,0.638,0.271,0.595,0.134,-0.5719,19,11.20814326018867,0,1,1,0,0,0,0,0,0,0,0,0,0,0,0,0,0,0,0,0,0,0,0,0,1,1,2,0,0,0,0,0,0,0,0,0,0,0,0,0,0,0,1,3,0,0,0,0,0,1,1.0
195j0ns,0.034,0.603,0.271,0.595,0.134,-0.5719,19,11.20814326018867,0,1,1,0,0,0,0,0,0,0,0,0,0,0,0,0,0,0,0,0,0,0,0,0,1,1,2,0,0,0,0,0,0,0,0,0,0,0,0,0,0,0,1,4,0,0,0,0,0,1,1.0
195j0o5,0.048,0.235,0.0,1.0,0.0,0.0,12,11.20814326018867,0,2,0,0,0,0,0,0,0,0,0,0,0,0,0,0,0,0,0,0,0,0,0,0,0,0,0,0,0,0,0,0,0,0,0,0,0,0,0,0,0,0,1,1,0,0,1,0,0,1,1.0
195jzu3,0.065,0.597,0.219,0.672,0.109,-0.9853,215,9.075114841892004,0,13,7,3,0,2,0,0,0,0,0,0,0,0,0,0,0,0,1,0,0,2,0,5,8,7,23,0,0,0,0,1,1,0,0,1,0,0,2,0,0,0,8,13,3,0,3,0,0,1,0.3799999952316284
195kj5q,0.024,0.062,0.039,0.82,0.141,0.9788,232,13.81666964889586,2,11,0,8,0,0,0,0,0,0,0,0,0,0,0,1,0,0,0,0,0,2,10,0,0,11,3,0,2,1,4,0,0,0,0,0,0,0,0,1,0,0,9,20,3,4,8,4,0,1,1.0
195kxla,0.045,0.1,0.101,0.767,0.132,0.7836,188,14.191785591663535,1,6,1,3,0,0,0,0,0,0,0,0,0,0,0,0,0,0,0,0,2,1,2,2,3,12,6,0,0,0,1,0,0,0,0,0,0,0,0,0,0,0,14,23,1,2,4,2,0,1,0.23000000417232513
195lfu5,0.061,0.114,0.052,0.926,0.022,-0.6896,252,10.793553405168563,1,19,0,4,0,0,0,0,0,0,0,0,0,1,4,3,0,0,1,0,0,0,6,14,6,10,5,0,0,0,1,1,0,0,0,0,0,0,0,1,0,0,4,21,1,2,3,0,1,1,0.30000001192092896
195lgys,0.174,0.036,0.0,1.0,0.0,0.0,15,8.841846274778883,0,0,0,1,0,0,0,0,0,0,0,0,0,0,0,0,0,0,0,0,0,0,0,2,1,0,0,0,0,0,0,0,0,0,0,0,0,0,0,1,0,0,1,2,0,0,0,0,0,1,1.0
195lj90,0.482,0.75,0.423,0.577,0.0,-0.6597,7,8.841846274778883,0,0,0,0,0,0,0,0,0,0,0,0,0,0,0,0,0,0,0,0,0,0,0,0,0,0,1,0,0,0,0,0,0,0,0,0,0,0,0,0,0,0,0,1,0,0,0,0,0,1,1.0
195md2s,0.243,0.023,0.0,1.0,0.0,0.0,12,13.023866798666859,1,0,0,0,0,0,0,0,0,0,0,0,0,0,0,0,0,0,0,0,0,0,0,0,0,0,0,0,0,0,0,0,0,0,0,0,0,0,0,0,0,0,1,0,0,0,1,0,0,1,1.0
195mnhs,0.65,0.286,0.228,0.667,0.105,-0.9559,106,13.968273953766033,2,7,0,0,0,0,0,0,0,0,0,0,0,0,0,0,0,0,0,0,0,0,0,0,4,3,9,0,0,0,0,0,0,0,0,0,0,0,1,1,0,0,1,16,2,0,2,0,0,1,0.20000000298023224
195nbd5,0.01,0.071,0.0,1.0,0.0,0.0,15,8.841846274778883,0,0,0,0,0,0,0,0,0,0,0,0,0,0,0,0,0,0,0,0,0,0,0,0,0,0,0,0,0,0,0,0,0,0,0,0,0,0,0,0,0,0,0,2,1,0,0,0,0,1,1.0
195nbz4,0.01,0.071,0.0,1.0,0.0,0.0,15,8.841846274778883,0,0,0,0,0,0,0,0,0,0,0,0,0,0,0,0,0,0,0,0,0,0,0,0,0,0,0,0,0,0,0,0,0,0,0,0,0,0,0,0,0,0,0,2,1,0,0,0,0,1,1.0
195ne43,0.048,0.098,0.036,0.871,0.093,0.78,194,13.81666964889586,2,12,0,2,0,0,0,0,0,0,0,0,0,0,1,2,0,0,0,0,0,1,1,0,2,6,4,0,0,0,0,0,0,0,0,2,0,0,0,1,0,0,4,13,1,1,4,0,0,437,0.7699999809265137
195ongi,0.044,0.058,0.171,0.736,0.094,-0.8807,102,13.662883650711645,1,2,0,0,0,0,0,0,0,0,0,0,0,0,0,0,0,0,0,0,0,0,0,0,2,1,7,0,0,0,0,0,0,0,0,0,0,0,0,0,0,0,2,9,0,2,5,0,0,22,0.5699999928474426
195pwvx,0.605,0.33,0.168,0.687,0.145,-0.0772,11,3.1291,0,1,0,1,0,0,0,0,0,0,0,0,0,0,0,0,0,0,0,0,0,0,0,0,0,0,0,0,0,0,0,0,0,0,0,0,0,0,0,0,0,0,0,2,0,0,0,0,0,1,1.0
195q92h,0.056,0.321,0.032,0.919,0.049,0.5076,181,10.63711953065702,3,9,0,5,0,2,0,0,0,0,0,0,0,0,1,3,0,0,0,0,0,1,4,3,3,4,2,0,1,0,2,0,1,0,0,2,0,0,1,1,0,0,8,17,0,0,2,1,0,1,0.5
195qkqb,0.037,0.013,0.113,0.735,0.152,0.8995,303,14.06817628641468,3,22,0,8,0,0,0,0,0,0,0,0,0,0,1,2,0,0,0,0,0,0,3,0,1,6,13,0,1,0,2,0,1,0,0,0,0,0,0,0,0,0,1,20,1,4,11,0,0,54,0.6200000047683716
195rdvw,0.028,0.07,0.13,0.502,0.368,0.6908,16,15.903189008614273,0,1,0,0,0,0,0,0,0,0,0,0,0,0,0,0,0,0,0,0,0,0,0,0,0,1,2,0,0,0,0,0,0,0,0,0,0,0,0,0,0,0,0,4,0,0,0,0,0,1,1.0
195sos3,0.157,0.211,0.183,0.713,0.105,-0.9516,166,13.81666964889586,1,10,0,2,0,0,0,0,0,0,0,0,0,0,0,0,0,0,0,0,0,0,1,8,1,7,13,0,0,0,0,0,0,0,0,4,0,0,0,2,0,0,0,11,2,0,0,0,0,126,0.6000000238418579
195tc7b,0.285,0.107,0.225,0.706,0.068,-0.974,125,11.602472056035307,1,10,0,3,0,0,0,0,0,0,0,0,0,0,0,2,0,0,0,0,0,2,0,0,2,2,1,0,0,0,0,0,0,0,0,0,0,0,0,0,0,0,19,12,5,1,2,1,1,1,0.23999999463558197
195tmnm,0.244,0.176,0.164,0.786,0.05,-0.9895,256,13.81666964889586,2,15,1,1,0,1,1,0,0,0,0,0,0,0,0,5,0,0,0,0,0,1,2,0,6,2,12,0,0,0,1,0,0,0,0,1,0,0,0,2,0,0,11,19,3,2,1,0,1,1,0.23999999463558197
195trsd,0.073,0.035,0.029,0.853,0.118,0.9349,142,11.45678717892309,2,10,0,4,0,0,0,0,0,0,0,0,0,0,0,3,0,0,0,0,0,5,2,0,2,3,1,0,0,1,0,0,0,0,0,0,0,0,0,2,0,0,0,16,0,0,2,0,1,1,0.3100000023841858
195tv97,0.031,0.659,0.412,0.588,0.0,-0.5994,9,8.841846274778883,0,0,0,0,0,0,1,0,0,0,0,0,0,0,0,0,0,0,0,0,0,0,0,0,0,0,2,0,0,0,0,0,0,0,0,0,0,0,0,0,0,0,1,0,0,0,0,0,0,1,1.0
195u16c,0.041,0.16,0.154,0.792,0.055,-0.8981,105,12.161744961471694,2,2,0,4,0,0,0,0,0,0,0,0,0,0,1,2,0,0,0,0,0,0,1,0,8,2,5,0,0,0,1,0,0,0,0,0,0,0,0,0,0,0,5,16,0,0,3,0,1,1,0.019999999552965164
195u7h1,0.028,0.157,0.154,0.687,0.16,-0.9281,834,9.816601858774405,0,51,9,25,0,2,0,0,0,0,0,0,0,0,2,7,0,0,1,0,1,2,36,21,10,36,40,0,0,1,2,0,4,3,0,6,0,0,0,4,0,0,36,31,3,1,10,3,0,147,0.6200000047683716
195u9o5,0.053,0.03,0.112,0.845,0.043,-0.972,274,9.424239791934728,1,19,0,3,0,0,0,0,0,0,0,0,1,0,1,4,1,1,0,0,1,0,29,0,2,6,8,0,0,0,1,0,0,0,0,0,0,0,1,3,0,0,7,23,2,0,5,1,0,53,0.75
195ulf1,0.035,0.572,0.429,0.571,0.0,-0.4588,5,3.1291,0,0,1,0,0,0,0,0,0,0,0,0,0,0,0,0,0,0,0,0,0,0,0,0,0,0,1,0,0,0,0,0,0,0,0,0,0,0,0,0,0,0,1,0,0,0,0,0,0,1,1.0
195uuve,0.047,0.186,0.078,0.852,0.07,-0.2529,126,13.707050652182112,2,7,0,1,0,0,0,0,0,0,0,0,0,0,0,1,0,0,0,0,0,0,0,0,4,7,6,0,0,0,0,0,0,0,0,0,0,0,0,0,0,0,9,11,0,0,2,0,0,1,0.44999998807907104
195v2rz,0.052,0.259,0.268,0.732,0.0,-0.5106,10,11.20814326018867,0,0,0,0,0,0,0,0,0,0,0,0,0,0,0,0,0,0,0,0,0,0,0,0,0,0,0,0,0,0,0,0,0,0,0,0,0,0,0,0,0,0,1,1,0,0,0,0,0,1,1.0
195vrf2,0.039,0.022,0.057,0.823,0.12,0.9714,352,13.295006501635747,2,17,1,8,0,0,0,0,0,0,0,0,0,0,3,1,0,0,0,0,0,12,2,0,0,13,10,0,0,1,1,1,0,0,0,1,0,0,1,0,0,0,2,26,5,3,5,1,0,1,1.0
195w2qr,0.033,0.037,0.0,0.673,0.327,0.9124,33,20.267338824336647,0,1,0,0,0,0,0,0,0,0,0,0,0,0,0,0,0,0,0,0,0,0,0,0,0,5,0,0,0,0,0,0,0,0,0,0,0,0,0,0,0,0,4,2,0,0,0,0,0,1,1.0
195w4p1,0.023,0.146,0.041,0.731,0.228,0.9979,388,14.856640023380862,0,17,0,2,0,1,0,0,0,0,0,0,0,0,1,2,0,0,0,0,0,0,18,6,1,35,7,0,1,0,5,0,0,0,0,0,0,0,0,2,0,0,23,25,2,3,7,3,0,1,0.3100000023841858
195w561,0.345,0.105,0.11,0.878,0.013,-0.9674,208,14.696529576185021,5,5,0,10,0,0,0,0,0,0,0,0,0,0,2,3,0,0,0,0,0,1,2,0,8,1,2,0,0,0,0,0,0,0,0,0,0,0,0,1,0,0,16,18,0,0,7,0,0,1,0.41999998688697815
195wu7p,0.027,0.104,0.123,0.788,0.088,-0.9681,562,12.498099983437676,4,53,0,12,0,0,0,0,0,0,0,0,0,0,4,3,0,0,0,0,0,3,31,4,9,19,17,0,0,0,2,0,4,0,0,0,0,0,1,3,0,0,9,40,6,4,5,2,2,1,0.25999999046325684
195x5b5,0.026,0.079,0.102,0.898,0.0,-0.1779,16,13.023866798666859,0,1,0,0,0,0,0,0,0,0,0,0,0,0,0,0,0,0,0,0,0,0,0,2,0,0,0,0,0,0,0,0,0,0,0,0,0,0,0,0,0,0,0,2,1,0,0,0,0,1,1.0
195xj3f,0.042,0.028,0.0,0.804,0.196,0.296,10,8.841846274778883,0,0,0,0,0,0,0,0,0,0,0,0,0,0,0,0,0,0,0,0,0,0,0,0,0,1,0,0,0,0,0,0,0,0,0,0,0,0,0,0,0,0,3,0,0,0,0,0,0,1,1.0
195xpqt,0.141,0.252,0.403,0.597,0.0,-0.7964,15,8.841846274778883,0,0,0,0,0,0,0,0,0,0,0,0,0,0,0,0,0,0,0,0,0,0,0,1,0,0,2,0,0,0,0,0,0,0,0,0,0,0,0,0,0,0,1,1,0,0,1,0,0,1,1.0
195y0nn,0.141,0.252,0.403,0.597,0.0,-0.7964,15,8.841846274778883,0,0,0,0,0,0,0,0,0,0,0,0,0,0,0,0,0,0,0,0,0,0,0,1,0,0,2,0,0,0,0,0,0,0,0,0,0,0,0,0,0,0,1,1,0,0,1,0,0,1,1.0
195z41x,0.11,0.228,0.0,1.0,0.0,0.0,11,11.20814326018867,1,0,0,0,0,0,0,0,0,0,0,0,0,0,0,0,0,0,0,0,0,0,0,0,1,0,0,0,0,0,0,0,0,0,0,0,0,0,0,0,0,0,1,0,0,0,1,0,0,1,1.0
195z6ze,0.054,0.232,0.369,0.631,0.0,-0.6249,8,13.023866798666859,1,0,0,0,0,0,0,0,0,0,0,0,0,0,0,0,0,0,0,0,0,0,0,0,0,0,1,0,0,0,0,0,0,0,0,0,0,0,0,1,0,0,0,1,0,0,0,0,0,1,1.0
195z89n,0.054,0.232,0.369,0.631,0.0,-0.6249,8,13.023866798666859,1,0,0,0,0,0,0,0,0,0,0,0,0,0,0,0,0,0,0,0,0,0,0,0,0,0,1,0,0,0,0,0,0,0,0,0,0,0,0,1,0,0,0,1,0,0,0,0,0,1,1.0
195zyf2,0.155,0.471,0.104,0.806,0.09,-0.7227,133,9.516144504307135,0,13,2,4,0,1,0,0,0,0,0,0,0,0,2,1,2,0,0,0,0,1,2,1,1,1,10,0,0,0,0,0,0,0,0,0,0,0,1,0,0,0,0,15,1,3,5,0,0,205,0.6499999761581421
19602iq,0.033,0.114,0.286,0.714,0.0,-0.4215,8,3.1291,0,0,0,0,0,0,0,0,0,0,0,0,0,0,0,0,0,0,0,0,0,0,0,0,0,0,1,0,0,0,0,0,0,0,0,0,0,0,0,0,0,0,0,0,0,0,0,0,0,1,1.0
19605lv,0.037,0.427,0.403,0.597,0.0,-0.8442,14,8.841846274778883,0,1,0,0,0,0,0,0,0,0,0,0,0,0,0,0,0,0,0,0,0,0,0,0,0,0,2,0,0,0,0,0,0,0,0,0,0,0,0,0,0,0,0,3,0,0,0,0,0,1,1.0
1960egu,0.054,0.232,0.369,0.631,0.0,-0.6249,8,13.023866798666859,1,0,0,0,0,0,0,0,0,0,0,0,0,0,0,0,0,0,0,0,0,0,0,0,0,0,1,0,0,0,0,0,0,0,0,0,0,0,0,1,0,0,0,1,0,0,0,0,0,1,1.0
1961gk2,0.094,0.044,0.033,0.844,0.123,0.9875,399,12.340626583579944,5,32,0,15,0,0,1,0,0,0,0,0,0,0,7,3,0,0,0,0,0,8,12,6,3,22,8,0,2,2,4,0,1,0,0,2,0,0,1,6,0,0,10,29,5,4,10,3,0,1,0.20999999344348907
196208f,0.114,0.153,0.148,0.766,0.085,-0.9809,312,12.07096230602999,3,16,0,10,0,0,0,0,0,0,0,0,0,0,1,3,0,0,0,0,0,2,5,1,2,5,10,0,0,1,1,1,1,0,0,1,0,0,3,5,0,0,15,23,7,3,1,2,1,1,0.23000000417232513
1962ql5,0.055,0.047,0.0,1.0,0.0,0.0,7,11.20814326018867,0,0,0,0,0,0,0,0,0,0,0,0,0,0,0,0,0,0,0,0,0,0,0,0,0,1,0,0,0,0,0,0,1,0,0,0,0,0,0,0,0,0,0,0,0,0,0,0,0,1,1.0
1962xb2,0.078,0.036,0.113,0.783,0.104,-0.775,418,14.15073652397713,4,18,0,6,0,0,0,0,0,0,0,0,0,0,0,1,0,0,0,0,0,1,2,0,4,8,14,0,0,1,0,0,0,0,0,0,0,0,0,1,0,0,14,26,3,2,1,1,0,1,0.5199999809265137
1963vsa,0.022,0.11,0.129,0.797,0.074,-0.25,32,11.20814326018867,0,0,0,0,0,0,0,0,0,0,0,0,0,0,0,0,0,0,0,0,0,2,0,0,0,1,3,0,0,0,0,0,0,0,0,0,0,0,0,0,0,0,3,4,0,0,0,0,0,1,1.0
19647qv,0.07,0.03,0.18,0.82,0.0,-0.4717,15,13.023866798666859,0,1,0,1,0,0,0,0,0,0,0,0,0,0,0,0,0,0,0,0,0,0,0,0,0,0,1,0,0,0,0,0,0,0,0,0,0,0,0,0,0,0,2,1,0,0,0,0,0,1,1.0
1964gbz,0.058,0.05,0.167,0.833,0.0,-0.3412,13,11.20814326018867,0,1,0,1,0,0,0,0,0,0,0,0,0,0,0,0,0,0,0,0,0,0,0,0,0,0,1,0,0,0,0,0,0,0,0,0,0,0,0,0,0,0,2,2,0,0,0,0,0,1,1.0
1964gez,0.245,0.159,0.149,0.851,0.0,-0.2732,13,13.023866798666859,0,0,0,0,0,0,0,0,0,0,0,0,0,0,0,0,0,0,0,0,0,1,0,0,0,0,0,0,0,0,0,0,0,0,0,0,0,0,0,0,0,0,2,0,0,0,0,0,0,1,1.0
1964qv4,0.015,0.02,0.021,0.892,0.087,0.9265,189,31.115726806387368,1,0,0,1,0,1,0,0,0,0,0,0,0,0,0,1,0,0,0,0,1,0,0,0,0,4,1,0,0,0,0,0,0,0,0,0,0,0,0,0,0,0,83,10,0,0,0,0,0,1,0.09000000357627869
19651b2,0.407,0.556,0.0,0.773,0.227,0.8126,36,8.841846274778883,1,2,0,0,0,0,0,0,0,0,0,0,0,0,0,0,0,0,0,0,0,0,0,0,2,4,0,0,0,0,0,0,0,0,0,0,0,0,0,1,0,0,0,8,0,0,0,0,0,1,0.5
19656po,0.029,0.19,0.089,0.809,0.102,0.4515,331,10.813802987103665,0,18,0,4,0,0,0,0,0,0,0,0,0,0,0,0,0,0,0,0,0,7,0,12,1,13,16,0,1,0,0,3,2,0,0,2,0,0,1,1,0,0,3,15,1,1,2,0,0,1,0.17000000178813934
1965e3g,0.407,0.556,0.0,0.773,0.227,0.8126,36,8.841846274778883,1,2,0,0,0,0,0,0,0,0,0,0,0,0,0,0,0,0,0,0,0,0,0,0,2,4,0,0,0,0,0,0,0,0,0,0,0,0,0,1,0,0,0,8,0,0,0,0,0,1,0.5
1965u8i,0.04,0.041,0.219,0.584,0.197,-0.0772,10,13.023866798666859,0,0,0,0,0,0,0,0,0,0,0,0,0,0,0,0,0,0,0,0,0,0,0,0,0,0,1,0,0,0,0,0,0,0,0,0,0,0,0,0,0,0,2,0,0,0,0,0,0,1,1.0
1965wz0,0.043,0.022,0.0,1.0,0.0,0.0,11,8.841846274778883,1,0,0,0,0,0,0,0,0,0,0,0,0,0,0,0,0,0,0,0,0,0,0,0,0,0,1,0,0,0,0,0,0,0,0,0,0,0,0,0,0,0,1,3,1,0,0,0,0,1,1.0
19664h5,0.043,0.042,0.053,0.815,0.132,0.9117,175,19.78447435784618,1,15,0,1,0,0,0,0,0,0,0,0,0,0,0,0,0,0,0,0,0,1,3,0,5,9,13,0,0,0,2,0,0,0,0,0,0,0,2,1,0,0,1,16,1,0,6,0,0,227,0.7599999904632568
1966clf,0.084,0.427,0.162,0.838,0.0,-0.4019,15,15.903189008614273,0,1,0,0,0,0,0,0,0,0,0,0,0,0,0,0,0,0,0,0,0,0,0,0,1,0,1,0,0,0,0,0,0,0,0,0,0,0,0,0,0,0,0,1,0,0,0,0,0,1,1.0
19678km,0.044,0.162,0.099,0.808,0.092,0.1638,174,13.023866798666859,4,6,0,2,0,0,0,0,0,0,0,0,0,0,0,3,0,0,0,0,0,0,0,0,0,9,14,0,0,0,0,0,0,0,0,0,0,0,0,0,0,0,0,18,1,6,7,0,0,1,0.03999999910593033
19683fw,0.019,0.023,0.241,0.458,0.301,0.1351,6,8.841846274778883,0,0,0,1,0,0,0,0,0,0,0,0,0,0,0,0,0,0,0,0,0,0,0,0,0,0,0,0,0,0,0,0,0,0,0,0,0,0,0,0,0,0,0,0,0,0,0,0,0,1,1.0
19686z6,0.033,0.134,0.0,0.745,0.255,0.6249,13,8.841846274778883,0,1,0,0,0,0,0,0,0,0,0,0,0,0,0,0,0,0,0,0,0,0,0,0,0,1,1,0,1,0,0,0,0,0,0,0,0,0,0,0,0,0,1,5,0,0,0,0,0,1,1.0
1968g4p,0.087,0.077,0.155,0.845,0.0,-0.296,13,7.168621630094336,1,0,0,1,0,0,0,0,0,0,0,0,0,0,0,0,0,0,0,0,0,0,0,0,0,0,0,0,0,0,0,0,0,0,0,0,0,0,0,0,0,0,2,0,0,0,1,0,0,1,1.0
1968ldh,0.106,0.057,0.112,0.761,0.127,0.8543,481,16.11434528070225,5,21,0,5,0,0,1,0,0,0,0,0,0,0,2,5,0,0,0,0,0,1,2,4,5,20,29,0,0,0,0,0,1,0,0,0,0,0,0,1,0,0,6,27,2,7,7,1,0,78,0.8600000143051147
1968m6c,0.148,0.667,0.4,0.6,0.0,-0.8528,17,3.1291,0,2,0,2,0,0,0,0,0,0,0,0,0,0,0,0,0,0,0,0,0,0,0,0,0,1,0,0,0,0,0,0,0,0,0,0,0,0,0,0,0,0,0,3,1,0,1,0,0,1,1.0
1968ptb,0.023,0.261,0.077,0.822,0.101,0.5921,220,14.191785591663535,0,16,0,5,1,2,0,0,0,0,0,0,0,0,2,1,0,0,0,0,0,0,4,10,5,7,7,0,1,0,1,1,2,0,0,2,0,0,2,4,0,0,2,19,3,2,2,0,1,1,0.28999999165534973
1968sd8,0.055,0.025,0.0,1.0,0.0,0.0,6,8.841846274778883,0,0,0,0,0,0,0,0,0,0,0,0,0,0,0,0,0,0,0,0,0,0,1,0,0,0,1,0,0,0,0,0,0,0,0,0,0,0,0,0,0,0,0,0,0,0,0,0,0,1,1.0
19693wq,0.053,0.16,0.073,0.828,0.099,0.7913,268,17.755912252390015,1,10,1,4,0,1,0,0,0,0,0,0,0,0,0,1,0,0,0,0,0,0,0,0,7,8,22,0,0,0,0,0,2,0,0,0,0,0,3,2,0,0,0,15,2,4,2,0,0,1,0.36000001430511475
196aev2,0.027,0.109,0.07,0.628,0.303,0.9419,48,8.841846274778883,2,3,0,1,0,1,0,0,0,0,0,0,0,0,0,0,0,0,0,0,0,1,1,0,2,2,1,0,0,0,0,0,0,0,0,0,0,0,0,0,0,0,0,4,2,2,1,2,0,1,1.0
196axpr,0.027,0.339,0.102,0.82,0.078,-0.4725,150,11.855464076750408,1,7,0,4,0,0,0,0,0,0,0,0,0,0,0,0,0,0,0,0,1,0,4,0,1,1,5,0,0,0,1,0,0,0,0,0,0,0,3,2,0,0,4,15,3,2,0,0,1,1,0.30000001192092896
196bt1e,0.085,0.111,0.0,0.816,0.184,0.5423,22,13.023866798666859,0,2,0,0,0,0,0,0,0,0,0,0,0,0,0,0,0,0,0,0,0,0,0,0,0,0,0,0,0,0,0,0,0,0,0,0,0,0,0,0,0,0,0,3,0,0,0,0,0,1,0.6600000262260437
196czr3,0.348,0.203,0.095,0.847,0.058,-0.9661,303,9.766711354998122,4,23,0,10,0,0,0,0,0,0,0,0,0,0,2,1,0,0,0,0,0,0,6,5,10,7,2,0,0,1,1,0,0,0,0,1,0,0,1,1,0,0,1,20,3,2,5,2,3,2,0.6200000047683716
196e6zb,0.02,0.112,0.14,0.7,0.159,0.2537,502,11.115808304768276,4,22,0,7,0,3,0,1,0,0,0,0,0,0,6,5,0,0,0,0,0,0,6,10,24,16,31,0,0,1,2,0,0,0,0,2,0,0,0,0,0,0,35,38,4,3,6,1,0,1,1.0
196ea0w,0.127,0.361,0.291,0.709,0.0,-0.6249,11,3.1291,0,0,0,0,0,0,0,0,0,0,0,0,0,0,0,0,0,0,0,0,0,0,0,0,0,0,3,0,0,0,0,0,0,0,0,0,0,0,0,0,0,0,0,2,0,0,0,0,0,1,1.0
196ev8k,0.094,0.057,0.11,0.735,0.155,0.8055,173,12.68835289967788,0,12,0,6,0,0,0,0,0,0,0,0,0,0,0,0,0,0,0,0,1,0,3,4,5,6,6,0,0,0,1,0,0,0,0,0,0,0,0,1,0,0,1,16,0,0,2,0,0,1,0.3700000047683716
196fll1,0.077,0.323,0.224,0.776,0.0,-0.3804,10,13.023866798666859,1,0,0,0,0,0,0,0,0,0,0,0,0,0,0,0,0,0,0,0,0,0,0,0,0,0,0,0,0,0,0,0,0,0,0,0,0,0,0,0,0,0,1,5,0,0,1,0,0,1,1.0
196fq15,0.021,0.207,0.282,0.718,0.0,-0.7713,19,14.554592549557764,1,0,0,0,0,0,0,0,0,0,0,0,0,0,0,0,0,0,0,0,0,0,0,0,0,0,1,0,0,0,0,0,0,0,0,0,0,0,0,0,0,0,2,5,0,0,1,0,0,1,1.0
196g80p,0.036,0.031,0.069,0.86,0.071,0.3202,111,10.608840637214634,2,6,0,1,0,0,0,0,0,0,0,0,1,0,0,2,0,0,0,0,0,0,1,0,4,2,3,0,0,0,0,1,0,0,0,0,0,0,1,1,0,0,10,11,1,0,6,0,0,41,0.800000011920929
196ga6r,0.406,0.376,0.06,0.865,0.075,0.4013,169,10.31748142421505,1,9,1,2,0,0,0,0,0,0,0,0,0,0,1,1,0,0,0,1,0,3,0,1,7,10,6,1,0,0,0,0,0,0,0,0,0,0,0,0,0,0,6,12,1,3,12,0,0,1,0.20000000298023224
196gmsg,0.027,0.479,0.338,0.662,0.0,-0.6808,10,3.1291,0,0,1,0,0,0,0,0,0,0,0,0,0,0,0,0,0,0,0,0,0,0,2,0,0,0,1,0,0,0,0,0,0,0,0,0,0,0,0,0,0,0,0,0,0,0,0,0,0,1,1.0
196hrqd,0.04,0.022,0.017,0.886,0.097,0.9856,388,13.681092451943961,0,19,0,2,0,0,0,0,0,0,0,0,0,0,2,5,0,0,0,0,0,9,17,0,3,6,3,0,0,0,0,0,0,0,0,0,0,0,0,2,0,0,12,25,2,0,1,0,0,13,0.5600000023841858
196hx8a,0.093,0.659,0.524,0.476,0.0,-0.5106,4,3.1291,0,0,0,0,0,0,0,0,0,0,0,0,0,0,0,0,0,0,0,0,0,0,0,0,0,0,1,0,0,0,0,0,0,0,0,0,0,0,0,0,0,0,0,0,0,0,0,0,0,1,1.0
196i2yx,0.308,0.853,0.22,0.657,0.123,-0.9897,271,14.554592549557764,0,5,12,5,0,3,1,0,0,0,0,0,0,0,2,0,0,0,0,0,0,1,3,26,1,14,11,0,0,0,0,0,0,0,0,0,0,0,0,0,0,0,3,13,1,0,1,1,2,1,0.23000000417232513
196ib57,0.12,0.024,0.0,0.633,0.367,0.4404,6,8.841846274778883,0,0,0,0,0,0,0,0,0,0,0,0,0,0,0,0,0,0,0,0,0,0,0,0,0,1,0,0,0,0,0,0,0,0,0,0,0,0,0,0,0,0,0,3,0,0,0,0,0,1,1.0
196ihfb,0.047,0.052,0.158,0.687,0.155,-0.6956,192,10.125756701596842,0,12,0,0,0,0,0,0,0,0,0,0,0,0,0,1,0,0,1,0,0,1,4,1,2,12,9,0,1,0,2,0,0,0,0,0,1,0,0,0,0,0,0,18,0,0,1,2,0,1,0.49000000953674316
196ioqi,0.045,0.323,0.127,0.789,0.085,-0.9928,652,14.743456460863428,1,40,0,12,0,0,0,0,0,0,0,0,0,0,3,4,0,0,1,0,2,2,11,4,15,14,29,1,2,0,2,1,0,0,0,0,0,0,0,3,0,0,55,33,4,10,7,4,2,1,0.4099999964237213
196irbd,0.034,0.063,0.029,0.886,0.085,0.9616,360,13.64565750075407,4,19,0,3,0,0,0,0,0,0,0,0,1,0,1,2,0,0,0,0,0,11,4,0,1,15,7,1,0,0,1,0,0,0,0,0,0,0,0,1,0,0,16,28,3,5,5,1,1,76,0.5600000023841858
196is15,0.031,0.051,0.0,0.848,0.152,0.3612,15,11.20814326018867,0,1,0,0,0,0,0,0,0,0,0,0,0,0,0,0,0,0,0,0,0,1,0,0,0,1,0,0,0,0,0,0,0,0,0,0,0,0,0,0,0,0,0,3,0,0,0,0,0,1,1.0
196iwe5,0.023,0.289,0.1,0.737,0.163,0.8641,141,10.290406445055957,2,10,0,3,0,0,0,0,0,0,0,0,0,0,2,1,0,0,0,0,0,1,5,1,2,4,10,0,0,1,0,1,0,0,0,0,0,0,0,0,0,0,8,14,1,2,3,1,1,1,0.33000001311302185
196jnaz,0.06,0.072,0.112,0.852,0.036,-0.8842,134,13.023866798666859,1,4,1,0,0,0,0,0,0,0,0,0,0,0,0,0,0,0,0,0,0,0,4,0,9,5,7,0,0,0,4,0,0,0,0,0,0,0,1,1,0,0,5,16,2,0,0,4,0,9,0.5299999713897705
196l41d,0.093,0.4,0.0,0.86,0.14,0.2382,13,3.1291,0,0,0,1,0,0,0,0,0,0,0,0,0,0,0,1,0,0,0,0,0,0,0,0,2,1,0,0,0,0,0,0,0,0,0,0,0,0,1,0,0,0,0,2,1,0,0,1,0,1,1.0
196l7d3,0.128,0.392,0.0,0.849,0.151,0.2382,12,3.1291,0,0,0,1,0,0,0,0,0,0,0,0,0,0,0,1,0,0,0,0,0,0,0,0,2,1,0,0,0,0,0,0,0,0,0,0,0,0,1,0,0,0,0,2,1,0,0,1,0,1,1.0
196l9sf,0.024,0.115,0.283,0.717,0.0,-0.743,18,7.168621630094336,0,1,0,1,0,0,0,0,0,0,0,0,0,0,0,0,0,0,0,0,0,0,0,0,0,1,2,0,0,0,0,0,0,0,0,0,0,0,0,1,0,0,0,2,0,0,0,0,0,1,1.0
196lcjn,0.362,0.383,0.133,0.754,0.113,-0.6977,160,11.022393298168332,2,6,1,6,0,0,0,0,0,0,0,0,0,0,0,4,0,0,0,0,1,0,5,0,13,4,5,0,0,0,0,0,0,0,0,0,0,0,1,1,0,0,0,22,3,1,1,2,0,390,0.7099999785423279
196lrn9,0.223,0.163,0.175,0.79,0.035,-0.9916,223,14.158211354625415,2,6,0,5,0,0,0,0,0,0,0,0,0,0,0,1,0,0,0,0,0,2,4,0,1,5,7,0,0,1,0,0,0,0,0,1,0,0,4,1,0,0,20,17,5,0,3,0,0,1,0.18000000715255737
196nbvl,0.022,0.111,0.087,0.842,0.071,-0.34,140,16.11434528070225,1,5,0,0,0,0,0,0,0,0,0,0,0,0,0,1,0,1,0,0,0,0,12,0,0,4,7,0,0,0,4,0,0,0,0,1,0,0,0,3,0,0,10,16,1,1,4,3,0,1,0.2199999988079071
196nf9m,0.08,0.175,0.0,1.0,0.0,0.0,20,14.554592549557764,1,2,0,1,0,0,0,0,0,0,0,0,0,0,1,0,0,0,0,0,0,0,0,0,0,0,0,0,0,0,0,0,0,0,0,0,0,0,0,0,0,0,0,6,0,0,1,0,0,1,1.0
196nl2d,0.098,0.265,0.078,0.756,0.166,0.9392,162,13.5591,6,8,0,9,0,0,0,0,0,0,0,0,0,0,1,1,0,0,0,0,0,0,2,0,1,4,3,0,0,0,1,0,1,0,0,0,0,0,0,1,0,0,1,19,3,0,9,2,1,1076,0.7599999904632568
196nmot,0.073,0.197,0.098,0.772,0.13,0.9651,579,15.151101081350806,5,55,0,26,0,5,0,0,0,0,0,0,0,0,7,5,0,0,0,0,1,0,26,5,22,24,17,0,2,1,2,0,0,0,0,1,0,0,2,5,0,0,2,33,5,2,14,2,1,225,0.8100000023841858
196or3j,0.023,0.044,0.042,0.881,0.077,0.5632,121,12.68835289967788,0,10,0,3,0,0,0,0,0,0,0,0,0,0,0,2,0,0,0,0,0,1,3,3,2,4,2,0,0,0,0,0,2,0,0,1,0,0,0,1,0,0,3,18,0,0,2,0,1,1,0.20999999344348907
196pnmz,0.028,0.159,0.15,0.85,0.0,-0.3182,14,13.023866798666859,0,0,0,1,0,0,0,0,0,0,0,0,0,0,1,0,0,0,0,0,0,0,0,0,0,2,0,0,0,0,0,0,0,0,0,0,0,0,0,0,0,0,0,2,0,0,1,0,0,1,1.0
196qkt2,0.105,0.509,0.165,0.703,0.133,-0.2703,158,13.484332010920856,5,12,6,3,0,0,0,0,0,0,0,0,0,0,4,1,0,0,0,0,0,0,1,0,3,5,11,0,0,0,0,0,0,0,0,0,0,0,0,0,0,0,0,21,2,1,5,0,0,1,0.3400000035762787
196rbpm,0.066,0.165,0.059,0.861,0.08,0.7556,329,16.69955669828396,2,15,0,4,0,0,0,0,0,0,0,0,0,0,0,2,0,0,0,0,0,0,1,0,1,10,20,0,0,0,0,0,0,0,0,0,0,0,1,0,0,0,43,28,4,2,2,0,0,1,0.5
196rd3a,0.033,0.31,0.0,0.662,0.338,0.3724,6,3.1291,0,0,0,1,0,0,0,0,0,0,0,0,0,0,0,0,0,0,0,0,0,0,0,0,0,1,0,0,0,0,0,0,0,0,0,0,0,0,0,0,0,0,1,0,0,0,0,0,0,1,1.0
196rsk7,0.078,0.479,0.268,0.732,0.0,-0.5106,10,8.841846274778883,0,0,1,0,0,0,0,0,0,0,0,0,0,0,0,0,0,0,0,0,0,0,0,0,0,0,1,0,0,0,0,0,0,0,0,0,0,0,0,0,0,0,0,0,0,0,0,0,0,1,1.0
196sf9l,0.174,0.036,0.0,1.0,0.0,0.0,15,8.841846274778883,0,0,0,1,0,0,0,0,0,0,0,0,0,0,0,0,0,0,0,0,0,0,0,2,1,0,0,0,0,0,0,0,0,0,0,0,0,0,0,1,0,0,1,2,0,0,0,0,0,1,0.9900000095367432
196tuvo,0.058,0.098,0.181,0.819,0.0,-0.4336,14,8.841846274778883,1,1,0,0,0,0,0,0,0,0,0,0,0,0,0,0,0,0,0,0,0,1,0,0,0,0,0,0,0,0,0,0,0,0,0,0,0,0,0,0,0,0,0,1,0,0,1,0,0,1,0.33000001311302185
196u04y,0.063,0.114,0.076,0.794,0.13,0.7737,123,11.538034831475386,4,5,0,0,0,0,0,0,0,0,0,0,0,0,0,0,0,0,0,0,0,1,0,0,3,4,1,0,0,0,0,0,0,0,0,0,0,0,2,1,0,0,1,17,2,1,7,0,0,1,0.05999999865889549
1d0qc20,0.082,0.048,0.02,0.847,0.133,0.9575,160,6.79490614679532,2,4,0,6,0,0,0,0,1,0,0,0,0,0,0,2,0,0,1,0,0,0,0,10,0,7,8,0,0,0,0,1,0,0,0,4,0,0,1,1,0,0,2,17,3,0,4,0,0,231,0.7300000190734863
1d0qg6s,0.02,0.052,0.035,0.906,0.059,0.8418,319,23.72669961743115,2,19,0,8,0,0,0,0,0,0,0,0,0,0,0,4,0,0,0,0,0,3,7,2,3,5,8,0,0,0,1,0,0,0,0,0,0,0,1,2,0,0,8,21,4,2,2,0,0,13,0.6100000143051147
1d0re4w,0.024,0.101,0.212,0.641,0.147,-0.9882,343,9.784248007369934,2,23,3,9,0,0,0,0,0,0,0,0,2,0,4,7,1,2,1,0,0,0,33,6,2,14,15,0,0,0,3,0,0,0,0,1,0,0,1,4,0,0,9,33,3,4,11,1,1,0,0.3700000047683716
1d0rsmd,0.049,0.037,0.048,0.856,0.096,0.991,606,12.785403640627713,5,31,0,15,0,0,0,1,0,0,0,0,0,0,4,3,0,0,0,0,0,3,6,2,8,20,7,0,0,1,1,0,3,0,0,2,0,0,2,3,0,0,39,32,4,10,8,2,1,650,0.699999988079071
1d0rx7b,0.07,0.094,0.025,0.836,0.139,0.9809,214,15.470042427545799,3,20,0,7,0,0,0,0,0,0,0,0,0,0,3,2,0,0,0,0,0,3,5,0,2,10,8,0,1,0,3,0,0,0,0,0,0,0,0,1,0,0,1,23,2,1,4,4,0,0,0.44999998807907104
1d0s63i,0.034,0.079,0.05,0.874,0.076,0.9493,650,15.752011032768014,2,45,0,7,0,0,0,0,0,0,0,0,1,0,5,2,0,0,1,0,0,9,10,6,3,15,13,0,0,5,2,0,0,0,0,0,0,0,1,4,0,0,17,34,2,11,17,2,0,14,0.6100000143051147
1d0s7la,0.061,0.572,0.078,0.813,0.108,0.963,461,11.337416160671953,6,36,0,18,0,4,0,1,0,0,0,0,0,0,4,4,0,0,0,0,0,1,17,7,23,12,27,0,1,0,0,0,0,0,0,5,0,0,1,1,0,0,12,26,4,0,15,3,0,0,0.41999998688697815
1d0s8lp,0.058,0.037,0.087,0.785,0.128,0.9878,717,14.511231890100216,7,43,0,9,0,0,0,0,0,0,0,0,0,0,4,10,0,0,0,0,0,7,11,7,11,23,26,0,0,0,2,1,1,0,0,1,0,0,5,2,0,0,14,36,5,6,11,3,0,5,0.5699999928474426
1d0suz3,0.355,0.75,0.29,0.675,0.036,-0.9983,275,11.557038098267885,0,18,12,6,0,0,0,1,0,0,0,0,0,0,1,2,0,0,0,0,0,0,8,9,5,5,31,0,0,1,0,0,0,0,0,1,0,0,0,2,0,0,12,15,3,1,2,2,0,0,0.3499999940395355
1d0sye8,0.076,0.029,0.0,0.78,0.22,0.4767,12,13.023866798666859,0,0,0,0,0,0,0,0,0,0,0,0,0,0,0,0,0,0,0,0,0,0,0,0,0,2,0,0,0,0,0,0,0,0,0,0,0,0,0,0,0,0,1,1,0,0,0,0,0,1,1.0
1d0t197,0.045,0.171,0.209,0.733,0.058,-0.9954,291,12.66393586644259,5,38,0,8,0,0,0,0,0,0,0,0,0,0,5,3,0,0,0,0,0,8,5,10,8,5,22,0,0,0,0,0,0,0,0,0,0,0,2,4,0,0,1,28,4,1,7,1,0,0,0.20000000298023224
1d0to1y,0.029,0.022,0.0,1.0,0.0,0.0,3,3.1291,0,0,0,0,0,0,0,0,0,0,0,0,0,0,0,0,0,0,0,0,0,0,0,0,0,0,0,0,0,0,0,0,0,0,0,0,0,0,0,0,0,0,0,0,0,0,0,0,0,1,1.0
1d0to5a,0.087,0.548,0.188,0.751,0.061,-0.9973,451,13.120403394923592,4,32,3,4,1,0,0,0,0,0,0,0,0,0,0,3,0,0,1,0,0,7,10,6,8,12,24,0,0,1,2,0,2,0,0,0,0,0,3,0,0,0,6,32,3,2,3,2,1,0,0.11999999731779099
1d0uag1,0.082,0.104,0.057,0.817,0.126,0.8591,186,14.424011203321125,4,17,0,4,0,1,0,0,0,0,0,0,0,0,3,0,0,0,1,0,0,0,2,3,4,2,6,0,0,0,0,1,0,0,0,1,0,0,0,1,0,0,3,15,3,1,2,0,0,0,0.10000000149011612
1d0uahf,0.032,0.125,0.0,1.0,0.0,0.0,9,11.20814326018867,0,0,0,0,0,0,0,0,0,0,0,0,0,0,0,0,0,0,0,0,0,0,0,0,0,1,0,0,0,0,0,0,0,0,0,0,0,0,0,0,0,0,1,2,0,0,0,0,0,1,1.0
1d0uexq,0.026,0.016,0.0,1.0,0.0,0.0,2,3.1291,0,0,0,0,0,0,0,0,0,0,0,0,0,0,0,0,0,0,0,0,0,0,0,0,0,0,0,0,0,0,0,0,0,0,0,0,0,0,0,0,0,0,0,0,0,0,0,0,0,1,1.0
1d0v80p,0.047,0.108,0.0,0.724,0.276,0.6369,12,3.1291,0,0,0,1,0,0,0,0,0,0,0,0,0,0,0,0,0,0,0,0,0,0,0,0,0,2,0,0,0,0,0,0,0,0,0,0,0,0,0,0,0,0,0,4,0,0,0,0,0,1,1.0
1d0vc70,0.055,0.044,0.096,0.689,0.214,0.9838,173,11.602472056035307,4,15,1,6,0,0,0,0,0,0,0,0,0,0,0,1,0,0,0,0,0,0,3,2,10,9,10,0,1,1,0,0,0,1,0,1,0,0,0,1,0,0,7,15,2,0,7,0,0,0,0.4399999976158142
1d0vtpq,0.042,0.112,0.068,0.748,0.184,0.9943,377,14.138980108339055,13,16,0,4,0,1,0,0,0,0,0,0,0,0,3,5,0,0,0,0,0,5,1,3,9,25,10,0,0,0,1,0,0,0,0,0,0,0,3,0,0,0,6,29,2,9,7,1,0,15,0.6000000238418579
1d0w5md,0.037,0.111,0.15,0.749,0.101,-0.3167,22,11.20814326018867,0,0,0,1,0,0,0,0,0,0,0,0,0,0,0,0,0,0,0,0,0,0,2,0,0,0,0,0,0,0,0,0,0,0,0,0,0,0,0,0,0,0,2,4,0,0,0,0,0,1,1.0
1d0xcyp,0.027,0.235,0.286,0.714,0.0,-0.4215,8,8.841846274778883,0,0,0,0,0,0,0,0,0,0,0,0,0,0,0,0,0,0,0,0,0,0,0,0,0,0,1,0,0,0,0,0,0,0,0,0,0,0,0,0,0,0,0,1,0,0,0,0,0,1,1.0
1d0xjen,0.231,0.378,0.145,0.722,0.133,-0.4171,260,10.891193690592665,2,9,1,5,0,0,0,0,0,0,0,0,0,0,2,2,0,0,2,0,0,1,3,16,9,12,11,0,0,0,2,0,0,0,0,2,0,0,3,1,0,0,15,27,6,1,8,4,0,0,0.28999999165534973
1d0xybo,0.037,0.945,0.488,0.465,0.047,-0.924,18,13.023866798666859,0,0,3,1,0,0,0,0,0,0,0,0,0,0,1,0,0,0,0,0,0,0,0,0,0,1,5,0,0,0,0,0,0,0,0,0,0,0,0,0,0,0,0,5,0,0,0,0,0,1,0.9900000095367432
1d0y64z,0.028,0.069,0.059,0.842,0.099,0.9823,612,14.975302809339372,11,44,0,10,0,0,0,0,0,0,0,0,0,0,5,6,0,0,0,0,0,3,16,8,4,16,21,2,4,0,7,0,0,0,0,0,0,0,4,4,0,0,6,37,7,3,11,3,1,60,0.6100000143051147
1d0yf81,0.032,0.039,0.049,0.691,0.261,0.8074,32,18.243605946275583,0,0,0,0,0,0,0,0,0,0,0,0,0,0,0,0,0,0,0,0,0,0,0,4,0,3,0,0,0,0,0,0,0,0,0,0,0,0,0,0,0,0,0,4,0,0,0,0,0,1,1.0
1d0yis2,0.028,0.208,0.154,0.794,0.053,-0.9998,2398,12.820353706148993,25,105,1,31,0,6,5,0,0,0,0,0,0,0,3,10,0,0,2,0,1,8,6,3,109,40,92,0,0,0,0,0,5,0,0,1,0,0,1,4,0,0,194,49,2,34,21,15,1,0,0.36000001430511475
1d0ylzz,0.037,0.058,0.081,0.707,0.212,0.9948,302,14.672994598444667,9,18,0,5,0,1,0,0,0,0,0,0,0,0,0,3,0,0,1,0,0,1,13,6,6,22,8,0,0,1,1,0,0,0,0,0,0,0,0,2,0,0,2,25,5,4,8,3,0,748,0.7699999809265137
1d0znjy,0.163,0.267,0.0,0.838,0.162,0.4019,15,8.841846274778883,0,1,0,1,0,0,0,0,0,0,0,0,0,0,0,0,0,0,0,0,0,0,0,0,1,0,1,0,0,0,0,0,0,0,0,0,0,0,0,0,0,0,0,3,1,0,1,0,0,1,1.0
1d10xj2,0.06,0.152,0.136,0.762,0.102,-0.9628,376,12.396398192541,3,22,0,6,0,0,0,0,0,0,0,0,0,0,4,1,0,0,0,0,0,4,10,3,7,10,18,0,0,0,2,0,2,0,0,0,0,0,1,2,0,0,43,31,4,2,10,4,1,0,0.3799999952316284
1d119u7,0.032,0.027,0.157,0.754,0.089,-0.9722,293,12.000913495891488,8,13,0,10,0,0,0,0,0,0,0,0,0,0,1,4,0,0,0,0,0,2,7,0,6,6,15,0,0,1,0,0,1,0,0,1,0,0,1,1,0,0,7,27,5,2,18,2,1,0,0.1899999976158142
1d11d3y,0.025,0.29,0.131,0.729,0.14,-0.3741,216,16.404322709996244,1,14,0,7,1,0,0,0,0,0,0,0,0,0,1,3,0,0,0,0,0,2,7,0,10,6,13,0,0,0,2,0,0,0,0,0,0,0,1,5,0,0,0,20,4,3,3,2,1,0,0.11999999731779099
1d12wgt,0.28,0.479,0.058,0.794,0.148,0.9684,194,8.575989854853784,0,15,2,6,0,5,0,0,0,0,0,0,0,0,3,1,0,0,0,0,0,0,18,0,14,9,4,0,0,0,0,0,0,0,0,0,0,0,0,1,0,0,1,15,2,0,6,1,1,0,0.38999998569488525
1d13027,0.03,0.282,0.239,0.691,0.069,-0.9961,270,14.867677710551934,6,15,0,8,0,0,0,0,0,0,0,0,0,0,3,2,0,0,2,0,0,5,3,2,15,12,19,0,1,0,1,0,0,0,0,0,0,0,1,3,0,0,2,25,4,3,6,1,0,0,0.14000000059604645
1d135gp,0.041,0.06,0.063,0.794,0.143,0.9816,306,11.20814326018867,2,8,0,8,0,1,0,2,1,1,0,0,0,0,3,0,0,0,0,0,0,0,1,9,1,8,8,0,0,0,0,0,2,0,0,3,0,0,2,0,0,0,23,24,5,2,7,2,0,0,0.10000000149011612
1d149jc,0.062,0.022,0.0,1.0,0.0,0.0,5,8.841846274778883,0,0,0,0,0,0,0,0,0,0,0,0,0,0,0,0,0,0,0,0,0,0,0,0,0,0,0,0,0,0,0,0,0,0,0,0,0,0,0,0,0,0,0,1,0,0,0,0,0,1,1.0
1d14f1z,0.029,0.015,0.05,0.822,0.128,0.9908,470,16.105964998912487,5,11,0,9,1,0,0,0,0,0,0,0,0,0,0,4,0,0,0,0,0,0,2,5,5,23,13,0,0,0,0,1,0,0,0,0,0,0,2,1,0,0,10,33,4,6,9,0,0,33,0.6800000071525574
1d14k4o,0.039,0.356,0.131,0.693,0.176,0.7395,159,13.023866798666859,1,13,1,4,0,0,0,0,0,0,0,0,0,0,1,2,0,0,1,0,0,2,3,4,6,11,6,0,0,2,1,0,0,0,0,0,0,0,0,1,0,0,0,13,3,1,3,0,0,140,0.7099999785423279
1d14ot5,0.081,0.057,0.122,0.772,0.106,-0.5159,190,13.925175675911131,5,23,0,3,0,0,0,0,0,0,0,0,0,0,5,1,0,0,1,0,0,0,0,2,1,8,5,0,0,0,0,0,0,0,0,0,0,0,0,0,0,0,2,13,2,4,10,2,0,0,0.25
1d15d28,0.06,0.339,0.096,0.807,0.098,-0.4005,118,13.968273953766033,3,4,0,0,0,0,0,0,0,0,0,0,0,0,2,0,0,0,0,0,0,0,0,0,4,1,6,0,0,0,0,0,0,0,0,0,0,0,0,2,0,0,7,12,0,1,0,0,0,290,0.6899999976158142
1d15ovi,0.025,0.026,0.246,0.583,0.171,-0.998,719,9.4024194843672,3,60,0,26,0,0,1,0,0,0,0,0,0,1,4,4,1,0,7,0,0,4,2,40,7,40,54,0,2,0,0,2,2,0,0,1,1,0,0,6,0,0,7,30,1,6,34,1,3,0,0.23000000417232513
1d164hy,0.176,0.078,0.063,0.801,0.136,0.9648,214,14.39478758073233,0,17,0,8,0,0,0,0,0,0,0,0,0,0,0,2,0,0,0,0,0,1,3,0,4,7,6,0,0,0,3,0,0,0,0,0,0,0,2,1,0,0,22,14,1,3,6,3,1,0,0.44999998807907104
1d16i8g,0.023,0.038,0.132,0.695,0.173,0.9828,378,9.86748788616,3,30,0,7,0,0,0,0,0,0,0,0,0,0,5,5,0,0,0,1,0,13,1,3,25,26,12,0,0,0,0,0,2,0,0,1,0,0,4,3,0,0,13,26,4,3,6,1,1,0,0.14000000059604645
1d16s9o,0.035,0.38,0.103,0.771,0.127,0.9672,657,11.449361687318167,8,50,6,19,0,6,0,0,0,0,0,0,0,0,5,6,0,0,0,0,0,14,12,1,27,26,36,0,2,1,3,0,1,0,0,4,0,1,1,2,0,0,34,27,5,1,12,4,0,0,0.3700000047683716
1d16y1s,0.209,0.397,0.294,0.459,0.248,-0.128,7,8.841846274778883,1,0,0,0,0,0,0,0,0,0,0,0,0,0,0,0,0,0,0,0,0,0,0,0,0,1,1,0,0,0,0,0,0,0,0,0,0,0,0,0,0,0,0,0,0,0,0,0,0,1,1.0
1d171r2,0.061,0.378,0.17,0.74,0.09,-0.795,96,13.427899808715576,1,7,0,0,0,0,0,0,0,0,0,0,0,0,0,1,0,0,0,0,0,0,2,3,9,5,10,0,0,0,1,0,1,0,0,0,0,0,0,0,0,0,0,14,2,0,0,2,1,1,1.0
1d17bca,0.045,0.109,0.0,0.608,0.392,0.4973,6,3.1291,0,0,0,1,0,0,0,0,0,0,0,0,0,0,0,0,0,0,0,0,0,0,0,0,0,1,1,0,0,0,0,0,0,0,0,0,0,0,0,0,0,0,0,0,0,0,0,0,0,0,0.5
1d17epw,0.07,0.444,0.233,0.689,0.078,-0.9998,1251,11.86551170711002,15,77,5,20,0,18,0,0,0,0,0,0,0,0,2,14,1,0,2,0,0,4,20,30,12,19,87,0,3,0,4,2,0,0,0,3,0,0,1,8,0,0,15,49,6,10,26,5,4,0,0.4099999964237213
1d17gum,0.021,0.102,0.066,0.689,0.244,0.9987,504,18.140434051309363,6,13,0,4,0,0,0,0,0,0,0,0,0,0,0,0,0,0,0,0,0,0,2,0,0,40,25,0,0,0,0,0,0,0,0,0,0,0,0,0,0,0,41,18,1,2,8,0,0,96,0.6100000143051147
1d17xvc,0.019,0.251,0.047,0.871,0.083,0.4767,156,16.218646115125612,0,7,0,1,0,0,0,0,0,0,0,0,0,0,0,2,0,0,0,0,0,3,0,0,1,3,2,0,0,0,0,0,0,0,0,0,0,0,0,1,0,0,5,14,1,4,1,1,0,0,0.23999999463558197
1d189u0,0.117,0.112,0.059,0.862,0.079,0.6227,269,16.04434344847333,4,11,0,3,0,0,0,0,0,0,0,0,0,0,1,2,0,0,0,0,0,5,12,0,4,12,6,0,0,0,3,0,1,0,0,0,0,0,2,1,0,0,14,23,3,3,6,2,0,0,0.30000001192092896
1d19lfq,0.106,0.159,0.151,0.775,0.073,-0.9147,106,14.554592549557764,0,4,0,3,0,0,0,0,0,0,0,0,0,0,0,1,0,0,0,0,0,0,7,4,0,3,6,0,0,0,0,0,0,0,0,0,0,0,1,1,0,0,6,12,2,0,3,0,0,10,0.6000000238418579
1d19quz,0.034,0.112,0.074,0.81,0.116,0.8282,184,17.122413403193683,5,11,0,6,0,0,0,0,0,0,0,0,0,0,0,1,0,0,0,0,0,9,2,0,0,5,5,0,0,0,1,0,0,0,0,0,0,0,1,2,0,0,0,18,3,3,6,2,0,0,0.4099999964237213
1d19u6u,0.034,0.054,0.0,1.0,0.0,0.0,3,8.841846274778883,0,0,0,0,0,0,0,0,0,0,0,0,0,0,0,0,0,0,0,0,0,0,0,0,0,0,0,0,0,0,0,0,0,0,0,0,0,0,0,0,0,0,1,0,0,0,0,0,0,1,1.0
1d19ue6,0.167,0.061,0.0,1.0,0.0,0.0,24,14.554592549557764,0,1,0,0,0,0,0,0,0,0,0,0,0,0,0,0,0,0,0,0,0,0,0,0,0,0,0,0,0,0,0,0,0,0,0,0,0,0,0,0,0,0,1,3,0,1,0,0,0,1,1.0
1d1a936,0.212,0.063,0.163,0.797,0.04,-0.967,141,13.187427743715652,3,6,0,3,0,0,0,0,0,0,0,0,0,0,0,1,0,0,0,0,0,0,0,0,1,1,6,0,0,0,0,0,0,0,0,0,0,0,0,0,0,0,5,11,1,2,4,0,0,0,0.44999998807907104
1d1abhy,0.134,0.048,0.0,1.0,0.0,0.0,11,11.20814326018867,1,0,0,1,0,0,0,0,0,0,0,0,0,0,0,0,0,0,0,0,0,0,0,0,0,0,0,0,0,0,0,0,0,0,0,0,0,0,0,0,0,0,1,2,0,0,1,0,0,0,0.5
1d1adl1,0.056,0.19,0.055,0.899,0.046,-0.0023,327,10.444984826868176,4,27,0,9,0,0,0,0,0,0,0,0,0,0,2,2,0,0,0,0,0,1,10,2,5,8,8,0,0,0,1,1,1,0,0,0,0,0,1,0,0,0,20,20,2,6,9,2,1,362,0.7900000214576721
1d1aqor,0.062,0.028,0.0,1.0,0.0,0.0,10,8.841846274778883,1,0,0,0,0,0,0,0,0,0,0,0,0,0,0,0,0,0,0,0,0,0,0,0,0,0,0,0,0,0,0,0,0,0,0,0,0,0,0,0,0,0,0,1,0,0,1,0,0,1,1.0
1d1aunc,0.116,0.052,0.0,0.812,0.188,0.4588,14,11.20814326018867,1,0,0,0,0,0,0,0,0,0,0,0,0,0,0,0,0,0,0,0,0,0,0,0,0,1,0,0,0,0,0,0,0,0,0,0,0,0,0,0,0,0,0,1,0,0,1,0,0,1,1.0
1d1b7zr,0.077,0.305,0.117,0.817,0.066,-0.9071,195,11.602472056035307,3,11,0,4,0,1,0,0,0,0,0,0,0,0,1,2,0,0,0,0,0,2,5,0,2,4,9,0,0,0,0,0,0,0,0,1,0,0,0,0,0,0,4,17,5,3,3,1,1,1,1.0
1d1bag7,0.034,0.027,0.0,0.8,0.2,0.4588,13,8.841846274778883,1,0,0,0,0,0,0,0,0,0,0,0,0,0,0,0,0,0,0,0,0,0,0,0,0,1,0,0,0,0,0,0,0,0,0,0,0,0,0,0,0,0,0,1,0,0,1,0,0,1,1.0
1d1bb4t,0.056,0.285,0.115,0.811,0.074,-0.8819,198,12.457975602129121,3,11,0,4,0,1,0,0,0,0,0,0,0,0,2,2,0,0,0,0,0,2,4,0,2,4,10,0,0,0,0,0,0,0,0,1,0,0,0,0,0,0,4,16,4,4,3,1,1,0,0.17000000178813934
1d1bbdt,0.056,0.285,0.115,0.811,0.074,-0.8819,198,12.457975602129121,3,11,0,4,0,1,0,0,0,0,0,0,0,0,2,2,0,0,0,0,0,2,4,0,2,4,10,0,0,0,0,0,0,0,0,1,0,0,0,0,0,0,4,16,4,4,3,1,1,1,1.0
1d1bco2,0.069,0.309,0.114,0.813,0.073,-0.8819,200,12.457975602129121,3,11,0,4,0,1,0,0,0,0,0,0,0,0,2,2,0,0,0,0,0,1,4,0,3,4,9,0,0,0,0,0,0,0,0,1,0,0,0,0,0,0,4,16,4,4,3,1,1,1,1.0
1d1bh7x,0.068,0.274,0.114,0.813,0.073,-0.8819,200,12.457975602129121,3,11,0,4,0,1,0,0,0,0,0,0,0,0,2,2,0,0,0,0,0,1,4,0,2,4,8,0,0,0,0,0,0,0,0,1,0,0,0,0,0,0,4,16,4,4,3,1,1,1,1.0
1d1brc9,0.055,0.162,0.203,0.797,0.0,-0.2584,9,3.1291,0,0,0,1,0,0,0,0,0,0,0,0,0,0,0,0,0,0,0,0,0,0,0,0,0,0,0,0,0,0,0,0,0,0,0,0,0,0,0,0,0,0,0,1,0,0,0,0,0,1,1.0
1d1c7mo,0.496,0.427,0.0,0.843,0.157,0.9313,104,8.344100000000001,1,1,0,0,0,0,0,0,0,0,0,0,0,0,1,0,0,0,0,0,0,0,0,1,6,7,3,0,0,0,0,1,0,0,0,0,0,0,0,0,0,0,3,14,2,0,2,0,0,2,1.0
1d1ca5q,0.022,0.243,0.148,0.764,0.087,-0.9485,245,13.875232112747142,2,18,0,3,0,1,0,0,0,0,0,0,0,0,0,1,0,0,1,0,0,0,2,1,5,9,20,0,0,0,1,0,1,0,0,0,0,0,1,5,0,0,3,14,4,2,5,1,0,0,0.36000001430511475
1d1ccmn,0.516,0.44,0.0,0.841,0.159,0.9313,103,8.344100000000001,2,1,0,0,0,0,0,0,0,0,0,0,0,0,1,0,0,0,0,0,0,0,0,1,6,7,3,0,0,0,0,1,0,0,0,0,0,0,0,0,0,0,3,14,2,0,3,0,0,0,0.38999998569488525
1d1cdrx,0.019,0.255,0.109,0.735,0.156,0.9396,311,13.023866798666859,5,32,0,12,0,0,0,0,0,0,0,0,0,0,4,3,0,0,0,0,0,0,7,1,14,14,13,0,0,1,1,0,0,0,0,0,0,0,3,2,0,0,2,27,5,3,3,1,2,0,0.27000001072883606
1d1cu23,0.017,0.107,0.22,0.78,0.0,-0.5423,18,3.1291,0,0,0,0,0,0,0,0,0,0,0,0,0,0,0,0,0,0,0,0,0,0,1,0,1,1,1,0,0,0,0,0,0,0,0,0,0,0,0,0,0,0,1,4,0,0,0,0,0,1,1.0
1d1d87l,0.091,0.327,0.333,0.667,0.0,-0.6705,10,3.1291,1,0,0,1,0,0,0,0,0,0,0,0,0,0,0,0,0,0,0,0,0,0,0,0,0,1,0,0,0,0,0,0,0,0,0,0,0,0,0,0,0,0,0,2,0,0,1,0,0,1,1.0
1d1dmfo,0.033,0.15,0.102,0.81,0.088,-0.5073,215,15.112257680678326,1,12,0,7,0,0,0,0,0,0,0,0,0,0,2,0,0,0,0,0,0,11,11,1,1,7,10,0,0,1,4,0,0,0,0,0,0,0,0,0,0,0,21,12,0,0,4,3,0,0,0.3100000023841858
1d1e1mb,0.022,0.093,0.079,0.846,0.075,-0.1548,144,12.516099999999998,0,1,0,1,0,0,0,0,0,0,0,0,0,0,1,0,0,0,0,0,0,2,0,0,4,6,3,0,0,0,0,0,0,0,0,0,0,0,0,0,0,0,19,9,0,0,0,0,0,2,1.0
1d1e9n9,0.139,0.113,0.074,0.737,0.189,0.9952,412,12.114078956130353,8,13,1,13,0,0,0,0,0,0,0,0,0,0,3,3,0,0,0,0,0,7,3,2,15,14,15,0,0,1,2,0,0,0,0,0,0,0,2,6,0,0,13,31,6,4,15,1,0,0,0.20999999344348907
1d1f0p9,0.03,0.44,0.0,1.0,0.0,0.0,8,8.841846274778883,0,0,0,0,0,0,0,0,0,0,0,0,0,0,0,0,0,0,0,0,0,0,0,0,0,0,0,0,0,0,0,0,0,0,0,0,0,0,0,0,0,0,0,0,0,0,0,0,0,1,1.0
1d1fdmh,0.015,0.11,0.218,0.585,0.197,-0.1027,13,8.841846274778883,0,0,0,0,0,0,0,0,0,0,0,0,0,0,0,0,0,0,0,0,0,0,0,0,0,1,1,0,0,0,0,0,0,0,0,0,0,0,0,0,0,0,1,1,0,0,0,0,0,1,1.0
1d1fmj6,0.117,0.52,0.236,0.665,0.098,-0.9942,271,8.841846274778883,3,16,4,8,0,3,0,0,0,0,0,0,0,0,3,5,0,0,0,0,0,0,26,0,5,10,19,0,0,0,6,0,1,0,0,2,0,0,0,0,0,0,5,16,3,0,4,1,2,0,0.36000001430511475
1d1fupz,0.059,0.025,0.084,0.823,0.093,0.7245,541,14.625780107752846,8,33,0,9,0,1,0,0,0,0,0,0,2,0,2,5,0,0,0,0,0,3,14,1,4,6,11,0,0,0,0,0,0,0,0,0,0,0,0,0,0,0,5,37,2,5,9,2,0,93,0.7099999785423279
1d1fvrp,0.025,0.113,0.147,0.766,0.086,-0.9556,281,9.478462496947788,4,13,0,4,0,0,0,0,0,0,0,0,0,0,7,3,0,0,1,0,0,0,1,1,19,7,8,0,0,0,1,0,0,0,0,0,0,0,0,0,0,0,14,25,2,9,7,2,2,0,0.25999999046325684
1d1gee4,0.039,0.195,0.129,0.752,0.119,-0.5921,147,11.645159339076184,3,8,0,10,0,0,0,0,0,0,0,0,0,0,1,1,0,0,0,0,0,0,7,0,5,5,7,0,3,0,5,0,0,0,0,1,0,0,0,0,0,0,1,12,2,1,3,4,0,42,0.5899999737739563
1d1h20u,0.034,0.028,0.065,0.886,0.05,-0.8217,592,9.704964791036993,15,30,0,19,0,0,0,0,0,0,0,0,0,0,2,3,0,0,5,0,0,2,7,44,7,19,17,0,0,0,1,0,0,0,0,0,0,0,1,1,0,0,33,33,6,4,19,0,0,943,0.9100000262260437
1d1hljb,0.054,0.096,0.099,0.798,0.103,-0.5836,231,12.060818386365153,4,17,2,7,0,7,0,0,0,0,0,0,0,0,2,3,0,0,1,0,0,0,5,5,4,4,10,0,0,0,1,0,0,0,0,2,0,0,1,1,0,0,2,23,4,1,4,0,1,0,0.23999999463558197
1d1hqa1,0.044,0.084,0.545,0.455,0.0,-0.7184,7,3.1291,0,0,0,0,0,0,0,0,0,0,0,0,0,0,0,0,0,0,0,0,0,0,0,0,0,0,0,0,0,0,0,0,0,0,0,0,0,0,0,0,0,0,1,1,0,0,0,0,0,1,1.0
1d1i4h3,0.044,0.079,0.545,0.455,0.0,-0.7184,7,3.1291,0,0,0,0,0,0,0,0,0,0,0,0,0,0,0,0,0,0,0,0,0,0,0,0,0,0,0,0,0,0,0,0,0,0,0,0,0,0,0,0,0,0,1,1,0,0,0,0,0,1,1.0
1d1i8db,0.093,0.1,0.0,1.0,0.0,0.0,10,13.023866798666859,0,0,0,0,0,0,0,0,0,0,0,0,0,0,0,0,0,0,0,0,0,0,0,0,0,0,1,0,0,0,0,0,0,0,0,0,0,0,0,0,0,0,1,1,0,0,0,0,0,0,0.23000000417232513
1d1ie7l,0.018,0.141,0.048,0.871,0.081,0.8313,187,12.161744961471694,2,12,0,2,0,0,0,0,0,0,0,0,0,0,0,4,0,0,0,0,0,0,9,0,2,2,6,0,0,0,0,0,0,0,0,4,0,0,1,0,0,0,11,19,2,1,3,1,1,0,0.47999998927116394
1d1ijon,0.078,0.091,0.137,0.791,0.071,-0.9261,150,13.023866798666859,3,15,0,2,0,0,0,0,0,0,0,0,0,0,0,1,0,0,0,0,0,0,5,0,1,6,8,0,0,1,0,0,0,0,0,0,0,0,0,0,0,0,2,15,1,2,2,1,0,0,0.3700000047683716
1d1im4w,0.02,0.111,0.0,0.674,0.326,0.7003,14,11.20814326018867,0,0,0,0,0,0,0,0,0,0,0,0,0,0,0,0,0,0,0,0,0,0,0,0,0,2,1,0,0,0,0,0,0,0,0,0,0,0,0,0,0,0,0,1,0,0,0,0,0,1,1.0
1d1io8g,0.02,0.111,0.0,0.674,0.326,0.7003,14,11.20814326018867,0,0,0,0,0,0,0,0,0,0,0,0,0,0,0,0,0,0,0,0,0,0,0,0,0,2,1,0,0,0,0,0,0,0,0,0,0,0,0,0,0,0,0,1,0,0,0,0,0,1,1.0
1d1ip6a,0.022,0.112,0.0,0.674,0.326,0.7003,14,13.023866798666859,0,0,0,0,0,0,0,0,0,0,0,0,0,0,0,0,0,0,0,0,0,0,0,0,0,2,1,0,0,0,0,0,0,0,0,0,0,0,0,0,0,0,0,1,0,0,0,0,0,2,0.550000011920929
1d1iv6a,0.124,0.886,0.247,0.753,0.0,-0.5574,12,3.1291,0,1,1,0,0,0,0,0,0,0,0,0,0,0,0,0,0,0,0,0,0,0,0,0,0,0,2,0,0,0,0,0,0,0,0,0,0,0,0,0,0,0,0,0,0,0,0,0,0,0,0.4000000059604645
1d1kh2m,0.031,0.361,0.246,0.492,0.263,0.0613,9,3.1291,0,0,0,1,0,0,0,0,0,0,0,0,0,0,0,0,0,0,0,0,0,0,1,0,0,1,1,0,0,0,0,0,0,0,0,0,0,0,0,0,0,0,0,0,0,0,0,0,0,1,1.0
1d1kqpb,0.03,0.292,0.203,0.58,0.217,0.0613,12,8.841846274778883,0,0,0,1,0,0,0,0,0,0,0,0,0,0,0,0,0,0,0,0,0,0,1,0,0,1,1,0,0,0,0,0,0,0,0,0,0,0,0,0,0,0,0,2,0,0,0,1,0,1,1.0
1d1lfv2,0.055,0.047,0.095,0.905,0.0,-0.296,22,11.20814326018867,0,0,0,1,0,0,0,0,0,0,0,0,0,0,0,0,0,0,0,0,0,0,0,2,0,0,0,0,0,0,0,0,0,0,0,0,0,0,0,0,0,0,1,3,0,0,0,0,0,1,1.0
1d1llls,0.056,0.033,0.0,0.577,0.423,0.6808,12,15.903189008614273,2,0,0,0,0,0,0,0,0,0,0,0,0,0,0,0,0,0,0,0,0,0,0,0,0,1,0,0,0,0,0,0,0,0,0,0,0,0,0,0,0,0,0,3,1,0,1,0,0,1,1.0
1d1mat3,0.049,0.054,0.0,0.823,0.177,0.4215,14,14.554592549557764,0,0,0,1,0,0,0,0,0,0,0,0,0,0,0,0,0,0,0,0,0,0,0,0,0,2,0,0,0,0,0,0,0,0,0,0,0,0,0,0,0,0,1,2,0,0,0,0,0,1,1.0
1d1ms4h,0.03,0.107,0.148,0.773,0.079,-0.9554,271,14.90622815163357,9,17,0,7,0,0,0,0,0,0,0,0,0,0,0,3,0,0,0,0,0,1,7,3,9,9,15,0,1,0,2,0,0,0,0,0,0,0,3,2,0,0,7,24,3,2,9,1,0,0,0.3799999952316284
1d1mtm4,0.055,0.243,0.051,0.87,0.079,0.7922,323,9.107695989026187,7,18,2,7,0,0,0,0,0,0,0,0,0,0,0,1,0,0,1,0,0,0,11,9,5,16,9,0,0,0,0,1,3,0,0,3,0,0,3,1,0,0,3,19,7,1,6,2,0,0,0.47999998927116394
1d1n388,0.061,0.375,0.17,0.74,0.09,-0.795,96,13.427899808715576,1,7,0,0,0,0,0,0,0,0,0,0,0,0,0,1,0,0,0,0,0,0,2,3,9,5,10,0,0,0,1,0,1,0,0,0,0,0,0,0,0,0,0,14,2,0,0,2,1,0,0.20000000298023224
1d1nj7p,0.196,0.206,0.028,0.918,0.055,0.8402,286,11.473099999999999,3,14,0,10,0,0,0,0,0,0,0,0,0,0,2,4,0,0,0,0,0,2,2,9,11,5,7,0,0,0,1,0,0,0,0,0,0,0,0,2,0,0,6,24,3,2,4,1,0,12,0.5799999833106995
1d1nqf1,0.126,0.315,0.297,0.507,0.196,-0.34,9,11.20814326018867,1,0,0,0,0,0,0,0,0,0,0,0,0,0,0,0,0,0,0,0,0,0,0,0,0,0,1,0,0,0,0,0,0,0,0,0,0,0,0,0,0,0,1,1,0,0,0,0,0,1,1.0
1d1o2f4,0.236,0.123,0.11,0.842,0.047,-0.9149,169,12.785403640627713,1,5,0,4,0,0,0,0,0,0,0,0,0,0,1,2,0,0,1,0,0,0,1,3,6,2,3,0,0,0,0,0,0,0,0,0,0,0,0,4,0,0,2,18,1,3,4,0,0,0,0.4300000071525574
1d1opdz,0.042,0.178,0.058,0.851,0.091,0.9321,445,15.719379583869454,6,31,0,8,0,0,0,0,0,0,0,0,0,0,0,2,0,0,0,0,0,4,10,1,8,20,17,0,1,0,2,0,0,0,0,0,0,0,3,4,0,0,29,24,7,6,11,3,0,0,0.3799999952316284
1d1phzr,0.027,0.032,0.0,0.617,0.383,0.4767,6,3.1291,0,1,0,0,0,0,0,0,0,0,0,0,0,0,0,0,0,0,0,0,0,1,0,0,0,1,0,0,0,0,0,0,0,0,0,0,0,0,0,0,0,0,0,0,0,0,0,0,0,1,1.0
1d1pnod,0.038,0.043,0.0,1.0,0.0,0.0,12,8.841846274778883,0,0,0,0,0,0,0,0,0,0,0,0,0,0,0,0,0,0,0,0,0,0,2,0,1,0,1,0,0,0,0,0,0,0,0,0,0,0,0,0,0,0,1,2,0,0,0,0,0,1,1.0
1d1pqxa,0.049,0.158,0.073,0.857,0.07,-0.3213,333,14.06817628641468,4,25,0,6,0,0,0,0,0,0,0,0,0,0,5,2,0,0,2,0,0,0,5,10,4,12,13,0,1,1,2,0,1,0,0,0,0,0,0,2,0,0,27,25,5,5,7,3,0,784,0.6899999976158142
1d1q1gz,0.026,0.032,0.078,0.877,0.045,-0.7845,166,15.343465313023842,3,12,0,0,0,0,0,0,0,0,0,0,0,0,0,2,0,0,0,0,0,0,3,0,4,4,6,0,0,0,2,0,0,0,0,0,0,0,0,0,0,0,3,14,2,0,1,3,1,0,0.25
1d1q575,0.036,0.227,0.05,0.787,0.163,0.9437,130,12.161744961471694,1,9,0,7,0,0,0,0,0,0,0,0,0,0,1,0,0,0,0,0,0,0,1,2,12,5,1,0,0,0,0,0,0,0,0,0,0,0,0,0,0,0,3,15,1,0,4,0,0,0,0.46000000834465027
1d1r7mi,0.027,0.32,0.0,0.861,0.139,0.2716,14,8.841846274778883,0,0,0,0,0,0,0,0,0,0,0,0,0,0,0,0,0,0,0,0,0,0,0,0,0,1,1,0,0,0,0,0,0,0,0,0,0,0,0,0,0,0,1,3,0,0,0,0,0,1,1.0
1d1r9io,0.058,0.034,0.036,0.886,0.078,0.8846,315,10.832165505486643,4,31,0,6,0,0,0,0,0,0,0,0,0,0,4,2,0,0,0,0,0,0,23,5,0,5,7,0,0,0,5,1,0,0,0,0,0,0,3,2,0,0,0,27,7,1,6,1,0,23,0.6899999976158142
1d1rchy,0.037,0.661,0.19,0.81,0.0,-0.7783,31,13.023866798666859,0,2,0,0,0,0,0,0,0,0,0,0,0,0,1,0,0,0,0,0,0,0,0,2,2,0,2,0,0,0,0,0,0,0,0,0,0,0,0,0,0,0,0,5,0,0,0,0,0,1,1.0
1d1rmce,0.035,0.084,0.126,0.874,0.0,-0.5994,28,15.903189008614273,0,2,0,1,0,0,0,0,0,0,0,0,0,0,0,0,0,0,0,0,0,0,0,0,0,0,1,0,0,0,0,0,0,0,0,0,0,0,0,0,0,0,4,5,0,0,0,0,0,1,1.0
1d1rrfb,0.067,0.056,0.0,1.0,0.0,0.0,20,13.023866798666859,0,1,0,0,0,0,0,0,0,0,0,0,0,0,0,0,0,0,0,0,0,0,0,0,1,1,0,0,0,0,0,0,0,0,0,0,0,0,0,0,0,0,2,3,0,0,0,0,0,1,1.0
1d1ruf3,0.054,0.286,0.073,0.868,0.06,-0.25,138,12.28987398476788,2,9,0,2,0,0,0,0,0,0,0,0,0,0,1,0,0,0,0,0,0,0,1,0,10,5,5,0,0,0,0,0,0,0,0,0,0,0,0,1,0,0,11,10,0,1,2,1,0,555,0.8199999928474426
1d1rwn4,0.042,0.026,0.214,0.533,0.253,0.1139,8,8.841846274778883,0,0,0,2,0,0,0,0,0,0,0,0,0,0,0,0,0,0,0,0,0,0,0,0,0,1,1,0,0,0,0,0,0,0,0,0,0,0,0,0,0,0,0,3,0,0,0,0,0,1,1.0
1d1sf7h,0.064,0.037,0.0,1.0,0.0,0.0,16,17.122413403193683,1,0,0,0,0,0,0,0,0,0,0,0,0,0,0,0,0,0,0,0,0,0,1,0,0,0,0,0,0,0,0,0,0,0,0,0,0,0,0,0,0,0,1,3,0,0,1,0,0,1,1.0
1d1sui2,0.063,0.056,0.067,0.767,0.167,0.9913,346,12.815532586354998,6,22,0,11,0,0,0,0,0,0,0,0,0,0,3,5,0,0,0,0,0,7,4,0,11,15,8,0,1,0,1,0,0,0,0,0,0,0,0,4,0,0,2,26,3,4,9,0,1,0,0.23000000417232513
1d1syy6,0.024,0.059,0.125,0.736,0.139,0.8342,857,12.141650064585864,19,36,2,15,0,0,0,0,0,0,0,0,1,0,4,3,0,0,2,0,1,8,72,10,4,35,26,0,0,0,7,0,0,0,0,0,0,0,1,1,0,0,28,34,4,3,19,13,0,0,0.4399999976158142
1d1szbz,0.024,0.09,0.0,0.753,0.247,0.3182,8,8.841846274778883,0,1,0,1,0,0,0,0,0,0,0,0,0,0,0,0,0,0,0,0,0,0,0,1,0,0,0,0,0,0,0,0,0,0,0,0,0,0,0,0,0,0,0,0,0,0,0,0,0,1,1.0
1d1tic0,0.134,0.114,0.089,0.834,0.077,-0.7853,227,16.218646115125612,5,14,1,4,0,0,0,0,0,0,0,0,0,0,1,3,0,0,0,0,0,1,2,0,2,4,7,0,0,0,0,0,1,0,0,0,0,0,0,5,0,0,0,18,2,3,1,0,0,0,0.38999998569488525
1d1tlr2,0.036,0.032,0.132,0.666,0.202,0.9175,110,16.728156217252725,5,1,0,5,0,0,0,0,0,0,0,0,0,0,0,2,0,0,0,0,0,0,2,1,5,2,4,0,0,1,1,0,0,0,0,0,0,0,2,0,0,0,1,13,1,2,4,0,0,0,0.11999999731779099
1d1tqo4,0.034,0.343,0.107,0.741,0.152,0.9948,1187,10.550175099000144,14,82,8,19,0,1,0,0,1,0,0,0,1,0,0,11,0,0,0,1,1,97,20,10,5,56,48,0,1,1,0,2,2,0,1,10,2,1,4,9,0,0,10,40,9,13,24,7,0,0,0.14000000059604645
1d1uorv,0.056,0.274,0.406,0.594,0.0,-0.6249,7,8.841846274778883,0,0,0,1,0,0,0,0,0,0,0,0,0,0,0,0,0,0,0,0,0,0,0,0,0,1,0,0,0,0,0,0,0,0,0,0,0,0,0,0,0,0,0,1,0,0,1,0,0,1,1.0
1d1w0vr,0.049,0.401,0.0,0.836,0.164,0.3724,14,8.841846274778883,0,0,0,1,0,0,0,0,0,0,0,0,0,0,0,0,0,0,0,0,0,0,0,0,0,1,1,0,0,0,0,0,0,0,0,0,0,0,0,0,0,0,1,4,0,0,0,0,0,1,1.0
1d1whql,0.061,0.099,0.403,0.391,0.206,-0.4641,9,3.1291,0,0,0,0,0,0,0,0,0,0,0,0,0,0,0,0,0,0,0,0,0,0,0,0,0,1,1,0,0,0,0,0,0,0,0,0,0,0,0,0,0,0,0,2,0,0,0,0,0,1,1.0
1d1y22j,0.021,0.179,0.123,0.79,0.087,-0.9521,285,14.06817628641468,5,25,0,3,0,0,0,0,0,0,0,0,0,0,0,1,0,0,0,0,0,3,0,0,1,10,20,0,0,0,0,1,0,0,0,0,0,0,0,1,0,0,37,20,2,4,5,0,0,352,0.699999988079071
1d1y4jr,0.04,0.097,0.066,0.78,0.154,0.9944,472,19.72995580123306,5,28,0,5,0,0,0,0,0,0,0,0,0,0,7,8,0,0,0,0,0,0,7,2,10,19,12,0,0,0,3,0,0,0,0,0,0,0,0,0,0,0,28,33,2,5,3,1,0,0,0.27000001072883606
1d1yro7,0.052,0.83,0.318,0.682,0.0,-0.4215,7,8.841846274778883,0,0,0,0,0,0,0,0,0,0,0,0,0,0,0,0,0,0,0,0,0,0,0,0,0,0,0,0,0,0,0,0,0,0,0,0,0,0,0,0,0,0,0,0,0,0,0,0,0,1,1.0
1d1ysnp,0.077,0.154,0.0,0.836,0.164,0.9584,109,15.470042427545799,1,5,0,1,0,0,0,0,0,0,0,0,0,0,0,2,0,0,0,0,0,1,1,1,2,6,2,0,0,0,1,1,0,0,0,0,0,0,1,1,0,0,0,16,3,2,6,0,0,0,0.25
1d1zcin,0.147,0.044,0.0,0.615,0.385,0.3612,5,3.1291,0,0,0,0,0,0,0,0,0,0,0,0,0,0,0,0,0,0,0,0,0,0,1,0,0,1,0,0,0,0,0,0,0,0,0,0,0,0,0,0,0,0,0,1,1,0,0,0,0,1,0.9900000095367432
1d20584,0.032,0.02,0.0,1.0,0.0,0.0,10,3.1291,0,0,0,0,0,0,0,0,0,0,0,0,0,0,0,0,0,0,0,0,0,0,0,0,0,0,1,0,0,0,0,0,0,0,0,0,0,0,0,0,0,0,2,1,0,0,0,0,0,1,1.0
1d209x2,0.629,0.233,0.21,0.683,0.107,-0.9937,355,13.427899808715576,2,24,0,4,0,0,0,0,0,0,0,0,0,0,1,3,0,0,0,0,0,2,24,2,9,10,37,0,1,1,0,1,0,0,0,0,0,1,1,1,0,0,4,23,3,0,11,2,0,0,0.33000001311302185
1d20en2,0.124,0.352,0.046,0.768,0.186,0.9086,104,10.914260884657427,2,9,1,1,0,0,0,0,0,0,0,0,0,0,1,1,0,0,0,0,0,3,5,0,0,8,2,0,0,0,2,0,0,0,0,0,0,0,1,1,0,0,2,12,3,0,0,1,1,1,1.0
1d20epl,0.124,0.352,0.046,0.768,0.186,0.9086,104,10.914260884657427,2,9,1,1,0,0,0,0,0,0,0,0,0,0,1,1,0,0,0,0,0,3,5,0,0,8,2,0,0,0,2,0,0,0,0,0,0,0,1,1,0,0,2,12,3,0,0,1,1,1,1.0
1d20etj,0.124,0.352,0.046,0.768,0.186,0.9086,104,10.914260884657427,2,9,1,1,0,0,0,0,0,0,0,0,0,0,1,1,0,0,0,0,0,3,5,0,0,8,2,0,0,0,2,0,0,0,0,0,0,0,1,1,0,0,2,12,3,0,0,1,1,1,1.0
1d20nii,0.015,0.094,0.162,0.838,0.0,-0.4767,17,3.1291,0,1,0,0,0,0,0,0,0,0,0,0,0,0,0,0,0,0,0,0,0,1,0,0,0,1,1,0,1,0,0,0,0,0,0,0,0,0,0,0,0,0,1,2,0,0,0,0,0,1,1.0
1d20rcf,0.124,0.339,0.046,0.768,0.186,0.9086,104,10.914260884657427,2,9,1,1,0,0,0,0,0,0,0,0,0,0,1,1,0,0,0,0,0,3,5,0,0,8,2,0,0,0,2,0,0,0,0,0,0,0,1,1,0,0,2,12,3,0,0,1,1,0,0.4000000059604645
1d21q8x,0.125,0.252,0.127,0.694,0.179,0.9994,2103,10.093289441947523,14,126,14,62,0,14,0,0,0,0,0,0,0,2,10,11,0,0,2,0,1,17,21,58,91,102,85,0,1,5,2,0,3,0,0,2,0,0,3,19,0,0,36,63,10,5,28,7,4,0,0.12999999523162842
1d21x1d,0.048,0.399,0.136,0.78,0.084,-0.8766,165,12.838901577100671,7,14,0,5,0,0,0,0,0,0,0,0,0,0,1,3,0,0,0,0,0,0,1,0,10,3,11,0,1,0,0,1,0,0,0,0,0,0,0,0,0,0,3,15,2,1,0,0,0,0,0.09000000357627869
1d224r1,0.035,0.199,0.094,0.82,0.086,-0.1131,148,13.023866798666859,3,12,0,5,0,0,0,1,0,0,0,0,0,0,2,2,0,0,0,0,0,1,2,2,7,1,3,0,0,0,1,0,1,0,0,0,0,0,1,1,0,0,1,18,1,1,3,0,0,0,0.25
1d22gf5,0.081,0.114,0.151,0.758,0.091,-0.9982,915,13.221781732099476,6,51,2,11,0,3,0,0,0,0,0,0,0,0,2,7,0,0,0,0,0,2,9,2,14,14,26,0,0,1,1,0,1,0,0,0,1,0,1,1,0,0,99,42,5,4,11,5,0,2,0.5099999904632568
1d23074,0.467,0.378,0.168,0.729,0.102,-0.9892,367,12.161744961471694,1,27,5,5,0,0,0,0,0,0,0,0,0,0,6,3,0,0,1,0,0,8,3,12,5,9,22,0,1,0,1,0,0,0,0,1,0,0,1,5,0,0,2,31,4,3,5,1,0,0,0.17000000178813934
1d23lgy,0.024,0.036,0.437,0.359,0.204,-0.4404,10,3.1291,0,0,0,0,0,0,0,0,0,0,0,0,0,0,0,0,0,0,0,0,0,0,0,0,0,1,0,0,0,0,0,0,0,0,0,0,0,0,0,0,0,0,1,2,0,0,0,0,0,1,1.0
1d23lit,0.171,0.167,0.201,0.735,0.064,-0.6486,26,13.023866798666859,0,0,0,1,0,0,0,0,0,0,0,0,0,0,3,0,0,0,0,0,0,2,0,0,1,1,2,0,0,0,0,0,0,0,0,0,0,0,0,0,0,0,0,4,0,0,0,0,0,1,1.0
1d23lsb,0.345,0.563,0.109,0.68,0.211,0.9665,153,12.031772070788634,2,9,5,3,0,0,0,0,0,0,0,0,0,0,1,4,0,0,0,0,0,1,0,1,3,10,6,0,0,0,0,0,0,0,0,0,0,0,1,2,0,0,4,16,2,1,5,0,0,20,0.6299999952316284
1d23pif,0.027,0.034,0.066,0.887,0.047,-0.6793,360,13.133204557630332,2,24,0,14,0,0,0,0,0,0,0,0,0,0,9,0,0,0,2,0,0,0,9,6,4,9,10,0,0,0,2,0,0,0,0,0,0,0,0,4,0,0,19,25,4,5,4,1,1,185,0.7400000095367432
1d23poq,0.511,0.66,0.204,0.714,0.082,-0.9758,171,12.060818386365153,0,7,2,7,0,3,0,0,0,0,0,0,0,0,1,1,0,0,0,0,0,1,1,0,9,9,13,0,0,0,0,0,0,0,0,0,0,0,0,1,0,0,15,18,1,0,1,0,0,0,0.17000000178813934
1d24gkj,0.037,0.127,0.122,0.761,0.118,0.3983,193,9.851270322608155,1,16,1,16,0,0,0,1,0,0,0,0,0,0,0,3,0,0,1,0,0,0,8,6,4,6,7,0,2,0,1,1,0,0,0,1,0,0,0,2,0,0,3,17,2,1,6,2,0,0,0.2800000011920929
1d258ht,0.073,0.216,0.056,0.816,0.128,0.9398,239,10.125756701596842,6,13,0,10,0,3,0,0,0,0,0,0,0,0,2,5,0,0,0,0,0,2,17,0,1,8,4,0,0,0,4,0,1,0,0,1,0,0,1,1,0,0,2,25,4,1,10,3,1,0,0.5
1d25bsy,0.023,0.105,0.09,0.719,0.191,0.8868,109,13.968273953766033,4,4,0,2,0,0,0,0,0,0,0,0,0,0,0,3,0,0,0,0,0,0,1,0,2,6,5,0,0,0,0,0,0,0,0,0,0,0,0,0,0,0,5,16,0,3,0,0,0,34,0.7300000190734863
1d25bt0,0.046,0.094,0.086,0.793,0.121,0.8005,177,15.470042427545799,5,6,0,2,0,0,0,0,0,0,0,0,1,0,0,2,0,0,0,0,0,2,3,0,9,11,10,0,0,0,0,0,0,0,0,0,0,0,0,1,0,0,18,20,3,1,3,1,0,0,0.3400000035762787
1d25ckx,0.088,0.343,0.051,0.883,0.066,0.8444,490,10.33465798735191,10,9,1,5,0,0,0,0,0,0,0,0,0,0,2,2,0,0,0,0,0,5,13,19,3,12,8,0,0,0,2,1,1,0,0,2,0,0,1,4,0,0,12,30,3,4,19,3,1,151,0.7799999713897705
1d25ie2,0.071,0.02,0.061,0.893,0.046,-0.4581,239,15.381575749822971,3,9,0,5,0,0,0,0,0,0,0,0,0,0,0,3,0,0,0,0,0,0,6,3,2,5,4,1,0,0,2,0,0,0,0,0,0,0,0,2,0,0,6,17,0,1,15,1,0,0,0.05000000074505806
1d25swm,0.048,0.071,0.0,0.741,0.259,0.6369,13,8.841846274778883,0,1,0,0,0,0,0,0,0,0,0,0,0,0,0,0,0,0,0,0,0,0,0,0,0,1,0,0,0,0,0,0,0,0,0,0,0,0,0,0,0,0,2,2,0,0,0,0,0,1,1.0
1d25vft,0.066,0.162,0.049,0.88,0.07,0.7231,312,12.07096230602999,3,21,0,6,0,0,0,0,0,0,0,0,0,0,3,2,0,0,0,0,0,0,0,0,26,10,9,0,0,0,0,0,0,0,0,0,0,0,1,2,0,0,15,23,2,2,6,0,1,0,0.38999998569488525
1d2661d,0.03,0.099,0.09,0.806,0.104,0.9008,1136,11.281258264143084,20,52,0,37,0,1,0,0,0,0,0,0,3,0,15,13,0,0,4,1,0,17,48,29,31,37,32,2,1,0,8,1,3,0,0,11,1,0,1,9,0,0,36,50,9,6,26,5,2,0,0.3199999928474426
1d2708m,0.068,0.361,0.395,0.605,0.0,-0.8689,18,13.023866798666859,1,0,0,0,0,0,0,0,0,0,0,0,0,0,0,0,0,0,0,0,0,0,0,0,0,0,1,0,0,0,0,0,0,0,0,0,0,0,0,0,0,0,0,1,0,0,1,0,0,1,1.0
1d2751e,0.026,0.136,0.194,0.741,0.065,-0.9742,139,12.161744961471694,2,14,0,7,0,0,0,0,0,0,0,0,0,0,3,0,0,0,0,0,0,0,14,0,1,4,5,0,0,0,3,0,0,0,0,0,0,0,0,1,0,0,2,11,1,1,3,0,1,6,0.800000011920929
1d2801e,0.297,0.397,0.134,0.866,0.0,-0.5719,25,17.122413403193683,1,1,0,0,0,0,0,0,0,0,0,0,0,0,0,0,0,0,0,0,0,0,1,3,0,1,2,0,0,0,0,0,0,0,0,0,0,0,0,0,0,0,3,5,0,0,1,0,0,1,1.0
1d28f3g,0.025,0.096,0.6,0.4,0.0,-0.5423,5,11.20814326018867,0,0,0,0,0,0,0,0,0,0,0,0,0,0,0,0,0,0,0,0,0,0,0,0,0,0,2,0,0,0,0,0,0,0,0,0,0,0,0,0,0,0,1,0,0,0,0,0,0,1,1.0
1d292ns,0.384,0.475,0.384,0.616,0.0,-0.9531,30,11.20814326018867,0,1,0,0,0,0,0,0,0,0,0,0,0,0,0,1,0,0,0,0,0,0,0,5,0,1,1,0,0,0,0,0,0,0,0,0,0,0,0,0,0,0,1,4,0,0,0,0,0,1,1.0
1d2a989,0.079,0.192,0.0,1.0,0.0,0.0,12,3.1291,0,1,0,2,0,1,0,0,0,0,0,0,0,0,0,0,0,0,0,0,0,0,0,0,0,0,0,0,0,0,0,0,0,0,0,0,0,0,0,1,0,0,0,0,0,0,1,0,0,1,1.0
1d2ajtz,0.046,0.203,0.0,1.0,0.0,0.0,18,13.023866798666859,0,1,0,1,0,0,0,0,0,0,0,0,0,0,0,0,0,0,0,0,0,0,0,0,0,0,1,0,0,0,0,0,0,0,0,0,0,0,0,0,0,0,0,3,0,0,0,0,0,1,1.0
1d2almn,0.375,0.164,0.146,0.743,0.111,-0.7767,139,9.957137785484202,0,10,1,7,0,0,0,0,0,0,0,0,0,0,0,0,0,0,0,0,0,1,0,3,1,7,8,0,0,0,0,0,0,0,0,3,0,0,1,1,0,0,6,13,2,0,1,0,0,0,0.4000000059604645
1d2bzlj,0.03,0.015,0.0,1.0,0.0,0.0,14,17.122413403193683,0,0,0,0,0,0,0,0,0,0,0,0,0,0,0,0,0,0,0,0,0,0,0,0,0,0,0,0,0,0,0,0,0,0,0,0,0,0,0,0,0,0,0,4,0,0,0,0,0,1,1.0
1d2ccwi,0.126,0.106,0.034,0.949,0.017,-0.6486,195,11.45678717892309,2,5,0,0,0,0,0,0,0,0,0,0,0,0,1,0,0,0,0,0,0,0,2,1,1,3,6,0,0,0,0,1,0,0,0,0,0,0,0,2,0,0,11,15,1,1,0,0,0,37,0.7099999785423279
1d2cfza,0.025,0.053,0.0,0.656,0.344,0.4939,10,3.1291,0,0,0,0,0,0,0,0,0,0,0,0,0,0,0,0,0,0,0,0,0,2,0,0,0,0,0,0,0,0,0,0,0,0,0,0,0,0,0,0,0,0,0,0,0,0,0,0,0,1,1.0
1d2cj3o,0.153,0.137,0.196,0.715,0.089,-0.9977,532,13.99691118717104,5,33,0,10,0,0,0,0,0,0,0,0,0,0,3,4,0,0,0,0,0,6,0,1,25,22,33,0,0,0,0,1,0,0,0,1,0,0,3,7,0,0,11,35,2,11,12,1,0,559,0.800000011920929
1d2cmbp,0.019,0.109,0.0,0.756,0.244,0.4943,15,11.20814326018867,0,1,0,1,0,0,0,0,0,0,0,0,0,0,0,0,0,0,0,0,0,0,1,0,0,1,0,0,0,0,0,0,0,0,0,0,0,0,0,0,0,0,0,4,0,0,1,0,1,1,1.0
1d2cxjt,0.023,0.107,0.148,0.72,0.132,-0.912,437,10.891193690592665,5,23,0,13,0,2,0,0,0,0,0,0,0,0,2,4,0,0,0,0,1,0,9,1,19,17,14,1,0,0,1,0,0,0,0,0,0,0,2,0,0,0,23,28,5,1,13,1,0,0,0.3199999928474426
1d2d2ll,0.047,0.007,0.0,1.0,0.0,0.0,3,3.1291,0,0,0,0,0,0,0,0,0,0,0,0,0,0,0,0,0,0,0,0,0,0,0,0,0,0,0,0,0,0,0,0,0,0,0,0,0,0,0,0,0,0,0,0,0,0,0,0,0,1,1.0
1d2dk76,0.022,0.058,0.0,1.0,0.0,0.0,5,3.1291,0,0,0,0,0,0,0,0,0,0,0,0,0,0,0,0,0,0,0,0,0,0,0,0,0,0,0,0,0,0,0,0,0,0,0,0,0,0,0,0,0,0,1,0,0,0,0,1,0,1,1.0
1d2dv9j,0.042,0.112,0.036,0.86,0.105,0.9432,184,17.693802365651003,1,7,0,0,0,0,0,0,0,0,0,0,0,0,0,1,0,0,0,0,0,0,6,0,3,4,5,0,0,0,1,0,0,0,0,0,0,0,0,0,0,0,10,17,0,0,3,1,0,16,0.6200000047683716
1d2e8u6,0.058,0.023,0.0,0.788,0.212,0.7906,28,10.125756701596842,0,2,0,1,0,0,0,0,0,0,0,0,0,0,0,0,0,0,0,0,0,0,0,0,0,1,0,0,0,0,0,0,0,0,0,0,0,0,0,0,0,0,1,6,0,0,0,0,0,1,1.0
1d2ftti,0.039,0.067,0.061,0.939,0.0,-0.0772,21,15.903189008614273,2,0,0,0,0,0,0,0,0,0,0,0,0,0,0,0,0,0,0,0,0,0,0,0,0,1,0,0,0,0,0,0,0,0,0,0,0,0,0,0,0,0,0,4,0,0,1,0,0,1,0.6600000262260437
1d2fumc,0.076,0.257,0.101,0.776,0.122,0.8991,370,11.886574207783884,6,17,0,6,0,3,0,0,0,0,0,0,0,0,0,3,0,0,0,0,0,1,6,4,8,12,16,1,1,1,1,0,0,0,0,0,0,0,0,2,0,0,14,30,4,0,6,1,0,0,0.28999999165534973
1d2g2bq,0.029,0.296,0.092,0.746,0.162,0.9759,312,15.514038796780547,7,10,0,8,0,0,0,0,0,0,0,0,0,0,0,6,0,0,0,0,0,0,16,4,5,11,10,0,0,0,4,0,0,0,0,0,0,0,1,1,0,0,17,23,5,3,4,3,0,0,0.12999999523162842
1d2g7fz,0.509,0.117,0.047,0.819,0.134,0.8943,166,12.602617957971052,1,10,0,1,0,1,0,0,0,0,0,0,0,0,0,2,0,0,0,0,0,1,1,5,0,8,7,0,0,0,0,0,1,0,0,0,0,0,0,0,0,0,8,18,1,1,5,0,0,0,0.2199999988079071
1d2hmoi,0.076,0.219,0.203,0.734,0.064,-0.9739,146,11.20814326018867,1,12,0,3,0,0,0,0,0,0,0,0,0,0,1,0,0,0,0,0,1,1,5,0,0,2,10,0,0,0,1,0,0,0,0,0,0,0,0,0,0,0,2,9,2,1,1,0,0,0,0.30000001192092896
1d2hqy3,0.08,0.378,0.0,1.0,0.0,0.0,11,13.023866798666859,1,0,0,1,0,0,0,0,0,0,0,0,0,0,0,0,0,0,0,0,0,0,0,0,0,0,0,0,0,0,0,0,0,0,0,0,0,0,0,0,0,0,0,3,0,0,1,0,0,1,1.0
1d2i3v8,0.015,0.016,0.333,0.667,0.0,-0.3595,6,8.841846274778883,0,0,0,0,0,0,0,0,0,0,0,0,0,0,0,0,0,0,0,0,0,0,0,0,0,0,0,0,0,0,0,0,0,0,0,0,0,0,0,0,0,0,0,0,0,0,0,0,0,1,1.0
1d2i47x,0.037,0.105,0.139,0.714,0.147,0.9325,2043,11.142724829203438,21,122,1,66,0,17,0,0,0,0,0,0,0,1,11,11,0,0,3,0,0,0,2,111,46,101,79,6,2,0,0,0,4,0,0,1,0,0,4,20,0,0,32,50,4,15,71,2,1,0,0.3799999952316284
1d2ioff,0.046,0.057,0.128,0.694,0.178,0.9601,321,11.807384569943707,2,15,0,16,0,0,0,0,0,0,0,0,0,0,1,6,0,0,0,0,0,0,6,19,5,13,12,1,1,0,2,1,2,0,0,2,0,0,1,6,0,0,1,21,4,0,6,2,1,0,0.4000000059604645
1d2ismt,0.028,0.067,0.0,0.635,0.365,0.3182,5,8.841846274778883,0,0,0,0,0,0,0,0,0,0,0,0,0,0,0,0,0,0,0,0,0,0,0,0,0,0,1,0,0,0,0,0,0,0,0,0,0,0,0,0,0,0,1,0,0,0,0,0,0,1,1.0
1d2k5yi,0.035,0.079,0.073,0.809,0.118,0.8455,223,13.319297830178854,4,14,0,7,0,0,0,0,0,0,0,0,0,0,0,3,0,0,0,0,0,1,6,1,4,9,9,0,0,1,0,0,1,0,0,2,0,0,1,2,0,0,8,21,4,3,7,2,0,0,0.3799999952316284
1d2kle8,0.026,0.022,0.0,1.0,0.0,0.0,3,3.1291,0,0,0,0,0,0,0,0,0,0,0,0,0,0,0,0,0,0,0,0,0,0,0,0,0,0,0,0,0,0,0,0,0,0,0,0,0,0,0,0,0,0,1,0,0,0,0,0,0,1,1.0
1d2kqvp,0.137,0.023,0.085,0.844,0.07,-0.7848,238,11.35114627814755,1,8,0,3,0,0,0,0,0,0,0,0,0,0,0,1,0,0,0,0,0,0,1,0,12,2,8,0,0,0,0,0,1,0,0,0,0,0,0,2,0,0,8,19,2,2,6,1,0,0,0.33000001311302185
1d2kyos,0.046,0.191,0.153,0.821,0.026,-0.9685,170,14.138980108339055,1,15,0,3,0,0,0,0,0,0,0,0,0,0,3,2,0,0,0,0,0,1,2,0,0,3,12,0,0,0,1,0,1,0,0,2,0,0,0,1,0,0,16,12,1,4,1,0,0,0,0.41999998688697815
1d2ldrp,0.044,0.752,0.31,0.69,0.0,-0.4019,7,8.841846274778883,0,0,0,0,0,0,0,0,0,0,0,0,0,0,0,0,0,0,0,0,0,0,0,0,0,0,1,0,0,0,0,0,0,0,0,0,0,0,0,0,0,0,0,0,0,0,0,0,0,1,1.0
1d2lnsm,0.016,0.026,0.0,1.0,0.0,0.0,3,3.1291,0,0,0,0,0,0,0,0,0,0,0,0,0,0,0,0,0,0,0,0,0,0,0,0,0,0,0,0,0,0,0,0,0,0,0,0,0,0,0,0,0,0,0,0,0,0,0,0,0,1,1.0
1d2mh6j,0.021,0.014,0.0,1.0,0.0,0.0,6,3.1291,0,0,0,0,0,0,0,0,0,0,0,0,0,0,0,0,0,0,0,0,0,0,0,0,0,0,0,0,0,0,0,0,0,0,0,0,0,0,0,0,0,0,0,0,0,0,0,0,0,1,1.0
1d2nft0,0.023,0.07,0.038,0.85,0.112,0.994,565,16.32212239822248,3,45,1,7,0,0,0,0,0,0,0,0,0,0,0,9,0,0,0,0,0,1,13,2,32,22,11,0,1,0,2,0,0,0,0,3,0,0,0,8,0,0,20,33,4,9,5,0,0,267,0.7099999785423279
1d2nklw,0.035,0.061,0.561,0.439,0.0,-0.7284,5,8.841846274778883,0,0,0,0,0,0,0,0,0,0,0,0,0,0,0,0,0,0,0,0,0,0,0,0,0,0,0,0,0,0,0,0,0,0,0,0,0,0,0,0,0,0,2,0,0,0,0,0,0,1,1.0
1d2ofn5,0.022,0.378,0.172,0.828,0.0,-0.4019,14,8.841846274778883,0,0,0,0,0,0,0,0,0,0,0,0,0,0,1,0,0,0,0,0,0,0,0,0,0,0,2,0,0,0,0,0,0,0,0,0,0,0,0,0,0,0,1,0,0,1,0,0,0,1,1.0
1d2pl9f,0.045,0.022,0.0,1.0,0.0,0.0,8,3.1291,0,0,0,0,0,0,0,0,0,0,0,0,0,0,0,0,0,0,0,0,0,0,0,0,0,1,0,0,0,0,0,0,0,0,0,0,0,0,0,0,0,0,0,0,0,0,0,0,0,1,1.0
1d2pupl,0.056,0.151,0.093,0.839,0.069,-0.9951,1465,16.79893484455534,12,64,0,24,0,0,0,0,0,0,0,0,0,0,10,3,0,0,0,0,0,0,12,3,17,27,60,0,2,0,3,0,0,0,0,0,0,0,5,0,0,0,156,51,5,29,38,0,0,1,1.0
1d2qeiz,0.153,0.171,0.157,0.81,0.033,-0.9883,234,10.125756701596842,0,22,1,3,0,0,0,0,0,0,0,0,0,0,0,1,0,0,0,0,0,5,9,1,0,3,12,0,0,0,0,2,5,0,0,2,0,0,1,1,0,0,12,24,3,5,1,0,0,0,0.28999999165534973
1d2qihd,0.051,0.02,0.066,0.837,0.098,0.7088,170,10.891193690592665,3,5,0,1,0,1,0,0,0,0,0,0,0,0,0,1,0,0,3,0,0,0,0,12,3,7,3,0,0,0,0,0,1,0,0,1,0,0,0,1,0,0,3,15,1,0,5,0,0,0,0.2199999988079071
1d2qwns,0.023,0.028,0.015,0.912,0.073,0.9022,217,11.20814326018867,3,14,0,9,0,0,0,0,0,0,0,0,0,0,0,1,0,0,0,0,0,0,14,3,0,6,1,0,0,0,1,0,0,0,0,0,0,0,0,2,0,0,7,20,2,1,3,2,0,266,0.7599999904632568
1d2qxiz,0.027,0.215,0.027,0.854,0.119,0.9528,188,11.20814326018867,3,5,1,3,0,0,0,0,0,0,0,0,0,0,0,1,0,0,0,0,0,0,14,0,4,9,3,0,0,1,1,0,2,0,0,0,0,0,0,2,0,0,1,14,1,0,1,1,0,0,0.20999999344348907
1d2r20v,0.073,0.093,0.0,1.0,0.0,0.0,4,8.841846274778883,0,0,0,1,0,0,0,0,0,0,0,0,0,0,0,0,0,0,0,0,0,0,0,0,0,0,1,0,0,0,0,0,0,0,0,0,0,0,0,0,0,0,0,2,0,0,0,0,0,1,1.0
1d2rexc,0.061,0.117,0.162,0.721,0.116,-0.987,431,14.819310888816336,1,21,0,10,0,1,0,0,0,0,0,0,0,0,2,7,0,0,0,0,0,1,20,1,5,12,14,1,0,0,2,0,1,0,0,3,0,0,1,3,0,0,38,27,2,4,7,1,1,0,0.25
1d2sawe,0.108,0.093,0.114,0.758,0.128,0.6844,282,11.807384569943707,2,14,0,4,0,0,0,0,0,0,0,0,0,0,0,2,0,0,0,0,0,3,3,0,3,11,8,0,0,0,3,0,0,0,0,0,0,0,0,2,0,0,13,24,1,6,13,3,0,0,0.33000001311302185
1d2sf01,0.149,0.03,0.0,0.805,0.195,0.4404,13,8.841846274778883,0,0,0,0,0,0,0,0,0,0,0,0,0,0,1,0,0,0,1,0,0,0,0,2,0,1,0,0,0,0,0,0,0,0,0,0,0,0,1,0,0,0,0,4,1,0,1,0,0,1,1.0
1d2sr1i,0.056,0.151,0.093,0.839,0.068,-0.9952,1464,16.779667978257617,12,64,0,24,0,0,0,0,0,0,0,0,0,0,10,3,0,0,0,0,0,0,12,3,17,27,60,0,2,0,3,0,0,0,0,0,0,0,5,0,0,0,156,51,5,29,38,0,0,1,0.5099999904632568
1d2sreg,0.044,0.3,0.316,0.684,0.0,-0.5719,9,13.023866798666859,0,0,0,0,0,0,0,0,0,0,0,0,0,0,0,0,0,0,0,0,0,0,0,0,0,0,1,0,0,0,0,0,0,0,0,0,0,0,0,0,0,0,0,1,1,0,0,0,0,1,1.0
1d2srgq,0.059,0.027,0.0,1.0,0.0,0.0,3,8.841846274778883,0,0,0,0,0,0,0,0,0,0,0,0,0,0,0,0,0,0,0,0,0,0,0,0,0,0,0,0,0,0,0,0,0,0,0,0,0,0,0,0,0,0,0,0,0,0,0,0,0,1,1.0
1d2toxx,0.053,0.047,0.274,0.644,0.082,-0.6969,19,14.554592549557764,1,1,0,1,0,0,0,0,0,0,0,0,0,0,1,0,0,0,0,0,0,0,0,0,0,0,1,0,0,0,0,0,0,0,0,0,0,0,0,0,0,0,0,1,0,0,1,0,0,1,1.0
1d2tudo,0.065,0.056,0.208,0.725,0.067,-0.9795,147,19.946969662950774,5,12,0,4,0,1,0,0,0,0,0,0,0,0,4,2,0,0,0,0,0,0,1,0,2,2,8,0,0,1,0,0,0,0,0,0,0,0,0,1,0,0,0,12,0,0,5,0,1,0,0.2199999988079071
1d2twxy,0.071,0.361,0.177,0.665,0.158,-0.09,14,8.841846274778883,0,1,0,1,0,0,0,0,0,0,0,0,0,0,0,0,0,0,0,0,0,0,0,1,0,1,1,0,0,0,0,0,0,0,0,0,0,0,0,0,0,0,1,1,0,0,0,0,0,1,1.0
1d2u7md,0.05,0.226,0.241,0.759,0.0,-0.5423,12,8.841846274778883,0,2,0,1,0,0,0,0,0,0,0,0,0,0,0,0,0,0,0,0,0,1,0,0,0,0,1,0,0,0,0,0,0,0,0,0,0,0,0,0,0,0,2,2,0,0,0,0,0,1,1.0
1d2ubfv,0.048,0.397,0.167,0.833,0.0,-0.25,11,8.841846274778883,0,2,0,1,0,0,0,0,0,0,0,0,0,0,0,1,0,0,0,0,0,0,0,1,0,0,1,0,0,0,0,0,0,0,0,0,0,0,0,0,0,0,0,1,0,0,0,0,0,1,1.0
1d2un6z,0.162,0.629,0.102,0.751,0.147,0.9575,364,9.984395529734659,1,21,0,9,0,0,0,1,0,0,0,0,0,0,1,2,0,1,2,0,0,1,12,26,3,11,9,1,0,0,1,2,3,0,0,5,0,0,0,0,0,0,41,29,2,5,10,4,1,0,0.28999999165534973
1d2urtk,0.047,0.032,0.0,1.0,0.0,0.0,2,3.1291,0,0,0,0,0,0,0,0,0,0,0,0,0,0,0,0,0,0,0,0,0,0,0,0,0,0,1,0,0,0,0,0,0,0,0,0,0,0,0,0,0,0,0,0,0,0,0,0,0,1,1.0
1d2uu3f,0.035,0.029,0.12,0.761,0.119,-0.8519,476,15.839158084052961,2,24,0,6,0,0,0,0,0,0,0,0,0,0,3,2,0,0,1,0,1,4,21,1,3,15,32,0,1,2,9,0,0,0,0,0,0,0,1,3,0,0,18,29,5,5,8,4,1,0,0.28999999165534973
1d2v7is,0.019,0.036,0.114,0.831,0.055,-0.8307,119,15.903189008614273,2,12,0,2,0,0,0,0,0,0,0,0,0,0,0,1,0,0,0,0,0,0,2,1,2,1,4,0,0,0,2,0,0,0,0,0,0,0,0,0,0,0,1,11,0,1,1,2,0,0,0.3400000035762787
1d2vgik,0.247,0.151,0.117,0.783,0.1,-0.7522,225,10.389873798559362,1,11,0,1,0,0,0,0,0,0,0,0,0,0,0,2,0,0,0,0,0,11,11,1,2,5,6,0,0,0,2,0,0,0,0,0,1,0,0,0,0,0,27,22,4,0,3,1,0,0,0.33000001311302185
1d2vmtx,0.076,0.087,0.031,0.853,0.117,0.8488,153,9.236282656511921,4,13,0,5,0,0,0,0,0,0,0,0,0,0,0,3,0,0,0,0,0,0,10,2,2,1,0,0,0,1,3,0,0,0,0,0,0,0,1,2,0,0,1,17,2,1,5,3,0,0,0.17000000178813934
1d2w0au,0.06,0.115,0.063,0.819,0.118,0.9935,755,14.707961728119862,6,22,0,10,0,0,0,0,3,0,0,0,0,0,2,6,0,0,1,0,0,1,7,13,12,29,21,0,0,0,0,0,0,0,0,2,0,0,0,3,0,0,63,29,5,3,12,1,1,0,0.07999999821186066
1d2wb70,0.047,0.04,0.011,0.899,0.09,0.9743,307,12.526319926815653,2,18,0,3,0,0,0,0,0,0,0,0,0,0,1,2,0,0,0,0,0,3,10,0,3,5,4,0,0,0,1,0,0,0,0,0,0,0,1,1,0,0,4,26,3,2,5,0,2,0,0.3700000047683716
1d2wo8v,0.062,0.051,0.154,0.754,0.092,-0.9927,623,13.497565539657195,1,33,0,12,0,0,0,0,0,0,0,0,0,0,6,4,0,0,0,0,0,12,0,0,7,23,38,0,0,0,0,0,1,0,0,0,0,0,1,8,0,0,17,34,3,4,14,0,1,0,0.30000001192092896
1d2wu0w,0.033,0.04,0.108,0.844,0.047,-0.9516,268,12.367839424501923,7,24,0,5,0,0,0,0,0,0,0,0,0,0,3,1,0,0,0,0,0,0,11,2,2,8,9,0,0,0,1,0,1,0,0,5,0,0,0,1,0,0,10,22,4,6,4,0,0,38,0.6700000166893005
1d2xlga,0.045,0.528,0.19,0.676,0.135,-0.9103,132,10.355215969177355,0,5,1,3,0,0,0,0,0,0,0,0,0,0,0,1,0,0,0,0,0,0,2,1,4,11,7,0,0,0,0,0,0,0,0,0,0,0,0,4,0,0,7,16,1,0,0,0,0,0,0.1899999976158142
1d2xps3,0.056,0.448,0.111,0.703,0.186,0.9551,219,11.765960540728905,3,10,0,2,0,3,0,0,0,0,0,0,0,0,0,0,0,1,0,0,0,2,4,0,10,18,12,0,0,1,0,0,0,0,3,0,1,0,2,1,0,0,10,20,4,3,4,0,0,65,0.7099999785423279
1d2yfgv,0.054,0.097,0.067,0.888,0.045,-0.7669,238,7.447530270364452,1,18,0,9,0,0,0,0,0,0,0,0,0,0,0,0,0,0,0,0,0,0,5,8,1,4,6,1,0,0,1,0,0,0,0,2,0,0,2,1,0,0,15,17,3,1,7,4,1,0,0.14000000059604645
1d2ygmb,0.07,0.067,0.175,0.635,0.19,0.0516,10,8.841846274778883,1,0,0,1,0,0,0,0,0,0,0,0,0,0,0,0,0,0,0,0,0,0,0,0,0,0,0,0,0,0,0,0,0,0,0,0,0,0,0,0,0,0,0,0,0,0,1,0,0,1,1.0
1d2z82m,0.047,0.025,0.0,1.0,0.0,0.0,9,8.841846274778883,0,0,0,0,0,0,0,0,0,0,0,0,0,0,0,0,0,0,0,0,0,0,0,0,0,1,0,0,0,0,0,0,0,0,0,0,0,0,0,0,0,0,1,0,0,0,0,0,0,1,1.0
1d2zpgo,0.023,0.236,0.173,0.739,0.088,-0.4815,30,11.20814326018867,0,3,0,1,0,0,0,0,0,0,0,0,0,0,0,0,0,0,0,0,0,0,0,0,2,0,1,0,0,0,0,0,0,0,0,0,0,0,0,1,0,0,1,5,0,0,1,0,0,1,1.0
1d2zroa,0.244,0.03,0.143,0.838,0.019,-0.959,137,12.161744961471694,4,10,0,3,0,0,0,0,0,0,0,0,0,0,0,0,0,0,0,0,0,1,6,4,2,2,8,0,0,0,3,0,0,0,0,0,0,0,0,5,0,0,0,13,0,3,4,2,0,18,0.5600000023841858
1d2zxh8,0.08,0.134,0.099,0.732,0.169,0.8993,138,11.491704259439757,1,5,0,6,0,1,0,0,0,0,0,0,0,0,0,1,0,0,0,0,0,2,4,2,1,5,6,0,0,0,2,0,0,0,0,1,0,0,1,0,0,0,3,13,3,1,3,0,0,0,0.4399999976158142
1d300az,0.566,0.206,0.161,0.839,0.0,-0.5574,26,14.554592549557764,1,0,0,0,0,0,0,0,0,0,0,0,0,0,0,0,0,0,0,0,0,2,1,0,0,1,1,0,0,0,0,0,0,0,0,0,0,0,0,0,0,0,2,3,0,0,1,0,0,1,1.0
1d30p6t,0.021,0.236,0.227,0.773,0.0,-0.6597,16,13.023866798666859,0,1,0,1,0,0,0,0,0,0,0,0,0,0,0,0,0,0,0,0,0,0,0,0,0,1,0,0,0,0,0,0,0,0,0,0,0,0,0,0,0,0,1,3,0,0,0,0,0,1,1.0
1d30raf,0.093,0.348,0.0,1.0,0.0,0.0,9,11.20814326018867,0,0,0,0,0,0,0,0,0,0,0,0,0,0,0,0,0,0,0,0,0,0,0,2,0,0,0,0,0,0,0,0,0,0,0,0,0,0,0,0,0,0,0,1,0,0,0,0,0,1,1.0
1d315sw,0.075,0.255,0.079,0.783,0.139,0.9443,256,17.267425705330172,6,13,0,4,0,0,0,0,0,0,0,0,0,0,2,1,0,0,0,0,0,3,1,0,0,15,9,0,0,0,1,0,0,0,0,0,0,0,0,1,0,0,20,29,2,0,2,1,0,0,0.4399999976158142
1d31c0b,0.066,0.035,0.0,0.625,0.375,0.6369,8,8.841846274778883,0,0,0,0,0,0,0,0,0,0,0,0,0,0,0,0,0,0,0,0,0,0,0,0,0,1,0,0,0,0,0,0,0,0,0,0,0,0,0,0,0,0,0,0,0,0,0,0,0,1,1.0
1d31g58,0.032,0.039,0.108,0.805,0.087,-0.9507,634,11.765960540728905,4,39,0,19,0,0,0,0,0,0,0,0,5,0,5,8,0,0,0,0,0,1,61,1,2,14,32,1,4,1,7,1,0,0,0,1,0,0,0,6,0,0,12,39,2,2,8,7,2,0,0.28999999165534973
1d3216x,0.051,0.104,0.0,0.725,0.275,0.8225,22,3.1291,0,2,0,0,0,0,0,0,0,0,0,0,0,0,0,0,0,0,0,0,0,0,0,0,0,2,0,0,0,0,0,0,0,0,0,0,0,0,0,0,0,0,0,3,0,0,0,0,0,0,0.5
1d330qh,0.021,0.174,0.08,0.841,0.08,0.0018,201,13.023866798666859,3,13,0,1,0,0,0,0,0,0,0,0,0,0,0,2,0,0,0,0,0,1,6,1,3,6,7,0,0,0,0,0,0,0,0,0,0,0,0,2,0,0,9,22,1,1,2,1,0,58,0.9399999976158142
1d33bxv,0.1,0.049,0.041,0.81,0.149,0.9547,168,17.122413403193683,1,10,0,4,0,0,0,0,0,0,0,0,0,0,2,0,0,0,0,0,0,1,0,1,3,10,5,0,0,0,0,1,0,0,0,0,0,0,0,0,0,0,1,10,0,0,3,0,0,468,0.6600000262260437
1d33mhr,0.051,0.255,0.0,0.808,0.192,0.2263,9,3.1291,0,0,0,1,0,0,0,0,0,0,0,0,0,0,1,0,0,0,0,0,0,0,0,0,1,0,0,0,0,0,0,0,0,0,0,0,0,0,0,0,0,0,0,2,0,0,0,0,0,1,1.0
1d33vrj,0.029,0.33,0.0,0.783,0.217,0.5719,19,8.841846274778883,0,0,0,1,0,1,0,0,0,0,0,0,0,0,0,0,0,0,0,0,0,0,0,2,0,0,0,0,0,0,0,0,0,0,0,0,0,0,0,0,0,0,0,1,0,0,0,0,0,1,1.0
1d34sf9,0.028,0.331,0.289,0.701,0.011,-0.9869,118,10.125756701596842,1,4,0,2,0,1,0,0,0,0,0,0,0,0,3,3,0,0,0,0,0,0,1,0,6,2,14,0,1,0,1,0,0,0,0,0,0,0,0,1,0,0,2,14,0,1,0,2,1,1,1.0
1d35axi,0.037,0.088,0.056,0.88,0.064,0.2792,231,14.756829357015494,5,11,0,6,0,0,0,0,0,0,0,0,0,0,2,1,0,0,0,0,0,2,9,0,3,7,8,0,0,0,0,0,1,0,0,1,0,0,1,1,0,0,12,17,3,0,1,0,0,143,0.8799999952316284
1d35ltd,0.376,0.265,0.0,0.814,0.186,0.4939,15,11.20814326018867,1,0,0,0,0,0,0,0,0,0,0,0,0,0,0,0,0,0,0,0,0,0,0,0,0,0,0,0,0,0,0,0,0,0,0,0,0,0,0,0,0,0,1,3,0,0,1,0,0,1,1.0
1d35na4,0.048,0.523,0.083,0.747,0.17,0.8806,108,13.968273953766033,2,5,1,3,0,0,0,0,0,0,0,0,0,0,0,0,0,0,0,0,0,0,3,1,3,7,5,0,0,0,1,0,0,0,0,0,0,0,0,3,0,0,5,15,1,1,0,0,1,0,0.4099999964237213
1d35nr6,0.074,0.063,0.135,0.792,0.073,-0.9524,198,10.608840637214634,2,16,0,5,0,0,0,0,0,0,0,0,0,0,0,1,0,0,1,0,0,0,10,2,5,8,8,0,2,1,3,0,0,0,0,0,0,0,2,0,0,0,7,18,4,1,7,2,0,0,0.3199999928474426
1d36nw9,0.016,0.305,0.089,0.671,0.24,0.5873,20,11.20814326018867,0,0,0,1,0,1,0,0,0,0,0,0,0,0,0,0,0,0,0,0,0,0,0,0,2,1,1,0,0,0,0,0,0,0,0,0,0,0,0,0,0,0,2,4,0,1,0,0,0,1,1.0
1d36ofq,0.023,0.19,0.101,0.853,0.045,-0.8884,187,18.243605946275583,2,11,0,5,0,2,0,0,0,0,0,0,0,0,2,3,0,0,0,0,0,0,10,0,10,3,8,0,2,0,4,0,0,0,0,0,0,0,0,0,0,0,6,16,1,2,2,3,0,0,0.27000001072883606
1d36ol5,0.048,0.361,0.0,1.0,0.0,0.0,9,3.1291,1,0,0,1,0,0,0,0,0,0,0,0,0,0,0,0,0,0,0,0,0,0,0,0,0,0,0,0,0,0,0,0,0,0,0,0,0,0,0,0,0,0,1,0,0,0,1,0,0,1,1.0
1d36q1w,0.026,0.188,0.155,0.845,0.0,-0.296,13,3.1291,1,0,0,1,0,0,0,0,0,0,0,0,0,0,0,0,0,0,0,0,0,0,0,0,0,0,0,0,0,0,0,0,0,0,0,0,0,0,0,0,0,0,1,1,0,0,1,0,0,1,1.0
1d37crl,0.633,0.28,0.127,0.633,0.241,0.4023,18,15.903189008614273,1,0,0,1,0,0,0,0,0,0,0,0,0,0,0,0,0,0,0,0,0,0,0,0,0,1,1,0,0,0,0,0,0,0,0,0,0,0,0,0,0,0,2,2,0,1,1,0,0,1,1.0
1d37utl,0.048,0.114,0.086,0.726,0.188,0.9885,287,13.149919865122353,3,24,0,7,0,0,0,0,0,0,0,0,0,0,1,3,0,0,0,0,0,0,4,6,4,17,8,0,0,0,0,0,0,0,0,0,0,0,1,3,0,0,1,24,1,4,8,1,0,0,0.41999998688697815
1d39tdo,0.14,0.284,0.132,0.839,0.029,-0.9328,177,10.9516,4,14,1,7,0,0,0,0,0,0,0,0,0,0,0,2,0,0,0,0,0,10,6,0,0,1,10,0,0,0,0,0,0,0,0,0,0,0,1,5,0,0,0,19,2,1,15,1,0,0,0.3400000035762787
1d3alpo,0.035,0.348,0.177,0.823,0.0,-0.0191,6,3.1291,0,0,0,1,0,0,0,0,0,0,0,0,0,0,0,0,0,0,0,0,0,0,0,0,0,0,0,0,0,0,0,0,0,0,0,0,0,0,0,0,0,0,0,0,0,0,0,0,0,1,1.0
1d3b3jy,0.207,0.324,0.051,0.817,0.131,0.9688,187,33.358111892551165,5,7,0,1,0,0,0,0,0,0,0,0,0,0,0,6,0,0,0,0,0,0,3,1,7,10,4,0,0,0,1,0,0,0,0,0,0,0,1,0,0,0,12,17,2,3,3,0,0,0,0.1899999976158142
1d3b6a7,0.024,0.098,0.16,0.84,0.0,-0.2263,11,11.20814326018867,0,0,0,0,0,0,0,0,0,0,0,0,0,0,1,0,0,0,0,0,0,0,1,0,0,0,2,0,0,0,1,0,0,0,0,0,0,0,0,0,0,0,1,4,0,0,0,0,0,1,1.0
1d3b7xp,0.03,0.034,0.094,0.74,0.166,0.9987,1121,11.73591919565333,18,75,0,28,0,0,0,0,0,0,0,0,0,0,6,18,0,0,0,0,0,18,38,13,19,47,42,0,0,1,3,0,1,0,0,7,0,1,14,9,0,0,29,47,6,7,26,8,2,0,0.28999999165534973
1d3bokp,0.044,0.078,0.071,0.669,0.26,0.9992,542,14.348710955821954,6,38,1,14,0,4,0,0,0,0,0,0,0,0,4,4,0,0,0,0,0,4,43,2,13,38,11,0,0,1,2,0,0,0,0,0,1,0,5,1,0,0,4,39,5,3,10,0,2,0,0.33000001311302185
1d3bzwh,0.106,0.52,0.208,0.757,0.036,-0.9772,120,10.504223727775692,1,13,2,2,0,0,0,0,0,0,0,0,0,0,1,0,0,0,0,0,0,0,0,1,3,3,9,0,0,0,0,0,0,0,0,1,0,0,0,1,0,0,1,12,1,0,2,1,0,0,0.2199999988079071
1d3eq2f,0.102,0.159,0.105,0.853,0.043,-0.807,106,9.888512548439397,2,8,0,2,0,1,0,0,0,0,0,0,0,0,0,1,0,0,0,0,0,0,5,4,1,1,4,0,0,1,3,0,1,0,0,0,0,0,0,0,0,0,1,8,0,1,2,2,0,0,0.25
1d3evgu,0.049,0.479,0.075,0.872,0.053,-0.6775,153,12.24349002098031,3,13,1,4,0,0,0,0,0,0,0,0,0,0,0,2,0,0,0,0,0,3,2,0,0,4,9,0,0,1,0,0,0,0,0,1,0,0,2,2,0,0,9,17,3,0,0,0,0,0,0.5
1d3evxp,0.07,0.251,0.089,0.822,0.089,-0.024,121,11.20814326018867,2,9,0,2,0,1,0,0,0,0,0,0,0,0,0,1,0,0,0,0,0,0,5,4,1,5,4,0,0,1,3,0,1,0,0,0,0,0,0,0,0,0,1,9,0,2,3,2,0,0,0.1599999964237213
1d3fxhu,0.048,0.015,0.0,1.0,0.0,0.0,2,3.1291,0,0,0,0,0,0,0,0,0,0,0,0,0,0,0,0,0,0,0,0,0,0,0,0,0,0,0,0,0,0,0,0,0,0,0,0,0,0,0,0,0,0,0,0,0,0,0,0,0,1,1.0
1d3fxmm,0.017,0.04,0.019,0.924,0.057,0.6628,112,10.504223727775692,2,6,0,0,0,0,0,0,0,0,0,0,0,0,1,0,0,0,0,0,0,0,4,1,0,3,2,0,0,0,3,1,0,0,0,0,0,0,0,1,0,0,3,10,1,2,3,1,0,200,0.8299999833106995
1d3g7iq,0.383,0.244,0.0,1.0,0.0,0.0,10,13.023866798666859,0,0,0,0,0,1,0,0,0,0,0,0,0,0,0,0,0,0,0,0,0,0,0,0,0,1,0,0,0,0,0,0,0,0,0,0,0,0,0,0,0,0,0,4,0,0,0,0,0,1,1.0
1d3gayk,0.035,0.563,0.096,0.843,0.061,-0.9658,461,11.505630337794997,14,17,0,14,0,0,0,0,0,0,0,0,0,0,2,12,0,2,0,0,0,2,7,4,30,18,7,0,0,0,2,0,2,0,0,0,0,0,0,3,0,0,47,27,4,12,5,10,1,0,0.44999998807907104
1d3gjyv,0.066,0.023,0.0,1.0,0.0,0.0,9,11.20814326018867,1,0,0,0,0,0,0,0,0,0,0,0,0,0,0,0,0,0,0,0,0,0,0,0,0,0,0,0,0,0,0,0,0,0,0,0,0,0,0,0,0,0,0,0,0,0,1,0,0,1,1.0
1d3gkk6,0.085,0.158,0.074,0.835,0.091,0.4265,103,22.076135915942103,1,8,0,2,0,0,0,0,0,0,0,0,0,0,0,0,0,0,0,0,0,4,1,1,0,3,1,0,0,0,0,0,0,0,0,0,0,0,0,2,0,0,8,14,1,3,0,0,0,0,0.15000000596046448
1d3hh5q,0.029,0.053,0.094,0.797,0.109,0.9427,798,16.975882523387877,25,80,0,17,0,1,0,0,0,0,0,0,0,0,3,4,0,0,1,0,0,13,19,6,7,25,26,0,1,0,12,0,1,0,0,2,0,0,3,0,0,0,10,35,6,11,30,5,0,42,0.800000011920929
1d3hqyu,0.032,0.028,0.099,0.805,0.096,-0.0129,15,8.841846274778883,0,0,0,1,0,0,0,0,0,0,0,0,0,0,0,1,0,0,0,0,0,0,1,0,0,0,0,0,0,0,0,0,0,0,0,0,0,0,0,0,0,0,2,4,0,0,0,0,0,1,1.0
1d3hvbx,0.033,0.237,0.0,0.657,0.343,0.5719,11,11.20814326018867,0,0,0,0,0,0,0,0,0,0,0,0,0,0,0,0,0,0,0,0,0,1,0,0,0,1,0,0,0,0,0,0,0,0,0,0,0,0,0,0,0,0,0,2,0,0,0,0,0,1,1.0
1d3i3k1,0.023,0.161,0.088,0.814,0.098,-0.2718,272,10.504223727775692,3,19,0,15,0,0,0,0,0,0,0,0,0,0,4,3,0,0,0,0,0,2,25,0,3,8,9,0,0,0,3,1,1,0,0,2,0,0,0,1,0,0,8,23,2,0,1,1,3,0,0.33000001311302185
1d3i69i,0.038,0.014,0.0,1.0,0.0,0.0,2,8.841846274778883,0,0,0,0,0,0,0,0,0,0,0,0,0,0,0,0,0,0,0,0,0,0,0,0,0,0,0,0,0,0,0,0,0,0,0,0,0,0,0,0,0,0,0,0,0,0,0,0,0,1,1.0
1d3if5b,0.196,0.104,0.284,0.716,0.0,-0.5812,14,3.1291,0,0,0,1,0,1,0,0,0,0,0,0,0,0,0,0,0,0,0,0,0,0,0,0,0,1,2,0,0,0,0,0,0,0,0,0,0,0,0,0,0,0,0,3,0,0,0,0,0,1,1.0
1d3jaf1,0.103,0.201,0.065,0.9,0.034,-0.5088,161,13.624085052395262,3,10,0,4,0,0,0,0,0,0,0,0,0,0,0,1,0,0,0,0,0,1,3,0,0,3,7,0,0,0,0,0,0,0,0,0,0,0,0,0,0,0,12,19,1,1,1,0,1,111,0.5199999809265137
1d3jdol,0.027,0.152,0.163,0.754,0.083,-0.9945,497,14.348710955821954,6,31,0,4,0,1,0,0,0,0,0,0,0,0,0,5,0,0,0,0,0,1,6,1,10,14,19,0,1,0,3,0,1,0,0,0,0,0,0,3,0,0,38,25,1,0,6,2,2,291,0.6399999856948853
1d3jge9,0.052,0.038,0.0,1.0,0.0,0.0,2,8.841846274778883,0,0,0,0,0,0,0,0,0,0,0,0,0,0,0,0,0,0,0,0,0,0,0,0,0,0,1,0,0,0,0,0,0,0,0,0,0,0,0,0,0,0,0,0,0,0,0,0,0,1,1.0
1d3jp9z,0.064,0.155,0.14,0.763,0.097,-0.7866,175,10.125756701596842,1,15,0,6,0,0,0,0,0,0,0,0,0,0,0,0,0,0,0,0,0,0,0,0,5,6,11,0,0,0,0,0,1,0,0,1,0,0,1,0,0,0,4,9,1,0,1,0,0,0,0.3100000023841858
1d3jx1s,0.118,0.376,0.108,0.726,0.167,0.9908,539,10.65027996061788,5,30,6,20,0,1,0,0,0,0,0,0,1,0,6,1,0,0,0,0,0,0,6,26,14,23,24,0,0,1,0,1,1,0,0,0,0,0,1,2,0,0,10,36,4,3,9,1,0,0,0.10999999940395355
1d3jxm3,0.043,0.373,0.0,0.726,0.274,0.5267,10,8.841846274778883,0,0,0,0,0,0,0,0,0,0,0,0,0,0,0,0,0,0,0,0,0,0,0,0,0,1,0,0,0,0,0,0,0,0,0,0,0,0,0,0,0,0,0,1,0,0,0,0,0,1,1.0
1d3k253,0.113,0.285,0.463,0.537,0.0,-0.7845,10,11.20814326018867,1,0,0,0,0,0,0,0,0,0,0,0,0,0,0,0,0,0,0,0,0,0,0,0,0,0,2,0,0,0,0,0,0,0,0,0,0,0,0,0,0,0,1,0,0,0,1,0,0,1,1.0
1d3k36w,0.159,0.479,0.276,0.642,0.082,-0.9986,375,12.396398192541,8,9,0,6,0,0,0,0,0,0,0,0,0,0,0,0,0,0,0,0,0,0,7,0,22,11,31,0,0,0,4,0,0,0,0,0,0,0,1,4,0,0,9,18,5,1,14,3,1,0,0.3799999952316284
1d3k405,0.053,0.508,0.1,0.693,0.207,0.9996,1233,11.054242627131536,16,91,6,34,0,0,0,0,0,0,0,0,1,1,5,15,0,0,3,0,0,2,88,16,14,64,75,1,0,0,14,0,1,0,0,5,0,1,21,15,0,0,17,49,11,2,23,5,6,0,0.3799999952316284
1d3k9f1,0.029,0.475,0.334,0.666,0.0,-0.6711,13,13.023866798666859,0,0,0,1,0,0,0,0,0,0,0,0,0,0,0,0,0,0,0,0,0,0,0,0,0,1,1,0,0,0,0,0,0,0,0,0,0,0,1,0,0,0,1,3,1,0,0,0,0,1,1.0
1d3kis0,0.033,0.458,0.101,0.717,0.181,0.9316,141,14.756829357015494,5,7,0,6,0,0,0,0,0,0,0,0,0,1,0,3,0,0,0,0,0,2,3,3,0,6,8,1,2,0,2,0,0,0,0,1,0,0,0,0,0,0,0,23,2,1,2,2,0,0,0.47999998927116394
1d3l6qg,0.024,0.159,0.0,0.702,0.298,0.7003,19,11.20814326018867,0,0,0,1,0,0,0,0,0,0,0,0,0,0,0,0,0,0,0,0,0,0,0,0,2,0,0,0,0,0,0,0,0,0,0,0,0,0,0,1,0,0,2,2,0,0,0,0,0,1,1.0
1d3lfrs,0.081,0.032,0.196,0.804,0.0,-0.296,10,8.841846274778883,0,0,0,1,0,0,0,0,0,0,0,0,0,0,0,0,0,0,0,0,0,0,0,0,0,0,0,0,0,0,0,0,0,0,0,0,0,0,0,0,0,0,0,3,0,0,0,0,0,1,1.0
1d3lsfm,0.039,0.029,0.101,0.78,0.119,-0.4877,318,14.126518440385961,5,19,0,4,0,0,0,0,0,0,0,0,0,0,0,2,0,0,0,0,0,0,0,1,6,14,12,0,1,0,0,0,0,0,0,0,0,0,0,1,0,0,18,32,3,5,2,0,0,172,0.8100000023841858
1d3mnd5,0.035,0.049,0.17,0.732,0.098,-0.9872,381,14.492327821430806,6,13,0,4,0,2,0,2,1,0,0,0,0,0,0,2,0,0,0,0,0,1,5,5,4,17,34,0,0,0,2,0,1,0,0,2,0,0,0,1,0,0,8,21,2,4,9,0,0,0,0.5
1d3mqbf,0.09,0.104,0.209,0.791,0.0,-0.6486,22,13.023866798666859,1,0,0,0,0,1,0,1,0,0,0,0,0,0,0,0,0,0,0,0,0,0,0,1,0,0,2,0,0,0,0,0,0,0,0,0,0,0,0,0,0,0,2,4,0,0,1,0,0,1,1.0
1d3msw3,0.09,0.09,0.202,0.798,0.0,-0.6486,23,11.20814326018867,1,0,0,0,0,1,0,1,0,0,0,0,0,0,0,0,0,0,0,0,0,0,0,1,0,0,2,0,0,0,0,0,0,0,0,0,0,0,0,0,0,0,2,4,0,0,1,0,0,1,1.0
1d3mvid,0.04,0.132,0.464,0.536,0.0,-0.3818,4,3.1291,0,0,0,0,0,0,0,0,0,0,0,0,0,0,0,0,0,0,0,0,0,0,0,0,0,0,1,0,0,0,0,0,0,0,0,0,0,0,0,0,0,0,0,0,0,0,0,0,0,1,1.0
1d3mw7y,0.032,0.049,0.2,0.695,0.105,-0.9874,272,14.126518440385961,5,7,0,3,0,2,0,2,1,0,0,0,0,0,0,0,0,0,0,0,0,1,5,5,0,11,24,0,0,0,2,0,1,0,0,2,0,0,0,0,0,0,8,18,2,2,7,0,0,0,0.1899999976158142
1d3n505,0.248,0.033,0.115,0.801,0.084,-0.9335,550,10.328600350310264,4,18,0,9,0,0,0,0,0,0,0,0,0,0,3,3,0,0,0,0,0,1,1,1,11,17,21,0,0,0,1,0,1,0,0,2,0,0,0,1,0,0,8,34,2,2,13,1,0,0,0.20999999344348907
1d3nae0,0.05,0.052,0.119,0.803,0.077,-0.9718,376,13.140968706690074,4,16,0,5,0,0,0,0,0,0,0,0,0,0,0,2,0,0,0,1,0,2,10,0,8,9,19,0,1,1,4,0,0,0,0,0,0,0,2,2,0,0,10,26,5,3,4,2,0,21,0.6899999976158142
1d3ncf0,0.044,0.162,0.087,0.839,0.075,-0.5937,297,11.319583603955667,3,22,0,10,0,0,0,0,0,0,0,0,0,0,1,3,0,0,0,0,0,5,3,1,1,3,10,0,0,1,0,0,0,0,0,1,0,0,0,1,0,0,8,21,4,2,8,2,0,123,0.699999988079071
1d3ngcl,0.022,0.2,0.0,1.0,0.0,0.0,11,8.841846274778883,1,1,0,1,0,0,0,0,0,0,0,0,0,0,0,0,0,0,0,0,0,0,1,0,0,0,0,0,0,0,0,1,0,0,0,0,0,0,0,0,0,0,0,0,0,0,1,0,0,1,1.0
1d3oak6,0.031,0.03,0.025,0.879,0.097,0.9904,565,13.506818969022046,18,56,0,11,0,0,0,0,0,0,0,0,0,0,4,5,0,0,2,0,0,10,4,3,1,17,11,1,0,0,0,0,0,0,0,0,0,0,4,4,0,0,9,43,6,4,14,1,0,0,0.47999998927116394
1d3onj2,0.03,0.16,0.0,1.0,0.0,0.0,6,13.023866798666859,0,0,0,0,0,0,0,0,0,0,0,0,0,0,0,0,0,0,0,0,0,0,0,0,0,0,1,0,0,0,0,0,0,0,0,0,0,0,0,0,0,0,0,2,0,0,0,0,0,1,1.0
1d3oqd0,0.101,0.094,0.154,0.735,0.111,-0.9939,835,9.370254747372087,8,67,3,24,0,2,0,0,0,0,0,0,1,0,18,6,0,0,0,0,0,16,9,7,14,27,32,0,0,0,0,0,14,0,0,7,0,0,4,3,0,0,35,42,5,9,14,1,1,0,0.23000000417232513
1d3p1vk,0.03,0.66,0.163,0.772,0.065,-0.9576,176,10.31748142421505,0,6,3,7,0,2,0,0,0,0,0,0,0,0,1,2,0,0,0,0,0,0,9,2,3,9,10,0,0,1,1,0,0,0,0,0,0,0,1,1,0,0,7,15,2,0,4,1,1,0,0.12999999523162842
1d3pqcc,0.136,0.285,0.369,0.631,0.0,-0.6249,8,11.20814326018867,0,0,0,0,0,0,0,0,0,0,0,0,0,0,0,0,0,0,0,0,0,0,0,0,0,0,1,0,0,0,0,0,0,0,0,0,0,0,0,0,0,0,1,1,0,0,0,0,0,1,1.0
1d3q1vw,0.052,0.111,0.26,0.561,0.179,-0.2837,10,11.20814326018867,0,1,0,1,0,0,0,0,0,0,0,0,0,0,0,0,0,0,0,0,0,0,0,0,0,1,1,0,0,0,0,0,0,0,0,0,0,0,0,0,0,0,0,3,0,0,0,0,0,1,1.0
1d3q39z,0.042,0.034,0.034,0.931,0.035,0.6531,1289,15.021129683784007,8,90,0,13,0,1,0,0,0,0,0,0,0,0,3,5,0,0,0,0,0,15,15,0,9,19,19,1,4,2,2,0,0,0,0,0,0,0,3,6,0,0,10,40,8,16,25,4,1,0,0.20999999344348907
1d3q7sy,0.028,0.24,0.118,0.783,0.099,-0.4472,182,13.81666964889586,2,17,0,7,0,0,0,0,0,0,0,0,0,0,1,1,0,0,0,0,0,0,3,0,3,6,10,0,2,1,1,0,0,0,0,0,0,0,0,2,0,0,15,16,2,2,1,2,0,2,0.5699999928474426
1d3qbml,0.041,0.401,0.021,0.77,0.209,0.9836,152,10.914260884657427,1,7,0,1,0,0,0,0,0,0,0,0,0,0,1,1,0,0,0,0,0,2,6,2,4,11,6,0,0,0,0,1,1,0,0,0,0,0,1,2,0,0,7,17,2,2,1,2,0,0,0.09000000357627869
1d3qrdh,0.247,0.322,0.0,1.0,0.0,0.0,3,11.20814326018867,0,0,0,0,0,0,0,0,0,0,0,0,0,0,0,0,0,0,0,0,0,0,0,0,0,0,1,0,0,0,0,0,0,0,0,0,0,0,0,0,0,0,1,1,0,0,0,0,0,1,1.0
1d3r35r,0.029,0.1,0.228,0.587,0.184,-0.9728,305,13.160352788161607,10,32,0,11,0,0,0,0,0,0,0,0,0,0,2,2,0,0,0,0,1,5,5,1,5,16,23,0,2,0,2,0,0,0,0,0,0,0,2,4,0,0,3,31,5,6,7,2,0,0,0.30000001192092896
1d3s1im,0.042,0.238,0.0,0.674,0.326,0.4404,7,8.841846274778883,0,0,0,0,0,0,0,0,0,0,0,0,0,0,0,0,0,0,0,0,0,0,0,0,0,1,0,1,0,0,0,0,0,0,0,0,0,0,0,0,0,0,0,1,0,0,0,0,0,1,1.0
1d3smbi,0.038,0.287,0.062,0.88,0.058,-0.8936,575,14.947721391685242,6,43,0,17,0,0,0,0,0,0,0,0,0,0,4,5,0,0,1,0,0,3,18,5,1,13,23,0,2,1,6,0,0,0,0,0,0,0,1,1,0,0,56,30,2,10,7,4,0,0,0.3499999940395355
1d3stgi,0.049,0.074,0.117,0.754,0.13,0.2645,911,16.25754529780659,9,47,2,14,0,0,0,0,0,0,0,0,0,0,3,11,0,2,0,0,0,2,14,1,14,28,33,0,0,3,5,1,1,0,0,0,0,0,4,1,0,0,66,37,7,4,32,5,1,0,0.44999998807907104
1d3t1zv,0.05,0.339,0.206,0.761,0.032,-0.9955,253,15.532846611407376,4,8,0,1,0,0,0,0,0,0,0,0,0,0,3,0,0,0,0,0,0,1,4,0,0,5,15,0,0,1,0,0,0,0,0,0,0,0,1,2,0,0,25,22,3,5,4,1,0,0,0.44999998807907104
1d3t68z,0.017,0.004,0.0,1.0,0.0,0.0,5,8.841846274778883,0,0,0,0,0,0,0,0,0,0,0,0,0,0,0,0,0,0,0,0,0,0,0,0,0,0,0,0,0,0,0,0,0,0,0,0,0,0,0,0,0,0,0,0,0,0,0,0,0,1,1.0
1d3tj3f,0.184,0.314,0.114,0.886,0.0,-0.8719,124,14.790194502661404,1,6,0,2,0,0,0,0,0,0,0,0,0,0,0,1,0,0,0,0,0,0,4,0,0,2,9,0,0,0,1,0,0,0,0,0,0,0,0,0,0,0,1,11,0,0,2,1,0,95,0.6800000071525574
1d3ung9,0.015,0.109,0.307,0.693,0.0,-0.4767,8,11.20814326018867,0,0,0,0,0,0,0,0,0,0,0,0,0,0,0,0,0,0,0,0,0,0,0,0,0,0,1,0,0,0,0,0,0,0,0,0,0,0,0,0,0,0,0,0,0,0,0,0,0,1,1.0
1d3up05,0.048,0.111,0.126,0.727,0.148,0.9978,2528,10.341517158812104,24,139,5,82,0,26,0,0,1,0,0,0,0,0,22,22,0,0,9,0,0,11,1,68,126,96,107,1,0,0,0,0,2,0,0,2,0,0,0,10,0,0,23,52,6,13,52,5,2,0,0.23000000417232513
1d3v2e4,0.311,0.192,0.174,0.66,0.167,0.3684,165,11.979248473330827,1,11,1,6,0,0,0,0,1,0,0,0,0,0,0,1,0,0,0,0,0,0,0,1,7,8,6,0,0,0,0,0,0,0,0,0,0,0,1,1,0,0,4,16,1,0,4,0,0,80,0.7300000190734863
1d3v9z8,0.05,0.202,0.056,0.753,0.191,0.9995,1036,12.457975602129121,17,50,0,22,0,0,0,0,0,0,0,0,0,0,6,15,0,0,0,0,0,2,23,6,25,50,25,2,2,1,12,0,0,0,0,1,0,0,9,3,0,0,100,38,8,9,7,8,0,0,0.23999999463558197
1d3vrol,0.031,0.401,0.266,0.734,0.0,-0.9118,35,17.122413403193683,1,1,0,0,0,0,0,0,0,0,0,0,0,0,0,0,0,0,0,0,0,0,1,0,0,1,3,0,0,0,0,0,0,0,0,0,0,0,0,0,0,0,3,7,1,0,1,0,0,1,1.0
1d3wn9n,0.042,0.125,0.276,0.701,0.023,-0.9966,190,11.911945987284739,3,8,1,7,0,0,0,0,0,0,0,0,0,0,1,3,0,0,0,0,0,2,4,0,4,5,16,0,0,0,0,0,0,0,0,0,0,0,0,0,0,0,12,18,2,1,4,0,0,0,0.4699999988079071
1d3wsad,0.265,0.185,0.0,0.674,0.326,0.4404,7,11.20814326018867,0,0,0,0,0,0,0,0,0,0,0,0,0,0,0,0,0,0,0,0,0,0,0,0,0,1,0,0,0,0,0,0,0,0,0,0,0,0,0,0,0,0,2,1,0,0,0,0,0,1,1.0
1d3x4y4,0.025,0.162,0.083,0.824,0.093,0.719,259,11.038039088145766,0,19,0,3,0,0,0,0,0,0,0,0,0,0,4,2,0,0,0,0,0,1,5,8,0,5,9,0,0,2,0,0,0,0,0,1,0,0,2,1,0,0,5,22,4,1,3,0,1,0,0.5
1d3y38g,0.065,0.361,0.307,0.693,0.0,-0.4767,8,8.841846274778883,0,0,0,0,0,0,0,0,0,0,0,0,0,0,0,0,0,0,0,0,0,0,0,0,0,0,2,0,0,0,0,0,0,0,0,0,0,0,0,0,0,0,0,1,0,0,0,0,0,0,0.5
1d3zn3w,0.31,0.274,0.149,0.745,0.106,-0.9779,369,10.63711953065702,9,26,0,11,0,0,0,0,0,0,0,0,0,0,2,3,0,0,0,0,0,1,4,0,11,9,14,0,0,0,2,0,0,0,0,0,0,0,1,0,0,0,6,28,2,5,11,1,0,184,0.6899999976158142
1d40bs5,0.065,0.15,0.077,0.853,0.07,-0.2083,478,14.997032334435382,7,21,0,15,0,0,0,0,0,0,0,0,0,0,4,4,0,0,0,0,0,0,10,1,9,7,9,0,3,0,4,0,0,0,0,0,0,0,0,5,0,0,61,30,5,2,5,2,0,0,0.3799999952316284
1d413j4,0.031,0.377,0.28,0.682,0.038,-0.9825,100,10.125756701596842,0,6,1,3,0,0,0,0,0,0,0,0,0,0,0,0,0,0,0,0,0,0,2,0,1,2,9,0,0,0,0,0,0,0,0,0,0,0,0,0,0,0,1,12,2,0,1,0,1,42,0.8399999737739563
1d415e7,0.027,0.111,0.0,1.0,0.0,0.0,12,11.20814326018867,1,0,0,0,0,0,0,0,0,0,0,0,0,0,0,0,0,0,0,0,0,1,0,0,0,0,0,0,0,0,0,0,0,0,0,0,0,0,0,0,0,0,0,1,0,0,1,0,0,1,1.0
1d41blo,0.026,0.053,0.182,0.754,0.064,-0.6478,38,12.161744961471694,0,1,0,0,0,0,0,0,0,0,0,0,0,0,0,0,0,0,0,0,0,0,2,0,1,1,5,0,0,0,1,0,0,0,0,0,0,0,0,0,0,0,4,4,0,0,0,1,0,1,1.0
1d41r0t,0.11,0.234,0.183,0.694,0.123,-0.9494,281,13.518907172268552,4,18,1,4,0,0,0,0,0,0,0,0,0,0,5,1,0,0,0,0,0,4,2,1,5,9,17,0,0,0,0,1,0,0,0,0,0,0,0,2,0,0,28,19,1,2,4,0,0,0,0.44999998807907104
1d428or,0.135,0.305,0.184,0.714,0.102,-0.9954,463,18.098966198466837,4,26,0,11,0,0,0,0,0,0,0,0,0,0,2,5,0,0,0,0,0,3,11,2,18,18,30,3,0,1,2,0,2,0,0,3,0,0,1,2,0,0,7,30,3,3,5,1,1,0,0.2199999988079071
1d42au6,0.027,0.16,0.16,0.701,0.139,-0.8087,240,13.383793397009324,3,24,0,10,0,0,0,0,0,0,0,0,0,0,3,5,0,0,0,0,0,0,2,3,2,7,10,2,2,0,2,0,1,0,0,1,0,0,2,2,0,0,18,28,3,1,3,1,0,589,0.6399999856948853
1d42fy8,0.063,0.444,0.526,0.474,0.0,-0.6633,5,3.1291,0,0,0,0,0,0,0,0,0,0,0,0,0,0,0,0,0,0,0,0,0,0,1,0,0,0,1,0,0,0,0,0,0,0,0,0,0,0,0,0,0,0,0,0,0,0,0,0,0,1,1.0
1d43mw2,0.284,0.285,0.13,0.801,0.069,-0.864,182,18.458006810337128,1,6,0,2,0,0,0,0,0,0,0,0,0,0,0,1,0,0,0,0,0,9,1,1,1,3,10,0,0,0,1,0,0,0,0,0,0,0,0,1,0,0,29,18,4,1,0,0,0,0,0.23999999463558197
1d43tl7,0.032,0.013,0.0,1.0,0.0,0.0,6,3.1291,0,0,0,0,0,0,0,0,0,0,0,0,0,0,0,0,0,0,0,0,0,0,0,0,0,0,0,0,0,0,0,0,0,0,0,0,0,0,0,0,0,0,0,0,0,0,0,0,0,1,1.0
1d44ejm,0.069,0.396,0.102,0.826,0.072,-0.8657,284,14.554592549557764,6,21,1,6,0,0,0,0,0,0,0,0,0,2,1,2,0,0,1,0,0,0,8,12,5,6,16,0,0,0,4,0,0,0,0,0,0,0,1,2,0,0,5,23,2,2,7,3,0,0,0.46000000834465027
1d45360,0.016,0.27,0.0,0.748,0.252,0.5719,12,11.20814326018867,0,1,0,0,0,0,0,0,0,0,0,0,0,0,0,0,0,0,0,0,0,0,1,0,0,1,0,0,0,0,0,0,0,0,0,0,0,0,0,0,0,0,1,2,0,0,0,0,0,1,1.0
1d4538r,0.053,0.2,0.148,0.71,0.142,-0.9787,1250,13.600736892100489,15,79,0,34,0,0,0,0,0,0,0,0,0,0,12,8,0,0,0,0,0,48,8,1,14,46,67,0,1,0,3,0,2,0,0,1,0,0,1,8,0,0,13,46,5,14,36,3,0,0,0.25999999046325684
1d453ne,0.03,0.191,0.025,0.892,0.083,0.7876,180,16.084390811093357,2,13,0,6,0,0,0,0,0,0,0,0,0,0,0,1,0,0,0,0,0,0,1,1,1,13,3,0,0,0,0,0,0,0,0,0,0,0,0,0,0,0,6,18,1,0,2,0,0,0,0.2800000011920929
1d453te,0.032,0.013,0.0,1.0,0.0,0.0,6,3.1291,0,0,0,0,0,0,0,0,0,0,0,0,0,0,0,0,0,0,0,0,0,0,0,0,0,0,0,0,0,0,0,0,0,0,0,0,0,0,0,0,0,0,0,0,0,0,0,0,0,1,1.0
1d456b2,0.1,0.154,0.138,0.681,0.182,0.9813,522,10.89609245642622,6,54,0,10,0,0,0,0,0,0,0,0,0,0,4,6,1,0,0,0,0,3,13,5,11,27,31,0,0,2,4,1,1,0,0,1,0,0,1,1,0,0,10,33,7,0,6,2,1,0,0.4399999976158142
1d45jco,0.195,0.122,0.441,0.462,0.097,-0.7717,13,11.20814326018867,1,0,0,0,0,0,0,0,0,0,0,0,0,0,0,0,0,0,0,0,0,0,0,0,0,0,0,0,0,0,0,0,0,0,0,0,0,0,0,0,0,0,1,2,0,0,1,0,0,1,1.0
1d45mrn,0.016,0.011,0.0,1.0,0.0,0.0,5,3.1291,0,0,0,0,0,0,0,0,0,0,0,0,0,0,0,0,0,0,0,0,0,0,0,0,0,0,0,0,0,0,0,0,0,0,0,0,0,0,0,0,0,0,1,0,0,0,0,0,0,1,0.6600000262260437
1d45sxv,0.024,0.156,0.07,0.814,0.116,0.9799,486,15.903189008614273,5,36,1,8,0,2,0,0,0,0,0,0,0,0,2,4,0,0,1,0,0,0,36,5,9,14,10,0,0,0,0,0,1,0,0,0,0,0,1,2,0,0,18,39,5,0,16,1,2,0,0.1899999976158142
1d45twn,0.065,0.523,0.19,0.684,0.126,-0.9728,217,10.891193690592665,4,10,0,5,0,0,0,0,0,0,0,0,0,0,0,5,0,0,1,0,0,2,6,4,7,6,14,0,1,0,1,0,0,0,0,0,0,0,1,0,0,0,1,22,4,0,4,4,0,28,0.6000000238418579
1d45vii,0.044,0.109,0.026,0.863,0.111,0.9674,256,15.247664890283005,4,16,0,2,0,0,0,0,0,0,0,0,0,0,0,0,0,0,0,0,0,0,5,1,20,4,11,0,0,0,0,1,0,0,0,0,0,0,0,0,0,0,15,17,2,3,7,0,0,1,1.0
1d45zz2,0.047,0.054,0.077,0.794,0.13,0.6561,152,12.457975602129121,1,12,0,3,0,0,0,0,0,0,0,0,0,0,3,3,0,0,0,0,0,1,2,0,0,6,4,0,0,1,0,0,0,0,0,0,0,0,0,0,0,0,8,17,1,0,2,1,0,59,0.6600000262260437
1d46nkn,0.036,0.352,0.15,0.73,0.119,-0.821,175,10.504223727775692,3,13,0,8,0,0,0,0,0,0,0,0,0,0,0,3,0,0,0,0,0,0,3,0,10,6,4,0,2,0,0,0,0,0,0,1,0,0,0,1,0,0,5,14,1,1,6,0,0,183,0.7300000190734863
1d4757l,0.04,0.067,0.085,0.778,0.137,0.9537,350,10.864195022040775,9,25,0,11,0,0,0,0,1,0,1,0,0,0,1,5,0,1,1,0,1,0,16,5,0,14,12,0,0,1,1,0,0,0,0,0,1,0,0,1,0,0,8,26,5,1,5,0,0,0,0.27000001072883606
1d47ld5,0.033,0.025,0.0,0.851,0.149,0.2732,13,8.841846274778883,0,0,0,0,0,0,0,0,0,0,0,0,0,0,0,0,0,0,0,0,0,1,0,0,0,1,0,0,0,0,0,0,0,0,0,0,0,0,0,0,0,0,0,3,0,0,1,0,0,1,1.0
1d47zbg,0.098,0.042,0.152,0.794,0.054,-0.994,471,13.64565750075407,5,30,2,8,0,1,0,0,0,0,0,0,0,0,1,4,0,0,0,0,0,5,3,3,3,11,25,0,0,1,0,0,0,0,0,0,0,0,2,11,0,0,22,32,4,5,5,1,1,19,0.75
1d481gs,0.126,0.153,0.145,0.745,0.11,-0.9928,967,9.444778638647367,9,75,3,26,0,2,0,0,0,0,0,0,1,0,18,6,0,1,0,0,0,23,11,7,17,32,34,0,0,0,0,0,16,0,0,11,0,0,5,3,0,0,50,44,5,10,16,1,1,1,1.0
1d485fd,0.149,0.115,0.145,0.746,0.109,-0.9935,983,9.436908631056223,10,77,3,27,0,2,0,0,0,0,0,0,1,0,19,6,0,1,0,0,0,23,11,7,17,32,35,0,0,0,0,0,16,0,0,11,0,0,5,3,0,0,50,44,5,10,17,1,1,0,0.5
1d485hr,0.149,0.115,0.145,0.746,0.109,-0.9935,983,9.436908631056223,10,77,3,27,0,2,0,0,0,0,0,0,1,0,19,6,0,1,0,0,0,23,11,7,17,32,35,0,0,0,0,0,16,0,0,11,0,0,5,3,0,0,50,44,5,10,17,1,1,0,0.5
1d4881y,0.144,0.378,0.28,0.536,0.185,-0.1531,12,7.168621630094336,0,1,0,0,0,0,0,0,0,0,0,0,0,0,0,0,0,0,0,0,0,0,0,0,0,1,2,0,0,0,0,0,0,0,0,0,0,0,0,0,0,0,2,2,0,0,0,0,0,1,1.0
1d48gyj,0.037,0.018,0.035,0.797,0.168,0.978,199,14.410869940926823,2,6,0,1,0,1,0,0,0,0,0,0,0,0,0,0,0,1,0,0,0,0,3,0,6,7,6,0,0,1,1,0,2,0,0,0,0,0,0,0,0,0,2,14,0,1,5,1,2,0,0.38999998569488525
1d48vh2,0.04,0.12,0.367,0.633,0.0,-0.4404,6,11.20814326018867,0,0,0,0,0,0,0,0,0,0,0,0,0,0,0,0,0,0,0,0,0,0,0,0,0,0,1,0,0,0,0,0,0,0,0,0,0,0,0,0,0,0,0,0,0,0,0,0,0,1,1.0
1d499c9,0.089,0.597,0.224,0.776,0.0,-0.3818,10,11.20814326018867,0,0,0,0,0,0,0,0,0,0,0,0,0,0,0,0,0,0,0,0,0,0,0,0,0,0,0,0,0,0,0,0,0,0,0,0,0,0,0,0,0,0,1,1,0,0,0,0,0,1,1.0
1d49afi,0.197,0.153,0.154,0.731,0.116,-0.995,1076,9.531703710077071,9,80,3,31,0,2,0,0,0,0,0,0,1,0,22,7,1,1,0,0,0,28,11,8,18,34,36,0,0,0,0,0,18,0,0,14,0,0,5,3,0,0,59,46,5,12,16,2,1,0,0.2199999988079071
1d49uzo,0.039,0.042,0.079,0.771,0.149,0.9041,158,12.719339214003902,2,6,0,6,0,0,0,0,0,0,0,0,0,0,0,0,0,0,0,0,1,0,7,0,2,10,2,0,0,0,4,1,0,0,0,0,0,0,1,2,0,0,4,20,1,1,5,5,0,0,0.3499999940395355
1d4ao6t,0.09,0.309,0.145,0.855,0.0,-0.296,14,15.903189008614273,0,0,0,1,0,0,0,0,0,0,0,0,0,0,0,0,0,0,0,0,0,0,0,0,0,0,0,0,0,0,0,0,0,0,0,0,0,0,0,0,0,0,2,1,0,0,0,0,0,1,1.0
1d4b0df,0.062,0.52,0.135,0.865,0.0,-0.4215,19,8.841846274778883,0,1,0,0,0,0,0,0,0,0,0,0,0,0,0,0,0,0,0,0,0,0,0,0,1,0,0,0,0,0,0,0,0,0,0,0,0,0,0,0,0,0,1,8,0,0,0,0,0,1,1.0
1d4b1k6,0.047,0.378,0.03,0.898,0.072,0.7712,200,11.20814326018867,3,10,0,5,0,0,0,0,0,0,0,0,0,0,1,1,0,0,0,0,0,0,0,0,21,7,4,0,0,0,0,1,1,0,0,0,0,0,0,3,0,0,4,18,4,0,7,0,0,496,0.6899999976158142
1d4b4ok,0.207,0.118,0.072,0.833,0.095,0.9179,420,13.74005525859948,6,18,0,14,0,0,0,0,1,0,0,0,0,0,0,4,0,0,0,0,1,9,7,6,5,14,8,0,0,2,0,0,0,0,0,1,0,0,1,2,0,0,47,25,2,0,7,2,1,0,0.28999999165534973
1d4bhvv,0.042,0.479,0.083,0.866,0.051,-0.9639,516,14.683698258229963,3,45,5,13,1,1,0,0,0,0,0,0,0,0,5,3,1,0,3,0,0,0,18,8,13,8,21,0,1,1,8,0,0,0,0,0,0,0,2,7,0,0,6,36,5,5,9,9,0,0,0.25
1d4d6h3,0.058,0.112,0.04,0.891,0.069,0.5293,108,13.81666964889586,3,9,1,2,0,0,0,0,0,0,0,0,0,0,1,0,0,0,0,0,0,6,2,0,1,3,3,0,0,0,0,0,0,0,0,0,0,0,0,1,0,0,1,9,1,0,5,0,1,0,0.33000001311302185
1d4d6xk,0.025,0.061,0.11,0.89,0.0,-0.1531,14,11.20814326018867,1,0,0,1,0,0,0,0,0,0,0,0,0,0,0,1,0,0,0,0,0,0,0,0,1,0,0,0,0,0,0,0,0,0,0,0,0,0,0,0,0,0,0,2,0,0,1,0,0,1,1.0
1d4dast,0.05,0.175,0.041,0.848,0.11,0.886,218,11.37473899888905,4,21,0,9,0,0,0,0,0,0,0,0,0,0,2,1,0,0,0,0,0,0,4,0,2,8,2,0,0,0,0,0,0,0,0,0,0,0,0,2,0,0,14,19,2,2,3,1,1,843,0.699999988079071
1d4dd40,0.062,0.075,0.119,0.881,0.0,-0.4023,21,13.023866798666859,0,1,0,1,0,0,0,0,0,0,0,0,0,0,0,0,0,0,0,0,0,0,0,0,0,0,1,0,0,0,0,0,0,0,0,0,0,0,0,0,0,0,0,4,0,0,0,0,0,1,1.0
1d4dgkt,0.058,0.093,0.07,0.875,0.055,-0.5271,145,13.023866798666859,0,6,0,1,0,0,0,0,0,0,0,0,0,0,0,2,0,0,0,0,0,0,2,0,0,2,7,0,0,1,0,0,0,0,0,0,0,0,0,1,0,0,3,15,1,1,1,0,0,0,0.28999999165534973
1d4drlc,0.101,0.378,0.286,0.666,0.048,-0.9978,250,12.340626583579944,2,11,0,3,0,0,0,0,0,0,0,0,0,0,1,0,0,0,0,0,0,1,2,2,7,4,24,0,0,0,0,0,0,0,0,0,1,0,0,2,0,0,7,23,2,12,10,1,0,0,0.5
1d4dtea,0.102,0.378,0.287,0.665,0.048,-0.9978,249,12.340626583579944,2,11,0,3,0,0,0,0,0,0,0,0,0,0,1,0,0,0,0,0,0,1,2,2,7,4,24,0,0,0,0,0,0,0,0,0,1,0,0,2,0,0,7,23,2,12,10,1,0,0,0.1599999964237213
1d4e15f,0.029,0.737,0.085,0.703,0.212,0.9668,144,8.575989854853784,0,13,3,14,0,1,0,0,0,0,0,0,0,0,1,0,0,0,0,0,0,0,15,5,2,6,4,0,0,0,1,0,0,0,0,7,0,0,1,0,0,0,0,14,3,0,3,0,1,0,0.4300000071525574
1d4evaw,0.033,0.066,0.082,0.81,0.108,0.8561,218,9.725611199111238,5,12,0,6,0,0,0,0,0,0,0,0,0,0,4,3,0,0,0,0,1,1,32,1,1,5,12,0,0,0,1,0,0,0,0,0,0,0,2,3,0,0,1,24,3,2,4,1,0,1,0.5
1d4ewio,0.023,0.378,0.035,0.839,0.126,0.9438,162,10.035473477838034,1,8,1,7,0,0,0,0,0,0,0,0,0,0,2,2,0,0,0,0,0,0,9,3,2,11,5,1,0,0,0,0,0,0,0,0,0,0,0,2,0,0,2,19,2,1,2,0,1,0,0.4699999988079071
1d4fw98,0.062,0.427,0.142,0.858,0.0,-0.5106,21,13.023866798666859,0,0,0,0,0,0,0,0,0,0,0,0,0,0,1,0,0,0,0,0,0,0,3,0,0,0,1,0,0,0,0,0,0,0,0,0,0,0,0,0,0,0,2,6,0,0,0,0,0,1,1.0
1d4ghqr,0.095,0.699,0.319,0.681,0.0,-0.7269,15,13.023866798666859,0,1,0,0,0,0,0,0,0,0,0,0,0,0,0,0,0,0,0,0,0,0,0,0,1,0,2,0,0,0,0,0,0,0,0,0,0,0,0,0,0,0,0,5,0,0,0,0,0,0,0.25
1d4gnlc,0.031,0.333,0.064,0.884,0.052,-0.7291,381,11.20814326018867,3,16,0,7,0,0,0,0,0,0,0,0,0,0,3,0,0,0,0,0,0,2,6,3,29,16,16,0,0,1,1,0,0,0,0,2,0,0,0,0,0,0,30,23,1,2,5,2,0,0,0.23000000417232513
1d4iqfr,0.103,0.198,0.0,1.0,0.0,0.0,8,11.20814326018867,1,0,0,1,0,0,0,0,0,0,0,0,0,0,0,0,0,0,0,0,0,0,0,0,0,0,0,0,0,0,0,0,0,0,0,0,0,0,0,0,0,0,0,1,0,0,1,0,0,1,1.0
1d4j756,0.092,0.136,0.0,1.0,0.0,0.0,7,11.20814326018867,0,0,0,1,0,0,0,0,0,0,0,0,0,0,0,0,0,0,0,0,0,0,0,0,0,0,0,0,0,0,0,0,0,0,0,0,0,0,0,0,0,0,0,0,0,0,1,0,0,1,1.0
1d4j8a2,0.049,0.07,0.117,0.744,0.138,0.6162,201,10.74609503303851,2,11,0,3,0,0,0,0,0,0,0,0,0,0,1,3,0,0,4,0,0,0,9,8,3,11,16,0,0,0,0,0,0,0,0,0,0,0,0,0,0,0,10,22,2,2,8,0,0,108,0.8299999833106995
1d4k01i,0.023,0.111,0.286,0.714,0.0,-0.5574,10,11.20814326018867,1,1,0,1,0,0,0,0,0,0,0,0,0,0,0,0,0,0,0,0,0,0,0,0,1,0,0,0,0,0,0,0,0,0,0,0,0,0,0,0,0,0,0,2,0,0,1,0,0,1,1.0
1d4k0vf,0.03,0.078,0.105,0.784,0.111,0.0397,20,8.841846274778883,0,1,0,2,0,0,0,0,0,0,0,0,0,0,1,0,0,0,0,0,0,0,0,0,0,2,0,0,0,0,0,0,0,0,0,0,0,0,0,0,0,0,0,3,0,0,0,0,0,1,1.0
1d4k6mv,0.043,0.114,0.223,0.777,0.0,-0.3182,9,3.1291,0,1,0,1,0,0,0,0,0,0,0,0,0,0,0,0,0,0,0,0,0,0,0,0,0,0,0,0,0,0,0,0,0,0,0,0,0,0,0,0,0,0,0,0,1,0,0,0,0,1,1.0
1d4kdqc,0.025,0.019,0.0,0.588,0.412,0.2732,4,8.841846274778883,0,0,0,0,0,0,0,0,0,0,0,0,0,0,0,0,0,0,0,0,0,0,0,0,0,0,1,0,0,0,0,0,0,0,0,0,0,0,0,0,0,0,1,0,0,0,0,0,0,1,1.0
1d4kyjr,0.033,0.365,0.1,0.752,0.148,0.7771,119,12.340626583579944,2,12,1,4,0,0,0,0,0,0,0,0,0,0,0,0,0,0,1,0,0,1,5,1,2,8,4,0,0,0,1,0,0,0,0,3,0,0,1,0,0,0,8,15,3,2,7,1,0,794,0.699999988079071
1d4l7az,0.033,0.114,0.0,0.761,0.239,0.296,8,3.1291,0,0,0,0,0,0,0,0,0,0,0,0,0,0,0,0,0,0,0,0,0,0,0,0,0,0,1,0,0,0,0,0,0,0,0,0,0,0,0,0,0,0,0,0,0,0,0,0,0,1,1.0
1d4l7o1,0.052,0.114,0.21,0.713,0.077,-0.9853,158,10.047579312681364,0,7,0,5,0,0,0,0,0,0,0,0,0,0,1,2,0,0,0,0,1,0,8,1,4,6,14,0,0,0,0,0,0,0,0,1,0,0,0,3,0,0,19,16,2,0,5,0,0,0,0.33000001311302185
1d4lheh,0.061,0.203,0.191,0.809,0.0,-0.8658,44,17.122413403193683,1,1,0,0,0,0,0,0,0,0,0,0,0,0,0,0,0,0,0,0,0,2,0,0,0,1,3,0,0,0,0,0,0,0,0,0,0,0,0,0,0,0,9,7,0,0,1,0,1,1,1.0
1d4lhp8,0.022,0.348,0.144,0.726,0.13,-0.4127,169,10.832165505486643,3,11,0,2,0,0,0,0,0,0,0,0,1,0,0,3,0,0,0,0,0,0,6,1,14,9,9,0,1,0,2,0,0,0,0,1,0,0,2,0,0,0,6,17,4,0,0,2,0,77,0.7400000095367432
1d4lst2,0.019,0.052,0.259,0.741,0.0,-0.5423,11,3.1291,0,1,0,1,0,0,0,0,0,0,0,0,0,0,0,0,0,0,0,0,0,0,1,0,0,0,2,0,1,0,1,0,0,0,0,0,0,0,0,1,0,0,1,1,0,0,0,1,0,1,1.0
1d4m0j7,0.025,0.168,0.365,0.635,0.0,-0.3182,5,3.1291,0,0,0,0,0,0,0,0,0,0,0,0,0,0,0,0,0,0,0,0,0,0,0,0,0,0,1,0,0,0,0,0,0,0,0,0,0,0,0,0,0,0,0,2,0,0,0,0,0,1,1.0
1d4m5y4,0.05,0.043,0.0,1.0,0.0,0.0,3,8.841846274778883,0,0,0,0,0,0,0,0,0,0,0,0,0,0,0,0,0,0,0,0,0,0,0,0,0,0,0,0,0,0,0,0,0,0,0,0,0,0,0,0,0,0,0,0,0,0,0,0,0,1,1.0
1d4mc89,0.042,0.426,0.089,0.841,0.07,-0.0647,113,16.728156217252725,0,9,1,4,0,0,0,0,0,0,0,0,0,0,1,0,0,0,0,0,0,0,2,0,5,6,1,1,0,0,0,0,0,0,0,1,0,0,1,1,0,0,0,20,4,0,1,0,0,0,0.3100000023841858
1d4mdta,0.281,0.427,0.086,0.861,0.053,-0.631,174,14.955608360458719,1,12,1,4,0,0,0,0,0,0,0,0,0,0,0,1,0,0,0,0,0,2,1,0,5,7,11,0,0,0,0,0,1,0,0,0,0,0,0,0,0,0,4,15,2,1,8,0,0,0,0.36000001430511475
1d4mp1l,0.034,0.339,0.4,0.6,0.0,-0.6115,7,3.1291,0,0,0,0,0,1,0,0,0,0,0,0,0,0,0,0,0,0,0,0,0,0,0,0,0,0,1,0,0,0,0,0,0,0,0,0,0,0,0,0,0,0,0,0,0,0,0,0,0,1,1.0
1d4mra2,0.037,0.048,0.027,0.906,0.067,0.6474,146,11.20814326018867,3,11,0,1,0,0,0,0,0,0,0,0,0,0,0,5,0,0,0,0,0,1,3,0,14,2,1,0,0,0,1,0,0,0,0,1,0,0,2,4,0,0,3,17,4,4,0,1,3,128,0.7799999713897705
1d4n4d4,0.023,0.073,0.119,0.818,0.064,-0.9803,386,11.93303328291395,15,33,0,9,0,0,0,0,0,0,0,0,0,0,2,9,0,0,0,0,0,1,5,0,9,18,14,0,0,2,1,0,0,0,0,0,0,0,1,2,0,0,41,29,4,4,11,1,1,0,0.3199999928474426
1d4n6i5,0.027,0.047,0.146,0.658,0.196,0.94,180,10.560738912317856,1,20,0,8,0,0,0,0,0,0,0,0,0,0,0,0,0,0,0,0,0,0,11,2,2,13,16,0,0,1,1,0,1,0,0,1,1,0,0,0,0,0,0,15,2,1,5,0,1,1,1.0
1d4nkyb,0.079,0.078,0.081,0.822,0.097,0.5563,206,14.410869940926823,5,9,0,0,0,0,0,0,0,0,0,0,0,0,0,1,0,0,0,0,0,0,0,13,0,9,10,0,0,0,0,0,0,0,0,0,0,0,0,1,0,0,1,23,3,1,3,0,0,114,0.6700000166893005
1d4nmp7,0.02,0.699,0.407,0.593,0.0,-0.6705,10,13.023866798666859,0,1,0,0,0,0,0,0,0,0,0,0,0,0,0,0,0,0,0,0,0,0,0,0,0,0,2,0,0,0,0,0,0,0,0,0,0,0,0,0,0,0,0,4,0,0,0,0,0,1,1.0
1d4nv8m,0.026,0.012,0.0,1.0,0.0,0.0,3,3.1291,0,0,0,0,0,0,0,0,0,0,0,0,0,0,0,0,0,0,0,0,0,0,0,0,0,0,0,0,0,0,0,0,0,0,0,0,0,0,0,0,0,0,0,1,0,0,0,0,0,1,1.0
1d4o0el,0.035,0.015,0.0,1.0,0.0,0.0,2,3.1291,0,0,0,0,0,0,0,0,0,0,0,0,0,0,0,0,0,0,0,0,0,0,0,0,0,0,0,0,0,0,0,0,0,0,0,0,0,0,0,0,0,0,0,0,0,0,0,0,0,1,1.0
1d4o104,0.035,0.015,0.0,1.0,0.0,0.0,2,3.1291,0,0,0,0,0,0,0,0,0,0,0,0,0,0,0,0,0,0,0,0,0,0,0,0,0,0,0,0,0,0,0,0,0,0,0,0,0,0,0,0,0,0,0,0,0,0,0,0,0,1,1.0
1d4odub,0.049,0.427,0.033,0.921,0.046,0.4301,275,11.442366930564873,2,14,0,3,0,0,0,0,0,0,0,0,0,1,1,0,0,0,0,0,0,1,6,3,2,5,2,2,0,0,0,0,0,0,0,3,0,0,0,4,0,0,19,14,0,0,2,0,0,0,0.05999999865889549
1d4ofdy,0.154,0.348,0.0,1.0,0.0,0.0,6,13.023866798666859,0,1,0,0,0,0,0,0,0,0,0,0,0,0,0,0,0,0,0,0,0,0,0,0,0,0,0,0,0,0,0,0,0,0,0,0,0,0,0,0,0,0,0,2,0,0,0,0,0,1,1.0
1d4ol4c,0.047,0.095,0.119,0.823,0.059,-0.9728,404,13.613851032357722,1,16,0,3,0,4,0,0,0,1,0,0,0,0,0,5,0,0,1,0,0,0,5,2,20,7,22,0,0,0,0,0,0,0,0,1,0,0,2,1,0,0,39,31,4,3,3,1,0,107,0.7400000095367432
1d4oq31,0.043,0.275,0.304,0.696,0.0,-0.5423,9,8.841846274778883,0,0,0,0,0,0,0,0,0,0,0,0,0,0,0,0,0,0,0,0,0,0,0,0,0,0,1,0,0,0,0,0,0,0,0,0,0,0,0,0,0,0,0,1,0,0,0,0,0,1,1.0
1d4pixa,0.02,0.055,0.062,0.807,0.131,0.6808,72,10.290406445055957,0,2,0,2,0,0,0,0,0,0,0,0,0,0,0,1,0,0,0,0,0,1,0,1,1,3,3,0,0,0,0,0,0,0,0,1,0,0,0,0,0,0,4,8,0,0,1,0,0,0,0.4000000059604645
1d4pkfd,0.016,0.553,0.309,0.565,0.126,-0.6369,16,3.1291,0,1,0,0,0,0,0,0,0,0,0,0,0,0,0,0,0,0,0,0,0,0,0,0,1,1,2,0,0,0,0,0,0,0,0,0,0,0,0,1,0,0,0,1,0,0,0,0,0,1,1.0
1d4pmgt,0.025,0.238,0.177,0.691,0.133,-0.997,883,10.27262907436959,14,54,2,23,0,7,0,0,0,0,0,0,0,0,3,13,1,2,3,0,0,5,27,6,36,39,52,0,1,0,4,0,7,1,2,10,0,0,3,2,0,0,22,41,5,8,18,7,2,0,0.4099999964237213
1d4py8m,0.111,0.075,0.278,0.476,0.246,-0.2006,16,8.841846274778883,0,0,0,0,0,1,0,0,0,0,0,0,0,0,0,0,0,0,0,0,0,1,0,0,0,2,1,0,0,0,0,0,0,0,0,0,0,0,1,0,0,0,1,4,1,0,1,0,0,1,1.0
1d4pzve,0.076,0.113,0.371,0.629,0.0,-0.5994,13,8.841846274778883,0,0,0,0,0,0,0,0,0,0,0,0,0,0,0,0,0,0,0,0,0,0,0,0,0,0,1,0,0,0,0,0,0,0,0,0,0,0,0,0,0,0,0,1,0,0,0,0,0,1,1.0
1d4qh4m,0.025,0.037,0.0,1.0,0.0,0.0,22,14.554592549557764,2,0,0,1,0,0,0,0,0,0,0,0,0,0,0,0,0,0,0,0,0,0,2,0,0,0,0,0,0,0,0,0,0,0,0,0,0,0,0,0,0,0,0,4,2,0,0,0,0,1,1.0
1d4qtxt,0.094,0.08,0.0,1.0,0.0,0.0,13,3.1291,0,0,0,1,0,0,0,0,0,0,0,0,0,0,0,0,0,0,0,0,0,0,0,0,0,0,0,0,0,0,0,0,0,0,0,0,0,0,0,0,0,0,0,1,0,0,0,0,0,1,1.0
1d4r00o,0.043,0.053,0.084,0.663,0.253,0.5859,13,8.841846274778883,0,0,0,0,0,0,0,0,0,0,0,0,0,0,0,0,0,0,0,0,0,0,0,0,0,2,1,0,0,0,0,0,0,0,0,0,0,0,0,0,0,0,0,3,0,0,0,0,0,1,1.0
1d4rlli,0.049,0.265,0.214,0.727,0.059,-0.5267,19,15.903189008614273,0,1,0,1,0,0,0,0,0,0,0,0,0,0,0,0,0,0,0,0,0,0,0,0,0,0,1,0,0,0,0,0,0,0,0,0,0,0,0,0,0,0,1,2,0,1,1,0,0,1,1.0
1d4rxa8,0.08,0.185,0.0,1.0,0.0,0.0,10,3.1291,0,1,0,1,0,1,0,0,0,0,0,0,0,0,0,0,0,0,0,0,0,0,0,0,0,0,0,0,0,0,0,0,0,0,0,0,0,0,0,0,0,0,0,0,0,0,0,0,0,1,1.0
1d4sdvc,0.061,0.114,0.047,0.83,0.123,0.9566,257,15.532846611407376,4,17,0,3,0,0,0,0,0,0,0,0,0,0,0,0,0,0,0,0,0,0,5,1,18,6,10,0,0,0,0,1,0,0,0,0,0,0,0,0,0,0,18,17,2,2,8,0,0,0,0.4699999988079071
1d4sru3,0.033,0.328,0.281,0.719,0.0,-0.5994,11,11.20814326018867,0,0,0,0,0,0,0,0,0,0,0,0,0,0,0,0,0,0,0,0,0,0,1,0,0,0,2,0,0,0,0,0,0,0,0,0,0,0,0,0,0,0,0,1,0,0,0,0,0,1,1.0
1d4ssxa,0.071,0.33,0.36,0.64,0.0,-0.7351,13,11.20814326018867,0,0,0,1,0,0,0,0,0,0,0,0,0,0,0,0,0,0,0,0,0,0,0,0,0,1,1,0,0,0,0,0,0,0,0,0,0,0,0,1,0,0,0,3,0,0,0,0,0,1,1.0
1d4syhl,0.033,0.328,0.281,0.719,0.0,-0.5994,11,11.20814326018867,0,0,0,0,0,0,0,0,0,0,0,0,0,0,0,0,0,0,0,0,0,0,1,0,0,0,2,0,0,0,0,0,0,0,0,0,0,0,0,0,0,0,0,1,0,0,0,0,0,1,1.0
1d4teby,0.063,0.068,0.0,1.0,0.0,0.0,13,13.023866798666859,0,1,0,0,0,0,0,0,0,0,0,0,0,0,0,0,0,0,0,0,0,0,0,0,0,0,0,0,0,0,0,0,0,0,0,0,0,0,0,0,0,0,2,2,0,0,0,0,0,1,1.0
1d4tf0i,0.033,0.328,0.281,0.719,0.0,-0.5994,11,11.20814326018867,0,0,0,0,0,0,0,0,0,0,0,0,0,0,0,0,0,0,0,0,0,0,1,0,0,0,2,0,0,0,0,0,0,0,0,0,0,0,0,0,0,0,0,1,0,0,0,0,0,1,1.0
1d4tgvx,0.051,0.019,0.039,0.822,0.139,0.9825,242,10.914260884657427,5,17,0,6,0,0,0,0,0,0,0,0,0,0,2,1,0,0,0,0,0,0,4,3,0,9,1,0,0,0,0,0,0,0,0,0,0,0,0,0,0,0,6,18,3,2,6,2,0,0,0.30000001192092896
1d4tig9,0.063,0.068,0.0,1.0,0.0,0.0,13,13.023866798666859,0,1,0,0,0,0,0,0,0,0,0,0,0,0,0,0,0,0,0,0,0,0,0,0,0,0,0,0,0,0,0,0,0,0,0,0,0,0,0,0,0,0,2,2,0,0,0,0,0,1,1.0
1d4tlsg,0.063,0.067,0.0,1.0,0.0,0.0,14,13.023866798666859,0,1,0,0,0,0,0,0,0,0,0,0,0,0,0,0,0,0,0,0,0,0,0,0,0,0,0,0,0,0,0,0,0,0,0,0,0,0,0,0,0,0,2,2,0,0,0,0,0,1,1.0
1d4ttqv,0.019,0.029,0.0,0.673,0.327,0.9116,33,8.841846274778883,2,1,0,3,0,0,0,0,0,0,0,0,0,0,1,0,0,0,0,0,0,0,0,5,0,2,1,0,0,0,0,0,0,0,0,0,0,0,0,0,0,0,0,9,1,0,2,0,0,1,1.0
1d4tzx7,0.106,0.592,0.407,0.593,0.0,-0.6705,10,3.1291,0,0,0,1,0,0,0,0,0,0,0,0,0,0,0,0,0,0,0,0,0,0,0,1,0,0,1,0,0,0,0,0,0,0,0,0,0,0,0,0,0,0,0,2,0,0,0,0,0,1,1.0
1d4u55a,0.283,0.52,0.416,0.584,0.0,-0.7506,11,3.1291,0,2,0,0,0,0,0,0,0,0,0,0,0,0,0,0,0,0,0,0,0,0,0,0,0,0,2,0,0,0,0,0,0,0,0,0,0,0,0,0,0,0,0,1,0,0,0,0,0,1,1.0
1d4u6sa,0.283,0.52,0.416,0.584,0.0,-0.7506,11,3.1291,0,2,0,0,0,0,0,0,0,0,0,0,0,0,0,0,0,0,0,0,0,0,0,0,0,0,2,0,0,0,0,0,0,0,0,0,0,0,0,0,0,0,0,1,0,0,0,0,0,0,0.5
1d4vp8c,0.045,0.164,0.341,0.659,0.0,-0.7351,14,13.023866798666859,0,2,0,0,0,0,0,0,0,0,0,0,0,0,0,0,0,0,0,0,0,0,0,2,0,0,2,0,0,0,0,0,0,0,0,0,0,0,0,0,0,0,0,3,0,0,0,0,0,1,1.0
1d4wq47,0.015,0.372,0.0,1.0,0.0,0.0,10,8.841846274778883,0,0,0,1,0,0,0,0,0,0,0,0,0,0,0,0,0,0,0,0,0,0,1,0,0,0,1,0,0,0,1,0,0,0,0,0,0,0,0,0,0,0,0,2,0,0,0,0,1,1,1.0
1d4wtu1,0.015,0.372,0.0,1.0,0.0,0.0,10,8.841846274778883,0,0,0,1,0,0,0,0,0,0,0,0,0,0,0,0,0,0,0,0,0,0,1,0,0,0,1,0,0,0,1,0,0,0,0,0,0,0,0,0,0,0,0,2,0,0,0,0,1,1,1.0
1d4wy80,0.034,0.11,0.197,0.803,0.0,-0.6597,24,17.122413403193683,1,1,0,0,0,0,0,0,0,0,0,0,0,0,0,0,0,0,0,0,0,0,0,0,1,0,0,0,0,0,0,0,0,0,0,0,0,0,0,0,0,0,3,4,0,0,1,0,0,1,1.0
1d4x38o,0.029,0.197,0.091,0.778,0.131,0.8432,216,13.25671669890799,1,21,0,11,0,0,0,0,0,0,0,0,0,0,0,2,0,0,0,0,1,1,22,0,4,7,10,0,2,3,3,0,0,0,0,0,1,0,1,3,0,0,1,17,3,3,10,3,0,0,0.4300000071525574
1d4y4pe,0.027,0.035,0.099,0.901,0.0,-0.296,21,13.023866798666859,0,0,0,2,0,0,0,0,0,0,0,0,0,0,1,0,0,0,0,0,0,0,0,0,1,0,0,0,0,0,0,0,0,0,0,0,0,0,0,0,0,0,0,6,0,0,0,0,0,1,1.0
1d4y7kq,0.013,0.048,0.333,0.667,0.0,-0.6705,13,11.20814326018867,0,0,0,1,0,0,0,0,0,0,0,0,0,0,0,0,0,0,0,0,0,0,0,0,0,0,2,0,0,0,0,0,0,0,0,0,0,0,0,0,0,0,1,0,0,0,0,0,0,1,1.0
1d4yfhp,0.16,0.173,0.0,0.801,0.199,0.357,11,3.1291,0,0,0,1,0,0,0,0,0,0,0,0,0,0,0,0,0,0,0,0,0,0,0,0,0,1,0,0,0,0,0,0,0,0,0,0,0,0,0,0,0,0,0,1,0,0,0,0,0,1,1.0
1d4yig4,0.514,0.11,0.0,0.668,0.332,0.357,6,3.1291,0,0,0,1,0,0,0,0,0,0,0,0,0,0,0,0,0,0,0,0,0,0,0,0,0,1,0,0,0,0,0,0,0,0,0,0,0,0,0,0,0,0,0,0,0,0,0,0,0,0,0.05999999865889549
1d4yqmq,0.11,0.043,0.08,0.817,0.103,0.8218,213,7.70948699238394,6,18,0,5,0,0,0,0,0,0,0,0,0,0,3,2,0,0,0,0,0,0,9,0,15,7,4,0,0,1,1,0,0,0,0,2,0,0,0,5,0,0,4,22,2,1,4,1,1,0,0.27000001072883606
1d4yy62,0.019,0.589,0.28,0.72,0.0,-0.5984,11,13.023866798666859,0,0,0,0,0,0,0,0,0,0,0,0,0,0,0,0,0,0,0,0,0,0,0,0,0,1,1,0,0,0,0,0,0,0,0,0,0,0,0,0,0,0,0,3,0,0,0,0,0,1,1.0
1d4z0ud,0.033,0.458,0.163,0.837,0.0,-0.5719,20,13.023866798666859,0,2,0,0,0,0,0,0,0,0,0,0,0,0,0,0,0,0,0,0,0,0,0,0,2,0,1,0,0,0,0,0,0,0,0,0,0,0,0,0,0,0,3,2,0,0,0,0,0,1,1.0
1d4z22u,0.665,0.641,0.0,1.0,0.0,0.0,15,3.1291,0,1,0,1,0,0,0,0,0,0,0,0,0,0,0,0,0,0,0,0,0,0,0,0,0,1,1,0,0,0,0,0,0,0,0,0,0,0,0,0,0,0,2,4,0,0,0,0,0,1,1.0
1d500kc,0.125,0.112,0.292,0.708,0.0,-0.5106,9,3.1291,1,0,0,1,0,0,0,0,0,0,0,0,0,0,0,0,0,0,0,0,0,0,0,0,0,1,1,0,0,0,0,0,0,0,0,0,0,0,0,0,0,0,0,1,0,0,1,0,0,1,1.0
1d509d8,0.096,0.243,0.312,0.688,0.0,-0.6124,13,11.20814326018867,1,0,0,0,0,0,0,0,0,0,0,0,0,0,0,0,0,0,0,0,0,0,0,0,0,0,1,0,0,0,0,0,0,0,0,0,0,0,0,0,0,0,0,1,0,0,1,0,0,1,1.0
1d50db8,0.03,0.036,0.296,0.704,0.0,-0.2732,6,8.841846274778883,0,0,0,0,0,0,0,0,0,0,0,0,0,0,0,0,0,0,0,0,0,0,0,0,0,1,1,0,0,0,0,0,0,0,0,0,0,0,0,0,0,0,0,0,0,0,0,0,0,1,1.0
1d516xk,0.061,0.204,0.0,0.731,0.269,0.6319,16,8.841846274778883,0,0,0,1,0,0,0,0,0,0,0,0,0,0,0,0,0,0,0,0,0,0,0,0,1,2,0,0,0,0,0,0,0,0,0,0,0,0,0,0,0,0,1,6,0,0,1,0,0,1,1.0
1d51f1f,0.039,0.032,0.0,1.0,0.0,0.0,3,3.1291,0,0,0,0,0,0,0,0,0,0,0,0,0,0,0,0,0,0,0,0,0,0,0,0,0,0,0,0,0,0,0,0,0,0,0,0,0,0,0,0,0,0,1,0,0,0,0,0,0,1,1.0
1d51kpz,0.053,0.039,0.0,1.0,0.0,0.0,8,8.841846274778883,1,0,0,0,0,0,0,0,0,0,0,0,0,0,0,0,0,0,0,0,0,0,0,0,0,0,0,0,0,0,0,0,0,0,0,0,0,0,0,0,0,0,0,2,0,0,1,0,0,1,1.0
1d51n9c,0.034,0.106,0.0,1.0,0.0,0.0,11,11.20814326018867,1,0,0,1,0,0,0,0,0,0,0,0,0,0,0,0,0,0,0,0,0,0,0,2,0,0,0,0,0,0,0,0,0,0,0,0,0,0,0,0,0,0,0,1,0,0,1,0,0,1,1.0
1d52odh,0.023,0.339,0.155,0.581,0.264,-0.0516,20,15.903189008614273,0,2,0,0,0,0,0,0,0,0,0,0,0,0,0,0,2,0,0,0,0,0,0,0,0,0,1,0,0,0,0,0,0,0,0,0,0,0,0,0,0,0,0,3,0,2,0,0,0,1,1.0
1d53146,0.03,0.216,0.19,0.81,0.0,-0.6124,18,11.20814326018867,0,1,0,2,0,0,0,0,0,0,0,0,0,0,0,0,0,0,0,0,0,0,0,1,0,2,0,0,0,0,0,0,0,0,0,0,0,0,0,0,0,0,1,2,0,0,0,0,0,1,1.0
1d53fg9,0.054,0.111,0.0,1.0,0.0,0.0,18,11.20814326018867,0,1,0,1,0,0,0,0,0,0,0,0,0,0,0,0,0,0,0,0,0,0,0,0,0,0,0,0,0,0,0,0,0,0,0,0,0,0,0,0,0,0,0,2,0,0,1,0,0,1,1.0
1d53j6q,0.03,0.058,0.0,1.0,0.0,0.0,7,8.841846274778883,0,0,0,0,0,0,0,0,0,0,0,0,0,0,0,0,0,0,0,0,0,0,0,0,0,0,0,0,0,0,0,0,0,0,0,0,0,0,0,0,0,0,0,0,0,0,0,0,0,1,1.0
1d53p0p,0.054,0.111,0.0,1.0,0.0,0.0,18,11.20814326018867,0,1,0,1,0,0,0,0,0,0,0,0,0,0,0,0,0,0,0,0,0,0,0,0,0,0,0,0,0,0,0,0,0,0,0,0,0,0,0,0,0,0,0,2,0,0,1,0,0,1,1.0
1d53xwm,0.057,0.057,0.0,1.0,0.0,0.0,14,8.841846274778883,0,1,0,0,0,0,0,0,0,0,0,0,0,0,0,0,0,0,0,0,0,1,1,0,0,0,0,0,0,0,1,0,0,0,0,0,0,0,0,0,0,0,1,3,0,0,0,0,1,1,1.0
1d54uac,0.029,0.025,0.0,1.0,0.0,0.0,3,8.841846274778883,0,0,0,0,0,0,0,0,0,0,0,0,0,0,0,0,0,0,0,0,0,0,0,0,0,0,0,0,0,0,0,0,0,0,0,0,0,0,0,0,0,0,0,0,0,0,0,0,0,1,1.0
1d54woe,0.073,0.019,0.0,1.0,0.0,0.0,3,3.1291,0,0,0,0,0,0,0,0,0,0,0,0,0,0,0,0,0,0,0,0,0,0,0,0,0,0,0,0,0,0,0,0,0,0,0,0,0,0,0,0,0,0,2,0,0,0,0,0,0,1,1.0
1d54zly,0.018,0.087,0.136,0.679,0.185,0.2023,13,15.903189008614273,0,1,0,1,0,0,0,0,0,0,0,0,0,0,0,0,0,0,0,0,0,0,0,0,0,1,2,0,0,0,0,0,0,0,0,0,0,0,0,0,0,0,1,3,0,0,0,0,0,1,1.0
1d550pe,0.033,0.016,0.0,1.0,0.0,0.0,3,3.1291,0,0,0,0,0,0,0,0,0,0,0,0,0,0,0,0,0,0,0,0,0,0,0,0,0,1,0,0,0,0,0,0,0,0,0,0,0,0,0,0,0,0,0,0,0,0,0,0,0,1,1.0
1d558jm,0.054,0.197,0.203,0.702,0.095,-0.4445,22,8.841846274778883,0,2,0,0,0,0,0,0,0,0,0,0,0,0,0,0,0,0,0,0,0,0,0,0,1,2,2,0,0,0,0,0,0,0,0,0,0,0,0,0,0,0,0,2,0,0,0,0,0,1,1.0
1d55kqe,0.023,0.056,0.109,0.494,0.398,0.7057,14,15.903189008614273,0,1,0,1,0,0,0,0,0,0,0,0,0,0,0,0,0,0,0,0,0,0,0,0,0,1,1,0,0,0,0,0,0,0,0,0,0,0,0,0,0,0,0,2,0,1,0,0,0,1,1.0
1d55o2t,0.053,0.134,0.0,1.0,0.0,0.0,12,3.1291,0,0,0,0,0,0,0,0,0,0,0,0,0,0,0,0,0,0,0,0,0,1,0,0,0,0,0,0,0,0,0,0,0,0,0,0,0,0,0,0,0,0,1,0,0,0,1,0,0,1,1.0
1d55p5h,0.023,0.056,0.109,0.494,0.398,0.7057,14,15.903189008614273,0,1,0,1,0,0,0,0,0,0,0,0,0,0,0,0,0,0,0,0,0,0,0,0,0,1,1,0,0,0,0,0,0,0,0,0,0,0,0,0,0,0,0,2,0,1,0,0,0,1,1.0
1d562hs,0.036,0.112,0.202,0.578,0.22,0.0772,12,3.1291,0,0,0,0,0,1,0,0,0,0,0,0,0,0,0,0,0,0,0,0,0,0,0,0,0,1,1,0,0,0,0,0,0,0,0,0,0,0,0,0,0,0,1,1,0,0,0,0,0,1,0.9900000095367432
1d566n9,0.056,0.069,0.263,0.451,0.286,0.0772,8,3.1291,0,0,0,0,0,0,0,0,0,0,0,0,0,0,0,0,0,0,0,0,0,0,0,0,0,1,1,0,0,0,0,0,0,0,0,0,0,0,0,0,0,0,0,1,0,0,0,0,0,1,1.0
1d56cpf,0.021,0.111,0.0,0.789,0.211,0.3412,10,13.023866798666859,0,0,0,1,0,0,0,0,0,0,0,0,0,0,0,0,0,0,0,0,0,0,0,0,0,1,0,0,0,0,0,0,0,0,0,0,0,0,0,0,0,0,1,0,0,0,0,0,0,1,1.0
1d56kva,0.018,0.125,0.191,0.809,0.0,-0.3804,12,15.903189008614273,0,0,0,0,0,0,0,0,0,0,0,0,0,0,0,0,0,0,0,0,0,0,0,0,0,0,1,0,0,0,0,0,0,0,0,0,0,0,0,0,0,0,1,1,0,0,0,0,0,1,1.0
1d56m13,0.025,0.097,0.0,0.769,0.231,0.3412,9,13.023866798666859,0,0,0,1,0,0,0,0,0,0,0,0,0,0,0,0,0,0,0,0,0,0,0,0,0,1,0,0,0,0,0,0,0,0,0,0,0,0,0,0,0,0,1,0,0,0,0,0,0,1,1.0
1d574sm,0.049,0.202,0.196,0.713,0.091,-0.4472,23,8.841846274778883,0,2,0,0,0,0,0,0,0,0,0,0,0,0,0,0,0,0,0,0,0,0,0,0,1,2,2,0,0,0,0,0,0,0,0,0,0,0,0,1,0,0,0,3,0,0,0,0,0,1,1.0
1d57a5a,0.081,0.057,0.0,0.691,0.309,0.765,20,15.903189008614273,0,1,0,1,0,0,0,0,0,0,0,0,0,0,0,0,0,0,0,0,0,0,0,0,0,2,1,0,0,0,0,0,0,0,0,0,0,0,0,0,0,0,0,3,0,0,0,0,0,0,0.33000001311302185
1d57nqt,0.074,0.313,0.0,1.0,0.0,0.0,14,11.20814326018867,0,0,0,0,0,0,0,0,0,0,0,0,0,0,0,0,0,0,0,0,0,0,1,0,0,0,1,0,0,0,0,0,0,0,0,0,0,0,0,0,0,0,1,1,1,0,0,0,0,1,1.0
1d57vec,0.014,0.022,0.0,1.0,0.0,0.0,4,11.20814326018867,0,0,0,0,0,0,0,0,0,0,0,0,0,0,0,0,0,0,0,0,0,0,0,0,0,0,0,0,0,0,0,0,0,0,0,0,0,0,0,0,0,0,0,1,0,0,0,0,0,1,1.0
1d58v98,0.08,0.285,0.252,0.748,0.0,-0.5719,12,8.841846274778883,0,0,0,0,0,0,0,0,0,0,0,0,0,0,0,0,0,0,0,0,0,0,0,0,1,0,1,0,0,0,0,0,0,0,0,0,0,0,0,0,0,0,1,5,0,0,0,0,0,1,1.0
1d59fym,0.174,0.373,0.0,0.794,0.206,0.0772,6,3.1291,0,0,0,0,0,0,0,0,0,0,0,0,0,0,0,0,0,0,0,0,0,0,0,0,0,1,0,0,0,0,0,0,0,0,0,0,0,0,0,0,0,0,1,0,0,0,0,0,0,1,0.5699999928474426
1d59psc,0.034,0.508,0.0,0.858,0.142,0.5106,21,11.20814326018867,0,3,0,0,0,0,0,0,0,0,0,0,0,0,0,0,0,0,0,0,0,0,0,0,1,2,1,0,0,0,0,0,0,0,0,0,0,0,0,0,0,0,2,4,0,0,0,0,0,0,0.5
1d59ry0,0.174,0.373,0.0,0.794,0.206,0.0772,6,3.1291,0,0,0,0,0,0,0,0,0,0,0,0,0,0,0,0,0,0,0,0,0,0,0,0,0,1,0,0,0,0,0,0,0,0,0,0,0,0,0,0,0,0,1,0,0,0,0,0,0,1,0.6000000238418579
1d5aatg,0.078,0.018,0.043,0.817,0.139,0.9584,191,11.37473899888905,3,14,1,4,0,0,0,0,0,0,0,0,0,0,0,7,0,0,0,0,0,1,4,2,0,9,8,0,0,0,0,1,0,0,0,0,0,0,2,4,0,0,6,20,2,0,4,1,0,284,0.8100000023841858
1d5an5q,0.018,0.025,0.0,0.735,0.265,0.5574,11,8.841846274778883,0,0,0,0,0,0,0,0,0,0,0,0,0,0,0,0,0,0,0,0,0,0,0,0,0,1,0,0,0,0,0,0,0,0,0,0,0,0,0,0,0,0,0,1,0,0,0,0,0,1,1.0
1d5ao4l,0.019,0.029,0.0,0.735,0.265,0.5574,11,8.841846274778883,0,0,0,0,0,0,0,0,0,0,0,0,0,0,0,0,0,0,0,0,0,0,0,0,0,1,0,0,0,0,0,0,0,0,0,0,0,0,0,0,0,0,0,1,0,0,0,0,0,1,1.0
1d5avoo,0.047,0.026,0.077,0.806,0.117,0.9372,273,10.590485417798838,5,15,0,6,0,0,0,0,0,0,0,0,1,0,2,3,0,0,1,0,0,4,13,3,4,14,6,0,0,1,2,0,0,0,0,0,0,0,1,2,0,0,12,21,3,0,6,2,1,122,0.7400000095367432
1d5byh9,0.474,0.223,0.0,1.0,0.0,0.0,14,3.1291,0,1,0,0,0,0,0,0,0,0,0,0,0,0,0,0,0,0,0,0,0,0,0,0,0,0,1,0,0,0,0,0,0,0,0,0,0,0,0,0,0,0,1,2,0,0,0,0,0,1,1.0
1d5cmfi,0.069,0.152,0.077,0.853,0.07,0.5047,109,9.2995712137729,0,4,0,3,0,2,0,0,0,0,0,0,0,0,0,1,0,0,1,0,0,1,3,3,2,3,5,0,0,0,0,0,1,0,0,0,0,0,0,0,0,0,4,15,0,0,1,0,0,1192,0.8600000143051147
1d5cmut,0.067,0.119,0.0,0.715,0.285,0.7317,21,11.20814326018867,1,0,0,1,0,0,0,0,0,0,0,0,0,0,1,0,0,0,0,0,0,0,0,0,2,1,0,0,0,0,0,0,0,0,0,0,0,0,0,0,0,0,3,2,0,0,1,0,0,1,0.9900000095367432
1d5cnja,0.067,0.119,0.0,0.715,0.285,0.7317,21,11.20814326018867,1,0,0,1,0,0,0,0,0,0,0,0,0,0,1,0,0,0,0,0,0,0,0,0,2,1,0,0,0,0,0,0,0,0,0,0,0,0,0,0,0,0,3,2,0,0,1,0,0,1,0.9900000095367432
1d5e6rr,0.044,0.254,0.0,1.0,0.0,0.0,6,8.841846274778883,0,0,0,0,0,0,0,0,0,0,0,0,0,0,0,0,0,0,0,0,0,0,0,0,0,0,1,0,0,0,0,0,0,0,0,0,0,0,0,0,0,0,0,0,0,0,0,0,0,1,1.0
1d5e9xt,0.044,0.254,0.0,1.0,0.0,0.0,6,8.841846274778883,0,0,0,0,0,0,0,0,0,0,0,0,0,0,0,0,0,0,0,0,0,0,0,0,0,0,1,0,0,0,0,0,0,0,0,0,0,0,0,0,0,0,0,0,0,0,0,0,0,1,1.0
1d5eanu,0.127,0.03,0.0,1.0,0.0,0.0,13,3.1291,1,1,0,0,0,0,0,0,0,0,0,0,0,0,0,0,0,0,0,0,0,0,0,1,0,0,0,0,0,0,0,0,0,0,0,0,0,0,0,0,0,0,0,1,0,0,1,0,0,0,0.23000000417232513
1d5ee25,0.027,0.174,0.092,0.871,0.037,-0.7446,107,11.698219412168324,4,11,0,4,0,0,0,0,0,0,0,0,0,0,5,0,0,0,0,0,0,0,4,0,0,3,5,0,0,3,0,0,0,0,0,0,0,0,1,1,0,0,1,15,1,2,0,1,1,68,0.6299999952316284
1d5fbo6,0.078,0.081,0.0,1.0,0.0,0.0,8,13.023866798666859,0,0,0,0,0,0,0,0,0,0,0,0,0,0,0,0,0,0,0,0,0,0,0,0,0,0,0,0,0,0,0,0,0,0,0,0,0,0,0,0,0,0,3,2,0,0,0,0,0,1,1.0
1d5fcwq,0.078,0.103,0.0,1.0,0.0,0.0,8,13.023866798666859,0,0,0,0,0,0,0,0,0,0,0,0,0,0,0,0,0,0,0,0,0,0,0,0,0,0,0,0,0,0,0,0,0,0,0,0,0,0,0,0,0,0,3,2,0,0,0,0,0,0,0.3499999940395355
1d5fcyh,0.014,0.028,0.023,0.695,0.282,0.9776,91,12.602617957971052,0,6,0,1,0,0,0,0,0,0,0,0,1,0,0,0,0,0,0,0,1,6,0,4,0,7,2,0,0,0,0,0,0,0,0,0,0,0,0,1,0,0,4,11,2,1,1,0,0,2,0.6299999952316284
1d5fvum,0.175,0.236,0.0,1.0,0.0,0.0,8,11.20814326018867,0,0,0,0,0,0,0,0,0,0,0,0,0,0,0,0,0,0,0,0,0,0,0,0,0,1,0,0,0,0,0,0,0,0,0,0,0,0,0,0,0,0,2,0,0,0,0,0,0,0,0.18000000715255737
1d5fxbd,0.019,0.022,0.0,0.631,0.369,0.6249,8,8.841846274778883,0,0,0,0,0,0,0,0,0,0,0,0,0,0,0,0,0,0,0,0,0,0,0,0,0,1,0,0,0,0,0,0,0,0,0,0,0,0,0,0,0,0,0,2,0,1,0,0,0,1,1.0
1d5fytd,0.028,0.403,0.032,0.788,0.181,0.9524,118,9.957137785484202,0,12,1,1,0,0,0,0,0,0,0,0,0,0,0,1,0,0,2,0,0,1,1,7,0,10,2,0,0,0,0,0,0,0,0,3,0,0,1,1,0,0,3,15,4,2,5,3,2,0,0.28999999165534973
1d5g9s3,0.016,0.043,0.0,1.0,0.0,0.0,9,8.841846274778883,0,0,0,1,0,0,0,0,0,0,0,0,0,0,0,0,0,0,0,0,0,0,0,0,0,0,0,0,0,0,0,0,0,0,0,0,0,0,0,0,0,0,0,2,0,0,0,0,0,1,1.0
1d5h6fl,0.023,0.096,0.0,1.0,0.0,0.0,13,13.023866798666859,0,0,0,0,0,0,0,0,0,0,0,0,0,0,0,0,0,0,0,0,0,0,0,0,0,0,1,0,0,0,0,0,0,0,0,0,0,0,0,0,0,0,0,2,0,0,0,0,0,1,1.0
1d5h6hh,0.048,0.235,0.0,1.0,0.0,0.0,12,11.20814326018867,0,2,0,0,0,0,0,0,0,0,0,0,0,0,0,0,0,0,0,0,0,0,0,0,0,0,0,0,0,0,0,0,0,0,0,0,0,0,0,0,0,0,1,1,0,0,1,0,0,1,1.0
1d5ij8u,0.07,0.491,0.124,0.671,0.205,0.3182,22,8.841846274778883,0,2,0,0,0,1,0,0,0,0,0,0,0,0,0,0,0,0,0,0,0,0,0,0,0,2,1,0,0,0,0,0,0,0,0,0,0,0,0,0,0,0,0,2,0,0,0,0,0,1,0.6600000262260437
1d5ixvs,0.018,0.181,0.0,0.769,0.231,0.4019,10,8.841846274778883,0,0,0,1,0,0,0,0,0,0,0,0,0,0,1,0,0,0,0,0,0,0,1,0,0,1,0,0,0,0,0,0,0,0,0,0,0,0,0,0,0,0,1,3,0,0,0,0,1,1,1.0
1d5je07,0.055,0.081,0.118,0.825,0.057,-0.9823,420,14.458980052321824,9,34,0,9,0,0,1,0,0,0,0,0,0,0,0,3,0,0,0,0,1,0,17,1,15,6,7,0,1,1,4,0,0,0,0,2,1,0,3,1,0,0,7,23,5,4,6,2,0,0,0.47999998927116394
1d5jl0a,0.047,0.094,0.032,0.821,0.147,0.9603,200,12.38480682065935,1,8,0,2,0,2,0,0,0,0,0,0,0,1,3,3,0,0,0,0,0,1,2,7,14,9,3,0,0,0,0,0,0,0,0,0,0,0,0,2,0,0,12,17,1,0,4,1,0,278,0.5799999833106995
1d5jpcy,0.083,0.833,0.398,0.408,0.194,-0.4588,6,8.841846274778883,1,0,0,0,0,0,0,0,0,0,0,0,0,0,0,0,0,0,0,0,0,0,0,0,0,0,1,0,0,0,0,0,0,0,0,0,0,0,0,0,0,0,0,0,0,0,1,0,0,1,0.9900000095367432
1d5jqd2,0.292,0.72,0.0,1.0,0.0,0.0,6,13.023866798666859,0,0,0,0,0,0,0,0,0,0,0,0,0,0,0,0,0,0,0,0,0,0,0,0,0,0,1,0,0,0,0,0,0,0,0,0,0,0,0,0,0,0,1,1,0,0,0,0,0,0,0.5
1d5jrta,0.023,0.076,0.0,0.685,0.315,0.3182,6,3.1291,1,0,0,0,0,0,0,0,0,0,0,0,0,0,0,0,0,0,0,0,0,0,0,0,0,2,0,0,0,0,0,0,0,0,0,0,0,0,0,0,0,0,2,0,0,0,1,0,0,1,1.0
1d5kku7,0.032,0.06,0.126,0.707,0.167,0.483,121,12.745084868956482,2,7,0,6,0,1,0,0,0,0,0,0,0,0,0,2,0,0,0,0,0,0,6,7,2,5,7,0,0,0,4,1,0,0,0,0,0,0,2,2,0,0,4,17,3,0,3,3,0,0,0.3400000035762787
1d5l99l,0.035,0.234,0.17,0.701,0.128,-0.9346,229,8.00094639256281,1,17,0,6,0,2,0,0,0,0,0,0,0,0,0,5,0,0,0,0,0,0,4,5,6,7,5,0,0,0,0,0,0,0,0,2,0,0,2,0,0,0,29,20,3,1,3,0,1,0,0.33000001311302185
1d5ldrr,0.023,0.036,0.0,0.56,0.44,0.7823,13,8.841846274778883,0,1,0,0,0,0,0,0,0,0,0,0,0,0,0,0,0,0,0,0,0,0,1,0,0,2,1,0,0,0,0,0,0,0,0,0,0,0,0,0,0,0,0,2,0,0,0,0,0,1,1.0
1d5lt8w,0.033,0.025,0.0,0.851,0.149,0.2732,13,8.841846274778883,0,0,0,0,0,0,0,0,0,0,0,0,0,0,0,0,0,0,0,0,0,1,0,0,0,1,0,0,0,0,0,0,0,0,0,0,0,0,0,0,0,0,0,3,0,0,1,0,0,1,1.0
1d5mikr,0.052,0.168,0.132,0.761,0.107,-0.8358,200,14.291902434058311,1,15,0,6,0,0,0,0,0,0,0,0,0,0,0,3,0,0,0,0,0,0,5,0,1,7,6,0,1,0,3,0,0,0,0,2,0,0,0,0,0,0,17,19,0,1,6,3,0,0,0.33000001311302185
1d5mw7x,0.465,0.061,0.0,1.0,0.0,0.0,9,11.20814326018867,0,0,0,0,0,0,0,0,0,0,0,0,0,0,0,0,0,0,0,0,0,0,0,0,0,0,0,0,0,0,0,0,0,0,0,0,0,0,0,0,0,0,0,0,0,0,0,0,0,1,1.0
1d5n400,0.04,0.1,0.109,0.711,0.18,0.3612,17,13.023866798666859,0,0,0,0,0,0,0,0,0,0,0,0,0,0,0,0,0,0,0,0,0,0,0,0,0,1,1,0,0,0,0,0,0,0,0,0,0,0,0,0,0,0,1,3,0,0,0,0,0,1,1.0
1d5nwcv,0.04,0.038,0.034,0.851,0.115,0.9877,423,10.158995162802928,6,26,0,7,0,0,0,0,0,0,0,0,0,0,2,2,0,0,1,0,0,0,5,25,2,10,6,0,0,0,3,1,0,0,0,0,0,0,0,2,0,0,9,29,1,2,9,2,1,65,0.7400000095367432
1d5p4k4,0.066,0.237,0.072,0.799,0.13,0.9062,247,14.790194502661404,1,21,0,6,0,0,0,0,0,0,0,0,0,0,0,0,0,0,0,0,0,0,2,0,2,9,10,0,1,0,1,0,0,0,0,0,0,0,0,0,0,0,3,16,1,2,1,1,1,0,0.25999999046325684
1d5pavz,0.052,0.301,0.106,0.894,0.0,-0.2263,17,11.20814326018867,0,0,0,2,0,0,0,0,0,0,0,0,0,0,0,0,0,0,0,0,0,1,0,0,0,0,0,0,0,0,0,0,0,0,0,0,0,0,0,0,0,0,2,0,0,0,1,0,0,1,1.0
1d5pu76,0.588,0.478,0.268,0.732,0.0,-0.296,7,3.1291,1,0,0,0,0,0,0,0,0,0,0,0,0,0,0,0,0,0,0,0,0,0,0,0,0,0,0,0,0,0,0,0,0,0,0,0,0,0,0,0,0,0,1,1,0,0,1,0,0,1,1.0
1d5q5w2,0.038,0.498,0.212,0.739,0.049,-0.9939,244,14.39478758073233,1,16,3,2,0,4,0,0,0,0,0,0,0,0,0,3,0,0,0,0,0,0,15,5,7,7,15,0,0,0,0,0,0,0,0,4,0,0,1,4,0,0,11,20,3,1,1,0,0,121,0.6700000166893005
1d5q710,0.021,0.025,0.0,0.753,0.247,0.7096,20,13.023866798666859,0,0,0,0,0,0,0,0,0,0,0,0,0,0,0,0,0,0,0,0,0,2,0,0,0,1,0,0,0,0,0,0,0,0,0,0,0,0,1,0,0,0,0,4,1,0,1,0,0,1,1.0
1d5qm0b,0.057,0.241,0.019,0.918,0.063,0.8447,269,12.340626583579944,3,12,0,9,0,1,0,0,0,0,0,0,0,0,2,1,0,0,0,0,0,4,15,0,5,4,7,0,0,0,3,1,1,0,0,0,0,0,0,2,0,0,7,22,2,1,4,3,0,1,1.0
1d5r10p,0.026,0.086,0.068,0.83,0.102,0.9207,344,14.772240535888997,9,21,0,7,0,0,0,0,0,0,0,0,0,0,1,4,0,0,0,0,0,3,6,0,10,24,13,0,0,0,4,1,0,0,0,2,0,0,0,3,0,0,28,31,4,1,9,3,1,0,0.4099999964237213
1d5rc54,0.024,0.174,0.113,0.818,0.069,-0.9509,292,13.5591,1,11,0,5,0,2,0,0,0,0,0,0,0,0,3,4,0,0,0,0,0,1,14,1,6,7,13,0,2,0,4,0,0,0,0,0,0,0,0,0,0,0,32,24,1,2,7,3,0,0,0.15000000596046448
1d5rgjl,0.044,0.257,0.064,0.777,0.158,0.9955,519,13.6886701853816,6,24,1,6,0,0,0,0,0,1,0,0,0,0,7,5,0,0,0,1,0,1,6,1,35,11,17,0,0,0,0,0,1,0,0,0,0,0,1,2,0,0,40,36,6,4,12,1,2,195,0.6000000238418579
1d5sh5n,0.04,0.113,0.084,0.788,0.128,0.8826,204,12.68835289967788,1,10,0,6,0,0,0,0,0,1,0,0,0,0,0,0,0,0,0,0,0,2,2,0,7,5,4,1,0,0,2,0,0,0,0,0,0,0,1,1,0,0,24,19,2,0,7,1,0,209,0.6499999761581421
1d5skot,0.047,0.305,0.116,0.775,0.109,-0.5994,243,14.220115178616776,0,6,0,2,0,1,0,0,0,0,0,0,0,0,0,4,0,0,0,0,0,0,2,0,17,13,10,0,0,0,0,0,0,0,0,0,0,0,0,2,0,0,25,22,2,1,5,1,0,11,0.6399999856948853
1d5t912,0.045,0.053,0.014,0.865,0.121,0.9444,137,10.125756701596842,1,9,0,3,0,0,0,0,0,0,0,0,0,0,0,1,0,0,0,0,0,4,1,0,5,4,2,0,0,1,1,1,0,0,0,0,0,0,0,0,0,0,3,14,2,3,3,1,0,0,0.25
1d5u0kn,0.054,0.052,0.075,0.794,0.131,0.9857,481,14.279239012586345,11,23,0,3,0,1,0,0,0,0,0,0,1,0,4,5,0,0,0,0,0,5,15,3,8,15,17,0,0,1,1,0,0,0,0,0,0,1,3,5,0,0,30,41,7,1,12,2,0,0,0.47999998927116394
1d5uq05,0.057,0.199,0.516,0.484,0.0,-0.9144,14,8.841846274778883,0,1,0,0,0,0,0,0,0,0,0,0,0,0,0,1,0,0,0,0,0,0,0,0,0,0,1,0,0,0,0,0,0,0,0,0,0,0,0,0,0,0,2,3,0,0,0,0,0,1,1.0
1d5vc3y,0.17,0.057,0.064,0.869,0.067,0.508,391,11.37473899888905,4,26,0,9,0,0,0,0,0,0,0,0,1,0,2,1,0,0,1,0,0,2,12,4,7,12,20,0,0,0,1,0,5,0,0,7,0,0,1,3,0,0,8,27,3,0,12,1,0,0,0.4099999964237213
1d5vffn,0.053,0.096,0.0,1.0,0.0,0.0,5,8.841846274778883,0,0,0,0,0,0,0,0,0,0,0,0,0,0,0,0,0,0,0,0,0,0,0,0,0,0,1,0,0,0,0,0,0,0,0,0,0,0,0,0,0,0,0,0,0,0,0,0,0,1,1.0
1d5w7qa,0.042,0.621,0.0,1.0,0.0,0.0,6,8.841846274778883,0,0,0,0,0,0,0,0,0,0,0,0,0,0,0,0,0,0,0,0,0,0,0,0,0,0,0,0,0,0,0,0,0,0,0,0,0,0,0,0,0,0,0,2,0,0,0,0,0,1,1.0
1d5wpyr,0.024,0.409,0.135,0.733,0.132,-0.4933,397,10.398101306919678,4,38,2,19,0,0,0,0,0,0,0,0,0,0,1,6,0,0,0,0,0,1,11,22,7,11,18,0,0,0,2,1,0,0,0,2,0,0,1,3,0,0,12,20,2,2,6,1,3,1,1.0
1d5x4mb,0.035,0.041,0.016,0.898,0.086,0.7986,109,12.745084868956482,0,5,0,1,0,0,0,0,0,0,0,0,0,0,1,1,0,0,0,0,0,3,3,1,3,3,2,0,0,0,0,0,0,0,0,0,0,0,0,0,0,0,10,16,0,1,0,0,0,0,0.17000000178813934
1d5xhnl,0.035,0.24,0.068,0.844,0.088,0.6718,159,12.24349002098031,5,12,0,4,0,0,0,0,0,0,0,0,0,0,0,4,0,0,0,0,0,0,4,2,5,7,9,0,0,0,1,0,1,0,0,0,0,0,0,2,0,0,8,14,0,2,2,0,2,0,0.23000000417232513
1d5y7op,0.026,0.115,0.035,0.758,0.207,0.9928,262,8.660442795831768,1,23,0,4,0,1,0,0,0,0,0,0,0,1,1,4,0,0,0,0,0,0,7,1,7,15,8,1,0,0,1,0,1,0,0,0,0,0,3,1,0,0,23,28,4,1,4,1,1,42,0.5799999833106995
1d5ytyw,0.097,0.384,0.072,0.754,0.174,0.9963,503,10.980518767755715,2,26,1,11,0,4,0,0,0,0,0,0,0,0,1,8,1,0,0,0,0,0,12,10,27,25,19,1,0,1,1,0,0,0,0,0,0,0,3,4,0,0,16,32,5,2,6,2,0,0,0.07999999821186066
1d5zp8e,0.029,0.398,0.183,0.748,0.069,-0.9725,141,9.725611199111238,2,11,0,0,0,0,0,0,0,0,0,0,0,1,0,0,0,0,0,0,0,0,0,7,2,3,10,0,0,0,0,2,0,0,0,0,0,0,0,0,0,0,4,12,2,1,1,0,0,13,0.5099999904632568
1d60emo,0.023,0.132,0.199,0.801,0.0,-0.7717,29,20.267338824336647,0,1,0,1,0,0,0,0,0,0,0,0,0,0,0,0,0,0,0,0,0,0,0,0,0,1,2,0,0,0,0,0,0,0,0,0,0,0,0,0,0,0,0,3,0,1,0,0,0,1,1.0
1d60h2c,0.157,0.075,0.12,0.733,0.147,0.809,281,13.81666964889586,2,14,0,9,1,1,0,0,0,0,0,0,0,0,1,3,0,0,0,0,1,9,6,1,7,11,10,0,0,0,0,0,0,0,0,0,0,0,1,2,0,0,26,23,2,3,14,0,1,0,0.41999998688697815
1d60mob,0.023,0.132,0.199,0.801,0.0,-0.7717,29,20.267338824336647,0,1,0,1,0,0,0,0,0,0,0,0,0,0,0,0,0,0,0,0,0,0,0,0,0,1,2,0,0,0,0,0,0,0,0,0,0,0,0,0,0,0,0,3,0,1,0,0,0,1,1.0
1d60nk2,0.175,0.378,0.348,0.608,0.044,-0.9937,108,12.161744961471694,2,4,0,3,0,0,0,0,0,0,0,0,0,0,2,1,0,0,0,0,0,0,0,1,3,0,12,0,0,0,0,0,0,0,0,0,0,0,0,1,0,0,8,15,0,0,2,0,0,0,0.3799999952316284
1d613e4,0.048,0.101,0.0,0.863,0.137,0.2263,13,11.20814326018867,1,0,0,0,0,0,0,0,0,0,0,0,0,0,0,0,0,0,0,0,0,0,0,0,0,1,0,0,0,0,0,0,0,0,0,0,0,0,0,0,0,0,1,4,0,0,1,0,0,0,0.5
1d613tl,0.03,0.202,0.175,0.75,0.074,-0.9982,752,12.07096230602999,5,57,0,14,0,0,0,0,0,0,0,0,0,0,3,15,0,0,0,0,0,20,19,3,23,16,45,0,3,2,5,2,0,0,0,2,0,0,0,1,0,0,11,33,6,3,7,3,0,1,1.0
1d614o5,0.03,0.066,0.175,0.75,0.074,-0.9982,752,11.855464076750408,5,57,0,14,0,0,0,0,0,0,0,0,0,0,3,15,0,0,0,0,0,20,19,3,23,16,45,0,3,2,5,2,0,0,0,2,0,0,0,1,0,0,11,33,6,3,7,3,0,1690,0.8600000143051147
1d6166v,0.028,0.455,0.202,0.668,0.13,-0.9915,313,12.221763196225844,0,14,2,13,0,0,0,0,0,0,0,0,0,2,3,4,0,0,0,0,0,3,12,14,4,9,26,0,2,2,4,0,0,0,0,1,0,0,1,3,0,0,6,25,2,0,7,5,0,178,0.7900000214576721
1d61ar4,0.02,0.153,0.03,0.891,0.079,0.6526,122,15.112257680678326,3,10,0,2,0,0,0,0,0,0,0,0,0,0,1,2,0,0,0,0,0,0,1,0,12,4,5,2,0,0,1,0,0,0,0,0,0,0,0,1,0,0,5,20,0,1,4,0,1,0,0.27000001072883606
1d61e14,0.112,0.024,0.105,0.639,0.256,0.5106,17,12.161744961471694,0,0,0,0,0,0,0,0,0,0,0,0,0,0,0,0,0,0,0,0,0,0,0,0,0,1,2,0,0,0,0,0,0,0,0,0,0,0,0,0,0,0,0,2,1,0,1,0,0,1,1.0
1d61usq,0.044,0.426,0.347,0.421,0.232,-0.2732,6,8.841846274778883,0,0,1,0,0,0,0,0,0,0,0,0,0,0,0,0,0,0,0,0,0,0,0,0,0,0,1,0,0,0,0,0,0,0,0,0,0,0,0,0,0,0,0,0,0,0,0,0,0,1,1.0
1d61vh7,0.173,0.211,0.128,0.761,0.111,0.128,25,8.841846274778883,0,1,0,1,0,0,0,0,0,0,0,0,0,0,1,0,0,0,0,0,0,2,0,0,1,0,1,0,0,0,0,0,0,0,0,0,0,0,0,0,0,0,2,3,0,0,0,0,0,1,1.0
1d6237q,0.044,0.426,0.347,0.421,0.232,-0.2732,6,8.841846274778883,0,0,1,0,0,0,0,0,0,0,0,0,0,0,0,0,0,0,0,0,0,0,0,0,0,0,1,0,0,0,0,0,0,0,0,0,0,0,0,0,0,0,0,0,0,0,0,0,0,1,1.0
1d62b6t,0.032,0.476,0.051,0.838,0.111,0.9641,374,14.138980108339055,1,10,1,3,0,1,0,0,0,0,0,0,0,0,1,0,0,0,0,0,0,1,4,2,18,13,13,0,0,1,1,1,0,0,0,1,0,0,0,0,0,0,26,21,0,1,5,0,0,129,0.7300000190734863
1d62gn5,0.042,0.169,0.0,1.0,0.0,0.0,12,3.1291,0,0,0,0,0,0,0,0,0,0,0,0,0,0,0,0,0,0,0,0,0,0,0,0,0,0,1,0,0,0,0,0,0,0,0,0,0,0,0,0,0,0,0,3,0,0,0,0,0,1,1.0
1d63575,0.058,0.021,0.063,0.801,0.136,0.27,26,14.554592549557764,0,0,0,1,0,0,0,0,0,0,0,0,0,0,0,0,1,0,0,0,0,0,0,1,0,1,0,0,0,0,0,0,0,0,0,0,0,0,0,0,0,0,0,2,0,0,0,0,0,1,1.0
1d63fm9,0.314,0.321,0.13,0.792,0.078,-0.7264,100,9.2995712137729,1,5,1,2,0,1,0,0,0,0,0,0,0,0,0,3,0,0,0,0,0,1,4,0,10,3,3,0,0,0,0,0,0,0,0,0,0,0,1,1,0,0,3,14,3,2,2,0,0,1,1.0
1d63ip4,0.312,0.255,0.0,1.0,0.0,0.0,18,8.841846274778883,1,1,0,0,0,0,0,0,0,0,0,0,0,0,0,1,0,0,0,0,0,0,0,0,1,0,0,0,0,0,0,0,0,0,0,0,0,0,0,0,0,0,2,3,0,0,1,0,0,1,1.0
1d63t9m,0.023,0.491,0.531,0.469,0.0,-0.9273,16,8.841846274778883,0,1,0,0,0,0,0,0,0,0,0,0,0,0,0,0,0,0,0,0,0,0,1,0,0,0,3,0,0,0,0,0,0,0,0,0,0,0,1,0,0,0,0,2,1,0,0,0,0,1,1.0
1d64ep5,0.025,0.536,0.114,0.817,0.068,-0.1779,33,11.20814326018867,0,1,0,1,0,0,0,0,0,0,0,0,0,0,0,0,0,0,0,0,0,0,0,0,2,0,4,0,0,0,0,0,0,0,0,0,0,0,0,1,0,0,0,7,1,0,0,0,0,1,1.0
1d64ta2,0.041,0.078,0.086,0.824,0.09,0.2253,191,13.023866798666859,4,16,0,6,0,0,0,1,0,0,0,0,0,0,2,1,0,0,0,0,0,1,1,4,6,6,9,0,0,0,1,0,2,0,0,1,0,0,0,0,0,0,0,15,1,2,6,1,0,0,0.41999998688697815
1d6509p,0.078,0.854,0.322,0.678,0.0,-0.5859,9,3.1291,0,0,1,0,0,0,0,0,0,0,0,0,0,0,0,0,0,0,0,0,0,0,0,0,0,0,0,0,0,0,0,0,0,0,0,0,0,0,0,0,0,0,0,2,0,0,0,0,0,1,1.0
1d653zd,0.029,0.056,0.068,0.794,0.139,0.9947,644,11.341690212594319,9,39,1,13,0,1,0,0,0,0,0,0,0,0,2,6,0,0,0,0,0,0,22,0,9,22,15,0,0,0,0,0,0,0,0,1,0,0,3,9,0,0,40,32,5,6,6,0,1,2,0.550000011920929
1d65bru,0.044,0.32,0.227,0.773,0.0,-0.6249,15,14.554592549557764,0,0,0,0,0,0,0,0,0,0,0,0,0,0,0,0,0,0,0,0,0,0,0,0,0,0,1,0,0,0,0,0,0,0,0,0,0,0,0,0,0,0,3,1,0,0,0,0,0,1,1.0
1d65j6z,0.043,0.383,0.057,0.873,0.069,0.744,408,11.882522634951826,0,34,0,4,0,0,0,0,0,0,0,0,0,0,1,4,0,0,0,0,0,1,3,2,18,10,16,0,0,0,0,0,0,0,0,1,0,0,0,0,0,0,32,33,2,0,1,1,0,0,0.07999999821186066
1d65mha,0.105,0.19,0.136,0.791,0.073,-0.9973,983,11.812370657439214,13,50,0,22,0,0,0,0,0,0,0,0,0,0,1,11,0,0,0,0,1,2,18,8,44,23,37,0,0,2,0,0,0,0,0,0,0,2,2,2,0,0,52,42,6,11,9,4,1,0,0.17000000178813934
1d668ii,0.068,0.281,0.177,0.696,0.127,-0.9913,514,14.191785591663535,4,22,0,15,0,0,0,0,0,0,0,0,0,0,2,4,0,0,0,0,0,7,11,2,18,18,24,1,0,1,4,0,1,0,1,3,0,0,1,2,0,0,47,32,4,2,15,1,0,0,0.46000000834465027
1d66rix,0.079,0.114,0.223,0.573,0.204,-0.0772,11,8.841846274778883,1,0,0,0,0,0,0,0,0,0,0,0,0,0,0,0,0,0,0,0,0,0,0,0,0,0,1,0,0,0,0,0,0,0,0,0,0,0,0,0,0,0,0,3,1,0,0,0,0,1,0.9900000095367432
1d66xz4,0.048,0.084,0.05,0.783,0.166,0.9615,160,13.023866798666859,1,17,0,3,0,0,0,0,0,0,0,0,0,0,1,0,0,0,0,0,0,1,7,1,0,11,4,0,1,1,2,0,0,0,0,0,0,0,1,0,0,0,2,18,4,1,1,2,2,0,0.4300000071525574
1d67s0u,0.04,0.687,0.152,0.789,0.059,-0.9373,173,9.04235418022936,0,14,0,14,0,0,0,0,0,0,0,0,0,0,5,1,0,0,0,0,0,0,4,17,3,3,9,0,0,1,0,0,0,0,0,0,0,0,1,3,0,0,1,10,2,2,1,1,0,1,1.0
1d67sak,0.082,0.348,0.185,0.743,0.072,-0.994,252,13.023866798666859,4,8,0,3,0,8,0,0,0,0,0,0,0,0,1,5,0,0,0,0,0,0,10,2,2,0,13,0,0,1,1,0,0,0,0,0,0,0,0,1,0,0,11,18,2,2,3,2,0,0,0.46000000834465027
1d68und,0.103,0.255,0.0,0.828,0.172,0.4404,15,8.841846274778883,0,0,0,0,0,0,0,0,0,0,0,0,0,0,0,0,0,0,0,0,0,0,0,0,0,1,0,0,0,0,0,0,0,0,0,0,0,0,0,0,0,0,0,5,0,0,0,0,0,1,1.0
1d68vyq,0.261,0.602,0.033,0.734,0.232,0.9859,135,10.125756701596842,2,8,1,3,0,1,0,0,0,0,0,0,0,0,0,1,0,0,0,0,0,0,7,2,3,17,4,0,0,2,0,0,0,0,0,0,0,0,0,1,0,0,1,16,2,1,1,0,0,0,0.1899999976158142
1d695cr,0.03,0.156,0.282,0.59,0.129,-0.4323,14,8.841846274778883,0,1,0,0,0,0,0,0,0,0,0,0,0,0,0,0,0,0,0,0,0,0,1,0,0,1,1,0,0,0,0,0,0,0,0,0,0,0,1,0,0,0,2,1,1,0,0,1,0,1,1.0
1d69a4g,0.042,0.331,0.122,0.799,0.078,-0.705,199,17.315433740611066,2,16,0,6,0,0,0,0,0,0,0,0,0,0,0,4,0,0,0,0,0,0,7,0,3,5,13,1,1,1,1,0,0,0,0,0,0,0,0,3,0,0,16,19,2,4,3,1,0,0,0.2800000011920929
1d6arzy,0.017,0.054,0.0,0.812,0.188,0.3724,12,11.20814326018867,0,0,0,1,0,0,0,0,0,0,0,0,0,0,0,0,0,0,0,0,0,0,0,0,0,1,0,0,0,0,0,0,0,0,0,0,0,0,0,0,0,0,1,3,0,0,0,0,0,1,1.0
1d6atav,0.033,0.201,0.129,0.712,0.159,0.7169,108,13.968273953766033,1,6,0,5,0,0,0,0,0,0,0,0,0,0,0,2,0,0,0,0,0,2,2,2,1,5,5,0,0,0,0,0,0,0,0,3,0,0,0,0,0,0,2,10,2,0,0,1,0,0,0.25
1d6bikn,0.025,0.034,0.036,0.862,0.102,0.99,538,15.05375534093124,13,23,0,1,0,1,0,0,0,0,0,0,0,0,0,3,0,0,0,0,0,8,4,0,1,30,13,0,0,0,0,0,0,0,0,6,1,0,2,5,0,0,27,36,6,4,16,1,0,0,0.33000001311302185
1d6bkns,0.036,0.103,0.307,0.693,0.0,-0.4767,8,11.20814326018867,0,0,0,0,0,0,0,0,0,0,0,0,0,0,0,0,0,0,0,0,0,0,0,0,0,0,1,0,0,0,0,0,0,0,0,0,0,0,0,0,0,0,0,1,0,0,0,0,0,1,1.0
1d6bt03,0.059,0.042,0.024,0.89,0.086,0.8263,146,11.20814326018867,3,14,0,0,0,0,0,0,0,0,0,0,0,0,0,2,0,0,0,0,0,0,5,1,2,6,3,1,0,1,0,0,0,0,0,0,0,0,1,3,0,0,7,18,2,3,2,0,1,26,0.7400000095367432
1d6ch63,0.083,0.134,0.005,0.837,0.158,0.9925,338,10.074871250255047,3,27,0,5,0,5,0,0,0,0,0,0,0,0,1,2,0,0,1,0,0,0,5,4,7,21,2,0,0,0,2,0,0,0,0,0,0,0,0,1,0,0,10,26,5,2,6,2,0,0,0.4300000071525574
1d6cswu,0.297,0.378,0.27,0.644,0.086,-0.9876,142,13.506818969022046,2,5,0,2,0,0,0,0,0,0,0,0,0,0,2,0,0,0,0,0,0,1,0,2,2,6,16,0,0,0,0,0,0,0,0,0,0,0,1,1,0,0,7,18,2,2,2,0,0,0,0.10000000149011612
1d6cta5,0.021,0.152,0.109,0.842,0.048,-0.9717,323,13.427899808715576,1,16,0,7,0,1,0,1,0,0,0,0,0,0,1,1,0,0,0,0,0,0,3,2,3,18,16,0,0,0,0,0,0,0,0,1,0,0,0,2,0,0,32,25,3,2,3,0,0,0,0.27000001072883606
1d6d5se,0.207,0.037,0.125,0.769,0.105,-0.7383,179,11.37473899888905,1,18,0,7,0,0,0,0,0,0,0,0,0,0,0,2,0,0,0,0,0,2,0,1,1,5,2,0,0,0,0,0,0,0,0,0,0,0,0,1,0,0,4,17,0,3,7,0,1,0,0.2199999988079071
1d6e4fc,0.102,0.223,0.073,0.783,0.144,0.982,355,11.520995432342353,1,29,0,8,0,0,0,0,0,0,0,0,0,0,1,2,0,0,0,0,0,1,11,4,8,17,13,0,1,1,2,0,0,0,0,1,0,0,1,0,0,0,17,23,2,5,4,4,1,0,0.20000000298023224
1d6ereb,0.218,0.627,0.3,0.671,0.029,-0.9868,95,13.81666964889586,6,7,3,1,0,0,0,0,0,0,0,0,0,0,0,2,0,0,0,0,0,0,10,0,4,0,13,0,0,1,1,0,0,0,0,0,0,0,1,0,0,0,8,14,3,0,1,1,0,0,0.46000000834465027
1d6evj7,0.027,0.063,0.069,0.78,0.151,0.9119,119,10.290406445055957,3,8,0,5,0,0,0,0,1,0,0,0,0,0,1,2,0,0,0,0,1,0,5,1,4,6,4,0,0,0,0,0,0,0,0,0,0,0,1,0,0,0,5,17,3,0,2,0,0,0,0.23999999463558197
1d6f877,0.07,0.325,0.0,0.787,0.213,0.544,14,8.841846274778883,0,0,0,1,0,0,0,0,0,0,0,0,0,0,0,0,0,0,0,0,0,0,0,0,0,1,0,0,0,0,0,0,0,0,0,0,0,0,0,0,0,0,1,5,0,0,0,0,0,1,1.0
1d6fb7k,0.036,0.28,0.021,0.815,0.164,0.9829,202,10.7630783206399,5,10,0,6,0,0,0,0,0,0,0,0,0,0,1,0,0,0,0,0,0,0,2,13,2,7,3,0,0,0,0,1,0,0,0,1,0,0,0,1,0,0,7,22,1,0,9,0,0,0,0.12999999523162842
1d6fenj,0.024,0.096,0.0,1.0,0.0,0.0,8,11.20814326018867,0,0,0,0,0,0,0,0,0,0,0,0,0,0,0,0,0,0,0,0,0,0,0,0,0,1,0,0,0,0,0,0,0,0,0,0,0,0,0,0,0,0,1,2,0,0,0,0,0,1,1.0
1d6fj1l,0.063,0.025,0.0,1.0,0.0,0.0,8,8.841846274778883,0,0,0,0,0,0,0,0,0,0,0,0,0,0,0,0,0,0,0,0,0,0,0,0,0,1,0,0,0,0,0,0,0,0,0,0,0,0,0,0,0,0,1,2,0,0,0,0,0,1,1.0
1d6fq07,0.063,0.038,0.0,1.0,0.0,0.0,8,8.841846274778883,0,0,0,0,0,0,0,0,0,0,0,0,0,0,0,0,0,0,0,0,0,0,0,0,0,1,0,0,0,0,0,0,0,0,0,0,0,0,0,0,0,0,1,2,0,0,0,0,0,1,1.0
1d6fz6f,0.019,0.022,0.0,1.0,0.0,0.0,11,3.1291,0,1,0,1,0,0,0,0,0,0,0,0,0,0,0,0,0,0,0,0,0,0,0,0,0,1,0,0,0,0,0,0,0,0,0,0,0,0,0,0,0,0,0,3,0,0,1,0,0,1,1.0
1d6g1le,0.063,0.049,0.0,1.0,0.0,0.0,8,8.841846274778883,0,0,0,0,0,0,0,0,0,0,0,0,0,0,0,0,0,0,0,0,0,0,0,0,0,1,0,0,0,0,0,0,0,0,0,0,0,0,0,0,0,0,1,2,0,0,0,0,0,1,1.0
1d6g4vz,0.028,0.036,0.25,0.75,0.0,-0.3254,8,8.841846274778883,0,1,0,0,0,0,0,0,0,0,0,0,0,0,0,0,0,0,0,0,0,0,0,0,0,1,0,0,0,0,0,0,0,0,0,0,0,0,0,0,0,0,0,4,1,0,0,0,0,0,0.23999999463558197
1d6ggc4,0.029,0.056,0.115,0.794,0.092,-0.3451,127,13.023866798666859,3,11,0,2,0,0,0,0,0,0,0,0,0,0,0,1,0,0,0,0,0,3,1,0,3,10,8,1,0,0,0,0,0,0,0,0,0,0,0,1,0,0,2,14,2,0,4,0,0,0,0.14000000059604645
1d6grmu,0.03,0.089,0.403,0.597,0.0,-0.6597,10,8.841846274778883,0,0,0,0,0,0,0,0,0,0,0,0,0,0,0,0,0,0,0,0,0,0,0,0,0,0,2,0,1,0,0,0,0,0,0,0,0,0,0,0,0,0,1,0,0,0,0,0,0,1,1.0
1d6gtx7,0.038,0.071,0.158,0.753,0.089,-0.6124,37,13.023866798666859,1,2,0,1,0,0,0,0,0,0,0,0,0,0,0,0,0,0,0,0,0,0,0,0,0,2,0,0,0,0,0,0,0,0,0,0,0,0,0,0,0,0,0,5,0,1,0,0,0,1,1.0
1d6h0t3,0.062,0.023,0.069,0.828,0.103,0.9032,372,16.758888586881195,9,24,0,7,0,0,0,0,0,0,0,0,1,0,3,3,0,0,0,0,0,3,5,0,1,10,7,0,0,1,1,0,1,0,0,2,0,0,0,3,0,0,19,23,3,3,4,1,0,196,0.8799999952316284
1d6h20q,0.041,0.304,0.096,0.828,0.075,-0.9358,566,11.319583603955667,5,50,1,11,0,1,0,0,0,0,0,0,0,1,4,0,0,0,0,0,0,2,12,15,15,17,24,2,1,0,0,2,0,0,1,1,1,0,0,0,0,0,37,37,4,2,6,1,1,0,0.15000000596046448
1d6ha4k,0.027,0.403,0.169,0.813,0.017,-0.9633,121,28.03038370184959,0,4,0,3,0,3,0,0,0,0,0,0,0,0,1,0,0,0,0,0,0,0,1,1,6,3,2,0,0,0,1,0,0,0,0,0,0,0,0,0,0,0,6,8,0,3,1,0,0,18,0.5400000214576721
1d6ibzk,0.11,0.401,0.213,0.717,0.069,-0.9815,155,12.785403640627713,7,8,0,2,0,0,0,0,0,0,0,0,0,0,0,2,0,0,0,0,0,0,0,1,6,1,9,0,0,0,0,0,0,0,0,0,0,0,0,1,0,0,3,19,0,1,9,0,1,57,0.6299999952316284
1d6iy5e,0.022,0.36,0.122,0.738,0.14,0.9003,460,11.51311941424646,6,36,3,13,0,1,0,0,0,0,0,0,1,0,5,7,0,0,2,0,0,2,24,9,10,17,24,1,2,3,7,0,0,0,0,2,0,0,1,2,0,0,6,27,7,4,11,6,2,323,0.6800000071525574
1d6j4q2,0.033,0.186,0.118,0.777,0.105,-0.8686,577,16.710754986558634,16,44,0,3,0,0,0,0,0,0,0,0,0,0,2,3,0,0,0,0,0,1,15,2,13,17,33,0,0,0,5,1,1,0,0,1,0,0,1,5,0,0,5,32,6,2,12,4,3,18,0.6899999976158142
1d6j67i,0.04,0.054,0.0,0.774,0.226,0.5423,13,11.20814326018867,0,1,0,0,0,0,0,0,0,0,0,0,0,0,0,0,0,0,0,0,0,0,0,0,0,2,0,0,0,0,0,0,0,0,0,0,0,0,0,0,0,0,1,3,0,0,0,0,0,1,1.0
1d6jka9,0.761,0.462,0.341,0.659,0.0,-0.4767,7,8.841846274778883,0,0,0,0,0,0,0,0,0,0,0,0,0,0,0,0,0,0,0,0,0,0,0,0,0,0,1,0,0,0,0,0,0,0,0,0,0,0,0,0,0,0,0,0,0,0,0,0,0,1,1.0
1d6k9o0,0.066,0.467,0.08,0.814,0.106,0.8749,348,11.013438906972478,5,28,0,7,0,0,0,0,0,0,0,0,0,0,3,2,0,0,0,0,0,0,2,2,18,11,14,1,0,0,0,0,2,0,0,4,0,0,1,1,0,0,2,25,3,3,4,2,0,54,0.6299999952316284
1d6kd5y,0.027,0.237,0.0,1.0,0.0,0.0,7,8.841846274778883,0,0,0,0,0,0,0,0,0,0,0,0,0,0,0,0,0,0,0,0,0,0,0,0,0,0,0,0,0,0,0,0,0,0,0,0,0,0,0,0,0,0,0,1,0,0,0,0,0,1,1.0
1d6kdrp,0.016,0.317,0.0,1.0,0.0,0.0,20,11.20814326018867,0,0,0,0,0,0,0,0,0,0,0,0,0,0,0,0,0,0,0,0,0,0,0,0,0,0,1,0,0,0,0,0,0,0,0,0,0,0,1,1,0,0,1,3,1,0,0,0,0,1,1.0
1d6kkiu,0.84,0.479,0.341,0.659,0.0,-0.4767,7,8.841846274778883,0,0,0,0,0,0,0,0,0,0,0,0,0,0,0,0,0,0,0,0,0,0,0,0,0,0,1,0,0,0,0,0,0,0,0,0,0,0,0,0,0,0,0,0,0,0,0,0,0,1,1.0
1d6klak,0.046,0.2,0.0,0.886,0.114,0.2924,18,11.20814326018867,0,3,0,1,0,0,0,0,0,0,0,0,0,0,0,1,0,0,0,0,0,0,0,0,0,1,0,0,0,0,0,0,0,0,0,0,0,0,0,0,0,0,3,3,0,0,0,0,0,1,1.0
1d6lgtg,0.515,0.199,0.225,0.775,0.0,-0.4404,11,13.023866798666859,1,0,0,0,0,0,0,0,0,0,0,0,0,0,0,0,0,0,0,0,0,0,0,0,0,0,0,0,0,0,0,0,0,0,0,0,0,0,0,0,0,0,2,1,0,0,1,0,0,1,1.0
1d6lux4,0.026,0.255,0.164,0.729,0.107,-0.9979,1003,15.322241378113624,13,63,1,13,0,1,0,0,0,0,0,0,0,0,1,7,1,0,0,0,0,4,5,6,42,41,65,0,2,0,0,0,1,0,1,1,0,0,3,3,0,0,108,50,6,10,6,3,1,0,0.4399999976158142
1d6ma89,0.04,0.361,0.368,0.632,0.0,-0.8519,19,18.243605946275583,0,0,0,0,0,0,0,0,0,0,0,0,0,0,0,0,0,0,0,0,0,0,0,0,0,0,3,0,0,0,0,0,0,0,0,0,0,0,0,0,0,0,2,3,0,0,0,0,0,0,0.5
1d6mg90,0.055,0.067,0.179,0.749,0.072,-0.9822,238,20.456717378047102,5,11,0,2,0,0,0,0,0,0,0,0,0,0,2,2,0,0,0,0,0,0,0,0,11,5,18,0,0,0,0,0,0,0,0,0,0,0,1,1,0,0,1,24,4,1,2,0,0,0,0.4300000071525574
1d6mu3z,0.042,0.173,0.114,0.79,0.096,-0.6761,226,16.04434344847333,8,11,0,3,0,0,0,0,0,0,0,0,0,0,1,1,0,0,0,0,0,5,2,0,7,4,14,0,0,0,1,0,1,0,0,0,0,0,0,3,0,0,4,17,3,0,4,2,0,0,0.28999999165534973
1d6myrz,0.032,0.073,0.105,0.732,0.162,0.9837,560,16.981773518133604,5,28,0,2,0,1,0,0,0,0,1,0,0,0,0,3,0,1,0,0,0,1,3,1,2,34,21,0,0,0,1,0,0,0,0,0,0,0,0,2,0,0,22,34,1,5,16,1,0,0,0.23999999463558197
1d6nfq7,0.029,0.165,0.238,0.665,0.097,-0.999,590,13.212355483912233,6,45,0,15,0,0,0,0,0,0,0,0,0,1,5,4,0,0,1,0,0,3,3,5,18,10,32,1,0,0,1,0,1,0,0,1,0,0,2,4,0,0,27,35,4,1,11,2,0,0,0.3100000023841858
1d6pbi6,0.026,0.169,0.115,0.777,0.108,-0.2287,339,12.060818386365153,4,24,1,9,0,1,0,0,0,0,0,0,0,0,2,1,0,0,0,0,0,0,18,1,10,15,18,1,1,0,1,0,0,0,0,0,0,0,1,1,0,0,6,26,5,2,5,2,1,0,0.25999999046325684
1d6pt1d,0.067,0.348,0.0,0.728,0.272,0.6808,17,13.023866798666859,0,0,0,0,0,0,0,0,0,0,0,0,0,0,0,0,0,0,0,0,0,0,0,0,1,2,0,0,0,0,0,0,0,0,0,0,0,0,0,0,0,0,2,1,0,0,0,0,0,1,1.0
1d6qjxi,0.085,0.432,0.0,0.634,0.366,0.6369,11,14.554592549557764,0,0,0,0,0,0,0,0,0,0,0,0,0,0,0,0,0,0,0,0,0,0,0,0,0,0,0,0,0,0,0,0,0,0,0,0,0,0,0,0,0,0,0,2,0,0,0,0,0,1,1.0
1d6qumm,0.061,0.193,0.0,1.0,0.0,0.0,6,8.841846274778883,0,0,0,1,0,0,0,0,0,0,0,0,0,0,0,0,0,0,0,0,0,0,0,0,0,0,0,0,0,0,0,0,0,0,0,0,0,0,0,0,0,0,0,0,0,0,0,0,0,1,1.0
1d6qw97,0.04,0.031,0.088,0.87,0.041,-0.92,295,17.122413403193683,8,31,0,3,0,0,0,0,0,0,0,0,0,0,1,1,0,0,0,0,0,2,9,2,1,6,15,0,0,0,4,0,1,0,0,0,1,0,0,2,0,0,0,28,2,2,6,3,0,0,0.5
1d6r1so,0.073,0.022,0.0,1.0,0.0,0.0,11,8.841846274778883,0,0,0,0,0,0,0,0,0,0,0,0,0,0,0,0,0,0,0,0,0,0,0,0,0,0,0,0,0,0,0,0,0,0,0,0,0,0,0,1,0,0,0,1,0,0,0,0,0,1,1.0
1d6r4ij,0.029,0.427,0.144,0.738,0.118,0.0325,125,10.864195022040775,0,2,1,4,0,0,0,0,0,0,0,0,0,0,1,2,1,0,0,0,0,0,1,0,11,4,7,0,0,0,0,0,0,0,0,0,0,0,2,2,0,0,0,15,2,0,0,0,0,268,0.75
1d6ro88,0.085,0.643,0.121,0.807,0.072,-0.1779,31,11.20814326018867,1,1,0,1,0,0,0,0,0,0,0,0,0,0,0,0,0,0,0,0,0,0,0,0,0,2,1,0,0,0,0,0,0,0,0,0,0,0,0,0,0,0,2,5,1,0,1,0,0,1,1.0
1d6so34,0.031,0.026,0.0,0.769,0.231,0.34,9,8.841846274778883,1,0,0,1,0,0,0,0,0,0,0,0,0,0,0,0,0,0,0,0,0,0,0,0,0,1,0,0,0,0,0,0,0,0,0,0,0,0,0,0,0,0,2,0,0,0,1,0,0,1,1.0
1d6sqra,0.18,0.498,0.124,0.876,0.0,-0.5267,25,10.125756701596842,1,0,0,1,0,0,0,0,0,0,0,0,0,0,0,0,0,0,0,0,0,0,0,0,0,0,1,0,1,0,0,0,0,0,0,0,0,0,0,0,0,0,1,3,0,0,1,0,0,1,1.0
1d6t1m1,0.082,0.113,0.057,0.909,0.034,-0.6393,208,14.836745963215662,1,22,0,8,0,0,0,0,0,0,0,0,0,0,4,1,0,0,0,0,0,0,0,0,3,10,3,0,0,0,0,0,1,0,0,1,0,0,1,2,0,0,5,23,4,1,2,1,0,1,1.0
1d6t4va,0.036,0.11,0.152,0.821,0.027,-0.9612,138,9.994966539143718,1,10,1,1,0,0,0,0,0,0,0,0,0,0,0,1,0,0,0,0,0,0,0,8,6,2,4,0,1,0,0,0,0,0,0,0,0,0,0,0,0,0,5,13,1,2,4,0,0,0,0.25
1d6tji5,0.299,0.361,0.096,0.787,0.116,0.8183,289,11.645159339076184,2,28,2,9,0,1,0,0,0,0,0,0,0,0,4,2,0,0,0,0,0,0,15,4,14,6,13,0,0,2,0,0,0,0,0,0,0,0,2,3,0,0,2,27,5,2,7,4,0,41,0.6399999856948853
1d6tjur,0.099,0.376,0.109,0.891,0.0,-0.296,19,8.841846274778883,0,0,0,1,0,1,0,0,0,0,0,0,0,0,0,0,0,0,0,0,0,0,0,0,0,0,0,0,0,0,0,0,0,0,0,0,0,0,0,0,0,0,1,4,0,0,0,0,0,1,1.0
1d6tp13,0.09,0.315,0.097,0.676,0.228,0.9944,281,10.31748142421505,2,12,0,8,0,1,0,0,0,0,0,0,2,0,2,3,0,0,0,0,1,2,35,4,4,13,9,0,0,0,0,0,0,0,0,0,1,0,0,2,0,0,14,21,0,2,5,2,0,231,0.8100000023841858
1d6tzdc,0.05,0.322,0.157,0.723,0.12,-0.777,194,7.908726449838941,1,15,0,2,0,0,0,0,0,0,0,0,0,0,0,3,0,0,0,0,0,1,12,0,2,7,17,1,0,0,2,1,0,0,0,0,0,0,1,1,0,0,4,16,1,0,6,3,1,1,1.0
1d6uccp,0.024,0.369,0.147,0.745,0.108,-0.953,284,9.3871,0,28,0,5,0,2,0,0,0,0,0,0,0,0,0,6,0,0,0,0,0,1,13,3,3,7,19,1,0,0,2,1,0,0,0,2,0,0,2,1,0,0,5,20,4,2,10,4,1,0,0.27000001072883606
1d6ucqo,0.081,0.332,0.0,1.0,0.0,0.0,16,8.841846274778883,0,2,0,0,0,0,0,0,0,0,0,0,0,0,0,0,0,0,0,0,0,0,0,0,0,1,1,0,0,0,0,0,0,0,0,0,0,0,0,0,0,0,1,1,0,0,0,0,0,1,1.0
1d6uuq4,0.025,0.053,0.0,1.0,0.0,0.0,10,13.023866798666859,0,0,0,1,0,0,0,0,0,0,0,0,0,0,0,0,0,0,0,0,0,0,0,0,0,0,0,0,0,0,0,0,0,0,0,0,0,0,0,0,0,0,3,2,0,0,0,0,0,1,0.6600000262260437
1d6v1ve,0.053,0.146,0.092,0.892,0.017,-0.8904,171,17.58133193835471,5,11,0,2,0,0,0,0,0,0,0,0,0,0,0,0,0,0,0,0,0,2,2,0,0,0,5,0,0,0,0,0,0,0,0,0,0,0,0,2,0,0,6,10,2,0,3,1,1,0,0.41999998688697815
1d6viow,0.102,0.063,0.215,0.618,0.167,-0.3182,21,18.243605946275583,0,1,0,0,0,0,0,0,0,0,0,0,0,0,0,0,0,0,0,0,0,0,0,0,0,2,2,0,0,0,0,0,0,0,0,0,0,0,0,0,0,0,1,5,0,0,0,0,0,1,1.0
1d6vl7x,0.026,0.026,0.0,1.0,0.0,0.0,5,3.1291,0,0,0,0,0,0,0,0,0,0,0,0,0,0,0,0,0,0,0,0,0,0,0,0,0,0,0,0,0,0,0,0,0,0,0,0,0,0,0,0,0,0,0,0,0,0,0,0,0,1,1.0
1d6vqcb,0.034,0.01,0.0,1.0,0.0,0.0,6,11.20814326018867,0,0,0,0,0,0,0,0,0,0,0,0,0,0,0,0,0,0,0,0,0,0,0,0,0,0,0,0,0,0,0,0,0,0,0,0,0,0,0,0,0,0,0,0,0,0,0,0,0,0,0.33000001311302185
1d6vx1d,0.031,0.03,0.055,0.815,0.13,0.908,205,11.473099999999999,2,10,0,4,0,0,0,0,0,0,0,0,0,0,0,4,0,0,0,0,0,0,7,1,19,7,4,0,1,1,1,0,0,0,0,0,0,0,0,1,0,0,5,17,1,1,7,0,0,173,0.800000011920929
1d6x5u3,0.021,0.029,0.066,0.742,0.192,0.4635,14,8.841846274778883,0,1,0,1,0,0,0,0,0,0,0,0,0,0,0,0,0,0,0,0,0,0,0,0,0,2,0,0,0,0,0,0,0,0,0,0,0,0,0,0,0,0,0,4,0,0,0,0,0,1,1.0
1d6x8sn,0.019,0.025,0.0,0.826,0.174,0.2732,11,13.023866798666859,0,1,0,0,0,0,0,0,0,0,0,0,0,0,0,0,0,0,0,0,0,0,0,0,0,0,0,0,0,0,0,0,0,0,0,0,0,0,0,0,0,0,0,0,0,0,0,0,0,1,1.0
1d6xfxy,0.212,0.101,0.173,0.745,0.082,-0.9671,178,10.504223727775692,9,12,0,6,0,0,0,0,0,0,0,0,0,0,0,2,0,0,0,0,0,0,3,0,10,6,11,0,1,0,1,0,1,0,0,1,0,0,0,0,0,0,2,21,2,0,8,0,0,0,0.3199999928474426
1d6xpn7,0.039,0.068,0.022,0.906,0.072,0.7278,115,14.90622815163357,2,9,0,2,0,0,0,0,0,0,0,0,0,0,0,0,0,0,0,0,0,0,0,0,0,3,3,0,0,0,0,0,0,0,0,0,0,0,0,0,0,0,5,9,0,1,4,0,0,1,1.0
1d6yprk,0.112,0.276,0.256,0.662,0.082,-0.9997,893,13.943154165760404,14,51,0,20,0,0,0,0,0,0,0,0,0,0,5,15,0,0,0,0,0,0,9,7,26,26,70,0,0,0,1,0,0,0,0,0,0,0,1,5,0,0,31,49,6,5,13,3,0,0,0.2199999988079071
1d6yy4a,0.068,0.058,0.05,0.801,0.149,0.9458,162,12.28987398476788,2,10,0,9,0,0,0,0,0,0,0,0,0,0,0,2,0,0,0,0,0,0,1,0,7,7,2,0,0,0,0,0,0,0,0,0,0,0,1,2,0,0,1,16,1,0,0,0,0,173,0.6399999856948853
1d70j7p,0.019,0.427,0.198,0.594,0.208,0.0772,22,15.903189008614273,0,1,0,0,0,0,0,0,0,0,0,0,0,0,0,0,0,0,0,0,0,0,1,1,0,2,2,0,0,0,1,0,0,0,0,0,0,0,0,1,0,0,0,2,0,1,0,1,0,1,1.0
1d70t3s,0.024,0.255,0.065,0.794,0.141,0.9425,170,10.577609850970193,3,10,0,5,0,0,0,0,0,0,0,0,0,0,0,4,0,0,0,0,0,0,26,0,10,4,3,0,1,0,1,0,0,0,0,0,0,0,0,1,0,0,0,18,1,1,10,0,0,145,0.6600000262260437
1d71ykj,0.041,0.235,0.147,0.808,0.045,-0.9951,473,13.698571331659366,1,13,0,1,0,1,0,0,0,0,0,0,0,0,1,2,0,0,0,0,0,1,0,0,6,23,23,0,0,0,0,0,1,0,0,0,0,0,0,1,0,0,61,21,1,5,3,1,0,1122,0.699999988079071
1d72400,0.032,0.03,0.049,0.902,0.049,-0.4404,174,24.50423929779172,4,9,1,4,0,0,0,0,0,0,0,0,0,0,2,2,0,0,1,0,0,1,1,4,10,6,2,0,0,0,1,0,0,0,0,0,0,0,0,2,0,0,4,15,2,2,7,1,0,0,0.23000000417232513
1d72sjk,0.057,0.403,0.137,0.787,0.076,-0.9909,481,14.924444911402436,4,18,2,17,0,0,0,0,0,0,0,0,0,0,3,4,0,1,0,0,0,0,15,11,9,14,20,0,0,4,0,0,0,0,0,0,0,0,6,5,0,0,45,40,7,3,8,3,1,0,0.28999999165534973
1d74ige,0.14,0.257,0.0,0.783,0.217,0.3612,10,3.1291,0,0,0,0,0,0,0,0,0,0,0,0,0,0,0,0,0,0,0,0,0,0,0,0,0,0,0,0,0,0,0,0,0,0,0,0,0,0,0,0,0,0,2,2,0,0,0,0,0,1,1.0
1d758td,0.024,0.058,0.0,1.0,0.0,0.0,5,8.841846274778883,0,0,0,0,0,0,0,0,0,0,0,0,0,0,0,0,0,0,0,0,0,0,0,0,0,0,0,0,0,0,0,0,0,0,0,0,0,0,0,0,0,0,0,0,0,0,0,0,0,1,1.0
1d75hf8,0.038,0.058,0.0,1.0,0.0,0.0,16,15.903189008614273,0,0,0,0,0,0,0,0,0,0,0,0,0,0,0,0,0,0,0,0,0,0,0,0,1,0,0,0,0,0,0,0,0,0,0,0,0,0,0,0,0,0,2,3,0,0,0,0,0,1,1.0
1d75hmi,0.029,0.1,0.226,0.685,0.089,-0.4588,12,11.20814326018867,0,0,0,0,0,0,0,0,0,0,0,0,0,0,0,0,0,0,0,0,0,0,0,2,0,0,1,0,0,0,0,0,0,0,0,0,0,0,0,0,0,0,0,1,0,0,0,0,0,1,1.0
1d77ka4,0.03,0.458,0.109,0.853,0.039,-0.8442,105,8.418075326091056,2,5,0,1,0,0,0,0,0,0,0,0,0,0,0,0,0,0,0,0,0,1,6,0,0,1,8,0,0,0,0,0,1,0,0,0,0,0,0,0,0,0,0,8,0,0,2,1,1,0,0.4399999976158142
1d7adek,0.04,0.028,0.126,0.858,0.016,-0.9618,171,9.444778638647367,3,7,0,12,0,0,0,0,0,0,0,0,1,0,0,1,0,0,1,0,0,0,7,3,8,1,8,0,0,1,1,0,0,0,0,0,0,0,1,4,0,0,1,20,3,0,4,2,0,25,0.6600000262260437
1d7ahpb,0.018,0.123,0.056,0.82,0.124,0.934,194,14.06817628641468,1,20,0,5,0,0,0,0,0,0,0,0,0,0,0,5,0,0,0,0,0,0,20,8,2,6,5,0,1,2,3,0,0,0,0,1,0,0,1,3,0,0,3,17,2,2,3,2,1,0,0.33000001311302185
1d7ao4z,0.186,0.146,0.23,0.661,0.109,-0.9966,358,11.635897716609016,7,15,0,6,0,1,0,0,0,0,0,0,0,0,2,3,0,0,0,0,0,1,17,1,3,18,23,0,0,2,1,1,1,0,0,0,0,0,3,3,0,0,7,24,3,2,9,1,1,0,0.5
1d7aq3m,0.06,0.078,0.0,1.0,0.0,0.0,9,8.841846274778883,0,0,0,0,0,0,0,0,0,0,0,0,0,0,0,0,0,0,0,0,0,1,0,0,0,0,1,0,0,0,0,0,0,0,0,0,0,0,0,0,0,0,1,0,0,0,0,0,0,1,1.0
1d7bi7y,0.054,0.553,0.182,0.818,0.0,-0.6124,19,13.023866798666859,0,0,0,0,0,0,0,0,0,0,0,0,0,0,0,0,0,0,0,0,0,0,0,0,0,0,2,0,0,0,0,0,0,0,0,0,0,0,0,0,0,0,2,2,0,0,0,0,0,1,1.0
1d7bugm,0.1,0.378,0.118,0.834,0.048,-0.9701,272,16.52667757954773,2,17,0,2,0,0,0,0,0,0,0,0,0,0,1,1,0,0,1,0,0,6,6,4,5,6,18,0,0,0,1,0,0,0,0,0,0,0,2,0,0,0,22,27,5,0,2,0,1,0,0.23999999463558197
1d7c6d0,0.022,0.152,0.148,0.641,0.211,0.892,164,10.504223727775692,0,14,0,7,0,0,0,0,0,0,0,0,0,0,1,1,0,0,1,0,0,0,10,12,4,8,10,1,0,0,0,0,0,0,0,0,0,0,0,0,0,0,0,21,2,0,5,2,0,3,0.7099999785423279
1d7cpt5,0.037,0.136,0.0,1.0,0.0,0.0,15,3.1291,0,3,0,1,0,0,0,0,0,0,0,0,0,0,0,0,0,0,0,0,0,0,0,0,0,0,0,0,0,0,0,0,0,0,0,0,0,0,0,0,0,0,0,1,0,0,0,0,0,1,1.0
1d7cw5y,0.016,0.033,0.18,0.567,0.253,-0.0516,18,13.023866798666859,0,1,0,1,0,0,0,0,0,0,0,0,0,0,0,1,0,0,0,0,0,0,0,0,0,0,1,0,0,0,0,0,0,0,0,0,0,0,1,0,0,0,0,4,0,0,0,0,0,1,1.0
1d7drba,0.023,0.361,0.296,0.704,0.0,-0.5849,10,11.20814326018867,0,0,0,0,0,0,0,0,0,0,0,0,0,0,0,0,0,0,0,0,0,0,0,0,0,0,1,0,0,0,0,0,0,0,0,0,0,0,1,0,0,0,1,3,2,0,0,0,0,1,1.0
1d7drkp,0.026,0.103,0.115,0.784,0.101,-0.6275,128,13.5591,1,3,0,0,0,0,0,0,0,0,0,0,0,0,0,0,0,0,1,0,0,0,0,1,5,3,5,0,0,0,0,0,0,0,0,0,0,0,0,1,0,0,19,10,1,2,3,2,0,0,0.4399999976158142
1d7dv5i,0.116,0.151,0.156,0.698,0.146,-0.7787,363,12.122386844133771,6,17,0,8,0,0,0,0,0,0,0,0,0,0,0,2,0,0,0,0,0,1,6,4,8,19,22,1,0,2,4,1,1,0,0,2,0,0,2,2,0,0,3,32,3,3,8,6,0,0,0.4099999964237213
1d7e1cl,0.068,0.249,0.022,0.785,0.193,0.9728,129,9.516144504307135,0,13,0,4,0,0,0,0,0,0,0,0,0,0,1,2,1,0,0,0,0,0,5,3,1,9,1,0,1,0,3,0,3,0,0,0,0,0,2,4,0,0,4,12,3,0,1,3,0,0,0.4099999964237213
1d7ed7y,0.033,0.161,0.163,0.807,0.03,-0.9834,237,11.473099999999999,2,8,0,6,0,0,0,0,0,0,0,0,0,0,1,1,0,1,0,0,0,0,6,5,11,6,13,0,0,0,0,0,0,0,0,0,0,0,0,0,0,0,5,19,2,1,3,0,0,145,0.6399999856948853
1d7eqfn,0.403,0.699,0.256,0.671,0.073,-0.7184,26,13.023866798666859,1,0,0,0,0,0,0,0,0,0,0,0,0,0,0,0,0,0,0,0,0,0,1,0,1,0,2,0,0,0,0,0,0,0,0,0,0,0,0,0,0,0,1,3,0,0,0,0,0,1,1.0
1d7evoi,0.036,0.39,0.457,0.543,0.0,-0.7096,9,3.1291,0,0,0,0,0,0,0,0,0,0,0,0,0,0,0,0,0,0,0,0,0,0,1,0,0,0,1,0,0,0,0,0,0,0,0,0,0,0,0,0,0,0,0,1,0,0,1,0,0,1,1.0
1d7eyws,0.403,0.699,0.256,0.671,0.073,-0.7184,26,13.023866798666859,1,0,0,0,0,0,0,0,0,0,0,0,0,0,0,0,0,0,0,0,0,0,1,0,1,0,2,0,0,0,0,0,0,0,0,0,0,0,0,0,0,0,1,3,0,0,0,0,0,1,1.0
1d7f04h,0.025,0.025,0.0,1.0,0.0,0.0,11,8.841846274778883,0,0,0,0,0,1,0,0,0,0,0,0,0,0,0,0,0,0,0,1,0,1,0,0,0,0,0,0,0,0,0,0,0,0,0,0,0,0,0,0,0,0,1,0,0,0,0,0,0,1,1.0
1d7f7gk,0.078,0.021,0.0,1.0,0.0,0.0,12,11.20814326018867,0,0,0,0,0,0,0,0,0,0,0,0,0,0,0,0,0,0,0,0,0,1,0,0,0,0,0,0,0,0,0,0,0,0,0,0,0,0,0,0,0,0,0,4,0,0,0,0,0,1,1.0
1d7fami,0.073,0.427,0.057,0.869,0.074,0.3253,236,24.75720833152081,4,18,1,6,0,1,0,0,0,0,0,0,1,0,1,2,0,0,0,0,0,0,4,1,5,8,13,0,0,0,0,0,0,0,0,0,0,0,1,2,0,0,20,22,2,2,3,0,0,0,0.30000001192092896
1d7fbmn,0.075,0.568,0.0,0.833,0.167,0.3818,14,8.841846274778883,1,0,0,0,0,0,0,0,0,0,0,0,0,0,0,0,0,0,0,0,0,1,0,0,0,0,0,0,0,0,0,0,0,0,0,0,0,0,0,0,0,0,0,4,0,0,1,0,0,1,1.0
1d7fh8v,0.214,0.16,0.0,0.775,0.225,0.4404,11,8.841846274778883,0,0,0,0,0,1,0,0,0,0,0,0,0,0,0,0,0,0,0,0,0,0,0,0,0,1,0,0,0,0,0,0,0,0,0,0,0,0,1,0,0,0,1,1,1,0,0,0,0,1,1.0
1d7fiep,0.021,0.073,0.0,1.0,0.0,0.0,11,8.841846274778883,0,1,0,0,0,0,0,0,0,0,0,0,0,0,0,0,0,0,0,0,0,0,1,0,0,0,0,0,0,0,0,0,0,0,0,0,0,0,0,0,0,0,0,3,0,0,0,0,0,1,1.0
1d7fotz,0.038,0.081,0.106,0.851,0.043,-0.9618,273,18.243605946275583,4,12,0,3,0,0,0,0,0,0,0,0,0,0,0,2,0,0,1,0,0,2,0,3,1,5,10,0,0,0,0,1,0,0,0,1,0,0,1,1,0,0,21,21,1,2,4,0,0,0,0.36000001430511475
1d7fsqy,0.022,0.027,0.141,0.859,0.0,-0.2411,13,14.554592549557764,0,0,0,1,0,0,0,0,0,0,0,0,0,0,0,0,0,0,0,0,0,0,0,0,0,0,0,0,0,0,0,0,0,0,0,0,0,0,0,0,0,0,0,3,0,0,0,0,0,1,1.0
1d7ftnj,0.05,0.097,0.273,0.727,0.0,-0.5423,14,11.20814326018867,1,0,0,0,0,0,0,0,0,0,0,0,0,0,0,0,0,0,0,0,0,0,0,0,0,0,0,0,0,0,0,0,0,0,0,0,0,0,0,0,0,0,1,2,0,0,1,0,0,1,1.0
1d7ge2g,0.057,0.148,0.143,0.722,0.135,-0.549,441,10.374825546531014,0,39,5,13,0,1,0,0,0,0,0,0,0,0,8,2,0,0,0,0,0,3,4,13,16,14,14,0,0,0,0,0,2,2,0,3,0,0,1,3,0,0,7,20,4,0,5,0,1,1,1.0
1d7gnzu,0.042,0.435,0.0,1.0,0.0,0.0,10,13.023866798666859,0,0,0,0,0,0,0,0,0,0,0,0,0,0,0,0,0,0,0,0,0,0,0,0,0,0,0,0,0,0,0,0,0,0,0,0,0,0,0,0,0,0,0,1,0,0,0,0,0,1,0.9900000095367432
1d7hmoo,0.131,0.045,0.0,1.0,0.0,0.0,9,13.023866798666859,1,0,0,0,0,0,0,0,0,0,0,0,0,0,0,0,0,0,0,0,0,0,0,0,0,0,0,0,0,0,0,0,0,0,0,0,0,0,0,0,0,0,1,3,0,0,1,0,0,1,1.0
1d7hvfn,0.093,0.035,0.104,0.81,0.085,-0.7551,155,14.39478758073233,3,7,0,2,0,0,0,0,0,0,0,0,0,0,1,1,0,0,0,0,0,0,0,0,0,4,3,0,0,0,0,1,0,0,0,0,0,0,0,1,0,0,16,20,2,1,6,0,0,0,0.41999998688697815
1d7j14b,0.039,0.065,0.024,0.921,0.056,0.6894,202,13.484332010920856,3,23,0,6,0,0,1,0,0,0,0,0,0,0,3,2,0,0,1,0,0,0,2,1,4,7,4,0,1,0,1,0,0,0,0,0,0,0,4,0,0,0,6,22,7,0,5,2,0,0,0.3499999940395355
1d7j9g5,0.048,0.085,0.051,0.847,0.102,0.8594,288,10.934197308810441,0,25,0,10,0,0,0,0,0,0,0,0,0,0,2,4,0,0,0,0,0,0,0,0,13,18,7,0,0,0,0,0,0,0,0,0,0,0,2,1,0,0,13,23,3,3,7,0,0,0,0.41999998688697815
1d7jjnv,0.044,0.028,0.044,0.797,0.159,0.9329,123,13.023866798666859,1,1,0,3,0,0,0,0,0,0,0,0,0,0,0,3,0,0,0,0,0,5,0,0,0,3,7,0,0,0,0,0,0,0,0,0,0,0,0,0,0,0,2,12,2,1,1,0,0,0,0.28999999165534973
1d7jpue,0.115,0.152,0.0,0.884,0.116,0.3612,20,13.023866798666859,0,0,0,0,0,0,0,0,0,0,0,0,0,0,0,0,0,0,0,0,0,0,0,0,0,0,1,0,0,0,0,0,0,0,0,0,0,0,0,0,0,0,2,4,0,0,0,0,0,1,1.0
1d7jwnr,0.27,0.236,0.068,0.808,0.124,0.9873,460,10.355215969177355,2,22,3,18,0,3,0,0,0,0,0,0,1,0,3,4,0,0,0,0,0,1,30,6,7,16,12,1,1,0,4,0,2,0,0,1,0,0,3,7,0,0,11,27,3,2,11,6,1,0,0.18000000715255737
1d7kvdq,0.025,0.305,0.157,0.702,0.142,-0.7834,358,13.205437297517054,3,41,4,8,0,0,0,0,0,0,0,0,0,0,4,5,0,0,1,0,0,10,13,2,4,16,27,1,0,1,3,0,0,0,0,0,1,0,0,3,0,0,4,30,3,4,10,2,1,212,0.6100000143051147
1d7l1c7,0.155,0.602,0.294,0.706,0.0,-0.3612,7,3.1291,0,0,0,0,0,0,0,0,0,0,0,0,0,0,0,0,0,0,0,0,0,0,0,0,0,0,2,0,0,0,0,0,0,0,0,0,0,0,0,1,0,0,0,0,0,0,0,0,0,1,1.0
1d7l437,0.268,0.414,0.087,0.78,0.133,0.6712,102,8.344100000000001,1,1,1,2,0,0,0,0,0,0,0,0,0,0,0,0,0,0,0,0,0,0,0,0,2,4,7,0,0,0,0,0,0,0,0,0,0,0,0,0,0,0,1,6,0,0,0,0,0,0,0.23999999463558197
1d7lac8,0.626,0.634,0.126,0.742,0.132,0.128,226,10.864195022040775,0,11,6,5,0,2,0,0,0,0,0,0,0,0,1,2,0,0,1,0,0,0,6,7,4,10,10,0,1,0,1,0,0,0,0,1,0,0,0,3,0,0,6,25,2,0,5,0,1,0,0.3199999928474426
1d7ldkc,0.041,0.018,0.0,1.0,0.0,0.0,5,3.1291,0,0,0,0,0,0,0,0,0,0,0,0,0,0,0,0,0,0,0,0,0,0,0,0,0,0,0,0,0,0,0,0,0,0,0,0,0,0,0,0,0,0,1,0,0,0,0,0,0,1,1.0
1d7ljdz,0.07,0.114,0.193,0.697,0.11,-0.9996,1429,10.653231179079748,18,143,0,34,0,4,0,1,0,0,0,0,0,0,9,13,1,1,0,0,0,22,47,19,67,40,71,1,1,2,8,3,8,0,0,11,0,0,5,11,0,0,27,52,13,8,30,15,3,0,0.4099999964237213
1d7m2q4,0.041,0.018,0.0,1.0,0.0,0.0,5,3.1291,0,0,0,0,0,0,0,0,0,0,0,0,0,0,0,0,0,0,0,0,0,0,0,0,0,0,0,0,0,0,0,0,0,0,0,0,0,0,0,0,0,0,1,0,0,0,0,0,0,1,1.0
1d7maho,0.169,0.292,0.095,0.793,0.111,0.6059,160,14.06817628641468,3,11,0,1,0,0,0,0,0,0,0,0,0,0,1,2,0,0,0,0,0,0,5,0,1,4,7,0,0,0,2,0,0,0,0,0,0,0,1,1,0,0,4,16,3,0,4,4,0,0,0.33000001311302185
1d7mq9f,0.048,0.162,0.313,0.533,0.153,-0.802,30,17.122413403193683,0,1,0,0,0,0,0,0,0,0,0,0,0,0,0,0,0,0,0,0,0,0,0,0,0,2,3,0,0,0,0,0,0,0,0,0,0,0,0,0,0,0,0,4,0,0,0,0,0,0,0.07000000029802322
1d7mx1q,0.035,0.099,0.059,0.818,0.123,0.9002,180,12.28987398476788,2,8,0,4,0,0,0,0,0,0,0,0,0,0,0,0,0,0,0,0,0,0,4,0,6,3,4,0,0,0,2,0,0,0,0,0,0,0,1,1,0,0,5,14,3,2,9,2,0,0,0.03999999910593033
1d7nilz,0.135,0.1,0.0,0.591,0.409,0.7655,14,8.841846274778883,0,1,0,1,0,0,0,0,0,0,0,0,0,0,0,0,0,0,0,0,0,0,0,0,0,3,0,0,0,0,0,0,0,0,0,0,0,0,0,0,0,0,0,3,0,0,0,0,0,1,1.0
1d7njqi,0.149,0.114,0.0,0.591,0.409,0.7655,14,8.841846274778883,0,1,0,1,0,0,0,0,0,0,0,0,0,0,0,0,0,0,0,0,0,0,0,0,0,3,0,0,0,0,0,0,0,0,0,0,0,0,0,0,0,0,0,3,0,0,0,0,0,1,1.0
1d7nor7,0.024,0.2,0.342,0.658,0.0,-0.3818,6,8.841846274778883,1,0,0,0,0,0,0,0,0,0,0,0,0,0,0,0,0,0,0,0,0,0,1,0,0,0,0,0,0,0,0,0,0,0,0,0,0,0,0,0,0,0,0,1,0,0,1,0,0,1,1.0
1d7nw9l,0.05,0.113,0.0,1.0,0.0,0.0,6,3.1291,0,0,0,1,0,0,0,0,0,0,0,0,0,0,0,0,0,0,0,0,0,0,0,1,0,0,0,0,0,0,0,0,0,0,0,0,0,0,0,0,0,0,0,0,0,0,1,0,0,1,1.0
1d7of0d,0.034,0.022,0.0,0.667,0.333,0.3612,6,3.1291,1,0,0,0,0,0,0,0,0,0,0,0,0,0,0,0,0,0,0,0,0,0,0,1,0,1,0,0,0,0,0,0,0,0,0,0,0,0,0,0,0,0,0,2,1,0,1,0,0,1,1.0
1d7oh28,0.016,0.094,0.221,0.779,0.0,-0.1779,7,3.1291,0,0,0,0,0,1,0,0,0,0,0,0,0,0,0,0,0,0,0,0,0,0,0,0,0,0,1,0,0,0,0,0,0,0,0,0,0,0,0,0,0,0,0,0,0,0,0,0,0,1,1.0
1d7oiqv,0.125,0.2,0.061,0.752,0.187,0.995,379,13.023866798666859,10,20,0,12,0,1,0,0,0,0,0,0,0,0,6,4,0,0,2,0,0,0,2,11,15,10,19,0,0,0,0,0,0,0,0,0,0,0,1,2,0,0,8,22,2,2,8,3,0,0,0.25
1d7po1n,0.1,0.049,0.068,0.854,0.078,0.1411,146,15.470042427545799,1,6,0,4,0,1,0,0,0,0,0,0,0,0,2,2,0,0,0,0,0,1,0,4,1,1,8,0,0,0,0,0,0,0,0,0,0,0,0,2,0,0,6,18,0,0,4,0,0,1,1.0
1d7q6r1,0.04,0.039,0.017,0.922,0.061,0.9769,682,12.73700081131149,15,55,0,11,0,0,0,0,0,0,0,0,0,0,5,1,0,1,0,0,0,15,15,0,2,12,2,1,0,0,4,0,2,0,0,0,0,0,2,2,0,0,22,37,6,4,14,5,2,71,0.6000000238418579
1d7quxh,0.034,0.112,0.201,0.672,0.127,-0.25,11,8.841846274778883,0,0,0,0,0,0,0,0,0,0,0,0,0,0,0,0,0,0,0,0,0,0,0,1,0,0,1,0,0,0,0,0,0,0,0,0,0,0,0,0,0,0,0,2,0,0,0,0,0,1,1.0
1d7rq7w,0.033,0.378,0.0,1.0,0.0,0.0,6,3.1291,0,0,0,0,0,0,0,0,0,0,0,0,0,0,0,0,0,0,0,0,0,0,0,0,0,0,0,0,0,0,0,0,0,0,0,0,0,0,0,0,0,0,0,1,0,0,0,0,0,1,1.0
1d7s1cr,0.63,0.178,0.067,0.922,0.012,-0.8253,132,9.573946990214175,0,10,0,7,0,0,0,0,0,0,0,0,0,0,2,1,0,0,0,0,0,4,3,1,1,0,3,0,1,0,2,0,0,0,0,1,0,0,0,0,0,0,4,15,0,0,4,1,0,0,0.25
1d7sisn,0.028,0.061,0.093,0.819,0.088,-0.4282,824,16.342720416070684,9,73,2,18,0,0,0,0,0,0,0,0,0,0,4,5,0,0,1,0,0,4,10,4,11,23,23,0,4,0,3,0,2,0,0,2,0,0,2,5,0,0,36,34,6,12,25,0,0,20,0.550000011920929
1d7udws,0.037,0.196,0.052,0.838,0.11,0.902,281,15.903189008614273,3,23,0,10,0,0,0,0,0,0,0,0,0,0,1,3,0,0,1,0,0,0,7,3,15,2,3,0,0,0,0,0,0,0,0,0,0,0,1,8,0,0,8,25,2,6,3,2,0,67,0.7300000190734863
1d7um0k,0.022,0.36,0.092,0.764,0.144,0.98,397,15.414825405933506,4,38,1,10,0,0,0,0,0,0,0,0,0,0,0,2,0,1,0,0,0,1,30,0,15,18,16,0,0,0,4,0,0,0,0,0,0,0,1,3,0,0,5,33,2,3,4,3,2,0,0.3100000023841858
1d7urek,0.435,0.101,0.223,0.568,0.208,-0.1027,19,3.1291,0,0,0,1,0,0,0,0,0,0,0,0,0,0,0,0,0,0,0,0,0,0,0,0,4,2,2,0,0,0,0,0,0,0,0,0,0,0,0,0,0,0,0,1,0,0,0,0,0,1,1.0
1d7vqvu,0.049,0.32,0.102,0.802,0.097,-0.3245,239,9.2995712137729,2,9,0,19,0,0,0,1,0,0,0,0,0,0,0,1,0,0,0,0,0,0,24,2,3,11,7,0,0,1,0,0,1,0,0,1,0,0,1,0,0,0,4,19,4,1,7,2,0,0,0.2199999988079071
1d7vwyv,0.135,0.325,0.226,0.671,0.103,-0.9956,416,11.20814326018867,0,31,0,3,0,0,0,1,7,0,0,0,0,2,0,2,0,0,2,0,0,6,3,27,18,10,33,0,1,0,0,1,4,0,0,9,0,0,1,1,0,0,10,23,1,2,10,3,1,0,0.36000001430511475
1d7wa98,0.041,0.18,0.0,0.812,0.188,0.9676,144,9.516144504307135,0,7,0,1,0,1,0,0,0,0,0,0,0,0,0,3,0,0,0,0,0,0,11,1,5,11,1,0,0,1,1,0,0,0,0,0,0,0,1,1,0,0,1,19,4,0,0,0,0,0,0.4099999964237213
1d7wn19,0.4,0.686,0.17,0.771,0.059,-0.9611,141,8.841846274778883,1,12,0,2,0,0,0,0,0,0,0,0,0,0,0,0,0,0,0,0,0,0,3,2,7,4,9,0,0,0,0,0,0,0,0,1,0,0,0,2,0,0,8,17,2,0,2,1,0,0,0.1599999964237213
1d7wn79,0.194,0.111,0.142,0.816,0.042,-0.9618,176,10.125756701596842,2,5,0,6,0,0,0,0,0,0,0,0,0,1,2,2,0,0,0,0,0,1,4,1,14,5,5,0,0,0,3,0,0,0,0,0,0,0,0,2,0,0,4,17,1,1,2,1,1,0,0.5
1d7wr9t,0.025,0.094,0.018,0.914,0.068,0.8378,188,14.158211354625415,4,10,0,8,0,0,0,0,0,0,0,0,0,0,0,1,0,0,0,0,0,0,4,4,2,3,3,0,0,1,0,0,1,0,0,0,0,0,0,1,0,0,29,18,2,2,2,4,2,0,0.41999998688697815
1d7xx3x,0.048,0.018,0.0,1.0,0.0,0.0,10,3.1291,0,1,0,0,0,0,0,0,0,0,0,0,0,0,0,0,0,0,0,0,0,0,0,0,0,0,0,0,0,0,0,0,0,0,0,0,0,0,0,0,0,0,0,1,0,0,0,0,0,1,1.0
1d7y1tv,0.025,0.024,0.082,0.783,0.135,0.9956,933,15.903189008614273,15,66,1,19,0,1,0,0,0,0,0,0,0,0,4,3,0,0,0,0,0,1,16,4,18,48,43,1,1,0,4,0,0,0,0,0,0,0,4,2,0,0,14,45,11,20,14,3,0,0,0.1899999976158142
1d7ybta,0.2,0.514,0.0,0.833,0.167,0.3818,14,13.023866798666859,0,1,0,2,0,0,0,0,0,0,0,0,0,0,0,1,0,0,0,0,0,0,0,0,0,0,0,0,0,0,0,0,0,0,0,0,0,0,0,0,0,0,1,3,0,1,0,0,0,1,1.0
1d7yjia,0.529,0.589,0.149,0.705,0.145,0.09,141,9.642632912329528,1,12,0,3,0,0,0,0,0,0,0,0,0,0,0,2,0,0,0,0,0,2,5,0,5,6,13,0,0,0,1,0,0,0,0,1,0,0,0,2,0,0,7,13,2,0,1,0,0,9,0.5600000023841858
1d7yljt,0.027,0.063,0.096,0.81,0.094,-0.2304,1463,15.92411300135791,7,85,1,25,0,1,0,0,0,0,0,0,0,0,8,5,0,0,0,0,1,1,27,7,21,51,63,0,0,0,1,2,1,0,0,1,0,0,1,10,0,0,145,50,4,12,22,1,0,2,1.0
1d7yp5d,0.037,0.027,0.0,1.0,0.0,0.0,12,13.023866798666859,0,0,0,0,0,0,0,0,0,0,0,0,0,0,0,0,0,0,0,0,0,0,0,0,0,1,0,0,0,0,0,0,0,0,0,0,0,0,0,0,0,0,1,2,0,0,0,0,0,1,1.0
1d7z1eu,0.814,0.403,0.375,0.625,0.0,-0.5574,7,8.841846274778883,1,0,0,0,0,0,0,0,0,0,0,0,0,0,0,0,0,0,0,0,0,0,0,0,0,0,0,0,0,0,0,0,0,0,0,0,0,0,0,0,0,0,2,0,0,0,1,0,0,1,1.0
1d7zz1x,0.035,0.04,0.115,0.837,0.048,-0.9689,269,10.380263240014207,2,12,0,12,0,0,0,0,0,0,0,0,0,0,1,4,0,0,0,0,0,0,13,2,18,4,8,0,0,0,0,0,1,0,0,0,0,0,0,1,0,0,2,23,2,2,4,1,0,0,0.44999998807907104
1d801b8,0.027,0.123,0.0,0.732,0.268,0.296,7,8.841846274778883,0,1,0,0,0,0,0,0,0,0,0,0,0,0,0,0,0,0,0,0,0,0,0,0,0,0,0,0,0,0,0,0,0,0,0,0,0,0,0,0,0,0,0,0,0,0,0,0,0,1,1.0
1d813fh,0.046,0.159,0.113,0.718,0.169,0.2732,16,11.20814326018867,0,0,0,1,0,0,0,0,0,0,0,0,0,0,0,0,0,0,0,0,0,0,0,0,0,2,0,0,0,0,0,0,0,0,0,0,0,0,0,0,0,0,1,3,0,0,0,0,0,1,1.0
1d8291t,0.042,0.091,0.139,0.799,0.062,-0.9057,197,10.411451182825502,0,3,1,5,0,0,0,0,0,0,0,0,0,0,0,5,0,0,0,0,0,0,10,0,16,6,4,0,0,0,0,0,1,0,0,0,0,0,0,2,0,0,2,18,2,1,1,0,1,1,0.5699999928474426
1d82g8e,0.059,0.078,0.155,0.751,0.095,-0.9816,292,11.81641974633143,2,15,0,14,0,2,0,0,0,0,0,0,0,0,2,3,0,0,0,0,0,4,2,2,8,8,10,0,0,0,0,1,3,0,0,1,0,0,0,3,0,0,1,29,1,3,8,0,0,0,0.44999998807907104
1d8308p,0.066,0.084,0.086,0.796,0.118,0.6916,263,10.21488967967688,7,21,0,9,0,0,0,0,0,0,0,0,0,0,1,4,1,0,2,0,0,2,1,22,1,9,14,2,0,0,0,2,0,0,0,0,0,0,2,2,0,0,2,28,3,0,6,1,0,277,0.6800000071525574
1d830xz,0.034,0.323,0.075,0.848,0.077,0.2617,44,14.554592549557764,0,5,0,1,0,0,0,0,0,0,0,0,0,0,1,2,0,0,0,0,0,0,1,0,0,3,1,0,0,0,0,0,0,0,0,0,0,0,0,1,0,0,3,10,1,0,0,1,0,1,1.0
1d83jsp,0.033,0.098,0.082,0.74,0.177,0.9679,181,9.994966539143718,2,7,0,8,0,0,0,0,0,0,0,0,0,0,1,4,0,0,0,0,0,0,7,5,14,2,2,1,0,0,1,0,0,0,0,1,0,0,0,1,0,0,3,24,1,3,4,0,1,124,0.75
1d83ryk,0.038,0.631,0.115,0.755,0.129,0.6231,535,13.145279522264076,5,34,1,13,0,2,0,0,0,0,0,0,0,0,3,3,0,0,1,0,0,1,22,3,13,8,20,0,0,2,0,0,0,0,0,0,0,0,1,1,0,0,21,38,5,2,6,1,2,0,0.1899999976158142
1d84570,0.05,0.022,0.0,0.557,0.443,0.4898,5,3.1291,0,1,0,0,0,0,0,0,0,0,0,0,0,0,0,0,0,0,0,0,0,0,0,0,0,1,0,0,0,0,0,0,0,0,0,0,0,0,0,1,0,0,0,1,0,0,0,0,0,1,1.0
1d84j0y,0.023,0.427,0.0,1.0,0.0,0.0,15,14.554592549557764,0,0,0,0,0,0,0,0,0,0,0,0,0,0,0,0,0,0,0,0,0,0,0,0,0,0,0,0,0,0,0,0,0,0,0,0,0,0,0,0,0,0,1,1,0,0,0,0,0,1,1.0
1d84kzz,0.027,0.32,0.0,0.943,0.057,0.6943,79,15.903189008614273,1,0,0,0,0,0,0,0,0,0,0,0,0,0,0,1,0,0,0,0,0,0,0,0,0,1,2,0,0,0,0,0,0,0,0,0,0,0,0,0,0,0,4,9,1,0,0,0,0,0,0.5
1d84yys,0.018,0.28,0.105,0.714,0.18,0.296,24,15.903189008614273,0,0,0,0,0,0,0,0,0,0,0,0,0,0,0,0,0,0,0,0,1,0,2,0,0,1,1,0,0,0,1,0,0,0,0,0,0,0,0,0,0,0,0,5,1,0,0,0,0,1,0.9900000095367432
1d8511u,0.034,0.557,0.076,0.793,0.131,0.9636,297,10.864195022040775,0,21,0,8,0,0,0,0,0,0,0,0,0,0,0,4,0,0,0,0,0,0,12,20,10,12,10,0,0,0,2,0,1,0,0,0,0,0,2,2,0,0,6,20,3,2,3,4,1,1768,0.8299999833106995
1d85gn7,0.369,0.335,0.171,0.829,0.0,-0.5106,17,3.1291,0,1,0,1,0,0,0,0,0,0,0,0,0,0,0,0,0,0,0,0,0,0,0,0,1,0,1,0,0,0,0,0,0,0,0,0,0,0,0,0,0,0,2,3,0,0,0,0,0,1,1.0
1d85m8q,0.783,0.553,0.109,0.796,0.095,-0.265,125,8.617729084823388,2,8,0,4,0,0,1,0,0,0,0,0,0,0,0,1,0,0,0,0,0,1,0,3,3,5,5,0,0,0,0,0,0,0,0,0,0,0,1,1,0,0,2,16,1,1,2,0,0,0,0.03999999910593033
1d85s2w,0.11,0.186,0.195,0.694,0.111,-0.9105,139,10.290406445055957,2,4,0,5,0,0,0,0,0,0,0,0,0,0,0,0,0,0,0,0,0,1,5,2,5,7,8,0,0,0,0,0,0,0,0,0,0,0,2,1,0,0,3,21,4,0,1,0,0,0,0.4399999976158142
1d85shx,0.051,0.031,0.068,0.817,0.116,0.8983,221,13.81666964889586,0,17,0,2,0,0,0,0,0,0,0,0,0,0,0,1,0,0,0,0,0,4,1,0,6,13,4,0,0,2,0,0,0,0,0,0,0,0,2,0,0,0,14,21,3,3,1,2,1,0,0.5
1d85te0,0.051,0.049,0.018,0.939,0.042,0.8293,437,12.563389971838223,9,28,0,8,0,0,0,0,0,0,0,0,0,0,1,1,0,0,0,0,0,9,3,2,6,14,9,0,1,0,3,0,1,0,0,1,0,0,0,2,0,0,6,26,2,0,8,3,0,51,0.7300000190734863
1d8694a,0.027,0.034,0.031,0.912,0.057,0.7935,191,15.532846611407376,6,18,0,6,0,0,0,0,0,0,0,0,0,0,0,2,0,0,0,0,0,0,3,3,1,6,8,0,0,0,0,0,1,0,0,0,0,0,1,2,0,0,3,18,3,4,3,0,3,0,0.25999999046325684
1d86laf,0.039,0.022,0.0,0.838,0.162,0.4404,16,8.841846274778883,0,1,0,0,0,0,0,0,0,0,0,0,0,0,0,0,0,0,0,0,0,0,0,0,0,1,0,0,0,0,0,0,0,0,0,0,0,0,0,0,0,0,1,1,0,0,0,0,0,1,0.6600000262260437
1d86o02,0.055,0.115,0.053,0.808,0.139,0.9179,122,12.031772070788634,3,6,0,1,0,0,0,0,0,0,0,0,0,0,0,1,0,0,0,0,0,0,5,1,2,7,4,0,0,0,0,0,0,0,0,0,0,0,0,0,0,0,0,16,1,2,1,0,0,58,0.6600000262260437
1d86t6i,0.056,0.06,0.072,0.831,0.097,0.7974,224,14.005844860021309,0,18,0,2,0,0,0,0,0,0,0,0,0,0,0,1,0,0,0,0,0,4,1,0,6,11,4,0,0,2,0,0,0,0,0,0,0,0,2,0,0,0,14,21,3,3,1,2,0,0,0.28999999165534973
1d86tzo,0.03,0.093,0.055,0.85,0.095,0.9676,628,14.012788202483975,14,41,0,11,0,0,0,0,0,0,0,0,0,0,4,4,0,0,0,0,0,1,15,2,10,22,21,1,1,0,3,0,1,0,0,0,0,0,0,1,0,0,29,33,2,9,10,4,1,0,0.5
1d870rz,0.064,0.088,0.066,0.795,0.139,0.9882,558,14.981290276393054,4,24,0,3,0,0,0,0,0,0,0,0,0,1,2,4,0,0,1,0,0,2,2,23,8,24,8,0,0,0,1,0,0,0,0,1,0,0,7,2,0,0,8,30,4,1,4,2,0,0,0.4099999964237213
1d87csm,0.035,0.394,0.159,0.774,0.067,-0.9919,363,14.811377253095038,4,21,0,6,0,0,0,0,0,0,0,0,0,0,2,4,0,0,0,0,0,0,8,10,7,7,22,0,1,1,2,0,0,0,0,0,0,0,1,2,0,0,7,31,3,5,6,2,0,157,0.8700000047683716
1d87cww,0.028,0.16,0.07,0.872,0.057,-0.8844,521,16.12665940891348,7,34,0,11,0,0,0,0,0,0,0,0,0,0,1,5,0,0,0,0,0,0,29,1,3,15,12,0,0,1,0,0,0,0,0,3,0,0,0,2,0,0,35,28,5,7,6,3,0,135,0.6899999976158142
1d87tfn,0.119,0.071,0.0,1.0,0.0,0.0,8,8.841846274778883,0,1,0,0,0,0,0,0,0,0,0,0,0,0,0,0,0,0,0,0,0,0,0,0,0,0,0,0,0,0,0,0,0,0,0,0,0,0,0,0,0,0,1,1,0,0,0,0,0,1,1.0
1d87ucq,0.064,0.356,0.326,0.674,0.0,-0.7003,14,8.841846274778883,0,1,0,0,0,0,0,0,0,0,0,0,0,0,0,0,0,0,0,0,0,0,0,0,0,0,2,0,0,0,0,0,0,0,0,0,0,0,0,0,0,0,0,1,0,0,0,0,0,1,1.0
1d883f3,0.088,0.191,0.096,0.772,0.132,0.8467,368,11.20814326018867,6,29,0,9,0,1,0,0,0,0,0,0,0,0,7,1,0,0,0,0,0,2,11,1,8,21,13,0,1,2,4,0,0,0,0,0,0,0,0,3,0,0,3,30,3,5,4,5,0,15,0.6000000238418579
1d88nf9,0.045,0.427,0.26,0.657,0.083,-0.9968,254,11.645159339076184,1,20,0,6,0,2,1,0,0,0,0,0,0,0,1,3,0,0,0,0,0,0,12,6,8,5,15,0,0,0,3,0,0,0,0,0,0,0,2,3,0,0,4,23,5,1,2,3,0,14,0.6200000047683716
1d88ptw,0.939,0.448,0.127,0.818,0.055,-0.8586,130,11.20814326018867,1,5,0,2,0,4,0,0,0,0,0,0,0,0,0,0,0,0,0,0,0,1,0,0,9,2,3,0,0,0,0,0,0,0,0,0,0,0,0,1,0,0,3,11,0,0,4,0,0,0,0.20000000298023224
1d897va,0.073,0.112,0.125,0.815,0.06,-0.9185,209,13.747043046817236,5,12,0,5,0,0,0,0,0,0,0,0,0,0,2,2,0,0,0,0,0,0,1,0,4,2,21,0,0,0,0,0,0,0,0,0,0,0,0,0,0,0,3,18,2,2,5,1,0,0,0.1899999976158142
1d8a1tt,0.052,0.087,0.069,0.878,0.053,-0.6945,229,12.24349002098031,3,15,0,7,0,1,0,0,0,0,0,0,0,0,2,1,0,0,0,0,0,2,13,7,5,7,8,0,1,0,4,0,1,0,0,1,0,0,0,0,0,0,8,27,3,1,6,0,2,0,0.3799999952316284
1d8a5pi,0.029,0.255,0.14,0.606,0.254,0.4588,19,3.1291,0,2,0,1,0,0,0,0,0,0,0,0,0,0,0,0,0,0,0,0,0,0,1,0,0,2,1,0,0,0,0,0,0,0,0,0,0,0,0,0,0,0,0,3,1,0,0,0,0,1,1.0
1d8aqx6,0.026,0.098,0.371,0.629,0.0,-0.6486,11,8.841846274778883,0,2,0,1,0,0,0,0,0,0,0,0,0,0,0,0,0,0,0,0,0,0,0,0,0,0,1,0,0,0,0,0,0,0,0,0,0,0,0,0,0,0,0,3,0,0,0,0,0,1,1.0
1d8b0qh,0.037,0.175,0.16,0.798,0.043,-0.9871,272,11.101131339891392,4,13,2,9,0,2,0,0,0,0,0,0,0,0,1,2,0,0,2,1,0,1,3,9,9,4,6,0,0,0,0,0,0,0,0,0,0,0,1,3,0,0,12,20,2,2,9,0,0,253,0.8399999737739563
1d8b0s8,0.037,0.175,0.16,0.798,0.043,-0.9871,272,11.101131339891392,4,13,2,9,0,2,0,0,0,0,0,0,0,0,1,2,0,0,2,1,0,1,3,9,9,4,6,0,0,0,0,0,0,0,0,0,0,0,1,3,0,0,12,20,2,2,9,0,0,1,1.0
1d8bbbe,0.038,0.397,0.038,0.907,0.055,0.4215,213,15.078166124597352,0,10,1,1,0,0,0,0,0,0,0,0,0,0,1,3,0,0,0,0,0,1,0,0,1,9,8,0,0,0,0,0,1,0,0,0,0,0,0,1,0,0,14,17,2,1,0,0,1,4,0.6100000143051147
1d8bo49,0.05,0.178,0.152,0.775,0.072,-0.9758,261,14.043286433261986,6,8,0,6,0,0,0,0,0,0,0,0,0,0,3,1,0,0,0,0,0,2,1,2,0,10,20,0,2,0,0,0,0,0,0,3,0,0,1,0,0,0,15,18,3,1,5,0,0,59,0.7200000286102295
1d8cvhm,0.079,0.113,0.052,0.917,0.031,-0.6393,230,14.683698258229963,1,22,0,8,0,0,0,0,0,0,0,0,0,0,4,1,0,0,0,0,0,0,0,0,3,10,3,0,0,0,0,0,1,0,0,1,0,0,1,2,0,0,5,23,5,2,2,1,0,645,0.8700000047683716
1d8d1d8,0.014,0.66,0.451,0.549,0.0,-0.8934,16,8.841846274778883,0,0,0,0,0,0,0,0,0,0,0,0,0,0,0,0,0,0,0,0,0,0,0,0,0,1,3,0,0,0,0,0,0,0,0,0,0,0,0,0,0,0,1,0,0,0,0,0,0,1,1.0
1d8d4yo,0.025,0.536,0.118,0.764,0.118,-0.0102,120,24.50423929779172,1,6,0,2,0,0,0,0,0,0,0,0,0,0,0,2,0,0,1,0,0,0,9,1,5,5,7,0,1,0,1,0,0,0,0,0,0,0,1,1,0,0,4,20,1,0,1,3,0,0,0.27000001072883606
1d8ddps,0.072,0.148,0.0,1.0,0.0,0.0,3,8.841846274778883,0,0,0,0,0,0,0,0,0,0,0,0,0,0,0,0,0,0,0,0,0,0,0,0,0,0,0,0,0,0,0,0,0,0,0,0,0,0,0,0,0,0,1,0,0,0,0,0,0,1,1.0
1d8dhjo,0.04,0.161,0.243,0.689,0.068,-0.9934,240,12.161744961471694,2,7,0,7,0,0,0,0,0,0,0,0,0,0,0,2,0,0,0,0,0,3,19,0,1,5,23,0,0,0,0,0,0,0,0,0,0,0,0,2,0,0,4,17,2,0,4,1,1,0,0.15000000596046448
1d8dm97,0.161,0.216,0.0,1.0,0.0,0.0,8,8.841846274778883,0,0,0,0,0,0,0,0,0,0,0,0,0,0,0,0,0,0,0,0,0,0,0,0,1,0,0,0,0,0,0,0,0,0,0,0,0,0,0,0,0,0,0,1,0,0,0,0,0,1,1.0
1d8dwro,0.043,0.076,0.046,0.859,0.094,0.7026,193,9.236282656511921,2,10,0,5,0,0,0,0,0,0,0,0,0,0,1,1,0,0,4,0,0,0,4,12,9,9,7,0,1,0,0,1,0,0,0,3,0,0,2,1,0,0,5,16,3,1,9,0,1,0,0.25
1d8ed8e,0.033,0.305,0.04,0.838,0.122,0.9766,244,13.6886701853816,4,9,0,6,0,0,0,0,0,0,0,0,0,0,1,2,0,0,0,0,0,7,1,0,7,13,7,0,0,0,0,0,0,0,0,0,0,0,0,1,0,0,10,16,2,2,4,0,0,0,0.28999999165534973
1d8ejxl,0.111,0.157,0.166,0.791,0.043,-0.9862,202,16.728156217252725,0,14,0,1,0,0,0,0,0,0,0,0,0,0,0,1,0,0,0,0,0,0,4,0,2,2,14,1,0,0,2,0,0,0,0,0,0,0,0,0,0,0,9,13,1,1,6,2,0,0,0.4399999976158142
1d8ekqu,0.09,0.255,0.08,0.828,0.091,-0.0375,243,15.112257680678326,2,14,1,1,0,0,0,0,0,0,0,0,0,0,0,2,0,0,0,0,0,11,2,0,0,13,13,0,0,0,1,0,0,0,0,0,0,0,0,0,0,0,11,25,3,1,4,1,0,0,0.4399999976158142
1d8enro,0.063,0.064,0.093,0.75,0.157,0.9527,179,10.125756701596842,4,11,0,4,0,2,0,0,0,0,0,0,0,0,0,3,0,0,0,0,0,5,11,0,2,6,8,0,0,0,1,0,0,0,0,2,0,0,1,0,0,0,6,17,4,0,6,2,2,30,0.7400000095367432
1d8es19,0.03,0.519,0.0,0.586,0.414,0.6858,10,3.1291,0,1,0,1,0,0,0,0,0,0,0,0,0,0,0,0,0,0,0,0,0,0,0,0,0,1,0,0,0,0,0,0,0,0,0,0,0,0,0,0,0,0,0,0,0,0,0,0,0,1,1.0
1d8f04s,0.059,0.071,0.119,0.761,0.12,0.3367,210,11.911945987284739,1,14,0,2,0,0,0,0,0,0,0,0,0,0,2,0,0,0,0,0,0,1,0,0,10,14,10,0,0,0,0,0,0,0,0,0,0,0,1,0,0,0,10,20,1,2,11,0,0,0,0.4099999964237213
1d8f6ec,0.02,0.044,0.311,0.53,0.159,-0.3804,12,11.20814326018867,0,0,0,0,0,0,0,0,0,0,0,0,0,0,0,0,0,0,0,0,0,0,0,0,0,1,1,0,0,0,0,0,0,0,0,0,0,0,0,0,0,0,1,2,0,0,0,0,0,1,1.0
1d8g7my,0.039,0.034,0.017,0.856,0.126,0.993,377,11.552084857699999,2,21,0,3,0,0,0,0,0,0,0,0,0,0,0,2,0,0,0,0,1,5,7,4,5,10,11,0,0,1,1,0,6,0,0,0,0,0,1,0,0,0,33,29,4,2,4,2,0,0,0.46000000834465027
1d8hmnt,0.143,0.071,0.098,0.83,0.072,-0.9585,701,15.066780637376759,8,21,0,8,0,0,0,0,0,0,0,0,0,0,2,5,0,0,0,0,0,1,3,0,6,18,29,0,0,0,2,0,0,0,0,0,0,0,0,1,0,0,47,30,3,12,16,1,0,23,0.5899999737739563
1d8hodg,0.059,0.024,0.112,0.773,0.116,0.289,262,9.414487439383343,7,20,0,8,0,0,1,1,0,0,0,0,0,0,0,1,0,0,0,0,0,0,0,10,5,9,14,0,0,0,0,3,1,0,0,0,0,0,1,0,0,0,4,20,3,1,13,0,1,0,0.2800000011920929
1d8i2tl,0.062,0.498,0.131,0.741,0.127,-0.6323,241,14.02287970970757,3,10,1,4,1,0,0,0,0,0,0,0,0,0,1,2,0,0,0,0,0,0,2,1,8,11,8,0,0,0,0,0,1,0,0,1,0,0,0,1,0,0,3,19,2,0,1,0,0,0,0.38999998569488525
1d8ibf2,0.079,0.047,0.0,0.631,0.369,0.4449,6,11.20814326018867,1,0,0,1,0,0,0,0,0,0,0,0,0,0,0,0,0,0,0,0,0,0,0,0,0,1,0,0,0,0,0,0,0,0,0,0,0,0,0,0,0,0,0,0,0,0,1,0,0,1,1.0
1d8igqr,0.048,0.444,0.474,0.526,0.0,-0.802,10,8.841846274778883,0,2,0,0,0,0,0,0,0,0,0,0,0,0,0,0,0,0,0,0,0,0,0,0,0,0,2,0,0,0,0,0,0,0,0,0,0,0,0,0,0,0,0,1,0,0,0,0,0,1,0.9900000095367432
1d8k0a5,0.033,0.169,0.308,0.662,0.029,-1.0,1495,15.925580067005267,7,60,0,3,0,1,1,0,0,0,0,0,0,0,5,10,0,0,1,0,0,0,2,2,35,19,167,0,0,0,1,0,0,0,0,1,0,0,0,0,0,0,182,33,2,10,3,2,4,1,0.5199999809265137
1d8mad2,0.047,0.114,0.278,0.556,0.167,-0.34,9,11.20814326018867,0,0,0,0,0,0,0,0,0,0,0,0,0,1,0,0,0,0,0,0,0,0,0,1,0,0,1,0,0,0,0,0,0,0,0,0,0,0,0,0,0,0,0,2,0,0,0,0,0,1,0.9900000095367432
1d8mlhl,0.029,0.017,0.0,1.0,0.0,0.0,19,17.122413403193683,0,1,0,0,0,0,0,0,0,0,0,0,0,0,0,0,0,0,0,0,0,0,0,0,0,0,0,0,0,0,0,0,0,0,0,0,0,0,0,0,0,0,1,2,0,0,0,0,0,1,1.0
1d8n7br,0.056,0.32,0.0,0.833,0.167,0.3412,13,3.1291,0,0,0,1,0,0,0,0,0,0,0,0,0,0,0,0,0,0,0,0,0,0,0,2,0,0,0,0,0,0,0,0,0,0,0,0,0,0,0,0,0,0,0,3,0,0,1,0,0,1,1.0
1d8nimi,0.015,0.027,0.0,0.873,0.127,0.1531,12,13.023866798666859,0,0,0,0,0,0,0,0,0,0,0,0,0,0,0,0,0,0,0,0,0,0,0,0,0,0,0,0,0,0,0,0,0,0,0,0,0,0,0,0,0,0,0,1,0,0,1,0,0,1,1.0
1d8nooo,0.024,0.106,0.11,0.805,0.085,-0.7999,142,13.5591,2,14,0,3,0,0,0,0,0,0,0,0,0,0,2,1,0,0,0,0,0,5,6,0,2,5,4,0,1,0,1,0,0,0,0,0,0,0,0,2,0,0,0,16,1,1,6,2,1,0,0.4300000071525574
1d8npaa,0.036,0.401,0.09,0.834,0.076,-0.5702,318,8.395991825355823,2,17,1,9,0,0,0,0,0,0,0,0,1,0,3,6,0,0,2,0,0,0,8,10,5,7,13,0,0,0,1,0,0,0,0,0,0,0,0,1,0,0,13,28,3,3,7,2,1,0,0.23999999463558197
1d8o8we,0.06,0.543,0.237,0.763,0.0,-0.4215,10,11.20814326018867,0,0,0,0,0,0,0,0,0,0,0,0,0,0,0,0,0,0,0,0,0,0,0,0,0,0,2,0,0,0,0,0,0,0,0,0,0,0,0,0,0,0,0,1,0,0,0,0,0,1,1.0
1d8oatk,0.293,0.203,0.0,1.0,0.0,0.0,6,14.554592549557764,0,0,0,0,0,0,0,0,0,0,0,0,0,0,0,0,0,0,0,0,0,0,0,0,0,0,1,0,0,0,0,0,0,0,0,0,0,0,0,0,0,0,0,1,0,0,0,0,0,1,1.0
1d8of3h,0.065,0.231,0.288,0.712,0.0,-0.5334,13,11.20814326018867,1,0,0,1,0,0,0,0,0,0,0,0,0,0,1,0,0,0,0,0,0,0,0,2,0,0,0,0,0,0,0,0,0,0,0,0,0,0,0,1,0,0,0,3,0,0,1,0,0,1,1.0
1d8on9b,0.073,0.201,0.17,0.782,0.048,-0.9636,134,11.855464076750408,1,7,0,6,0,0,0,0,0,0,0,0,0,0,1,0,0,0,0,0,0,2,0,0,1,0,4,0,0,0,0,0,0,0,0,1,0,0,0,0,0,0,21,16,3,0,0,0,1,0,0.20000000298023224
1d8ovtc,0.048,0.202,0.069,0.83,0.101,0.2321,26,8.841846274778883,2,0,0,3,0,0,0,0,0,0,0,0,0,0,0,0,0,0,0,0,0,0,0,0,0,0,1,0,0,0,0,0,0,0,0,0,0,0,0,0,0,0,0,4,1,0,2,0,0,1,1.0
1d8oyt8,0.032,0.106,0.153,0.674,0.172,-0.121,414,13.518907172268552,7,25,14,10,0,0,0,0,0,0,0,0,0,0,1,1,0,0,0,0,0,1,1,0,7,33,28,0,0,0,0,3,1,0,0,0,0,0,0,0,0,0,2,27,1,7,7,0,1,0,0.38999998569488525
1d8p3y3,0.06,0.543,0.237,0.763,0.0,-0.4215,10,11.20814326018867,0,0,0,0,0,0,0,0,0,0,0,0,0,0,0,0,0,0,0,0,0,0,0,0,0,0,2,0,0,0,0,0,0,0,0,0,0,0,0,0,0,0,0,1,0,0,0,0,0,1,1.0
1d8p4b2,0.065,0.231,0.288,0.712,0.0,-0.5334,13,11.20814326018867,1,0,0,1,0,0,0,0,0,0,0,0,0,0,1,0,0,0,0,0,0,0,0,2,0,0,0,0,0,0,0,0,0,0,0,0,0,0,0,1,0,0,0,3,0,0,1,0,0,1,1.0
1d8pa87,0.054,0.062,0.01,0.857,0.133,0.9912,293,12.650343791298138,6,16,0,4,0,0,0,0,0,0,0,0,0,0,2,2,0,0,0,0,0,4,3,2,8,12,0,0,0,1,0,1,0,0,0,1,0,0,0,1,0,0,11,20,5,3,7,3,0,60,0.699999988079071
1d8pt0p,0.017,0.638,0.427,0.506,0.067,-0.7506,13,11.20814326018867,0,0,1,0,0,0,0,0,0,0,0,0,0,0,0,0,0,0,0,0,0,0,1,2,0,0,3,0,0,0,0,0,0,0,0,0,0,1,0,0,0,0,0,4,0,0,0,0,0,1,1.0
1d8r2pd,0.044,0.106,0.078,0.832,0.09,0.2469,223,16.03029750255766,1,17,0,1,0,0,0,0,0,0,0,0,0,0,0,0,0,0,0,0,0,1,2,0,6,4,6,1,0,1,1,0,0,0,0,0,0,0,1,0,0,0,23,22,1,2,4,2,1,0,0.3400000035762787
1d8ruf5,0.197,0.304,0.15,0.713,0.137,-0.5859,107,12.161744961471694,1,7,0,2,0,0,0,0,0,0,0,0,0,0,0,0,0,0,0,0,0,0,1,0,0,4,6,0,1,0,0,0,0,0,0,0,0,0,0,1,0,0,4,7,1,0,6,0,1,0,0.27000001072883606
1d8rx63,0.028,0.021,0.0,1.0,0.0,0.0,28,14.554592549557764,2,0,0,1,0,0,0,0,0,0,0,0,0,0,1,0,0,0,0,0,0,0,0,0,0,1,0,0,0,0,0,0,0,0,0,0,0,0,0,0,0,0,1,5,1,0,1,0,0,0,0.5
1d8scx0,0.02,0.014,0.044,0.859,0.098,0.8885,231,17.693802365651003,3,9,0,1,0,0,0,0,0,0,0,0,0,0,0,2,0,0,0,0,0,0,0,0,3,16,7,0,0,0,0,0,0,0,0,0,0,0,0,1,0,0,7,25,2,3,7,0,0,0,0.25
1d8sh10,0.025,0.02,0.0,1.0,0.0,0.0,13,13.023866798666859,0,0,0,0,0,0,0,0,0,0,0,0,0,0,0,0,0,0,0,0,0,0,0,0,0,1,1,0,0,0,0,0,0,0,0,0,0,0,0,0,0,0,2,2,0,0,0,0,0,1,1.0
1d8slo1,0.035,0.024,0.0,1.0,0.0,0.0,3,3.1291,0,1,0,0,0,0,0,0,0,0,0,0,0,0,0,0,0,0,0,0,0,0,0,0,0,0,0,0,0,0,0,0,0,0,0,0,0,0,0,0,0,0,0,0,0,0,0,0,0,1,0.6600000262260437
1d8swrk,0.103,0.114,0.061,0.753,0.186,0.995,381,13.023866798666859,10,20,0,12,0,1,0,0,0,0,0,0,0,0,6,4,0,0,2,0,0,0,2,11,15,11,19,0,0,0,0,0,0,0,0,0,0,0,1,2,0,0,8,22,2,2,8,3,0,0,0.23000000417232513
1d8tlpm,0.046,0.148,0.044,0.711,0.245,0.986,114,14.554592549557764,1,9,0,7,0,0,0,0,0,0,0,0,0,0,1,3,0,0,0,0,0,4,0,2,0,7,2,1,0,0,0,0,0,0,0,0,0,0,0,1,0,0,1,13,0,3,6,0,0,1,1.0
1d8tqak,0.526,0.109,0.034,0.908,0.058,0.4812,122,11.979248473330827,1,6,0,3,0,0,0,0,0,0,0,0,0,0,0,0,0,0,0,0,0,1,2,1,2,4,3,0,0,0,1,0,0,0,0,0,0,0,0,0,0,0,5,11,1,1,2,0,2,0,0.41999998688697815
1d8u225,0.218,0.248,0.064,0.811,0.124,0.9879,462,10.355215969177355,2,22,3,18,0,3,0,0,0,0,0,0,1,0,3,4,0,0,0,0,0,1,30,6,7,16,12,1,1,0,4,0,2,0,0,1,0,0,3,7,0,0,11,27,3,2,11,7,1,1,0.6600000262260437
1d8ughx,0.059,0.103,0.113,0.784,0.102,-0.509,180,10.25414643259724,0,13,1,10,0,1,0,0,0,0,0,0,0,0,0,1,1,0,0,0,0,1,4,6,6,5,8,0,0,1,0,0,0,0,0,0,0,0,0,1,0,0,1,20,1,1,7,2,0,0,0.4099999964237213
1d8utdi,0.02,0.014,0.018,0.899,0.082,0.9083,227,16.45884130781739,8,11,0,2,0,0,0,0,0,0,0,0,0,0,1,1,0,0,0,0,0,0,0,0,3,11,0,0,0,0,0,0,0,0,0,0,0,0,0,0,0,0,3,24,2,0,5,0,1,0,0.5
1d8uubu,0.105,0.175,0.075,0.827,0.098,0.927,567,12.67411722104261,5,42,0,18,0,0,0,0,0,0,0,0,0,0,7,9,0,0,0,0,0,1,11,2,9,17,18,0,2,0,3,0,1,0,0,0,0,0,1,6,0,0,18,29,5,3,7,4,1,0,0.4099999964237213
1d8uva4,0.086,0.285,0.074,0.709,0.216,0.6124,23,11.20814326018867,0,0,0,0,0,0,0,0,0,0,0,0,0,0,0,0,0,0,0,0,0,0,0,0,2,1,1,0,0,0,0,0,0,0,0,0,0,0,0,0,0,0,3,2,0,0,0,0,0,1,1.0
1d8v1cj,0.044,0.22,0.072,0.783,0.145,0.9826,300,11.30375656770974,3,13,1,6,0,1,0,0,0,0,0,0,0,0,0,2,0,0,0,0,0,2,4,0,12,20,14,0,0,0,2,0,0,0,0,2,0,0,0,1,0,0,35,21,4,4,3,2,0,0,0.5
1d8vcvr,0.021,0.017,0.029,0.887,0.084,0.8228,145,13.81666964889586,3,7,0,2,0,0,0,0,0,0,0,0,0,0,2,0,0,0,0,0,0,0,0,1,2,6,2,0,0,0,0,0,1,0,0,0,0,0,0,0,0,0,7,13,1,1,1,0,1,0,0.3100000023841858
1d8vr7d,0.028,0.046,0.048,0.882,0.069,0.9601,722,13.74371610233738,8,46,6,12,0,0,0,0,0,0,0,0,0,0,0,7,0,0,0,0,0,16,5,0,7,22,16,0,2,5,0,0,0,0,0,0,0,0,0,1,0,0,21,38,2,12,11,1,5,903,0.8600000143051147
1d8w8b6,0.028,0.066,0.043,0.861,0.096,0.9647,364,15.180151468647871,4,17,0,1,0,0,0,0,0,0,0,0,0,0,1,1,0,0,0,1,0,5,7,3,5,10,9,0,0,2,4,2,0,0,0,2,0,0,1,3,0,0,15,27,3,4,11,3,0,0,0.12999999523162842
1d8wc13,0.02,0.071,0.0,1.0,0.0,0.0,8,3.1291,0,0,0,0,0,0,0,0,0,0,0,0,0,0,0,0,0,0,0,0,0,0,0,0,0,2,1,1,0,0,0,0,0,0,0,0,0,0,0,0,0,0,1,1,1,0,0,0,0,1,1.0
1d8wea9,0.047,0.049,0.184,0.816,0.0,-0.2584,10,8.841846274778883,1,0,0,1,0,0,0,0,0,0,0,0,0,0,0,0,0,0,0,0,0,0,0,0,0,0,1,0,0,0,0,0,0,0,0,0,0,0,0,0,0,0,1,0,0,0,1,0,0,1,1.0
1d8wiar,0.024,0.195,0.118,0.757,0.125,0.2095,232,13.506818969022046,8,18,0,6,0,0,0,0,0,0,0,0,0,0,2,0,0,0,0,0,0,1,7,0,0,8,8,0,0,0,1,0,1,0,0,1,0,0,2,2,0,0,3,21,2,2,8,0,0,0,0.12999999523162842
1d8xdf4,0.034,0.027,0.0,1.0,0.0,0.0,3,3.1291,0,0,0,0,0,0,0,0,0,0,0,0,0,0,0,0,0,0,0,0,0,0,0,0,0,0,0,0,0,0,0,0,0,0,0,0,0,0,0,0,0,0,1,0,0,0,0,0,0,0,0.5
1d8xqfl,0.106,0.427,0.203,0.746,0.051,-0.952,111,10.125756701596842,4,11,0,0,0,0,0,0,0,0,0,0,0,0,0,0,0,0,0,0,0,2,3,2,4,1,9,0,0,2,0,1,1,0,0,0,0,0,0,0,0,0,0,11,2,1,4,1,0,0,0.38999998569488525
1d8xtb8,0.027,0.025,0.0,1.0,0.0,0.0,3,3.1291,0,0,0,0,0,0,0,0,0,0,0,0,0,0,0,0,0,0,0,0,0,0,0,0,0,0,1,0,0,0,0,0,0,0,0,0,0,0,0,0,0,0,0,1,0,0,0,0,0,1,1.0
1d8y6g4,0.055,0.039,0.185,0.649,0.166,-0.8297,306,12.602617957971052,6,25,0,9,0,0,0,0,0,0,0,0,0,0,3,7,0,0,0,0,0,5,11,1,3,10,24,0,0,0,2,0,0,0,0,0,0,0,2,2,0,0,5,21,7,0,7,3,0,97,0.7400000095367432
1d8yfk4,0.039,0.113,0.048,0.858,0.094,0.9633,614,15.00282015840023,13,31,0,10,0,2,0,0,0,0,0,0,0,0,3,4,0,0,0,0,0,1,8,0,22,21,8,0,1,0,0,0,1,0,0,0,1,0,0,2,0,0,62,35,5,6,8,1,0,1,1.0
1d8yhmk,0.038,0.123,0.048,0.858,0.094,0.9633,614,15.00282015840023,13,31,0,10,0,2,0,0,0,0,0,0,0,0,3,4,0,0,0,0,0,1,8,0,22,21,8,0,1,0,0,0,1,0,0,0,1,0,0,2,0,0,61,34,5,6,8,1,0,3,0.5600000023841858
1d8ys0n,0.046,0.437,0.13,0.786,0.084,-0.9666,324,15.786528217884907,0,31,1,4,0,2,0,0,0,0,0,0,0,0,2,6,0,0,1,0,0,0,4,5,10,9,19,0,0,0,1,1,0,0,0,0,0,0,3,2,0,0,11,28,3,6,4,1,1,365,0.6899999976158142
1d8zybg,0.047,0.153,0.0,1.0,0.0,0.0,18,14.554592549557764,1,2,0,0,0,0,0,0,0,0,0,0,0,0,0,0,0,0,0,0,0,0,0,0,0,1,0,0,0,0,0,0,0,0,0,0,0,0,0,0,0,0,1,3,0,0,2,0,0,1,1.0
1d905ax,0.058,0.139,0.072,0.836,0.092,0.6887,120,9.516144504307135,2,7,0,2,0,0,0,0,0,0,0,0,0,0,0,1,0,0,0,0,0,0,1,0,2,1,4,0,0,0,0,0,0,0,0,0,0,0,0,1,0,0,13,13,2,0,4,0,0,0,0.20000000298023224
1d90fqp,0.036,0.603,0.135,0.752,0.113,-0.7079,187,10.74609503303851,3,12,2,3,0,0,0,0,0,0,0,0,0,0,1,1,0,0,0,0,0,2,6,0,6,11,10,0,0,0,1,1,0,0,0,1,0,0,2,0,0,0,12,18,5,0,2,1,0,0,0.4000000059604645
1d90fx9,0.169,0.181,0.192,0.75,0.058,-0.9979,443,13.445107506277086,2,28,0,9,0,0,0,0,0,0,0,0,0,0,1,5,0,0,0,0,0,0,12,1,6,12,17,0,0,0,1,2,1,0,0,1,0,0,1,3,0,0,46,25,5,2,3,1,2,442,0.6600000262260437
1d921z4,0.07,0.458,0.138,0.769,0.093,-0.9889,620,10.210567758152692,2,19,6,14,0,7,0,0,0,0,0,0,0,0,1,7,0,2,0,1,0,2,59,2,9,18,25,0,0,0,3,1,0,0,0,1,0,0,2,6,0,0,50,28,4,1,13,3,2,0,0.20999999344348907
1d92beo,0.036,0.059,0.066,0.825,0.109,0.9385,491,16.38088893583806,7,24,0,8,0,0,0,0,0,0,0,0,0,0,2,3,0,0,0,0,0,1,13,4,6,25,24,0,1,0,0,0,1,0,0,0,0,0,2,4,0,0,20,42,4,3,4,1,0,153,0.7799999713897705
1d92drd,0.091,0.055,0.074,0.882,0.044,-0.7889,347,14.191785591663535,2,25,0,7,0,0,0,0,0,0,0,0,0,0,1,2,0,0,0,0,0,4,8,0,2,9,21,1,2,0,3,1,1,0,0,1,0,0,1,1,0,0,8,25,3,3,3,1,1,0,0.20000000298023224
1d931pa,0.023,0.1,0.066,0.795,0.139,0.996,738,11.602472056035307,6,55,0,15,0,0,0,0,0,0,0,0,0,0,1,4,0,0,0,0,0,7,12,1,43,25,17,1,1,2,0,0,0,0,0,0,1,0,3,9,0,0,40,29,4,2,5,1,0,0,0.18000000715255737
1d93ink,0.039,0.046,0.0,1.0,0.0,0.0,2,8.841846274778883,0,0,0,0,0,0,0,0,0,0,0,0,0,0,0,0,0,0,0,0,0,0,0,0,0,0,1,0,0,0,0,0,0,0,0,0,0,0,0,0,0,0,1,0,0,0,0,0,0,1,1.0
1d95278,0.053,0.059,0.202,0.729,0.069,-0.9583,112,8.167268648758528,2,5,0,5,0,0,0,0,0,0,0,0,0,0,2,1,0,0,0,0,0,0,4,1,2,1,5,0,0,1,1,0,0,0,0,0,0,0,0,1,0,0,0,12,1,1,4,0,1,102,0.7200000286102295
1d95ky0,0.153,0.508,0.248,0.701,0.051,-0.9943,193,14.314028922438442,1,12,0,5,0,0,0,0,0,0,0,0,0,0,0,1,0,0,0,0,0,2,5,1,4,5,9,0,0,0,1,0,1,0,0,1,0,0,0,1,0,0,18,13,2,1,3,2,0,0,0.33000001311302185
1d96e9f,0.789,0.602,0.223,0.692,0.085,-0.9686,126,8.344100000000001,1,5,1,3,0,0,0,0,0,0,0,0,0,0,1,0,0,0,0,0,0,0,0,0,9,2,15,0,0,0,0,0,0,0,0,0,0,0,0,2,0,0,1,13,1,0,2,1,1,0,0.27000001072883606
1d97mez,0.044,0.15,0.092,0.788,0.12,0.6338,194,15.414825405933506,3,8,0,2,0,1,0,0,0,0,0,0,0,0,4,1,0,0,0,0,0,0,4,0,0,9,7,0,0,0,1,0,0,0,0,0,0,0,3,1,0,0,11,24,4,0,3,0,1,0,0.4300000071525574
1d98pcp,0.046,0.317,0.159,0.775,0.066,-0.9708,211,14.683698258229963,3,13,0,7,0,0,0,0,0,0,0,0,0,0,0,0,0,0,0,0,0,1,4,0,1,6,18,0,0,0,0,0,0,0,0,3,0,0,0,1,0,0,6,13,0,2,6,0,1,202,0.6600000262260437
1d98x31,0.027,0.032,0.0,0.773,0.227,0.4588,20,11.20814326018867,1,1,0,0,0,0,0,0,0,0,0,0,0,0,0,0,0,0,0,0,0,0,0,1,0,0,0,0,0,0,0,0,0,0,0,0,0,0,0,0,0,0,1,2,0,0,1,0,0,1,1.0
1d993ld,0.021,0.233,0.278,0.597,0.124,-0.9829,143,13.484332010920856,3,6,0,8,0,0,0,0,0,0,0,0,0,0,1,2,0,0,0,0,0,0,3,4,2,5,15,0,0,0,3,0,0,0,0,2,1,0,0,1,0,0,0,16,1,1,2,2,0,142,0.6000000238418579
1d99mwn,0.033,0.24,0.0,0.881,0.119,0.9674,176,16.373557378465907,3,13,0,2,0,0,0,0,0,0,0,0,0,0,0,0,0,0,0,0,0,1,3,0,1,8,0,0,1,0,1,0,0,0,0,0,0,0,0,1,0,0,6,14,1,2,3,1,1,82,0.7099999785423279
1d99q1u,0.145,0.022,0.0,0.58,0.42,0.4404,5,8.841846274778883,0,0,0,0,0,0,0,0,0,0,0,0,0,0,0,0,0,0,0,0,0,0,0,0,0,1,0,0,0,0,0,0,0,0,0,0,0,0,0,0,0,0,0,0,0,0,0,0,0,1,1.0
1d99s64,0.145,0.022,0.0,0.58,0.42,0.4404,5,8.841846274778883,0,0,0,0,0,0,0,0,0,0,0,0,0,0,0,0,0,0,0,0,0,0,0,0,0,1,0,0,0,0,0,0,0,0,0,0,0,0,0,0,0,0,0,0,0,0,0,0,0,1,1.0
1d99tma,0.058,0.112,0.277,0.511,0.212,-0.2247,9,11.20814326018867,0,0,0,0,0,0,0,0,0,0,0,0,0,0,0,0,0,0,0,0,0,0,0,0,0,1,2,0,0,0,0,0,0,0,0,0,0,0,1,0,0,0,0,2,1,0,0,0,0,1,0.6600000262260437
1d9adqi,0.016,0.052,0.224,0.635,0.14,-0.3612,22,15.903189008614273,0,0,0,0,0,0,0,0,0,0,0,0,0,0,0,0,0,0,0,0,0,0,0,0,0,1,2,0,0,0,0,0,0,0,0,0,0,0,0,0,0,0,0,3,0,0,0,0,0,1,1.0
1d9akxw,0.09,0.378,0.0,0.953,0.047,0.5187,111,12.161744961471694,0,7,0,1,0,0,0,0,0,0,0,0,0,0,0,1,0,0,0,0,0,0,0,2,4,2,0,0,0,0,0,0,0,0,0,1,0,0,0,1,0,0,5,10,0,0,0,0,0,0,0.14000000059604645
1d9apas,0.025,0.276,0.155,0.845,0.0,-0.296,13,11.20814326018867,0,1,0,1,0,0,0,0,0,0,0,0,0,0,0,0,0,0,0,0,0,0,0,0,0,0,1,0,0,0,0,0,0,0,0,0,0,0,0,0,0,0,0,2,0,0,0,0,0,1,1.0
1d9awm0,0.08,0.178,0.173,0.738,0.089,-0.9349,148,7.793537801064561,1,9,0,0,0,0,0,0,0,0,0,0,0,0,0,1,0,0,0,0,0,1,1,4,7,6,10,0,0,0,0,1,0,0,1,0,0,0,0,0,0,0,8,16,1,0,2,0,0,0,0.10999999940395355
1d9b1ro,0.037,0.255,0.113,0.817,0.07,-0.9783,455,14.874696292769784,3,22,0,4,0,0,0,0,0,0,0,0,0,0,1,4,0,0,0,0,0,1,5,1,8,11,16,0,0,0,2,0,0,0,0,0,0,0,0,1,0,0,50,29,3,1,1,0,1,179,0.6600000262260437
1d9ca1w,0.019,0.055,0.0,1.0,0.0,0.0,15,8.841846274778883,0,1,0,1,0,0,0,0,0,0,0,0,0,0,0,0,0,0,0,0,0,0,0,0,0,0,0,0,0,0,0,0,0,0,0,0,0,0,0,0,0,0,0,1,0,0,0,0,0,1,1.0
1d9creh,0.044,0.022,0.206,0.794,0.0,-0.2057,8,3.1291,0,0,0,1,0,0,0,0,0,0,0,0,0,0,0,1,0,0,0,0,0,0,0,0,0,0,0,0,0,0,0,0,0,0,0,0,0,0,0,0,0,0,0,2,0,1,0,0,0,1,1.0
1d9csec,0.037,0.022,0.0,1.0,0.0,0.0,3,8.841846274778883,0,0,0,0,0,0,0,0,0,0,0,0,0,0,0,0,0,0,0,0,0,0,0,0,0,0,0,0,0,0,0,0,0,0,0,0,0,0,0,0,0,0,1,0,0,0,0,0,0,1,0.9900000095367432
1d9d0fd,0.075,0.174,0.09,0.79,0.119,0.5574,109,12.68835289967788,1,5,1,3,0,0,0,0,0,0,0,0,0,0,0,0,0,0,0,0,0,0,2,0,5,3,6,0,0,0,0,0,0,0,0,1,0,0,0,0,0,0,0,10,1,1,3,0,1,0,0.25
1d9d1ee,0.024,0.018,0.0,1.0,0.0,0.0,3,3.1291,0,0,0,0,0,0,0,0,0,0,0,0,0,0,0,0,0,0,0,0,0,0,0,0,0,0,0,0,0,0,0,0,0,0,0,0,0,0,0,0,0,0,1,0,0,0,0,0,0,1,1.0
1d9e63o,0.11,0.078,0.114,0.831,0.055,-0.9761,372,12.885471636013051,2,21,0,2,0,1,0,0,0,0,0,0,0,0,1,2,0,0,0,0,0,1,2,0,8,7,20,0,0,0,2,0,0,0,0,0,0,0,1,1,0,0,10,20,2,11,9,3,0,0,0.3799999952316284
1d9eh33,0.027,0.181,0.115,0.722,0.164,0.9966,972,11.947809125393459,8,34,0,21,0,4,0,0,0,0,0,0,2,0,6,8,0,1,0,0,0,2,96,3,23,37,30,0,0,0,1,0,1,0,0,0,0,0,1,7,0,0,30,38,4,6,16,3,2,3,0.5600000023841858
1d9fv2p,0.333,0.282,0.058,0.842,0.1,0.8703,225,14.790194502661404,4,20,0,1,0,1,0,0,0,1,0,0,0,0,4,1,0,0,0,0,0,2,5,0,0,5,3,0,0,0,1,0,0,0,0,0,0,0,0,0,0,0,6,19,1,2,10,2,0,0,0.1899999976158142
1d9gdkf,0.103,0.377,0.34,0.66,0.0,-0.5574,8,3.1291,0,0,0,0,0,0,0,0,0,0,0,0,0,0,0,0,0,0,0,0,0,0,0,0,0,0,1,0,0,0,0,0,0,0,0,0,0,0,0,0,0,0,0,0,0,0,0,0,0,1,1.0
1d9ge05,0.018,0.025,0.0,0.784,0.216,0.296,9,3.1291,0,0,0,0,0,0,0,0,0,0,0,0,0,0,0,0,0,0,0,1,0,0,1,0,0,0,0,0,0,0,0,0,0,0,0,0,0,0,0,0,0,0,0,0,0,0,0,0,0,1,1.0
1d9gs4i,0.052,0.056,0.0,1.0,0.0,0.0,6,8.841846274778883,0,0,0,0,0,0,0,0,0,0,0,0,0,0,0,0,0,0,0,0,0,0,0,0,0,0,0,0,0,0,0,0,0,0,0,0,0,0,0,0,0,0,1,1,0,0,0,0,0,1,1.0
1d9gu6t,0.054,0.035,0.069,0.923,0.009,-0.7876,176,10.125756701596842,2,11,0,1,0,0,0,0,0,0,0,0,0,0,0,1,0,0,0,0,0,0,1,3,3,2,9,0,0,0,1,0,0,0,0,0,0,0,0,2,0,0,0,10,1,4,3,1,0,109,0.8299999833106995
1d9gyeg,0.038,0.103,0.167,0.743,0.089,-0.994,513,10.261626798366184,6,17,0,11,0,0,0,0,0,0,0,0,0,0,2,7,0,0,2,0,0,0,8,12,22,15,25,0,0,2,1,2,0,0,0,0,0,0,1,2,0,0,7,33,6,1,18,0,1,0,0.38999998569488525
1d9hcdn,0.026,0.053,0.158,0.842,0.0,-0.5216,19,3.1291,0,2,0,1,0,0,0,0,0,0,0,0,0,0,0,0,0,0,1,0,0,0,0,2,0,2,1,0,0,0,0,0,0,0,0,0,0,0,0,0,0,0,0,3,0,0,1,0,0,1,1.0
1d9hgtr,0.057,0.427,0.095,0.868,0.037,-0.9046,146,9.120678840339163,6,6,1,8,0,0,0,0,0,0,0,0,0,0,1,3,0,0,1,0,0,1,8,3,3,3,2,0,0,0,0,0,0,0,0,1,0,0,0,3,0,0,8,15,3,1,8,1,1,0,0.1599999964237213
1d9hp01,0.123,0.099,0.088,0.79,0.122,0.9737,860,15.285010325160076,9,43,1,11,0,2,0,0,0,0,0,0,0,0,5,4,1,0,0,0,0,8,10,6,22,31,23,1,0,0,2,1,1,0,0,1,0,0,3,3,0,0,78,43,8,4,8,2,1,0,0.1599999964237213
1d9ibzg,0.65,0.427,0.16,0.709,0.131,-0.5318,152,11.20814326018867,3,13,1,10,0,1,0,1,0,0,0,0,0,0,1,1,0,0,0,0,0,0,5,4,10,5,8,0,0,1,0,0,0,0,0,2,0,0,0,0,0,0,2,17,1,0,3,0,1,0,0.49000000953674316
1d9icoi,0.062,0.228,0.214,0.718,0.067,-0.9476,115,6.42735559955562,1,6,0,5,0,0,0,0,0,0,0,0,0,0,1,0,1,1,0,0,0,1,19,0,0,3,8,0,0,0,1,0,0,0,0,1,0,0,0,0,0,0,0,8,1,0,6,0,0,0,0.5
1d9iuff,0.037,0.175,0.409,0.44,0.151,-0.6249,10,14.554592549557764,0,0,0,0,0,0,0,0,0,0,0,0,0,0,0,0,0,0,0,0,0,0,0,0,0,0,2,0,0,0,0,0,0,0,0,0,0,0,0,0,0,0,3,0,0,0,0,0,0,1,1.0
1d9j5y4,0.047,0.105,0.0,1.0,0.0,0.0,140,9.188382445141503,1,10,0,2,0,0,0,0,0,0,0,0,2,0,0,1,0,0,0,0,0,1,5,0,1,1,2,0,0,0,1,0,0,0,0,0,0,0,0,1,0,0,3,13,0,2,7,1,0,920,0.8500000238418579
1d9jk9l,0.049,0.046,0.051,0.886,0.064,0.6065,370,11.979248473330827,2,30,1,9,1,0,0,0,0,0,0,0,0,0,0,0,0,0,0,0,0,10,6,1,3,7,7,0,0,0,2,0,2,0,0,1,0,0,2,2,0,0,20,29,7,0,8,1,0,50,0.7300000190734863
1d9k1ka,0.054,0.143,0.096,0.7,0.204,0.3536,19,11.20814326018867,0,1,0,2,0,0,0,0,0,0,0,0,0,0,0,0,0,0,0,0,0,0,0,0,0,1,0,0,0,0,0,0,0,0,0,0,0,0,0,0,0,0,0,2,0,0,0,0,0,0,0.49000000953674316
1d9knvs,0.037,0.034,0.098,0.694,0.208,0.981,200,13.023866798666859,9,14,0,4,0,0,0,0,0,0,0,0,0,0,2,1,0,0,0,0,1,0,20,4,1,3,8,0,0,0,0,0,0,0,0,3,1,0,1,2,0,0,0,20,2,0,7,3,1,0,0.4099999964237213
1d9kv8a,0.017,0.259,0.268,0.65,0.082,-0.5719,16,8.841846274778883,0,1,0,0,0,0,0,0,0,0,0,0,0,0,0,1,0,0,0,0,0,0,1,0,0,0,1,0,0,0,0,0,0,0,0,0,0,0,0,0,0,0,1,6,0,0,0,0,0,1,1.0
1d9l0gl,0.099,0.162,0.092,0.817,0.091,-0.5208,292,11.20814326018867,0,16,0,11,0,0,0,0,0,0,0,0,0,0,2,2,0,0,0,0,0,0,11,6,9,11,13,0,1,1,1,0,0,0,0,0,0,0,0,2,0,0,4,28,3,3,5,2,1,989,0.8999999761581421
1d9l4wu,0.084,0.329,0.13,0.813,0.056,-0.9777,315,11.958738252310603,1,17,0,6,0,0,0,0,0,0,0,0,0,0,0,0,0,0,0,0,0,1,1,11,4,2,13,0,0,0,1,0,1,0,0,1,0,0,0,1,0,0,44,16,0,0,9,1,0,0,0.23999999463558197
1d9ljv3,0.112,0.197,0.043,0.834,0.122,0.9411,189,16.613394197324528,7,13,0,2,0,0,0,0,0,0,0,0,0,0,0,3,0,0,0,0,0,0,6,0,2,11,8,0,0,0,1,0,0,0,0,0,0,0,0,1,0,0,3,13,3,1,2,1,0,0,0.15000000596046448
1d9lnbl,0.074,0.046,0.256,0.744,0.0,-0.6705,18,11.20814326018867,0,2,0,0,0,0,0,0,0,0,0,0,0,0,0,0,0,0,0,0,0,1,1,0,0,0,1,0,0,0,0,0,0,0,0,0,0,0,0,0,0,0,2,4,1,0,0,0,0,1,1.0
1d9m35n,0.031,0.178,0.107,0.76,0.133,0.4645,161,9.120678840339163,4,11,0,3,0,0,0,0,0,0,0,0,0,0,0,3,0,0,0,0,0,0,3,4,1,5,5,0,0,0,1,0,0,0,0,0,1,0,0,2,0,0,6,15,2,1,2,1,0,113,0.5899999737739563
1d9mlpr,0.021,0.108,0.092,0.818,0.09,0.5646,142,8.841846274778883,0,10,0,5,0,0,0,0,0,0,0,0,0,0,2,1,0,0,0,0,0,5,4,1,3,7,5,0,0,0,1,0,0,0,0,0,0,0,1,1,0,0,2,14,1,2,0,1,1,0,0.25
1d9mpp0,0.168,0.054,0.0,0.906,0.094,0.3612,25,17.122413403193683,0,2,0,0,0,0,0,0,0,0,0,0,0,0,1,0,0,0,0,0,0,0,0,0,1,1,1,0,0,0,0,0,0,0,0,0,0,0,0,0,0,0,3,6,1,0,0,0,0,1,0.6000000238418579
1d9mqpj,0.029,0.401,0.0,1.0,0.0,0.0,28,8.841846274778883,0,3,0,0,0,0,0,0,0,0,0,0,0,0,1,0,0,0,0,0,0,1,1,1,2,0,0,0,0,0,0,0,0,0,0,0,0,0,0,0,0,0,1,5,0,0,0,0,1,1,1.0
1d9mvec,0.029,0.401,0.0,1.0,0.0,0.0,28,8.841846274778883,0,3,0,0,0,0,0,0,0,0,0,0,0,0,1,0,0,0,0,0,0,1,1,1,2,0,0,0,0,0,0,0,0,0,0,0,0,0,0,0,0,0,1,5,0,0,0,0,1,1,1.0
1d9n02k,0.072,0.049,0.0,1.0,0.0,0.0,12,13.023866798666859,1,1,0,0,0,0,0,0,0,0,0,0,0,0,0,0,0,0,0,0,0,0,0,0,0,0,1,0,0,0,0,0,0,0,0,0,0,0,0,0,0,0,0,1,0,0,1,0,0,1,1.0
1d9n06e,0.06,0.377,0.095,0.75,0.155,0.9706,268,9.04235418022936,3,23,4,9,0,3,0,0,0,0,0,0,0,0,0,5,0,0,0,0,1,0,2,5,11,9,11,0,1,0,0,0,0,0,0,0,0,0,1,3,0,0,7,18,4,0,8,1,0,1,1.0
1d9o6xf,0.037,0.252,0.0,1.0,0.0,0.0,10,3.1291,0,0,0,1,0,0,0,0,0,0,0,0,0,0,0,0,0,0,0,0,0,0,0,2,0,0,0,0,0,0,0,0,0,0,0,0,0,0,0,0,0,0,0,1,0,0,0,0,0,1,1.0
1d9onbp,0.028,0.031,0.0,1.0,0.0,0.0,7,3.1291,0,0,0,0,0,0,0,0,0,0,0,0,0,0,0,0,0,0,0,0,0,0,0,0,0,0,0,0,0,0,0,0,0,0,0,0,0,0,0,0,0,0,0,0,0,0,0,0,0,1,1.0
1d9optl,0.054,0.064,0.063,0.864,0.073,0.0382,108,12.161744961471694,1,5,0,1,0,0,0,0,0,0,0,0,0,0,0,3,0,0,0,0,0,0,2,1,1,2,3,0,0,0,0,1,1,0,0,0,0,0,0,0,0,0,2,11,1,0,2,0,1,0,0.36000001430511475
1d9p86c,0.057,0.029,0.016,0.984,0.0,-0.128,94,9.150863307647796,3,5,0,1,0,0,0,0,0,0,0,0,0,0,0,3,0,0,1,0,0,0,1,1,1,0,3,0,0,1,0,0,0,0,0,0,0,0,0,1,0,0,6,11,0,0,5,0,0,0,0.47999998927116394
1d9pyt7,0.035,0.285,0.086,0.832,0.082,-0.4127,168,13.5591,1,14,0,8,0,0,0,0,0,0,0,0,0,0,0,0,0,0,0,0,0,0,0,0,3,6,4,0,0,0,0,1,1,0,0,1,0,0,0,0,0,0,11,13,1,2,2,0,0,0,0.4300000071525574
1d9qc2b,0.022,0.024,0.309,0.691,0.0,-0.8176,22,13.023866798666859,1,1,0,1,0,0,0,0,0,0,0,0,0,0,0,0,0,0,0,0,0,0,0,0,0,0,3,0,0,0,0,0,0,0,0,0,0,0,0,0,0,0,0,4,0,0,1,0,0,1,1.0
1d9qdb9,0.02,0.232,0.011,0.907,0.082,0.8604,142,13.25671669890799,4,10,0,1,0,0,0,0,0,0,0,0,0,0,1,2,0,0,1,0,0,0,2,1,2,8,0,0,0,0,2,1,0,0,0,0,0,0,0,0,0,0,0,16,2,1,5,3,0,0,0.25
1d9qj69,0.022,0.024,0.309,0.691,0.0,-0.8176,22,13.023866798666859,1,1,0,1,0,0,0,0,0,0,0,0,0,0,0,0,0,0,0,0,0,0,0,0,0,0,3,0,0,0,0,0,0,0,0,0,0,0,0,0,0,0,0,4,0,0,1,0,0,1,1.0
1d9qxfi,0.035,0.025,0.061,0.81,0.129,0.937,200,9.784248007369934,1,19,1,6,0,0,0,0,0,0,0,0,0,0,1,2,0,0,0,0,0,2,2,4,3,10,8,0,0,0,0,0,0,0,0,0,0,0,0,2,0,0,3,16,0,0,2,2,1,121,0.7599999904632568
1d9r4yl,0.04,0.419,0.195,0.805,0.0,-0.5267,15,11.20814326018867,0,1,0,0,0,0,0,0,0,0,0,0,0,0,0,0,0,0,0,0,0,0,1,0,0,0,1,0,0,0,0,0,0,0,0,0,0,0,0,0,0,0,0,3,0,0,0,0,0,1,1.0
1d9r7gj,0.733,0.401,0.176,0.824,0.0,-0.4939,16,13.023866798666859,0,0,0,0,0,0,0,0,0,0,0,0,0,0,0,0,0,0,0,0,0,0,0,0,0,0,1,0,0,0,0,0,0,0,0,0,0,0,0,1,0,0,0,0,0,0,0,0,0,1,1.0
1d9rar3,0.04,0.419,0.195,0.805,0.0,-0.5267,15,11.20814326018867,0,1,0,0,0,0,0,0,0,0,0,0,0,0,0,0,0,0,0,0,0,0,1,0,0,0,1,0,0,0,0,0,0,0,0,0,0,0,0,0,0,0,0,3,0,0,0,0,0,1,1.0
1d9rqbg,0.029,0.419,0.195,0.805,0.0,-0.5267,15,11.20814326018867,0,1,0,0,0,0,0,0,0,0,0,0,0,0,0,0,0,0,0,0,0,0,1,0,0,0,1,0,0,0,0,0,0,0,0,0,0,0,0,0,0,0,0,3,0,0,0,0,0,1,1.0
1d9s4np,0.034,0.028,0.118,0.641,0.241,0.3204,15,14.554592549557764,0,0,0,1,0,0,0,0,0,0,0,0,0,0,1,0,0,0,0,0,0,0,0,0,0,0,1,0,0,0,0,0,0,0,0,0,0,0,0,0,0,0,1,5,0,0,0,0,0,1,1.0
1d9s8lj,0.042,0.08,0.075,0.852,0.072,-0.6361,340,11.022393298168332,1,11,0,8,0,0,0,0,0,0,0,0,0,0,4,0,0,0,1,0,0,0,3,9,7,8,7,0,0,0,0,0,0,0,0,0,0,0,0,0,0,0,13,17,2,6,7,0,0,0,0.27000001072883606
1d9s9mh,0.034,0.028,0.118,0.641,0.241,0.3204,15,14.554592549557764,0,0,0,1,0,0,0,0,0,0,0,0,0,0,1,0,0,0,0,0,0,0,0,0,0,0,1,0,0,0,0,0,0,0,0,0,0,0,0,0,0,0,1,5,0,0,0,0,0,1,1.0
1d9sifu,0.034,0.028,0.118,0.641,0.241,0.3204,15,14.554592549557764,0,0,0,1,0,0,0,0,0,0,0,0,0,0,1,0,0,0,0,0,0,0,0,0,0,0,1,0,0,0,0,0,0,0,0,0,0,0,0,0,0,0,1,5,0,0,0,0,0,1,1.0
1d9skem,0.039,0.33,0.1,0.52,0.381,0.7574,16,13.023866798666859,0,1,0,1,0,0,0,0,0,0,0,0,0,0,0,0,0,0,0,0,0,0,0,0,0,3,0,0,0,0,0,0,0,0,0,0,0,0,0,0,0,0,0,4,1,0,0,0,0,1,1.0
1d9sq45,0.029,0.021,0.0,0.873,0.127,0.2247,14,8.841846274778883,1,1,0,0,0,0,0,0,0,0,0,0,0,0,0,0,0,0,0,0,0,0,0,0,1,0,1,0,0,0,0,0,0,0,0,0,0,0,0,0,0,0,0,3,0,0,1,0,0,1,1.0
1d9src7,0.012,0.019,0.0,0.88,0.12,0.128,12,14.554592549557764,0,0,0,0,0,0,0,0,0,0,0,0,0,0,0,0,0,0,0,0,0,0,0,0,0,1,2,0,0,0,0,0,0,0,0,0,0,0,0,0,0,0,0,2,0,0,0,0,0,1,1.0
1d9tddf,0.037,0.352,0.496,0.504,0.0,-0.7096,8,11.20814326018867,0,0,0,0,0,0,0,0,0,0,0,0,0,0,0,0,0,0,0,0,0,0,0,0,0,0,2,0,0,0,0,0,0,0,0,0,0,0,0,0,0,0,0,1,0,0,0,0,0,1,1.0
1d9ti4q,0.045,0.044,0.064,0.737,0.199,0.5661,23,8.841846274778883,1,1,0,2,0,0,0,0,0,0,0,0,0,0,0,0,0,0,0,0,0,0,0,0,1,0,1,0,0,0,0,0,0,0,0,0,0,0,0,0,0,0,1,3,0,0,1,0,0,1,1.0
1d9tlie,0.018,0.023,0.02,0.678,0.302,0.9947,159,12.896187039172386,0,3,0,1,0,0,0,0,0,0,0,0,0,0,1,1,0,0,0,0,0,1,14,2,0,22,1,0,0,0,3,1,0,0,0,2,1,0,0,0,0,0,6,11,0,2,0,1,0,0,0.14000000059604645
1d9tnge,0.304,0.028,0.0,1.0,0.0,0.0,6,8.841846274778883,0,0,0,0,0,0,0,0,0,0,0,0,0,0,0,0,0,0,0,0,0,0,0,0,0,0,0,0,0,0,0,0,0,0,0,0,0,0,0,0,0,0,0,2,0,0,0,0,0,1,1.0
1d9tqe1,0.037,0.114,0.053,0.863,0.084,0.7616,194,9.120678840339163,0,16,0,14,0,0,0,0,0,0,0,0,0,0,1,2,0,0,0,0,0,0,4,3,2,1,5,0,0,0,1,0,1,0,0,0,0,0,0,0,0,0,2,20,3,0,2,0,1,0,0.38999998569488525
1d9tvox,0.19,0.199,0.11,0.789,0.102,-0.6249,125,13.968273953766033,1,11,0,1,0,0,0,0,0,0,0,0,0,0,0,0,0,0,0,0,0,0,0,1,2,6,5,1,1,0,0,0,0,0,0,0,0,0,0,3,0,0,1,15,1,1,4,0,0,0,0.20000000298023224
1d9ueqk,0.119,0.457,0.153,0.709,0.137,0.2023,165,11.855464076750408,2,5,0,5,0,1,0,0,0,0,0,0,0,0,2,0,0,0,0,0,0,1,3,3,4,6,10,0,0,0,1,1,0,0,0,0,0,0,1,0,0,0,11,15,1,0,3,2,0,0,0.41999998688697815
1d9ul6v,0.031,0.397,0.065,0.815,0.12,0.9962,962,11.78182255692154,8,47,4,22,0,1,0,0,0,0,0,0,1,0,2,10,0,0,5,0,0,0,31,26,17,37,27,0,0,0,8,0,1,0,0,4,0,0,2,5,0,0,35,41,4,0,15,6,0,0,0.4000000059604645
1d9uthq,0.017,0.046,0.108,0.8,0.092,-0.8913,311,15.988067610193283,8,20,0,1,0,0,0,0,0,0,0,0,0,0,0,2,0,0,0,0,0,0,3,0,8,11,15,0,0,0,2,1,0,0,0,0,0,0,1,0,0,0,13,24,5,3,1,2,0,0,0.3700000047683716
1d9v2xo,0.018,0.037,0.095,0.905,0.0,-0.296,22,8.841846274778883,0,2,0,1,0,0,0,0,0,0,0,0,0,0,0,0,0,0,0,0,0,0,0,0,1,0,0,0,0,0,0,0,0,0,0,0,0,0,1,0,0,0,1,3,1,0,0,0,0,1,1.0
1d9wb2c,0.034,0.024,0.008,0.792,0.2,0.9915,206,15.6451,7,13,0,6,0,0,0,0,0,0,0,0,0,0,0,0,0,1,0,0,0,4,7,3,0,14,0,0,0,0,0,0,0,0,0,0,0,0,0,0,0,0,5,25,2,1,4,0,0,242,0.75
1d9wedm,0.092,0.427,0.136,0.607,0.257,0.9699,115,14.191785591663535,1,5,1,5,0,0,0,0,0,0,0,0,0,0,1,3,0,0,0,0,1,0,6,0,3,11,4,0,0,0,0,0,0,0,0,0,0,0,0,1,0,0,4,14,4,0,1,0,0,0,0.5
1d9xhv3,0.105,0.046,0.053,0.947,0.0,-0.0572,23,11.20814326018867,0,0,0,1,0,0,0,0,0,0,0,0,0,0,0,0,0,0,0,0,0,0,0,1,0,1,0,0,0,0,0,0,0,0,0,0,0,0,0,0,0,0,3,4,0,0,0,0,0,1,1.0
1d9xpni,0.028,0.056,0.0,0.861,0.139,0.2732,14,8.841846274778883,0,0,0,0,0,0,0,0,0,0,0,0,0,0,0,0,0,0,0,0,0,0,0,0,0,1,0,0,0,0,0,0,0,0,0,0,0,0,0,0,0,0,0,4,0,1,0,0,0,1,1.0
1d9yc5a,0.091,0.401,0.215,0.713,0.072,-0.9758,138,10.23097548852734,7,4,1,2,0,0,0,0,0,0,0,0,0,0,2,0,0,0,0,0,0,0,0,7,6,1,12,0,0,0,0,0,0,0,0,0,0,0,0,0,0,0,0,13,1,0,5,0,1,0,0.11999999731779099
1d9zcvd,0.166,0.602,0.0,0.822,0.178,0.8225,37,15.247664890283005,1,4,1,0,0,0,0,0,0,0,0,0,0,0,0,0,0,0,0,0,0,0,2,0,0,2,1,0,0,0,0,0,0,0,0,0,0,0,0,1,0,0,0,2,1,0,0,0,0,1,1.0
1d9zxtk,0.058,0.02,0.097,0.838,0.065,-0.9286,388,9.661875296680812,3,16,0,16,0,0,0,0,0,0,0,0,0,0,1,0,0,0,0,0,0,0,5,5,8,7,19,0,1,1,3,1,0,0,0,0,0,0,2,3,0,0,24,19,3,3,13,3,0,139,0.699999988079071
1da08f8,0.179,0.641,0.0,0.851,0.149,0.2732,13,11.20814326018867,1,0,0,1,0,0,0,0,0,0,0,0,0,0,0,0,0,0,0,0,0,0,0,1,0,0,1,0,0,0,0,0,0,0,0,0,0,0,0,0,0,0,0,4,0,0,1,0,0,1,1.0
1da0hl1,0.026,0.02,0.049,0.824,0.127,0.9975,796,12.660631469924557,14,46,1,15,0,0,0,0,0,0,0,0,0,1,2,9,0,0,0,0,0,6,19,13,15,23,11,2,0,0,1,0,0,0,0,4,0,0,3,3,0,0,44,44,9,8,14,3,1,0,0.28999999165534973
1da3wrx,0.033,0.465,0.205,0.675,0.119,-0.9896,350,11.473099999999999,1,12,0,5,0,0,0,0,0,0,0,0,0,0,3,6,0,2,0,0,0,0,12,16,14,16,26,0,1,0,0,1,0,0,0,1,0,1,0,1,0,0,3,23,2,3,5,0,0,52,0.7200000286102295
1da4fnc,0.05,0.43,0.107,0.772,0.121,0.6917,238,16.218646115125612,6,16,5,5,0,0,0,0,0,0,0,0,0,0,2,1,0,0,0,0,0,0,6,6,2,6,12,0,0,1,0,0,0,0,0,0,0,0,1,3,0,0,6,19,2,5,3,1,0,260,0.8399999737739563
1da4ioy,0.02,0.055,0.062,0.807,0.131,0.6808,72,10.290406445055957,0,2,0,2,0,0,0,0,0,0,0,0,0,0,0,1,0,0,0,0,0,1,0,1,1,3,3,0,0,0,0,0,0,0,0,1,0,0,0,0,0,0,4,8,0,0,1,0,0,4,0.8399999737739563
1da4x4l,0.035,0.014,0.0,1.0,0.0,0.0,11,11.20814326018867,0,2,0,0,0,0,0,0,0,0,0,0,0,0,0,0,0,0,0,0,0,0,0,0,0,1,0,0,0,0,0,0,0,0,0,0,0,0,0,0,0,0,0,3,0,0,0,0,0,1,1.0
1da5wvq,0.044,0.339,0.123,0.776,0.1,-0.128,19,8.841846274778883,0,1,0,1,0,0,0,0,0,0,0,0,0,0,0,0,0,0,0,0,0,0,1,0,0,0,1,0,1,0,1,0,0,0,0,0,0,0,0,0,0,0,1,3,0,0,1,0,0,1,1.0
1da63jm,0.023,0.31,0.0,1.0,0.0,0.0,9,3.1291,0,0,0,1,0,0,0,0,0,0,0,0,0,0,0,0,0,0,0,0,0,0,0,0,0,0,0,0,0,0,0,0,0,0,0,0,0,0,0,0,0,0,0,1,0,0,0,0,0,1,1.0
1da6loo,0.024,0.158,0.333,0.667,0.0,-0.4588,7,8.841846274778883,0,0,0,0,0,0,0,0,0,0,0,0,0,0,0,0,0,0,0,0,0,0,0,0,0,0,1,0,0,0,0,0,0,0,0,0,0,0,0,0,0,0,0,2,0,0,0,0,0,1,1.0
1da7soh,0.026,0.021,0.0,0.887,0.113,0.4215,23,12.161744961471694,0,2,0,1,0,0,0,0,0,0,0,0,0,0,0,0,0,0,0,0,0,0,0,0,0,2,0,0,0,0,0,0,0,0,0,0,0,0,0,0,0,0,0,3,0,0,1,0,0,1,1.0
1da84xr,0.028,0.166,0.0,1.0,0.0,0.0,5,8.841846274778883,0,0,0,1,0,0,0,0,0,0,0,0,0,0,0,0,0,0,0,0,0,0,0,0,0,0,0,0,0,0,0,0,0,0,0,0,0,0,0,0,0,0,0,0,0,0,0,0,0,1,1.0
1da8kgy,0.019,0.289,0.172,0.828,0.0,-0.4005,14,8.841846274778883,0,0,0,0,0,0,0,0,0,0,0,0,0,0,0,0,0,0,1,0,0,0,0,3,0,0,1,0,0,0,0,0,0,0,0,0,0,0,0,0,0,0,0,3,0,0,1,0,0,1,1.0
1da8wzj,0.031,0.467,0.0,1.0,0.0,0.0,18,15.903189008614273,0,0,0,0,0,0,0,0,0,0,0,0,0,0,0,0,0,0,0,0,0,0,0,2,0,0,0,0,0,0,0,0,0,0,0,0,0,0,0,1,0,0,0,4,0,0,0,0,0,1,1.0
1da8xqk,0.021,0.502,0.405,0.595,0.0,-0.7579,14,8.841846274778883,0,0,0,0,0,0,0,0,0,0,0,0,0,0,0,0,0,0,0,0,0,0,0,2,0,0,1,0,0,0,0,0,0,0,0,0,0,0,0,0,0,0,0,3,0,0,0,0,0,1,1.0
1da91qw,0.04,0.661,0.291,0.709,0.0,-0.5709,10,11.20814326018867,0,0,0,0,0,0,0,0,0,0,0,0,0,0,0,0,0,0,0,0,0,0,0,1,0,0,1,0,0,0,0,0,0,0,0,0,0,0,0,0,0,0,0,0,0,0,0,0,0,1,1.0
1daac2b,0.026,0.674,0.392,0.608,0.0,-0.7003,11,11.20814326018867,0,1,1,0,0,0,0,0,0,0,0,0,0,0,0,0,0,0,0,0,0,0,0,0,0,0,2,0,0,0,0,0,0,0,0,0,0,0,0,0,0,0,0,3,0,0,0,0,0,1,1.0
1dabadv,0.029,0.011,0.0,1.0,0.0,0.0,3,8.841846274778883,0,0,0,0,0,0,0,0,0,0,0,0,0,0,0,0,0,0,0,0,0,0,0,0,0,0,0,0,0,0,0,0,0,0,0,0,0,0,0,0,0,0,0,0,0,0,0,0,0,1,1.0
1dabdq8,0.029,0.068,0.105,0.895,0.0,-0.4019,24,8.841846274778883,0,0,0,0,0,0,0,0,0,0,0,0,0,0,0,0,0,0,0,0,0,2,0,2,0,0,1,0,0,0,0,0,0,0,0,0,0,0,0,0,0,0,2,3,0,0,0,0,0,1,1.0
1dabnov,0.069,0.194,0.367,0.5,0.133,-0.8309,32,8.841846274778883,0,0,0,2,0,0,0,0,0,0,0,0,0,0,0,0,0,0,0,0,0,0,0,3,0,4,2,0,0,0,0,0,0,0,0,0,0,0,0,0,0,0,0,6,1,0,2,0,0,1,1.0
1dabogp,0.037,0.053,0.054,0.784,0.162,0.9978,643,12.577253741215639,5,49,0,10,0,0,0,0,0,0,0,0,0,0,4,7,0,0,0,0,0,1,10,1,5,33,16,0,0,0,0,1,0,0,0,0,2,0,0,3,0,0,48,34,8,1,4,1,0,0,0.36000001430511475
1dabvjp,0.067,0.233,0.0,0.806,0.194,0.34,11,13.023866798666859,0,0,0,0,0,0,0,0,0,0,0,0,0,0,0,0,0,0,0,0,0,0,0,0,0,1,1,0,0,0,0,0,0,0,0,0,0,0,0,0,0,0,1,1,0,0,0,0,0,1,1.0
1dac9w8,0.021,0.44,0.314,0.543,0.143,-0.7845,28,19.287186520377343,0,1,0,0,0,0,0,0,0,0,0,0,0,0,0,0,0,0,0,0,0,0,0,0,0,2,6,0,0,0,0,0,0,0,0,0,0,0,0,0,0,0,3,6,0,0,0,0,0,1,1.0
1dacops,0.057,0.166,0.102,0.715,0.183,0.9709,204,10.355215969177355,1,4,0,5,0,0,0,0,0,0,0,0,0,0,0,1,0,0,0,0,0,0,2,9,2,9,7,0,0,0,0,0,0,0,0,0,0,0,0,1,0,0,2,15,1,0,3,0,0,0,0.4300000071525574
1dadw0s,0.032,0.101,0.033,0.896,0.071,0.6224,150,8.548686976883017,0,9,0,1,0,0,0,0,0,0,0,0,0,0,0,0,0,0,1,0,0,0,3,1,3,4,4,0,0,0,0,0,1,0,0,0,0,0,0,2,0,0,12,10,0,3,7,2,0,0,0.4300000071525574
1daemoo,0.144,0.305,0.237,0.636,0.127,-0.4404,13,13.023866798666859,0,1,0,0,0,0,0,0,0,0,0,0,0,0,0,0,0,0,0,0,0,0,0,0,0,1,1,0,0,0,0,0,0,0,0,0,0,0,0,0,0,0,0,2,0,1,0,0,0,1,1.0
1daetgk,0.077,0.251,0.316,0.684,0.0,-0.9001,30,14.554592549557764,0,2,0,1,0,0,0,0,0,0,0,0,0,1,0,0,0,0,0,0,0,0,0,2,1,0,2,0,0,0,0,0,0,0,0,0,0,0,0,0,0,0,0,7,1,0,1,0,0,1,1.0
1daewhm,0.032,0.018,0.0,1.0,0.0,0.0,5,8.841846274778883,0,0,0,0,0,0,0,0,0,0,0,0,0,0,0,0,0,0,0,0,0,0,0,0,0,0,0,0,0,0,0,0,0,0,0,0,0,0,0,0,0,0,1,0,0,0,0,0,0,1,1.0
1dafknx,0.028,0.026,0.045,0.893,0.062,0.9149,570,13.023866798666859,6,59,0,19,0,0,0,0,1,0,0,0,0,0,3,4,0,0,0,0,0,14,14,3,4,13,23,0,0,0,5,0,1,0,0,5,0,0,2,4,0,0,2,30,5,6,12,1,0,0,0.46000000834465027
1dafr18,0.017,0.442,0.0,0.796,0.204,0.3182,10,8.841846274778883,0,0,0,0,0,0,0,0,0,0,0,0,0,0,0,0,0,0,0,0,0,0,0,0,0,0,0,0,0,0,0,0,0,0,0,0,0,0,0,0,0,0,1,0,0,0,0,0,0,1,1.0
1dafuc3,0.134,0.114,0.0,1.0,0.0,0.0,12,13.023866798666859,0,1,0,0,0,0,0,0,0,0,0,0,0,0,0,0,0,0,0,0,0,0,0,0,0,0,0,0,0,0,0,0,0,0,0,0,0,0,0,0,0,0,0,3,0,0,0,0,0,1,1.0
1dafxq9,0.089,0.024,0.097,0.79,0.113,0.9203,530,13.407030892015797,6,28,0,16,0,0,0,0,0,0,0,0,0,0,1,3,0,0,2,0,0,0,12,2,4,21,6,0,2,1,2,0,0,0,0,0,1,0,0,3,0,0,5,26,2,2,7,5,1,0,0.5
1dag5rn,0.102,0.085,0.212,0.584,0.204,-0.0258,10,15.903189008614273,1,0,0,0,0,0,0,0,0,0,0,0,0,0,0,0,0,0,0,0,0,0,0,0,0,2,2,0,0,0,0,0,0,0,0,0,0,0,0,0,0,0,0,1,0,0,0,0,0,1,1.0
1dagwy9,0.83,0.383,0.196,0.804,0.0,-0.296,10,13.023866798666859,1,0,0,0,0,0,0,0,0,0,0,0,0,0,0,0,0,0,0,0,0,0,0,0,0,0,0,0,0,0,0,0,0,0,0,0,0,0,0,0,0,0,2,2,0,0,1,0,0,1,1.0
1dahe7q,0.156,0.136,0.0,0.784,0.216,0.296,9,3.1291,0,1,0,0,0,0,0,0,0,0,0,0,0,0,0,0,0,0,0,0,0,0,0,0,0,0,0,0,0,0,0,0,0,0,0,0,0,0,0,0,0,0,0,2,0,0,0,0,0,1,1.0
1dahxgs,0.111,0.339,0.27,0.681,0.049,-0.7804,19,11.20814326018867,0,1,0,0,0,0,0,0,0,0,0,0,0,0,0,0,0,0,0,0,0,0,0,0,0,0,1,0,0,0,0,0,0,0,0,0,0,0,0,0,0,0,3,4,0,0,0,0,0,1,1.0
1dahyv1,0.012,0.397,0.0,1.0,0.0,0.0,6,8.841846274778883,0,0,0,0,0,0,1,0,0,0,0,0,0,0,0,0,0,0,0,0,0,0,0,0,0,0,0,0,0,0,0,0,0,0,0,0,0,0,0,0,0,0,1,1,0,0,0,0,0,0,0.3799999952316284
1dai98h,0.354,0.136,0.0,1.0,0.0,0.0,7,3.1291,0,0,0,1,0,0,0,0,0,0,0,0,0,0,0,0,0,0,0,0,0,0,0,0,0,0,1,0,0,0,0,0,0,0,0,0,0,0,0,0,0,0,0,2,0,0,0,0,0,1,1.0
1daicsj,0.354,0.136,0.0,1.0,0.0,0.0,7,3.1291,0,0,0,1,0,0,0,0,0,0,0,0,0,0,0,0,0,0,0,0,0,0,0,0,0,0,1,0,0,0,0,0,0,0,0,0,0,0,0,0,0,0,0,2,0,0,0,0,0,1,1.0
1dair5w,0.042,0.041,0.107,0.893,0.0,-0.1406,14,11.20814326018867,0,0,0,1,0,0,0,0,0,0,0,0,0,0,0,1,0,0,0,0,0,0,0,0,0,1,1,0,0,0,0,0,0,0,0,0,0,0,0,0,0,0,0,1,0,0,0,0,0,1,1.0
1dajcek,0.019,0.028,0.122,0.745,0.133,-0.171,25,15.903189008614273,0,0,0,1,0,0,0,0,0,0,0,0,0,0,0,0,0,0,0,0,0,0,0,0,0,1,1,0,0,0,0,0,0,0,0,0,0,0,0,0,0,0,3,2,0,0,0,0,0,1,1.0
1dajcqo,0.201,0.378,0.468,0.532,0.0,-0.6588,6,3.1291,0,0,0,0,0,0,0,0,0,0,0,0,0,0,0,0,0,0,0,0,0,0,0,0,0,0,1,0,0,0,0,0,0,0,0,0,0,0,0,0,0,0,0,1,0,0,0,0,0,1,1.0
1dajon0,0.056,0.038,0.082,0.786,0.132,0.9883,522,10.793553405168563,2,41,0,11,0,0,0,0,0,0,0,0,0,0,2,4,0,0,0,0,1,3,22,1,11,20,22,0,1,3,5,1,0,0,0,0,0,0,1,5,0,0,11,30,3,4,7,6,2,709,0.8299999833106995
1dajqp4,0.054,0.323,0.421,0.579,0.0,-0.6249,9,3.1291,0,0,0,0,0,0,0,0,0,0,0,0,0,0,0,0,0,0,0,0,0,0,0,0,0,0,1,0,0,0,0,0,0,0,0,0,0,0,0,0,0,0,1,2,0,0,0,0,0,1,1.0
1dajz6q,0.299,0.114,0.0,1.0,0.0,0.0,9,13.023866798666859,1,0,0,1,0,0,0,0,0,0,0,0,0,0,0,0,0,0,0,0,0,0,0,0,0,0,1,0,0,0,0,0,0,0,0,0,0,0,0,0,0,0,0,1,0,0,1,0,0,1,1.0
1dak31g,0.033,0.052,0.0,1.0,0.0,0.0,16,8.841846274778883,0,1,0,0,0,0,0,0,0,0,0,0,0,0,0,0,0,0,0,0,0,0,0,1,0,0,1,0,0,0,0,0,0,0,0,0,0,0,0,0,0,0,0,1,0,0,0,0,0,1,1.0
1dakm3o,0.037,0.162,0.162,0.47,0.367,0.7893,22,14.554592549557764,0,0,0,1,0,0,0,0,0,0,0,0,0,0,0,0,0,0,0,0,0,0,2,0,0,4,2,0,0,0,0,0,0,0,0,0,0,0,0,0,0,0,0,5,0,0,0,0,0,1,1.0
1dakrhh,0.054,0.227,0.0,0.753,0.247,0.7063,28,3.1291,1,0,0,2,0,0,0,0,0,0,0,0,0,0,1,0,0,0,0,0,0,0,4,0,0,2,0,0,0,0,0,0,0,0,0,0,0,0,0,0,0,0,1,5,1,0,1,0,0,1,1.0
1daksco,0.054,0.214,0.0,0.753,0.247,0.7063,28,3.1291,1,0,0,2,0,0,0,0,0,0,0,0,0,0,1,0,0,0,0,0,0,0,4,0,0,2,0,0,0,0,0,0,0,0,0,0,0,0,0,0,0,0,1,5,1,0,1,0,0,1,1.0
1dakxtz,0.403,0.037,0.0,0.788,0.212,0.2235,8,3.1291,0,0,0,1,0,0,0,0,0,0,0,0,0,0,0,0,0,0,0,0,0,0,0,0,0,0,0,0,0,0,0,0,0,0,0,0,0,0,0,0,0,0,1,0,0,0,1,0,0,1,1.0
1dals04,0.084,0.121,0.402,0.598,0.0,-0.6566,10,3.1291,0,0,0,1,0,0,0,0,0,0,0,0,0,0,0,0,0,0,0,0,0,0,0,0,0,1,2,0,0,0,0,0,0,0,0,0,0,0,0,0,0,0,0,4,0,0,1,0,0,1,1.0
1dampe8,0.15,0.094,0.0,1.0,0.0,0.0,9,3.1291,0,0,0,1,0,0,0,0,0,0,0,0,0,0,0,0,0,0,0,0,0,0,0,0,0,0,0,0,0,0,0,0,0,0,0,0,0,0,0,0,0,0,1,1,0,0,1,0,0,1,1.0
1damq8j,0.031,0.304,0.0,1.0,0.0,0.0,9,3.1291,1,0,0,0,0,0,0,0,0,0,0,0,0,0,0,0,0,0,0,0,0,0,0,0,0,0,0,0,0,0,0,0,0,0,0,0,0,0,0,0,0,0,0,1,0,0,1,0,0,1,1.0
1damwbx,0.207,0.444,0.33,0.67,0.0,-0.7841,16,8.841846274778883,1,1,0,1,0,0,0,0,0,0,0,0,0,0,0,0,0,0,0,0,0,0,0,0,2,1,1,0,0,0,0,0,0,0,0,0,0,0,0,0,0,0,1,3,0,0,1,0,0,1,1.0
1danl5p,0.098,0.427,0.135,0.609,0.256,0.9699,116,14.191785591663535,1,5,1,5,0,0,0,0,0,0,0,0,0,0,1,3,0,0,0,0,1,0,6,0,3,11,4,0,0,0,0,0,0,0,0,0,0,0,0,1,0,0,4,14,4,0,1,0,1,805,0.6899999976158142
1daolhy,0.037,0.108,0.28,0.72,0.0,-0.5423,10,3.1291,1,0,0,0,0,0,0,0,0,0,0,0,0,0,0,0,0,0,0,0,0,1,0,0,0,0,1,0,0,0,0,0,0,0,0,0,0,0,0,0,0,0,0,2,0,0,1,0,0,1,1.0
1daonpn,0.032,0.378,0.0,1.0,0.0,0.0,10,3.1291,1,0,0,1,0,0,0,0,0,0,0,0,0,0,0,0,0,0,0,0,0,0,0,0,0,0,0,0,0,0,0,0,0,0,0,0,0,0,0,0,0,0,0,1,0,0,1,0,0,0,0.09000000357627869
1daousl,0.036,0.381,0.464,0.426,0.111,-0.8519,14,11.20814326018867,0,2,0,0,0,0,0,0,0,0,0,0,0,0,0,0,0,0,0,0,0,0,0,0,0,0,4,0,0,0,0,0,0,0,0,0,0,0,0,0,0,0,0,2,0,0,0,0,0,1,1.0
1daowdp,0.047,0.162,0.103,0.754,0.142,0.1027,30,19.287186520377343,1,2,0,0,0,0,0,0,0,0,0,0,0,0,0,0,0,0,0,0,0,0,0,0,0,0,2,0,0,0,0,0,0,0,0,0,0,0,0,0,0,0,3,6,1,2,0,0,0,0,0.5
1daoyn9,0.045,0.17,0.219,0.721,0.06,-0.7506,33,15.903189008614273,2,3,0,0,0,0,0,0,0,0,0,0,0,0,0,0,0,0,0,0,0,0,0,1,0,0,3,0,0,0,0,0,0,0,0,0,0,0,0,0,0,0,3,7,0,2,0,0,0,0,0.10000000149011612
1dap4qk,0.037,0.051,0.0,0.829,0.171,0.6757,29,8.841846274778883,1,0,0,1,0,0,0,0,0,0,0,0,0,0,0,0,0,0,0,0,0,0,0,0,2,1,0,0,0,0,0,0,0,0,0,0,0,0,0,1,0,0,1,4,0,0,1,0,0,1,1.0
1dap76z,0.049,0.27,0.053,0.858,0.089,0.892,296,16.45884130781739,2,17,0,7,0,0,0,0,0,0,0,0,0,0,2,2,0,0,0,0,0,0,16,1,2,11,4,1,0,1,2,0,0,0,0,0,0,0,0,3,0,0,16,26,3,1,6,1,1,0,0.33000001311302185
1dap9ml,0.024,0.036,0.0,1.0,0.0,0.0,10,3.1291,0,0,0,0,0,0,0,0,0,0,0,0,0,0,1,0,0,0,0,0,0,0,1,1,0,0,0,0,0,0,0,0,0,0,0,1,0,0,0,0,0,0,0,2,0,1,0,0,0,1,1.0
1dap9q8,0.124,0.279,0.133,0.628,0.239,0.217,14,11.20814326018867,0,0,0,1,0,0,0,0,0,0,0,0,0,0,0,0,0,0,0,0,0,0,0,0,0,1,0,0,0,0,0,0,0,0,0,0,0,0,0,0,0,0,0,0,0,0,0,0,0,1,1.0
1dapg6x,0.046,0.203,0.0,1.0,0.0,0.0,9,13.023866798666859,0,0,0,0,0,0,0,0,0,0,0,0,0,0,0,0,0,0,0,0,0,0,0,0,0,0,0,0,0,0,0,0,0,0,0,0,0,0,0,0,0,0,1,2,0,0,0,0,0,1,1.0
1darst1,0.032,0.141,0.365,0.473,0.162,-0.4588,10,15.903189008614273,0,0,0,0,0,0,0,0,0,0,0,0,0,0,0,0,0,0,0,0,0,0,0,0,0,0,2,0,0,0,0,0,0,0,0,0,0,0,0,0,0,0,3,0,0,0,0,0,0,1,1.0
1das4g7,0.653,0.321,0.292,0.708,0.0,-0.765,18,11.20814326018867,0,1,0,0,0,1,0,0,0,0,0,0,0,0,0,0,0,0,0,0,0,0,0,0,2,0,2,0,0,0,0,0,0,0,0,0,0,0,0,0,0,0,0,1,0,0,0,0,0,1,1.0
1dasfwj,0.023,0.031,0.123,0.877,0.0,-0.4215,21,13.023866798666859,0,0,0,0,0,0,0,0,0,0,0,0,0,0,0,0,0,0,0,0,0,0,1,0,0,1,1,0,0,0,1,0,0,0,0,0,0,0,0,0,0,0,1,2,0,1,0,1,0,145,0.7400000095367432
1dat0h5,0.024,0.099,0.0,1.0,0.0,0.0,9,8.841846274778883,0,0,0,0,0,0,0,0,0,0,0,0,0,0,0,0,0,0,0,0,0,0,0,0,0,0,0,0,0,0,0,0,0,0,0,0,0,0,0,0,0,0,0,1,0,0,0,0,0,1,1.0
1g6y1or,0.794,0.427,0.259,0.741,0.0,-0.5423,11,8.841846274778883,0,0,0,0,0,0,0,0,0,0,0,0,0,0,0,0,0,0,0,0,0,0,0,0,1,0,1,0,0,0,0,0,0,0,0,0,0,0,0,0,0,0,0,0,0,0,0,0,0,1,1.0
1g6y4yl,0.033,0.081,0.306,0.694,0.0,-0.296,6,11.20814326018867,0,0,0,0,0,0,0,0,0,0,0,0,0,0,0,0,0,0,0,0,0,0,0,0,0,1,0,0,0,0,0,0,0,0,0,0,0,0,0,0,0,0,0,0,0,0,0,0,0,1,1.0
1g6ymhg,0.094,0.021,0.0,0.813,0.187,0.3182,11,13.023866798666859,0,0,0,0,0,0,0,0,0,0,0,0,0,0,0,0,0,0,0,0,0,0,0,0,0,0,0,0,0,0,0,0,0,0,0,0,0,0,0,0,0,0,1,1,0,0,0,0,0,1,1.0
1g70dzw,0.036,0.313,0.0,0.847,0.153,0.4019,16,3.1291,0,1,0,0,0,0,0,0,0,0,0,0,0,0,0,0,0,0,0,0,0,0,1,0,0,1,0,0,0,0,1,0,0,0,0,0,0,0,0,0,0,0,0,3,0,0,0,1,0,1,1.0
1g70gpl,0.039,0.285,0.0,0.828,0.172,0.4019,14,3.1291,0,1,0,0,0,0,0,0,0,0,0,0,0,0,0,0,0,0,0,0,0,0,0,0,0,1,0,0,0,0,0,0,0,0,0,0,0,0,0,0,0,0,0,3,0,0,0,0,0,1,1.0
1g71s7t,0.029,0.169,0.03,0.83,0.14,0.9873,256,13.023866798666859,3,23,0,7,0,0,0,0,0,0,0,0,0,0,1,4,0,0,0,0,0,0,6,1,7,12,3,0,1,0,4,0,0,0,0,0,0,0,0,1,0,0,9,22,2,3,4,3,0,0,0.14000000059604645
1g73akk,0.048,0.234,0.0,1.0,0.0,0.0,12,11.20814326018867,0,2,0,0,0,0,0,0,0,0,0,0,0,0,0,0,0,0,0,0,0,0,0,0,0,0,0,0,0,0,0,0,0,0,0,0,0,0,0,0,0,0,1,1,0,0,1,0,0,1,1.0
1g73kke,0.017,0.025,0.045,0.825,0.131,0.9822,326,12.091993763477543,5,31,0,6,0,0,0,0,0,0,0,0,0,0,4,4,0,0,1,0,0,0,16,11,3,12,7,0,2,1,4,0,0,0,0,0,0,0,0,0,0,0,2,27,3,1,11,3,0,0,0.4000000059604645
1g73prq,0.048,0.11,0.104,0.831,0.065,-0.9053,190,10.125756701596842,4,15,0,5,0,0,0,0,0,0,0,0,0,0,0,2,0,0,0,0,0,0,14,0,0,5,8,0,0,0,2,1,0,0,0,0,0,0,0,3,0,0,0,20,5,2,2,4,0,0,0.2800000011920929
1g74ajy,0.05,0.22,0.241,0.759,0.0,-0.6908,20,17.122413403193683,0,1,0,0,0,0,0,0,0,0,0,0,0,0,0,0,0,0,0,0,0,0,0,0,0,0,4,0,0,0,0,0,0,0,0,0,0,0,0,1,0,0,2,2,0,0,0,0,0,1,1.0
1g74hc6,0.035,0.114,0.167,0.762,0.071,-0.9774,244,12.785403640627713,6,11,0,8,0,0,0,0,0,0,0,0,0,0,2,3,0,0,0,0,0,1,20,8,5,5,16,0,1,0,0,0,0,0,0,0,0,0,0,3,0,0,2,18,1,1,9,1,1,50,0.7699999809265137
1g74ora,0.046,0.079,0.365,0.547,0.088,-0.765,20,8.841846274778883,0,1,0,2,0,1,0,0,0,0,0,0,0,0,0,0,0,0,0,0,0,0,0,0,0,1,2,0,0,0,0,0,0,0,0,0,0,0,0,0,0,0,2,2,1,0,0,0,0,1,1.0
1g75csm,0.035,0.216,0.122,0.729,0.149,0.8737,574,15.579741850924794,1,47,0,6,0,1,0,0,0,0,0,0,0,0,3,5,1,1,0,0,0,29,6,0,3,26,27,0,0,0,2,0,0,0,0,0,0,0,0,3,0,0,36,24,2,5,5,1,2,0,0.25
1g75dog,0.341,0.146,0.0,1.0,0.0,0.0,19,10.125756701596842,0,1,0,0,0,0,0,0,0,0,0,0,0,0,0,0,0,0,0,0,0,0,0,0,1,2,0,0,0,0,0,0,0,0,0,0,0,0,0,0,0,0,6,3,0,0,1,0,0,1,1.0
1g75rbs,0.055,0.105,0.033,0.863,0.104,0.9881,476,15.470042427545799,9,30,0,5,0,0,0,0,0,0,0,0,0,0,4,4,0,0,4,0,0,1,11,12,10,16,9,0,0,1,1,0,0,0,0,0,0,0,1,6,0,0,11,33,4,2,8,3,1,101,0.8899999856948853
1g76ej1,0.03,0.047,0.041,0.837,0.121,0.997,773,12.340626583579944,13,53,0,24,0,0,0,1,0,0,0,0,0,0,9,3,0,0,1,0,0,0,18,36,24,27,12,0,0,0,3,0,1,0,0,1,0,0,5,4,0,0,3,45,8,5,20,5,3,0,0.1599999964237213
1g76j7o,0.046,0.114,0.0,0.938,0.062,0.9387,257,14.836745963215662,2,14,0,2,0,0,0,0,0,0,0,0,0,0,3,1,0,0,0,0,0,1,3,0,3,3,1,0,0,2,0,0,0,0,0,0,0,0,0,0,0,0,29,23,0,1,3,1,0,776,0.6899999976158142
1g771c7,0.08,0.043,0.223,0.692,0.084,-0.9963,328,14.992508632218648,2,12,0,6,0,0,0,0,0,0,0,0,0,0,0,4,0,0,0,0,0,2,4,2,4,9,28,0,0,1,1,0,0,0,0,0,0,0,0,1,0,0,12,21,2,3,9,1,0,0,0.36000001430511475
1g785v8,0.122,0.19,0.174,0.73,0.096,-0.9877,345,12.627914446148157,4,26,0,3,0,1,0,0,0,0,0,0,0,0,2,2,0,0,0,0,0,1,13,1,9,14,31,0,1,0,4,0,0,0,0,0,0,0,2,0,0,0,6,33,5,5,11,2,2,82,0.75
1g78bqv,0.09,0.719,0.626,0.374,0.0,-0.7717,6,3.1291,0,0,0,0,0,0,0,0,0,0,0,0,0,0,0,0,0,0,0,0,0,0,0,0,0,0,2,0,0,0,0,0,0,0,0,0,0,0,0,0,0,0,0,0,0,0,0,0,0,1,1.0
1g78kpm,0.02,0.187,0.248,0.752,0.0,-0.5106,11,8.841846274778883,0,1,0,0,0,0,0,0,0,0,0,0,0,0,0,0,0,0,0,0,0,0,0,0,0,0,1,0,0,0,0,0,0,0,0,0,0,0,0,0,0,0,2,1,0,0,0,0,0,1,1.0
1g78op6,0.021,0.113,0.0,0.625,0.375,0.8555,16,8.841846274778883,0,1,0,0,0,0,0,0,0,0,0,0,0,0,0,0,0,0,0,0,0,0,1,0,0,2,0,0,0,0,1,0,0,0,0,0,0,0,0,1,0,0,0,1,0,0,0,1,0,1,1.0
1g78p7o,0.03,0.202,0.0,1.0,0.0,0.0,11,8.841846274778883,0,1,0,0,0,0,0,0,0,0,0,0,0,0,0,0,0,0,0,0,0,0,0,0,0,0,0,0,0,0,0,0,0,0,0,0,0,0,0,0,0,0,3,2,0,0,0,0,0,1,1.0
1g791ll,0.025,0.24,0.0,1.0,0.0,0.0,11,8.841846274778883,0,1,0,0,0,0,0,0,0,0,0,0,0,0,0,0,0,0,0,0,0,0,0,0,0,0,0,0,0,0,0,0,0,0,0,0,0,0,0,0,0,0,2,2,0,0,0,0,0,1,1.0
1g79b2s,0.055,0.339,0.15,0.783,0.068,-0.9981,928,14.6930884249632,12,31,1,11,0,2,0,0,0,0,0,0,0,0,2,7,0,0,0,0,0,1,2,2,5,18,35,0,0,0,1,0,1,0,0,3,0,0,0,3,0,0,103,37,2,6,4,5,0,0,0.3700000047683716
1g79bn3,0.129,0.058,0.076,0.851,0.073,0.1106,210,12.563389971838223,0,5,0,3,0,0,0,0,0,0,0,0,0,0,0,2,0,0,1,0,0,5,2,3,8,3,4,0,0,1,1,1,0,0,0,0,0,0,0,0,0,0,14,14,1,0,4,1,1,0,0.4000000059604645
1g7a70v,0.094,0.612,0.165,0.715,0.121,-0.9299,250,9.627879704456738,4,19,1,5,0,0,0,0,0,0,0,0,0,0,2,1,0,0,0,0,0,0,11,6,3,6,17,0,0,1,0,2,0,0,0,0,0,0,0,4,0,0,9,22,4,0,5,1,0,0,0.4099999964237213
1g7aghq,0.129,0.372,0.116,0.738,0.146,0.9862,847,16.683642002181,13,46,2,6,0,1,0,0,0,0,0,0,0,0,3,9,0,0,0,0,0,2,20,13,10,25,52,0,0,1,2,1,1,0,0,2,0,0,2,6,0,0,33,56,10,5,13,1,1,0,0.10999999940395355
1g7am0b,0.062,0.251,0.055,0.85,0.094,0.8102,339,12.526319926815653,0,11,0,2,0,0,0,0,0,0,0,0,0,0,2,2,0,0,0,0,0,1,3,0,7,19,8,0,0,0,1,1,1,0,0,0,0,0,0,1,0,0,48,28,1,2,4,0,1,0,0.18000000715255737
1g7b870,0.073,0.024,0.0,1.0,0.0,0.0,16,13.023866798666859,0,1,0,0,0,0,0,0,0,0,0,0,0,0,0,0,0,0,0,0,0,1,0,0,0,0,0,0,0,0,0,0,0,0,0,0,0,0,0,1,0,0,2,4,0,0,0,0,0,1,1.0
1g7byka,0.396,0.578,0.088,0.847,0.065,-0.8889,340,8.395991825355823,1,10,0,6,0,1,0,0,0,0,0,0,0,0,1,1,0,0,0,2,0,4,26,0,10,4,6,0,0,3,0,0,0,0,0,0,0,0,0,1,0,0,6,20,2,1,3,0,1,4,0.5299999713897705
1g7c0kd,0.03,0.303,0.077,0.83,0.093,0.3895,142,10.914260884657427,3,14,0,2,0,0,0,0,0,0,0,0,1,0,2,0,0,0,0,0,0,2,15,0,1,3,4,1,0,0,2,0,1,0,0,1,0,0,0,0,0,0,2,15,0,0,3,2,0,0,0.4000000059604645
1g7c5b3,0.094,0.255,0.221,0.676,0.103,-0.9939,274,11.578365685549247,5,13,0,6,0,0,0,0,0,0,0,0,0,0,0,3,0,0,0,0,0,2,1,0,2,14,17,0,0,0,0,0,0,0,0,2,0,0,0,2,0,0,21,29,4,1,1,0,1,480,0.6700000166893005
1g7comh,0.042,0.014,0.0,1.0,0.0,0.0,3,8.841846274778883,0,0,0,0,0,0,0,0,0,0,0,0,0,0,0,0,0,0,0,0,0,0,0,0,0,0,2,0,0,0,0,0,0,0,0,0,0,0,0,0,0,0,1,1,0,0,0,0,0,1,1.0
1g7d36f,0.127,0.224,0.0,0.763,0.237,0.7089,21,11.20814326018867,0,0,0,0,0,0,0,0,0,0,0,0,0,0,0,0,0,0,0,0,0,0,0,0,0,1,0,0,0,0,0,0,0,0,0,0,0,0,0,0,0,0,3,4,0,0,0,0,0,1,1.0
1g7d787,0.209,0.086,0.017,0.806,0.178,0.969,120,11.93303328291395,0,3,0,0,0,0,0,0,0,0,0,0,0,0,0,0,0,0,0,0,0,1,1,0,0,8,3,0,0,0,1,0,0,0,0,0,0,0,0,0,0,0,7,8,0,1,2,1,0,69,0.7099999785423279
1g7dch9,0.191,0.096,0.179,0.821,0.0,-0.7096,29,19.287186520377343,0,1,0,0,0,0,0,0,0,0,0,0,0,0,0,0,0,0,0,0,0,0,0,0,0,0,1,0,0,0,0,0,0,0,0,0,0,0,0,0,0,0,0,4,0,0,0,0,0,1,1.0
1g7df5l,0.359,0.654,0.0,0.796,0.204,0.5927,16,13.023866798666859,0,0,0,0,0,0,0,0,0,0,0,0,0,0,0,1,0,0,0,0,0,1,1,0,0,1,1,0,0,0,0,0,0,0,0,0,0,0,0,0,0,0,4,4,0,0,0,0,0,1,1.0
1g7dhel,0.113,0.09,0.216,0.745,0.04,-0.9745,117,17.693802365651003,0,8,0,0,0,0,0,0,0,0,0,0,0,0,2,0,0,0,0,0,0,0,2,0,0,3,5,0,0,0,2,0,0,0,0,0,0,0,0,0,0,0,0,8,0,2,4,1,0,0,0.25
1g7dhrb,0.028,0.153,0.051,0.882,0.067,0.8752,474,11.905187351434009,9,36,0,8,0,0,0,0,0,0,0,0,0,0,4,3,0,0,1,1,2,2,18,5,2,10,6,0,1,0,5,0,0,0,0,0,0,0,5,5,0,0,7,34,6,4,8,2,0,0,0.41999998688697815
1g7dxhv,0.043,0.15,0.069,0.853,0.078,0.697,378,12.428777171816233,9,29,0,11,0,0,0,0,0,0,0,0,0,0,4,5,0,0,1,0,0,1,11,9,3,11,16,0,2,2,1,0,0,0,0,0,0,0,1,1,0,0,13,31,4,4,6,1,1,9,0.6299999952316284
1g7efn1,0.048,0.143,0.037,0.876,0.087,0.9753,458,12.719339214003902,3,28,0,9,0,0,1,0,0,0,0,0,0,0,5,2,0,0,0,0,0,3,7,4,16,27,18,0,0,0,1,0,0,0,0,0,0,0,2,2,0,0,33,34,5,6,6,2,0,0,0.4699999988079071
1g7eybe,0.124,0.235,0.109,0.746,0.144,0.1779,17,8.841846274778883,0,1,0,1,0,0,0,0,0,0,0,0,0,0,0,0,0,0,0,0,0,0,0,0,0,1,0,0,0,0,0,0,0,0,0,0,0,0,0,0,0,0,0,3,0,0,0,0,0,1,1.0
1g7fju5,0.059,0.323,0.037,0.859,0.104,0.7264,112,18.511140095513987,3,7,0,3,0,0,0,0,0,0,0,0,0,0,0,0,0,0,0,0,0,0,0,0,3,3,3,0,0,0,0,0,0,0,0,0,0,0,0,0,0,0,3,7,0,4,4,0,0,0,0.3199999928474426
1g7fkxv,0.054,0.329,0.193,0.473,0.333,0.5022,14,8.841846274778883,0,0,0,0,0,0,0,0,0,0,0,0,0,0,0,0,0,0,0,0,0,0,0,0,0,1,2,0,0,0,0,0,0,0,0,0,0,0,0,0,0,0,1,2,0,0,0,0,0,1,1.0
1g7fqk7,0.703,0.144,0.123,0.794,0.083,-0.9717,529,9.573946990214175,5,26,0,16,0,0,0,0,0,0,0,0,0,0,0,5,0,0,0,0,0,0,9,1,23,12,19,0,0,0,2,0,2,0,0,2,0,0,1,2,0,0,52,30,4,3,23,5,1,0,0.17000000178813934
1g7fvbm,0.045,0.572,0.119,0.881,0.0,-0.4754,24,11.20814326018867,0,1,0,1,0,0,0,0,0,0,0,0,0,0,1,0,0,0,0,0,0,0,0,3,0,1,1,0,0,0,0,0,0,0,0,0,0,0,0,0,0,0,4,4,1,0,0,0,0,1,1.0
1g7gnqu,0.051,0.233,0.085,0.801,0.114,0.8014,363,11.681787720323904,1,4,0,2,0,2,0,0,0,0,0,0,0,0,0,0,0,0,0,0,0,1,0,0,3,11,5,0,0,0,0,2,0,0,0,0,0,0,0,1,0,0,51,17,1,5,2,0,1,0,0.2199999988079071
1g7gqec,0.027,0.44,0.05,0.739,0.21,0.9868,201,13.427899808715576,0,11,0,6,0,0,0,0,0,0,0,0,0,0,1,0,0,0,3,0,0,0,0,15,2,15,6,0,0,0,0,0,0,0,0,0,1,0,0,2,0,0,8,18,3,1,4,0,0,139,0.6899999976158142
1g7h7hv,0.056,0.026,0.059,0.845,0.096,0.9336,407,13.95054839169497,5,18,0,8,0,0,0,0,0,0,0,0,0,0,2,5,0,0,0,0,0,1,1,2,7,10,8,0,0,0,0,0,1,0,0,0,0,0,1,0,0,0,19,24,3,4,11,0,0,25,0.699999988079071
1g7i2fy,0.135,0.157,0.18,0.82,0.0,-0.296,11,8.841846274778883,0,0,0,1,0,0,0,0,0,0,0,0,0,0,1,0,0,0,0,0,0,0,0,0,0,0,0,0,0,0,0,0,0,0,0,0,0,0,0,0,0,0,1,3,0,0,0,0,0,1,1.0
1g7igay,0.18,0.396,0.313,0.687,0.0,-0.6249,10,11.20814326018867,0,0,0,0,0,0,0,0,0,0,0,0,0,0,0,0,0,0,0,0,0,0,0,0,0,0,1,0,0,0,0,0,0,0,0,0,0,0,0,0,0,0,1,2,0,0,0,0,0,1,1.0
1g7ih6c,0.037,0.181,0.059,0.807,0.134,0.9849,441,14.015710390267195,4,8,1,5,0,2,0,0,0,0,0,0,0,0,5,5,0,0,1,0,0,0,6,3,33,19,18,1,0,0,2,0,0,0,0,0,0,0,1,2,0,0,28,28,4,3,5,0,1,0,0.30000001192092896
1g7ixug,0.119,0.168,0.072,0.881,0.047,-0.5066,123,11.602472056035307,2,6,0,3,0,0,0,0,0,0,0,0,0,0,1,0,0,0,0,0,0,0,2,0,2,1,6,0,0,0,0,0,1,0,0,0,0,0,0,1,0,0,2,13,2,0,1,0,0,0,0.5
1g7ji28,0.057,0.603,0.029,0.867,0.104,0.9237,164,11.602472056035307,1,16,4,8,0,2,0,0,0,0,0,0,0,0,1,3,0,0,0,0,0,2,4,3,6,2,2,1,0,0,0,0,0,0,0,0,0,0,0,2,0,0,1,21,2,0,1,0,0,30,0.6100000143051147
1g7jxjv,0.095,0.356,0.074,0.868,0.058,-0.5524,157,12.38480682065935,2,14,0,12,0,0,0,0,0,0,0,0,0,0,1,2,0,0,0,0,0,1,1,0,5,0,2,0,0,0,0,0,0,0,0,0,0,0,0,0,0,0,1,18,1,1,4,0,0,0,0.49000000953674316
1g7k2ri,0.027,0.026,0.0,0.891,0.109,0.0258,10,14.554592549557764,0,0,0,0,0,0,0,0,0,0,0,0,0,0,0,0,0,0,0,0,0,0,0,0,0,0,0,0,0,0,0,0,0,0,0,0,0,0,0,0,0,0,0,2,0,0,0,0,0,1,1.0
1g7k6d3,0.303,0.381,0.326,0.674,0.0,-0.4404,7,8.841846274778883,1,0,0,1,0,0,0,0,0,0,0,0,0,0,0,0,0,0,0,0,0,0,0,0,0,0,1,0,0,0,0,0,0,0,0,0,0,0,0,0,0,0,0,0,0,0,1,0,0,1,1.0
1g7kp5p,0.025,0.03,0.0,0.488,0.512,0.6369,5,8.841846274778883,0,0,0,0,0,0,0,0,0,0,0,0,0,0,0,0,0,0,0,0,0,0,0,0,0,1,0,0,0,0,0,0,0,0,0,0,0,0,0,0,0,0,0,2,0,0,0,0,0,1,1.0
1g7l8xr,0.041,0.203,0.197,0.699,0.103,-0.9848,221,13.205437297517054,5,13,0,2,0,0,0,0,0,0,0,0,0,0,0,3,0,0,0,0,0,0,0,0,17,9,16,1,1,0,0,0,0,0,0,0,0,0,0,1,0,0,12,21,2,3,2,0,0,0,0.27000001072883606
1g7lfrw,0.028,0.112,0.034,0.858,0.109,0.9911,516,15.100410759659855,12,23,0,5,0,0,0,0,0,0,0,0,0,0,5,3,0,0,0,0,0,1,10,7,23,17,11,0,0,0,2,0,1,0,0,0,0,0,0,0,0,0,11,33,3,7,16,1,3,0,0.3100000023841858
1g7li6j,0.024,0.127,0.26,0.74,0.0,-0.2755,7,8.841846274778883,0,0,0,1,0,0,0,0,0,0,0,0,0,0,0,0,0,0,0,0,0,0,1,0,0,1,0,0,0,0,0,0,0,0,0,0,0,0,0,0,0,0,0,2,1,0,0,0,0,1,1.0
1g7lpnz,0.039,0.114,0.083,0.78,0.137,0.9924,612,14.603734679783177,8,30,0,16,0,0,0,0,0,0,0,0,0,0,4,4,0,0,0,0,0,6,15,11,17,36,28,0,0,0,2,1,0,0,0,0,0,0,0,0,0,0,46,33,7,8,7,1,1,0,0.2800000011920929
1g7mbi5,0.037,0.05,0.0,1.0,0.0,0.0,9,11.20814326018867,0,0,0,0,0,0,0,0,0,0,0,0,0,0,0,0,0,0,0,0,0,1,1,0,0,0,0,0,0,0,1,0,0,0,0,0,0,0,0,0,0,0,0,1,0,0,0,1,0,1,1.0
1g7mc0l,0.026,0.018,0.074,0.788,0.138,0.8869,141,15.021129683784007,1,6,0,1,0,0,0,0,0,0,0,0,0,0,0,0,0,0,1,0,0,0,4,1,4,7,1,0,0,0,1,0,0,0,0,0,0,0,0,4,0,0,2,12,1,1,2,1,0,32,0.7400000095367432
1g7mfr3,0.029,0.061,0.097,0.817,0.086,-0.6556,406,11.698219412168324,11,26,0,17,0,1,0,0,0,0,0,0,0,0,2,4,0,0,1,0,0,7,14,1,3,14,18,0,0,0,3,0,2,0,0,5,0,0,1,3,0,0,6,26,9,5,6,4,1,51,0.7099999785423279
1g7mmhh,0.022,0.078,0.157,0.843,0.0,-0.3818,15,11.20814326018867,0,1,0,0,0,0,0,0,0,0,0,0,0,0,0,0,0,0,0,0,0,0,0,0,0,0,1,0,0,0,0,0,0,0,0,0,0,0,0,0,0,0,1,0,1,0,0,0,0,1,1.0
1g7n7om,0.035,0.255,0.189,0.74,0.071,-0.4284,28,11.20814326018867,0,3,0,1,0,0,0,0,0,0,0,0,0,0,0,0,0,0,0,0,0,0,0,0,0,1,1,0,0,0,0,0,0,0,0,0,0,0,0,0,0,0,0,3,0,0,0,0,0,1,1.0
1g7nct0,0.037,0.169,0.073,0.737,0.189,0.9726,152,12.540900571622839,2,10,0,2,0,0,0,0,0,0,0,0,0,0,0,2,0,0,1,0,0,0,0,1,0,12,4,0,0,0,0,0,0,0,0,0,0,0,0,0,0,0,5,18,1,1,1,0,0,0,0.23999999463558197
1g7njby,0.016,0.029,0.182,0.566,0.252,0.1851,17,14.554592549557764,0,1,0,0,0,0,0,0,0,0,0,0,0,0,0,0,0,0,0,0,0,0,0,0,0,1,1,0,0,0,0,0,0,0,0,0,0,0,0,0,0,0,0,4,0,0,0,0,0,1,1.0
1g7nk67,0.028,0.028,0.129,0.747,0.124,0.1102,105,12.28987398476788,1,5,0,2,0,0,0,0,0,0,0,0,0,0,1,0,0,0,0,0,0,0,1,0,7,7,2,0,0,0,1,0,0,0,0,0,0,0,0,1,0,0,0,10,0,1,1,1,0,0,0.1599999964237213
1g7olxt,0.031,0.065,0.052,0.727,0.221,0.9977,381,8.964715089967882,0,12,1,6,0,1,0,0,0,0,0,0,0,2,2,3,0,1,2,0,0,0,13,19,11,26,6,0,0,0,4,0,0,0,0,0,0,0,1,2,0,0,4,21,3,2,4,2,3,0,0.25999999046325684
1g7p5pf,0.208,0.255,0.119,0.783,0.098,-0.8611,395,9.861636050157227,1,40,5,15,0,1,0,0,0,0,0,0,0,0,3,2,0,0,0,0,0,6,8,25,17,13,14,0,0,1,0,0,0,0,0,0,0,0,1,1,0,0,9,26,2,1,6,0,0,0,0.38999998569488525
1g7q6pt,0.055,0.046,0.0,1.0,0.0,0.0,7,11.20814326018867,0,1,0,1,0,0,0,0,0,0,0,0,0,0,0,0,0,0,0,0,0,0,0,0,0,0,0,0,0,0,0,0,0,0,0,0,0,0,0,0,0,0,0,3,0,0,0,0,0,1,1.0
1g7q7ur,0.022,0.109,0.052,0.84,0.108,0.914,222,16.647925096878797,6,3,0,3,0,0,0,0,0,0,0,0,0,0,1,1,0,0,0,0,0,0,0,0,2,5,6,0,0,0,0,0,0,0,0,0,0,0,0,1,0,0,9,19,2,2,4,0,0,0,0.20999999344348907
1g7qbnr,0.033,0.114,0.108,0.806,0.087,-0.1996,119,9.957137785484202,2,7,0,6,0,0,0,0,0,0,0,0,1,0,0,1,0,0,0,0,0,0,12,0,1,3,9,0,0,0,1,0,1,0,0,1,0,0,2,2,0,0,3,14,2,1,3,1,1,0,0.20000000298023224
1g7qce2,0.047,0.028,0.039,0.762,0.199,0.9991,627,12.211787698766997,7,32,0,10,0,0,0,0,0,0,0,0,0,0,4,5,0,0,1,0,0,3,3,4,21,25,12,0,0,1,0,0,0,0,0,0,0,0,2,4,0,0,15,33,2,7,9,2,0,0,0.20999999344348907
1g7qgws,0.077,0.377,0.205,0.795,0.0,-0.4767,13,8.841846274778883,0,1,0,0,0,0,0,0,0,0,0,0,0,0,0,0,0,0,0,0,0,0,0,0,0,0,1,0,0,0,0,0,0,0,0,0,0,0,0,0,0,0,0,3,0,0,0,0,0,0,0.33000001311302185
1g7qqy4,0.023,0.169,0.17,0.764,0.065,-0.9393,133,10.125756701596842,1,7,0,2,0,0,0,0,0,0,0,0,0,0,0,2,0,0,0,0,0,0,9,0,4,4,7,0,0,1,1,0,0,0,0,0,0,0,2,0,0,0,2,18,3,0,1,2,0,955,0.6800000071525574
1g7qryf,0.08,0.356,0.153,0.816,0.031,-0.9869,273,13.662883650711645,4,14,0,1,0,0,0,0,0,0,0,0,0,0,2,1,0,0,0,0,0,2,1,0,4,6,8,0,0,0,0,1,0,0,0,0,0,0,0,2,0,0,23,20,2,6,4,1,0,0,0.38999998569488525
1g7quo3,0.024,0.113,0.118,0.627,0.254,0.9975,424,10.70791436637684,4,24,1,13,0,5,1,0,0,0,0,0,0,0,1,7,0,0,0,0,1,8,38,1,10,28,17,0,0,1,2,1,0,0,0,5,1,0,4,4,0,0,2,32,8,1,5,3,0,2,0.5299999713897705
1g7r319,0.079,0.199,0.0,0.84,0.16,0.2263,11,11.20814326018867,0,0,0,0,0,0,0,0,0,0,0,0,0,0,0,0,0,0,0,0,0,0,0,2,0,1,0,0,0,0,0,0,0,0,0,0,0,0,0,0,0,0,0,3,0,0,0,0,0,1,1.0
1g7r4pu,0.05,0.203,0.088,0.912,0.0,-0.4215,30,15.903189008614273,3,1,0,1,0,0,0,0,0,0,0,0,0,0,0,2,0,0,0,0,0,0,0,2,0,0,0,0,0,0,0,0,0,0,0,0,0,0,1,1,0,0,2,9,1,0,3,0,0,1,1.0
1g7rjqk,0.557,0.07,0.128,0.777,0.095,-0.9283,301,12.161744961471694,7,20,0,8,0,0,0,0,0,1,0,0,0,0,0,1,0,1,0,0,0,5,6,0,12,9,13,0,0,0,0,0,5,0,0,0,0,0,0,1,0,0,5,23,1,2,9,1,0,0,0.44999998807907104
1g7rk37,0.06,0.153,0.029,0.826,0.145,0.9433,121,8.841846274778883,2,9,0,3,0,2,0,0,0,0,0,0,0,0,2,2,1,0,0,0,0,0,1,1,4,3,3,0,0,0,0,0,3,0,0,1,0,0,0,1,0,0,1,16,3,0,3,0,0,3,0.5899999737739563
1g7rpaf,0.097,0.396,0.171,0.829,0.0,-0.5423,18,13.023866798666859,0,0,0,0,0,0,0,0,0,0,0,0,0,0,0,0,0,0,0,0,0,0,0,1,0,0,1,0,0,0,0,0,0,0,0,0,0,0,0,0,0,0,0,3,0,0,0,0,0,1,1.0
1g7rt4r,0.06,0.11,0.113,0.815,0.072,-0.9575,418,13.023866798666859,5,15,0,8,0,0,1,0,0,0,0,0,0,0,2,3,0,0,0,0,0,7,1,1,10,6,15,0,0,0,0,0,0,0,0,0,0,0,2,0,0,0,63,28,2,6,9,1,1,0,0.3499999940395355
1g7rvw1,0.087,0.018,0.119,0.79,0.091,-0.1585,20,11.20814326018867,1,1,0,0,0,0,0,0,0,0,0,0,0,0,0,0,0,0,0,0,0,1,0,0,0,0,1,0,0,0,0,0,0,0,0,0,0,0,0,0,0,0,1,7,0,1,1,0,0,1,1.0
1g7ry3s,0.046,0.117,0.07,0.796,0.134,0.9932,524,12.1305440220866,6,25,0,5,0,0,0,0,0,0,0,0,0,0,2,4,0,0,0,0,0,7,0,1,17,20,11,0,0,0,0,0,3,0,0,0,0,0,0,1,0,0,31,28,1,8,18,0,2,0,0.23000000417232513
1g7szid,0.039,0.305,0.029,0.835,0.136,0.9423,132,13.662883650711645,1,1,0,3,0,0,0,0,0,0,0,0,0,0,2,0,0,0,0,1,0,0,6,0,2,6,11,0,0,2,1,1,0,0,0,0,1,0,0,0,0,0,5,16,1,1,1,1,1,0,0.41999998688697815
1g7tk08,0.054,0.169,0.339,0.661,0.0,-0.6249,9,8.841846274778883,0,0,0,0,0,0,0,0,0,0,0,0,0,0,0,0,0,0,0,0,0,0,0,0,0,0,1,0,0,0,0,0,0,0,0,0,0,0,0,0,0,0,0,1,0,0,0,0,0,1,1.0
1g7twg0,0.034,0.028,0.095,0.775,0.13,0.2495,24,13.023866798666859,0,1,0,2,0,0,0,0,0,0,0,0,0,0,0,0,0,0,0,0,0,0,1,0,0,2,1,0,0,0,0,0,0,0,0,0,0,0,0,0,0,0,1,4,0,0,1,0,0,1,1.0
1g7ty6j,0.04,0.603,0.047,0.827,0.125,0.998,867,11.59491666259705,3,41,1,15,0,0,0,0,0,0,0,0,0,0,5,14,0,1,0,0,0,0,12,3,4,31,13,0,1,0,4,0,1,0,0,4,0,0,0,3,0,0,87,42,5,4,8,8,0,0,0.33000001311302185
1g7tzh1,0.032,0.144,0.138,0.717,0.144,-0.6435,246,9.811843763644266,2,13,1,8,0,0,0,0,0,0,0,0,0,0,0,4,0,0,0,0,0,1,2,1,17,15,9,0,0,0,0,0,1,0,0,2,0,0,0,0,0,0,11,17,1,1,4,0,0,0,0.14000000059604645
1g7umw6,0.109,0.339,0.0,1.0,0.0,0.0,8,11.20814326018867,1,0,0,0,0,0,0,0,0,0,0,0,0,0,0,0,0,0,0,0,0,0,0,0,0,0,0,0,0,0,0,0,0,0,0,0,0,0,0,0,0,0,0,1,0,0,1,0,0,1,1.0
1g7urrx,0.092,0.398,0.217,0.635,0.148,-0.3182,14,11.20814326018867,0,0,0,0,0,0,0,0,0,0,0,0,0,0,0,0,0,0,0,0,0,0,0,0,0,0,1,0,0,0,0,0,0,0,0,0,0,0,0,0,0,0,2,1,0,0,0,0,0,1,1.0
1g7v2rj,0.061,0.132,0.086,0.743,0.17,0.8555,102,15.6451,1,4,0,1,0,0,0,0,0,0,0,0,0,0,0,0,0,0,0,0,0,0,2,0,3,7,5,0,0,0,0,0,0,0,0,0,0,0,0,0,0,0,0,12,1,0,2,0,0,0,0.2199999988079071
1g7vjto,0.044,0.112,0.0,0.948,0.052,0.0258,21,11.20814326018867,0,0,0,0,0,0,0,0,0,0,0,0,0,0,0,0,0,0,0,0,0,0,0,2,1,0,1,0,0,0,0,0,0,0,0,0,0,0,0,0,0,0,0,2,0,0,1,0,0,1,1.0
1g7vlp1,0.044,0.146,0.0,0.948,0.052,0.0258,21,11.20814326018867,0,0,0,0,0,0,0,0,0,0,0,0,0,0,0,0,0,0,0,0,0,0,0,2,1,0,1,0,0,0,0,0,0,0,0,0,0,0,0,0,0,0,0,2,0,0,1,0,0,1,1.0
1g7w1tj,0.1,0.113,0.091,0.843,0.066,-0.8794,393,13.246248875233395,5,13,0,3,0,0,0,0,0,0,0,0,0,0,5,2,0,0,0,0,0,1,7,2,6,7,21,0,0,1,0,1,1,0,0,1,0,0,0,0,0,0,27,27,2,2,5,0,1,0,0.4300000071525574
1g7wqn3,0.026,0.05,0.071,0.635,0.294,0.9982,291,12.920253819902943,4,14,0,7,0,0,0,0,0,0,0,0,0,0,1,6,0,0,0,0,0,0,7,4,1,24,12,0,0,0,0,0,0,0,0,0,0,0,1,2,0,0,0,24,2,3,6,0,0,46,0.6100000143051147
1g7xfp2,0.144,0.255,0.11,0.63,0.26,0.4404,10,8.841846274778883,1,0,0,0,0,0,0,0,0,0,0,0,0,0,0,0,0,0,0,0,0,0,0,0,0,1,1,0,0,0,0,0,0,0,0,0,0,0,0,0,0,0,1,2,0,0,1,0,0,1,1.0
1g7xhyc,0.051,0.654,0.481,0.519,0.0,-0.7579,9,8.841846274778883,0,0,0,0,0,0,0,0,0,0,0,0,0,0,0,0,0,0,0,0,0,0,0,0,0,0,2,0,0,0,0,0,0,0,0,0,0,0,0,0,0,0,0,1,0,0,0,0,0,0,0.5
1g7xow6,0.027,0.214,0.221,0.666,0.113,-0.9368,96,11.855464076750408,1,3,0,4,0,1,0,0,0,0,0,0,0,0,1,0,0,0,0,0,0,0,1,1,6,6,4,0,0,0,1,0,0,0,0,0,0,0,0,1,0,0,9,7,0,6,2,0,0,0,0.49000000953674316
1g7yvxo,0.037,0.058,0.174,0.617,0.208,0.1134,10,8.841846274778883,0,0,0,1,0,0,0,0,0,0,0,0,0,0,0,0,0,0,0,0,0,0,0,0,0,0,0,0,0,0,0,0,0,0,0,0,0,0,0,0,0,0,2,1,0,0,0,0,0,1,1.0
1g7z2e5,0.038,0.078,0.058,0.733,0.209,0.9912,229,10.194018383442646,1,21,0,13,0,0,0,0,0,0,0,0,0,0,4,3,0,0,0,0,0,0,9,4,6,5,4,0,2,0,4,1,0,0,0,0,0,0,6,1,0,0,18,19,4,3,5,3,1,1886,0.7200000286102295
1g7z81h,0.025,0.187,0.085,0.612,0.303,0.9998,776,11.654831186984918,9,49,0,29,0,0,0,0,2,0,0,0,0,0,9,9,0,0,1,0,0,0,7,36,23,35,31,0,0,1,0,0,4,0,0,0,0,0,0,9,0,0,4,32,4,10,10,1,1,0,0.3100000023841858
1g7zaue,0.045,0.255,0.22,0.78,0.0,-0.3089,9,8.841846274778883,1,0,0,1,0,1,0,0,0,0,0,0,0,0,0,0,0,0,0,0,0,0,0,0,0,0,1,0,0,0,0,0,0,0,0,0,0,0,0,0,0,0,1,0,0,0,1,0,0,1,1.0
1g7zhx0,0.03,0.141,0.167,0.761,0.073,-0.9509,154,7.908726449838941,2,9,0,7,0,2,0,0,0,0,0,0,0,0,0,1,0,0,0,0,1,0,7,0,7,4,7,0,0,0,3,0,0,0,0,0,0,0,0,0,0,0,3,18,2,0,2,2,2,0,0.4099999964237213
1g80n1q,0.193,0.556,0.179,0.703,0.119,-0.8767,150,9.120678840339163,2,9,1,5,0,0,0,0,0,0,0,0,0,0,2,1,0,0,0,0,0,0,0,7,8,5,11,0,0,0,0,0,0,0,0,0,1,0,1,1,0,0,3,15,3,1,0,0,0,0,0.30000001192092896
1g815e0,0.374,0.584,0.242,0.669,0.089,-0.9919,209,14.117786864225405,2,9,3,7,0,0,0,0,0,0,0,0,0,0,2,2,0,0,0,0,0,3,2,2,5,4,14,0,0,0,0,0,0,0,0,0,0,0,0,0,0,0,24,15,1,1,7,0,0,0,0.3499999940395355
1g815or,0.03,0.053,0.059,0.848,0.093,0.9935,1127,13.715363384822343,26,61,0,10,0,3,0,0,0,0,0,0,0,0,0,7,0,0,0,0,0,0,2,0,10,31,28,0,0,0,1,0,0,0,0,0,0,0,4,1,0,0,53,45,10,11,11,4,2,0,0.30000001192092896
1g81kdp,0.019,0.047,0.0,0.808,0.192,0.2263,9,3.1291,0,1,0,0,0,0,0,0,0,0,0,0,0,0,0,0,1,0,0,0,0,0,0,0,0,1,0,0,0,0,0,0,0,0,0,0,0,0,0,0,0,0,0,1,0,1,0,0,0,1,1.0
1g83r35,0.031,0.234,0.0,1.0,0.0,0.0,11,13.023866798666859,0,0,0,2,0,0,0,0,0,0,0,0,0,0,0,0,0,0,0,0,0,0,0,0,0,0,0,0,0,0,0,0,0,0,0,0,0,0,0,0,0,0,0,2,0,0,1,0,0,1,1.0
1g83rb8,0.106,0.069,0.0,0.734,0.266,0.4404,9,8.841846274778883,0,1,0,0,0,0,0,0,0,0,0,0,0,0,0,0,0,0,0,0,0,0,0,0,0,1,0,0,0,0,0,0,0,0,0,0,0,0,0,0,0,0,0,0,0,0,0,0,0,1,1.0
1g84ale,0.057,0.08,0.03,0.849,0.121,0.9958,561,12.68835289967788,8,28,0,20,0,4,0,0,0,0,0,0,0,0,6,8,0,0,0,0,0,2,12,4,38,18,9,1,0,0,7,1,1,0,0,0,0,0,0,2,0,0,54,31,4,5,13,2,2,0,0.3199999928474426
1g84rcp,0.049,0.111,0.203,0.644,0.153,-0.9949,666,12.762745094796674,12,25,0,10,0,0,0,0,0,0,0,0,0,0,6,7,0,0,0,0,0,13,7,0,13,26,40,2,1,1,3,0,0,0,0,0,0,0,0,5,0,0,109,40,7,5,7,1,0,48,0.5699999928474426
1g858cq,0.02,0.052,0.204,0.692,0.104,-0.3818,21,19.287186520377343,0,1,0,1,0,0,0,0,0,0,0,0,0,0,0,0,0,0,0,0,0,0,0,0,0,1,4,0,0,0,0,0,0,0,0,0,0,0,0,0,0,0,0,2,0,0,0,0,0,1,1.0
1g86jly,0.028,0.076,0.0,0.649,0.351,0.6597,12,8.841846274778883,0,1,0,0,0,0,0,0,0,0,0,0,0,0,0,0,0,0,0,0,0,0,0,0,0,1,0,0,0,0,0,0,0,0,0,0,0,0,0,0,0,0,2,1,0,0,1,0,0,1,1.0
1g86l9i,0.024,0.061,0.0,0.704,0.296,0.2732,6,3.1291,0,0,0,0,0,0,0,0,0,0,0,0,0,0,0,0,0,0,0,0,0,0,0,0,0,0,0,0,0,0,0,0,0,0,0,0,0,0,0,0,0,0,0,0,0,0,1,0,0,1,1.0
1g88bfd,0.042,0.104,0.149,0.739,0.112,-0.7982,158,13.925175675911131,3,13,0,7,0,0,0,0,0,0,0,0,0,0,1,1,0,0,0,0,0,0,3,0,4,5,8,0,1,0,1,0,0,0,0,0,0,0,0,1,0,0,1,17,0,1,5,2,0,19,0.6100000143051147
1g89zsz,0.042,0.073,0.111,0.75,0.139,0.9737,597,17.37919286519448,4,27,0,9,0,0,0,0,0,0,0,0,0,0,2,7,0,0,1,0,1,0,8,3,4,22,14,0,0,0,3,0,0,0,0,2,0,0,2,4,0,0,50,38,4,6,11,1,0,0,0.33000001311302185
1g8a56o,0.012,0.043,0.035,0.833,0.131,0.6124,28,14.554592549557764,0,1,0,0,0,0,0,0,0,0,0,0,0,0,1,0,0,0,0,0,0,0,0,0,3,2,0,0,0,0,0,0,0,0,0,0,0,0,0,0,0,0,2,5,0,0,0,0,0,1,1.0
1g8a65p,0.082,0.136,0.04,0.855,0.106,0.8922,147,9.606745405546679,1,4,0,5,0,0,0,0,0,0,0,0,1,0,0,3,0,1,0,0,0,1,14,1,9,7,0,0,0,0,1,0,0,0,0,0,0,0,0,2,0,0,3,19,1,1,4,0,1,0,0.23999999463558197
1g8a7qa,0.018,0.031,0.027,0.873,0.1,0.8967,181,12.340626583579944,2,9,0,1,0,0,0,0,0,0,0,0,0,0,3,1,0,0,0,0,0,0,4,2,13,12,3,0,0,0,1,0,0,0,0,0,0,0,1,1,0,0,5,20,2,1,3,2,0,0,0.28999999165534973
1g8b9ve,0.153,0.202,0.096,0.84,0.064,-0.8492,291,13.484332010920856,4,14,0,7,0,0,0,0,0,0,0,0,0,0,2,0,0,0,0,0,0,0,0,1,14,8,13,0,0,0,0,0,0,0,0,0,0,0,0,4,0,0,7,18,1,6,6,0,0,0,0.17000000178813934
1g8bg5z,0.046,0.378,0.047,0.827,0.126,0.9207,136,14.005844860021309,6,14,0,3,0,0,0,0,0,0,0,0,0,0,1,2,0,0,0,0,0,1,0,0,2,2,2,0,0,0,0,0,2,0,0,0,0,0,1,3,0,0,3,15,3,1,6,0,0,0,0.25999999046325684
1g8bh8n,0.058,0.08,0.135,0.759,0.105,-0.8725,222,11.473099999999999,2,16,0,4,0,0,0,0,0,0,0,0,0,0,0,4,0,0,1,0,0,0,5,4,3,8,10,0,0,0,0,0,1,0,0,0,0,0,0,1,0,0,1,20,1,0,6,0,0,0,0.5
1g8blzw,0.039,0.019,0.0,1.0,0.0,0.0,3,8.841846274778883,0,0,0,0,0,0,0,0,0,0,0,0,0,0,0,0,0,0,0,0,0,0,0,0,0,0,0,0,0,0,0,0,0,0,0,0,0,0,0,0,0,0,0,2,0,0,0,0,0,1,1.0
1g8c5v1,0.091,0.105,0.272,0.413,0.315,0.1311,7,8.841846274778883,0,0,0,1,0,0,0,0,0,0,0,0,0,0,0,0,0,0,0,0,0,0,0,0,0,0,1,0,0,0,0,0,0,0,0,0,0,0,0,0,0,0,1,2,0,0,0,0,0,1,1.0
1g8cmky,0.072,0.077,0.038,0.879,0.083,0.9159,242,12.857556352371635,5,13,0,3,0,0,0,0,0,0,0,0,0,0,1,1,0,0,0,0,0,2,7,1,0,7,4,0,1,0,1,0,1,0,0,0,0,0,0,1,0,0,8,18,2,2,4,2,0,68,0.7699999809265137
1g8e75v,0.607,0.305,0.172,0.547,0.281,0.34,9,8.841846274778883,0,0,0,1,0,0,0,0,0,0,0,0,0,0,0,0,0,0,0,0,0,0,0,0,0,1,0,0,0,0,0,0,0,0,0,0,0,0,0,0,0,0,0,0,0,0,0,0,0,1,1.0
1g8e9ex,0.019,0.378,0.17,0.625,0.205,0.9657,358,12.221763196225844,4,24,0,6,0,1,0,0,0,0,0,0,0,0,2,4,0,1,0,0,0,0,14,1,30,29,22,0,0,1,2,1,0,0,0,0,0,0,0,2,0,0,17,20,2,0,8,4,0,0,0.23000000417232513
1g8eb2n,0.341,0.305,0.159,0.82,0.021,-0.9427,122,11.765960540728905,2,9,1,3,0,0,0,0,0,0,0,0,0,0,0,0,0,0,0,0,0,0,0,2,2,0,8,0,0,0,0,0,0,0,0,0,0,0,1,2,0,0,1,12,1,1,3,0,0,0,0.12999999523162842
1g8eddl,0.086,0.589,0.255,0.573,0.172,-0.5574,22,8.841846274778883,0,1,0,0,0,0,0,0,0,0,0,0,0,0,0,0,0,0,0,0,0,0,0,3,0,2,2,0,0,0,0,0,0,0,0,0,0,0,0,1,0,0,0,4,0,0,0,0,0,1,1.0
1g8fpp6,0.08,0.089,0.021,0.79,0.189,0.9815,132,9.725611199111238,1,5,0,3,0,0,0,0,0,0,0,0,0,0,0,2,0,0,0,0,0,1,3,0,4,6,3,0,0,1,1,0,0,0,0,0,0,0,1,3,0,0,1,15,1,2,0,1,1,226,0.75
1g8gapa,0.064,0.201,0.085,0.79,0.125,0.4719,108,13.968273953766033,0,9,0,2,0,0,0,0,0,0,0,0,0,0,1,1,0,0,0,0,0,0,0,0,2,7,2,0,0,0,0,1,0,0,0,0,0,0,0,3,0,0,7,16,2,1,0,0,0,0,0.44999998807907104
1g8gmj5,0.033,0.037,0.0,1.0,0.0,0.0,12,8.841846274778883,0,1,0,0,0,0,0,0,0,0,0,0,0,0,0,0,0,0,0,0,0,1,0,0,0,1,0,0,0,0,0,0,0,0,0,0,0,0,0,0,0,0,1,2,0,1,0,0,0,1,1.0
1g8gvcw,0.044,0.146,0.0,0.948,0.052,0.0258,21,11.20814326018867,0,0,0,0,0,0,0,0,0,0,0,0,0,0,0,0,0,0,0,0,0,0,0,2,1,0,1,0,0,0,0,0,0,0,0,0,0,0,0,0,0,0,0,2,0,0,1,0,0,1,1.0
1g8h6ig,0.045,0.339,0.314,0.686,0.0,-0.4939,8,3.1291,0,0,0,0,0,0,0,0,0,0,0,0,0,0,0,0,0,0,0,0,0,0,0,0,0,0,1,0,0,0,0,0,0,0,0,0,0,0,0,0,0,0,1,1,0,0,0,0,0,1,1.0
1g8h72j,0.274,0.479,0.246,0.654,0.1,-0.9932,193,10.047579312681364,1,10,0,4,0,0,0,0,0,0,0,0,0,0,1,3,0,0,0,0,1,1,14,5,3,1,13,1,0,0,0,0,1,0,0,1,0,0,1,0,0,0,2,15,1,4,1,4,0,0,0.23000000417232513
1g8h7no,0.109,0.339,0.0,1.0,0.0,0.0,16,11.20814326018867,1,0,0,0,0,0,0,0,0,0,0,0,0,0,0,0,0,0,0,0,0,0,0,0,1,0,0,0,0,0,0,0,0,0,0,0,0,0,0,0,0,0,0,3,0,0,1,0,0,1,1.0
1g8h9sh,0.336,0.378,0.0,1.0,0.0,0.0,16,7.168621630094336,1,0,0,0,0,0,0,0,0,0,0,0,0,0,0,0,0,0,0,0,0,0,0,0,1,0,0,0,0,0,0,0,0,0,0,0,0,0,0,0,0,0,0,2,0,0,1,0,0,1,1.0
1g8ha6w,0.323,0.401,0.0,1.0,0.0,0.0,16,7.168621630094336,1,0,0,0,0,0,0,0,0,0,0,0,0,0,0,0,0,0,0,0,0,0,0,0,1,0,0,0,0,0,0,0,0,0,0,0,0,0,0,0,0,0,0,2,0,0,1,0,0,1,1.0
1g8hbjp,0.031,0.031,0.022,0.845,0.133,0.9976,648,16.564684968191745,9,39,0,3,0,1,0,0,0,0,0,0,0,0,0,5,0,0,0,0,0,29,0,0,6,19,6,0,0,0,0,0,0,0,0,0,0,0,1,4,0,0,13,33,1,11,10,0,1,0,0.25
1g8hbnb,0.226,0.479,0.0,1.0,0.0,0.0,17,8.841846274778883,1,0,0,0,0,0,0,0,0,0,0,0,0,0,0,0,0,0,0,0,0,0,0,0,1,0,0,0,0,0,0,0,0,0,0,0,0,0,0,0,0,0,0,2,0,0,1,0,0,1,1.0
1g8hbyw,0.259,0.508,0.0,1.0,0.0,0.0,16,3.1291,1,0,0,0,0,0,0,0,0,0,0,0,0,0,0,0,0,0,0,0,0,0,0,0,1,0,0,0,0,0,0,0,0,0,0,0,0,0,0,0,0,0,0,2,0,0,1,0,0,1,1.0
1g8hck3,0.147,0.52,0.0,1.0,0.0,0.0,16,3.1291,1,0,0,0,0,0,0,0,0,0,0,0,0,0,0,0,0,0,0,0,0,0,0,0,1,0,0,0,0,0,0,0,0,0,0,0,0,0,0,0,0,0,0,2,0,0,1,0,0,1,1.0
1g8hcww,0.077,0.021,0.0,0.615,0.385,0.3612,5,3.1291,0,0,0,0,0,0,0,0,0,0,0,0,0,0,0,0,0,0,0,0,0,0,1,0,0,1,0,0,0,0,0,0,0,0,0,0,0,0,0,0,0,0,0,1,1,0,0,0,0,1,1.0
1g8hklp,0.055,0.038,0.017,0.856,0.127,0.9549,151,15.6451,2,12,0,6,0,0,0,0,0,0,0,0,0,0,1,1,0,0,1,0,0,2,3,1,3,4,2,0,0,0,1,0,0,0,0,0,0,0,2,2,0,0,1,17,5,4,2,0,0,0,0.3799999952316284
1g8ics1,0.029,0.267,0.082,0.795,0.123,0.8822,235,11.407655852321103,1,18,0,9,0,0,0,0,0,0,0,0,0,0,0,4,0,0,0,0,0,0,4,0,8,9,11,0,0,0,1,0,0,0,0,0,0,0,0,1,0,0,5,18,1,1,0,2,0,0,0.20999999344348907
1g8iqsl,0.152,0.027,0.0,1.0,0.0,0.0,8,11.20814326018867,0,0,0,0,0,0,0,0,0,0,0,0,0,0,0,0,0,0,0,0,0,0,0,0,0,0,0,0,0,0,0,0,0,0,0,0,0,0,0,0,0,0,0,0,0,0,0,0,0,1,1.0
1g8ixbh,0.085,0.04,0.0,0.794,0.206,0.3802,11,8.841846274778883,0,0,0,1,0,0,0,0,0,0,0,0,0,0,0,0,0,0,0,0,0,0,1,0,0,0,1,0,0,0,0,0,0,0,0,0,0,0,0,0,0,0,1,3,0,0,1,0,0,1,1.0
1g8j179,0.042,0.132,0.0,0.805,0.195,0.4847,14,10.125756701596842,0,0,0,1,0,0,0,0,0,0,0,0,0,0,0,0,0,0,0,0,0,0,0,0,0,0,1,0,0,0,0,0,0,0,0,0,0,0,0,0,0,0,0,3,0,0,0,0,0,1,1.0
1g8j1wr,0.184,0.178,0.198,0.802,0.0,-0.4939,14,13.023866798666859,0,0,0,1,0,0,0,0,0,0,0,0,0,0,0,0,0,0,0,0,0,0,0,0,0,0,0,0,0,0,0,0,0,0,0,0,0,0,0,0,0,0,1,3,0,0,1,0,0,1,0.9900000095367432
1g8ji1d,0.062,0.034,0.026,0.851,0.123,0.9942,454,15.532846611407376,12,33,1,10,0,1,0,0,0,0,0,0,0,0,1,5,0,0,0,0,0,3,9,1,3,19,7,0,2,1,5,0,0,0,0,0,0,0,1,3,0,0,7,25,3,5,10,6,0,3,0.5400000214576721
1g8jjkf,0.096,0.112,0.085,0.808,0.108,0.1531,23,13.023866798666859,1,0,0,1,0,0,0,0,0,0,0,0,0,0,0,0,0,0,0,0,0,0,0,0,1,0,0,0,0,0,0,0,0,0,0,0,0,0,0,0,0,0,1,5,0,0,1,0,0,1,1.0
1g8jwzp,0.072,0.111,0.108,0.76,0.132,0.1425,19,11.20814326018867,0,0,0,1,0,0,0,0,0,0,0,0,0,0,1,0,0,0,0,0,0,1,0,0,0,0,1,0,0,0,0,0,0,0,0,0,0,0,1,1,0,0,2,6,1,0,0,0,0,1,0.9900000095367432
1g8jy0h,0.063,0.199,0.717,0.283,0.0,-0.8225,5,8.841846274778883,0,0,0,0,0,0,0,0,0,0,0,0,0,0,0,0,0,0,0,0,0,0,0,0,0,0,2,0,0,0,0,0,0,0,0,0,0,0,0,0,0,0,0,0,0,0,0,0,0,1,1.0
1g8jybu,0.199,0.298,0.0,1.0,0.0,0.0,21,15.903189008614273,0,0,0,0,0,0,0,0,0,0,0,0,0,0,0,0,0,0,0,0,0,0,0,0,0,0,1,0,0,0,0,0,0,0,0,0,0,0,0,0,0,0,1,7,0,0,0,0,0,1,1.0
1g8k0dd,0.048,0.049,0.128,0.751,0.121,-0.9031,615,16.439396014739867,9,30,0,10,0,0,0,0,0,0,0,0,0,0,0,8,0,1,0,0,0,5,6,0,18,11,30,0,0,1,3,0,0,0,0,2,0,0,1,3,0,0,13,32,4,4,13,2,0,42,0.7099999785423279
1g8kluv,0.044,0.112,0.361,0.639,0.0,-0.6866,12,3.1291,0,0,0,0,0,0,0,0,0,0,0,0,0,0,0,0,0,0,0,0,0,0,0,0,0,0,2,0,0,0,0,0,0,0,0,0,0,0,0,0,0,0,1,1,0,0,1,0,0,1,1.0
1g8loj5,0.343,0.361,0.088,0.79,0.122,0.9769,851,12.239951139068232,4,27,1,18,0,5,0,0,0,0,0,0,0,0,8,1,0,0,1,0,1,9,7,6,30,34,24,0,0,0,1,1,0,0,0,1,0,0,1,4,0,0,19,37,5,4,9,1,1,0,0.20000000298023224
1g8lxin,0.037,0.042,0.09,0.853,0.057,-0.9362,310,11.807384569943707,8,18,0,9,0,0,0,0,0,0,0,0,0,0,2,3,0,0,4,0,0,0,3,13,4,6,9,0,0,0,0,0,0,0,0,0,0,0,0,1,0,0,8,24,2,1,8,0,0,75,0.7099999785423279
1g8mgrj,0.031,0.203,0.0,1.0,0.0,0.0,15,14.554592549557764,0,0,0,0,0,0,0,0,0,0,0,0,0,0,0,0,0,0,0,0,0,0,0,0,0,0,1,0,0,0,0,0,0,0,0,0,0,0,0,0,0,0,0,2,0,0,0,0,0,1,1.0
1g8mkl5,0.031,0.226,0.0,1.0,0.0,0.0,15,14.554592549557764,0,0,0,0,0,0,0,0,0,0,0,0,0,0,0,0,0,0,0,0,0,0,0,0,0,0,1,0,0,0,0,0,0,0,0,0,0,0,0,0,0,0,0,2,0,0,0,0,0,1,1.0
1g8mq4y,0.034,0.049,0.0,1.0,0.0,0.0,7,8.841846274778883,0,0,0,0,0,0,0,0,0,0,0,0,0,0,0,0,0,0,0,0,0,0,0,0,0,0,2,0,1,0,0,0,0,0,0,0,0,0,0,0,0,0,0,0,0,0,0,0,0,1,1.0
1g8n3eo,0.023,0.046,0.053,0.853,0.094,0.8742,224,11.792908689023552,5,11,0,1,0,0,0,0,0,0,0,0,0,0,1,1,0,1,0,0,0,0,13,1,0,7,6,0,0,1,0,0,0,0,0,2,0,0,0,1,0,0,1,20,2,4,5,2,0,0,0.3199999928474426
1g8o1mu,0.041,0.059,0.07,0.81,0.12,0.8237,170,15.470042427545799,2,6,0,2,0,0,0,0,0,0,0,0,0,0,0,1,0,0,0,0,0,0,12,0,0,3,5,0,0,0,3,0,0,0,0,0,0,0,0,0,0,0,10,20,1,0,1,2,1,0,0.3700000047683716
1g8oznk,0.027,0.057,0.064,0.801,0.135,0.9946,612,12.857556352371635,6,44,0,8,0,0,0,0,1,0,0,0,0,0,0,4,0,0,0,0,0,16,1,33,5,24,16,0,0,3,1,1,3,0,0,3,0,0,0,3,0,0,13,30,2,4,10,1,3,0,0.36000001430511475
1g8pc0k,0.032,0.039,0.092,0.811,0.096,0.3345,290,11.958738252310603,2,24,0,4,0,0,0,0,0,0,0,0,0,0,1,2,0,0,0,0,0,5,12,4,4,9,12,0,0,2,5,1,0,0,0,6,0,0,0,1,0,0,3,20,2,9,5,2,0,0,0.5
1g8pfp2,0.063,0.047,0.009,0.957,0.033,0.5574,312,18.511140095513987,4,16,0,4,0,0,0,0,0,0,0,0,0,1,2,0,0,0,0,0,0,4,1,9,4,2,2,0,0,0,0,0,0,0,0,0,0,0,0,0,0,0,23,20,2,1,9,0,0,0,0.07999999821186066
1g8pkb2,0.068,0.038,0.086,0.805,0.109,0.856,439,13.348371206891418,2,24,0,9,0,0,0,0,0,0,0,0,0,0,3,3,0,0,1,0,0,0,0,25,21,14,14,2,0,0,0,0,0,0,0,0,0,0,2,0,0,0,23,30,4,1,14,1,0,0,0.4300000071525574
1g8pktp,0.033,0.026,0.083,0.811,0.105,0.7269,246,13.81666964889586,3,18,0,5,0,0,0,0,0,0,0,0,0,0,0,2,0,0,0,0,0,4,10,0,1,7,13,0,0,0,5,1,0,0,0,2,0,0,0,0,0,0,3,15,3,8,8,1,0,31,0.8600000143051147
1g8pqfg,0.043,0.05,0.052,0.904,0.043,0.2028,129,9.888512548439397,0,8,0,4,0,0,0,0,0,0,0,0,0,0,1,1,0,0,0,0,0,0,5,3,0,4,6,0,0,0,0,0,0,0,0,0,0,0,0,2,0,0,5,8,0,0,1,0,0,292,0.7300000190734863
1g8qkby,0.034,0.036,0.0,0.805,0.195,0.4404,13,11.20814326018867,0,0,0,0,0,0,0,0,0,0,0,0,0,0,0,0,0,0,0,0,0,0,0,0,0,1,0,0,0,0,0,0,0,0,0,0,0,0,0,0,0,0,0,4,0,0,0,0,0,1,1.0
1g8qtzt,0.293,0.427,0.0,1.0,0.0,0.0,9,3.1291,1,0,0,1,0,0,0,0,0,0,0,0,0,0,0,0,0,0,0,0,0,0,0,0,1,0,0,0,0,0,0,0,0,0,0,0,0,0,0,0,0,0,0,0,0,0,1,0,0,1,1.0
1g8rcue,0.044,0.442,0.356,0.644,0.0,-0.886,19,14.554592549557764,0,1,0,1,0,0,0,0,0,0,0,0,0,0,0,1,0,0,0,0,0,0,0,0,0,2,2,0,0,0,0,0,0,0,0,0,0,0,0,1,0,0,0,4,1,0,0,0,0,1,1.0
1g8rf7y,0.047,0.04,0.091,0.778,0.131,0.9662,388,10.472087959537523,2,15,1,7,0,0,0,0,0,0,0,0,0,0,0,3,0,0,0,0,0,0,1,10,5,22,16,0,0,0,1,0,0,0,0,0,1,0,2,0,0,0,5,26,3,1,9,0,1,0,0.1899999976158142
1g8rgbi,0.091,0.134,0.027,0.847,0.126,0.8549,116,11.765960540728905,0,1,0,2,0,0,0,0,0,0,0,0,0,0,0,1,0,0,0,0,0,0,2,0,11,4,4,0,0,1,1,0,0,0,0,0,0,0,1,0,0,0,1,15,3,0,1,2,0,0,0.2199999988079071
1g8ritn,0.064,0.163,0.11,0.763,0.126,0.9414,1178,15.460661246085486,7,69,0,24,0,4,0,0,0,0,0,0,0,0,5,12,0,0,0,0,0,2,1,0,30,44,26,0,0,0,0,0,2,0,0,0,0,0,2,5,0,0,137,46,6,11,27,1,1,0,0.3499999940395355
1g8rmnb,0.047,0.025,0.0,0.879,0.121,0.9774,245,12.872792785125622,5,12,0,1,0,0,0,0,0,0,0,0,0,0,0,1,0,0,0,0,0,0,1,2,0,8,1,0,0,0,0,0,0,0,0,0,0,0,0,1,0,0,11,18,1,2,4,0,0,37,0.7099999785423279
1g8sv49,0.027,0.038,0.098,0.783,0.119,0.936,830,13.357759606856668,9,37,0,13,0,0,0,0,0,0,0,0,0,0,2,9,0,0,0,0,0,1,8,2,25,25,29,0,1,0,1,0,1,0,0,0,0,0,0,5,0,0,39,45,5,2,22,2,0,0,0.28999999165534973
1g8t1tx,0.037,0.378,0.254,0.637,0.108,-0.9817,146,14.005844860021309,3,4,0,2,0,0,0,0,0,0,0,0,0,0,0,2,0,0,0,0,0,0,1,2,4,11,18,0,0,1,0,0,0,0,0,0,0,0,0,1,0,0,11,15,0,0,1,1,0,304,0.6800000071525574
1g8tgz1,0.055,0.082,0.0,0.775,0.225,0.4404,11,8.841846274778883,0,0,0,0,0,0,0,0,0,0,0,0,0,0,0,0,0,0,0,0,0,0,0,0,0,1,1,0,0,0,0,0,0,0,0,0,0,0,0,0,0,0,0,4,0,0,0,0,0,1,1.0
1g8tw3b,0.034,0.097,0.098,0.729,0.173,0.9646,244,18.49072596562266,0,3,0,0,0,0,0,0,0,0,0,0,0,0,1,3,0,0,0,0,0,0,1,1,1,18,14,0,0,0,0,0,0,0,0,0,0,0,0,0,0,0,2,15,1,5,0,0,0,0,0.2199999988079071
1g8uckw,0.042,0.054,0.099,0.756,0.145,0.7908,144,14.005844860021309,0,10,0,4,0,0,0,0,0,0,0,0,0,0,0,4,0,0,0,0,0,0,12,0,0,6,5,0,0,0,0,0,0,0,0,0,1,0,0,1,0,0,1,14,1,2,4,1,0,0,0.4699999988079071
1g8vlsb,0.023,0.039,0.0,0.618,0.382,0.7783,13,8.841846274778883,0,1,0,0,0,0,0,0,0,0,0,0,0,0,0,0,0,0,0,0,0,0,0,0,0,1,0,0,0,0,0,0,0,0,0,0,0,0,0,0,0,0,0,1,0,0,0,0,0,1,1.0
1g8vqy0,0.028,0.206,0.015,0.763,0.221,0.9882,165,12.031772070788634,3,13,0,2,0,0,0,0,0,0,0,0,0,0,1,1,0,0,0,0,0,0,10,0,3,10,1,0,0,0,2,0,1,0,0,0,0,0,0,1,0,0,0,13,3,0,6,2,0,36,0.550000011920929
1g8vxqg,0.08,0.026,0.087,0.781,0.132,0.9641,324,11.013438906972478,7,13,0,8,0,0,0,0,0,0,0,0,0,0,0,4,0,0,0,0,0,5,6,6,5,10,10,0,0,2,1,1,0,0,0,0,1,0,0,0,0,0,18,14,1,3,11,3,0,0,0.33000001311302185
1g8wjat,0.023,0.05,0.087,0.801,0.111,0.9191,410,12.926379034027164,9,28,0,12,0,0,0,0,0,0,0,0,0,0,1,7,0,0,0,0,0,10,5,0,7,23,21,0,0,1,0,0,0,0,0,3,0,0,3,3,0,0,15,33,5,3,4,2,2,2,0.5099999904632568
1g8wq9c,0.114,0.082,0.048,0.807,0.145,0.9331,135,9.606745405546679,1,1,0,3,0,2,0,0,0,0,0,0,0,0,0,2,0,0,0,0,0,5,11,0,3,5,3,0,0,0,0,0,0,0,0,0,0,0,0,1,0,0,5,15,0,0,1,0,0,0,0.27000001072883606
1g8wzu3,0.029,0.038,0.053,0.747,0.2,0.9967,392,10.992663274268292,3,23,0,9,0,0,0,0,0,0,0,0,0,0,1,8,0,0,0,0,0,0,6,8,14,18,8,0,1,0,6,0,0,0,0,0,0,0,4,3,0,0,26,28,5,4,2,6,0,0,0.4699999988079071
1g8wzy5,0.044,0.377,0.066,0.854,0.08,0.6031,250,14.117786864225405,3,12,2,3,0,0,0,0,0,0,0,0,1,0,0,1,0,0,0,0,0,2,11,0,2,11,11,0,0,0,0,0,1,0,0,0,0,0,1,1,0,0,17,16,2,2,6,0,0,0,0.3100000023841858
1g8x5x2,0.049,0.589,0.135,0.744,0.121,-0.9367,588,12.900945668950047,5,46,1,20,0,0,0,0,0,0,1,0,0,0,4,6,0,1,1,0,0,0,12,14,20,22,36,0,0,1,1,0,1,0,0,2,0,0,4,0,0,0,21,27,6,3,8,2,1,1,1.0
1g8xgc9,0.043,0.592,0.136,0.743,0.121,-0.9367,585,12.900945668950047,5,46,1,20,0,0,0,0,0,0,1,0,0,0,4,6,0,1,1,0,0,0,12,13,20,22,36,0,0,1,1,0,1,0,0,2,0,0,4,0,0,0,21,27,6,3,8,2,1,27,0.5899999737739563
1g8y1k1,0.059,0.018,0.0,0.881,0.119,0.6124,39,14.554592549557764,1,0,0,0,0,0,0,0,0,0,0,0,0,0,0,0,0,0,0,0,0,0,0,5,0,2,0,0,0,0,0,0,0,0,0,0,0,0,0,1,0,0,2,5,1,0,1,0,0,1,1.0
1g8yugw,0.056,0.018,0.019,0.933,0.048,0.8644,318,11.20814326018867,1,10,0,6,0,0,0,0,0,0,0,0,0,0,4,3,0,0,0,0,1,1,14,6,2,11,4,0,0,1,1,0,0,0,0,0,0,0,0,1,0,0,8,24,0,6,3,2,1,113,0.7400000095367432
1g8z0mt,0.033,0.394,0.102,0.837,0.06,-0.2263,20,11.20814326018867,0,0,0,0,0,0,0,0,0,0,0,0,0,0,0,0,0,0,0,0,0,0,0,0,2,0,2,0,0,0,0,0,0,0,0,0,0,0,0,1,0,0,0,4,0,0,0,0,0,0,0.5
1g8z1yu,0.238,0.32,0.155,0.772,0.073,-0.9957,541,14.494928995282308,3,30,2,10,0,0,0,0,0,0,0,0,0,0,0,4,0,0,0,0,0,0,3,0,11,13,30,0,0,0,0,0,1,0,0,3,0,0,1,2,0,0,37,29,0,3,8,0,0,111,0.5799999833106995
1g8z61c,0.03,0.02,0.031,0.873,0.096,0.9528,259,11.37473899888905,5,16,0,1,0,0,0,0,0,0,0,0,0,0,2,3,0,0,0,0,0,1,3,0,18,10,2,0,0,1,1,0,0,0,0,0,0,0,1,3,0,0,10,30,3,1,8,1,1,0,0.4699999988079071
1g8zev1,0.174,0.056,0.0,1.0,0.0,0.0,23,11.20814326018867,0,1,0,0,0,0,0,0,0,0,0,0,0,0,0,0,0,0,0,0,0,0,0,0,1,2,0,0,0,0,0,0,0,0,0,0,0,0,0,0,0,0,8,3,0,0,1,0,0,1,1.0
1g8zgxy,0.075,0.375,0.089,0.836,0.075,-0.8201,363,14.362553787682575,2,24,0,3,0,0,0,0,0,0,0,0,0,0,0,3,1,0,0,0,0,1,2,5,11,13,18,0,0,0,0,0,0,0,0,0,0,0,0,1,0,0,17,26,2,0,3,3,1,2485,0.7200000286102295
1g907vy,0.096,0.307,0.191,0.809,0.0,-0.7096,27,15.903189008614273,0,3,0,0,0,0,0,0,0,0,0,0,0,0,0,0,0,0,0,0,0,0,0,0,1,0,2,0,0,0,0,0,0,0,0,0,0,0,0,0,0,0,0,5,0,0,0,0,0,1,1.0
1g908tr,0.046,0.13,0.06,0.867,0.073,0.7371,521,15.097117867076683,4,14,1,9,0,4,0,0,0,0,0,0,0,0,0,0,0,0,0,0,0,3,8,5,4,17,14,0,0,0,0,0,0,0,0,0,0,0,0,1,0,0,24,25,3,1,10,1,0,149,0.8299999833106995
1g90alf,0.085,0.09,0.049,0.804,0.147,0.9634,159,11.20814326018867,1,10,0,5,0,0,0,0,0,0,0,0,0,0,0,1,0,0,0,0,0,2,3,3,0,8,2,0,0,1,0,0,0,0,0,0,0,0,1,1,0,0,12,16,4,0,3,0,0,0,0.3700000047683716
1g90h7g,0.113,0.036,0.0,1.0,0.0,0.0,11,13.023866798666859,0,1,0,1,0,0,0,0,0,0,0,0,0,0,0,0,0,0,0,0,0,0,0,0,0,1,0,0,0,0,0,0,0,0,0,0,0,0,0,0,0,0,1,0,0,0,0,0,0,1,1.0
1g90lxn,0.034,0.113,0.0,1.0,0.0,0.0,14,3.1291,1,1,0,2,0,0,0,0,0,0,0,0,0,0,0,0,0,0,0,0,0,0,0,3,0,0,0,0,0,0,0,0,0,0,0,0,0,0,0,0,0,0,0,4,0,0,1,0,0,1,1.0
1g91qu0,0.04,0.023,0.075,0.879,0.045,-0.6826,240,13.023866798666859,6,13,0,5,0,0,0,0,0,0,0,0,0,0,0,1,1,0,0,0,0,4,4,0,1,7,6,0,2,1,0,0,0,0,0,0,0,0,1,2,0,0,4,23,3,2,6,2,0,0,0.12999999523162842
1g92x60,0.022,0.386,0.14,0.733,0.126,-0.7296,185,13.023866798666859,5,5,1,4,0,0,0,0,0,0,0,0,0,0,1,5,0,0,0,0,0,2,8,0,5,11,8,0,1,0,1,0,0,0,0,1,0,0,0,3,0,0,12,22,1,1,7,1,0,0,0.2800000011920929
1g931d1,0.033,0.032,0.0,0.82,0.18,0.0258,6,3.1291,0,0,0,0,0,0,0,0,0,0,0,0,0,0,0,0,0,0,0,0,0,0,0,0,0,0,0,0,0,0,0,0,1,0,0,0,0,0,0,0,0,0,0,0,0,0,0,0,0,1,0.6600000262260437
1g93dq7,0.484,0.427,0.05,0.725,0.225,0.9695,121,10.411451182825502,1,10,1,2,0,0,0,0,0,0,0,0,0,0,1,0,0,0,0,0,0,1,0,2,1,10,7,0,0,0,0,0,1,0,0,0,0,0,0,5,0,0,0,14,1,2,0,0,0,0,0.12999999523162842
1g93yzg,0.074,0.465,0.098,0.866,0.036,-0.9574,298,15.299343439825492,0,12,0,0,0,0,0,0,0,0,0,0,0,0,1,1,0,0,0,0,0,1,7,0,7,10,19,0,0,0,3,0,0,0,0,2,0,0,0,0,0,0,19,18,0,4,2,0,0,19,0.550000011920929
1g941t4,0.053,0.154,0.0,0.901,0.099,0.93,139,10.355215969177355,1,7,0,2,0,0,0,0,0,0,0,0,0,0,1,1,0,0,0,0,0,0,11,0,0,6,1,0,0,0,0,0,0,0,0,1,0,0,1,2,0,0,1,14,2,1,1,0,0,0,0.28999999165534973
1g943ul,0.057,0.122,0.239,0.761,0.0,-0.296,8,11.20814326018867,0,0,0,1,0,0,0,0,0,0,0,0,0,0,0,0,0,0,0,0,0,0,0,0,0,0,1,0,0,0,0,0,0,0,0,0,0,0,0,0,0,0,0,1,0,0,0,0,0,1,1.0
1g954q2,0.046,0.028,0.0,1.0,0.0,0.0,14,8.841846274778883,0,1,0,2,0,0,0,0,0,0,0,0,0,0,0,0,0,0,0,0,0,0,1,0,0,0,0,0,0,0,0,0,0,0,0,0,0,0,0,0,0,0,1,3,0,0,0,0,0,1,1.0
1g95hl8,0.025,0.097,0.065,0.869,0.065,-0.2666,204,18.062587368997235,4,11,0,4,0,0,0,0,0,0,0,0,0,0,1,2,0,0,0,0,0,3,3,0,9,16,5,0,0,0,0,0,0,0,0,0,0,0,0,0,0,0,22,16,1,2,5,0,0,0,0.3499999940395355
1g95jw2,0.151,0.361,0.0,1.0,0.0,0.0,23,8.841846274778883,2,0,0,0,0,1,0,0,0,0,0,0,0,0,0,0,0,0,0,0,0,0,0,0,0,2,2,0,0,0,0,0,0,0,0,0,0,0,0,0,0,0,2,5,0,0,2,0,0,1,1.0
1g95k7b,0.047,0.075,0.055,0.867,0.078,0.5046,173,11.407655852321103,5,19,0,4,0,0,0,0,0,0,0,0,0,0,1,7,0,0,0,0,0,0,5,0,0,2,2,1,2,0,3,1,0,0,0,0,0,0,0,0,0,0,2,15,1,0,3,2,0,2,0.6200000047683716
1g95l91,0.068,0.378,0.0,1.0,0.0,0.0,24,8.841846274778883,2,0,0,0,0,1,0,0,0,0,0,0,0,0,0,0,0,0,0,0,0,0,0,0,0,2,2,0,0,0,0,0,0,0,0,0,0,0,0,0,0,0,2,5,0,0,2,0,0,1,1.0
1g95ztw,0.037,0.163,0.194,0.641,0.164,-0.9748,444,9.035553425615536,4,26,7,7,0,0,0,0,0,0,0,0,0,0,4,3,0,0,1,0,0,2,28,6,10,27,33,0,2,0,2,0,2,0,0,2,0,0,1,2,0,0,5,29,5,1,10,0,2,0,0.3100000023841858
1g964wj,0.096,0.573,0.252,0.637,0.111,-0.9998,1185,12.875511070235031,8,61,14,12,0,3,0,0,0,0,0,0,0,0,11,7,0,0,0,0,0,18,55,3,34,47,112,0,0,3,1,0,1,0,0,0,1,0,6,6,0,0,46,44,9,2,11,2,1,0,0.4300000071525574
1g96h3f,0.052,0.107,0.074,0.758,0.168,0.9777,225,9.861636050157227,1,15,0,1,0,0,0,0,0,0,0,0,0,0,0,1,0,0,2,1,1,1,4,8,3,13,15,0,0,0,0,0,2,0,0,4,0,0,0,6,0,0,11,16,3,2,3,1,1,0,0.3100000023841858
1g96rzc,0.033,0.059,0.042,0.878,0.08,0.6306,223,14.232682905230785,0,7,0,2,0,0,0,0,0,0,0,0,0,0,2,5,0,0,0,0,0,0,3,0,3,4,6,0,0,1,1,0,0,0,0,0,0,0,0,2,0,0,4,24,2,6,1,0,1,0,0.4699999988079071
1g96wwn,0.167,0.573,0.485,0.515,0.0,-0.765,9,11.20814326018867,0,0,0,0,0,0,0,0,0,0,0,0,0,0,1,0,0,0,0,0,0,0,1,0,0,0,2,0,0,0,0,0,0,0,0,0,0,0,0,0,0,0,0,1,0,0,0,0,0,1,1.0
1g97dnv,0.05,0.096,0.04,0.815,0.145,0.9964,501,16.887214914478655,4,21,0,14,0,0,0,0,0,0,0,0,0,0,8,2,0,0,0,0,0,2,12,0,14,35,10,0,1,1,2,0,0,0,0,0,0,0,1,3,0,0,41,32,3,3,7,1,2,1272,0.75
1g97t1b,0.024,0.201,0.259,0.741,0.0,-0.4215,9,3.1291,0,0,0,0,0,0,0,0,0,0,0,0,0,0,0,0,0,0,0,0,0,0,1,0,0,0,1,0,0,0,0,0,0,0,0,0,0,0,0,0,0,0,0,1,0,0,0,0,0,0,0.5
1g97tug,0.024,0.226,0.259,0.741,0.0,-0.4215,9,3.1291,0,0,0,0,0,0,0,0,0,0,0,0,0,0,0,0,0,0,0,0,0,0,1,0,0,0,1,0,0,0,0,0,0,0,0,0,0,0,0,0,0,0,0,1,0,0,0,0,0,0,0.5
1g97u60,0.029,0.058,0.21,0.79,0.0,-0.4449,12,8.841846274778883,0,0,0,1,0,0,0,0,0,0,0,0,0,0,0,0,0,0,0,0,0,0,1,0,0,0,1,0,0,0,0,0,0,0,0,0,0,0,0,0,0,0,0,4,0,1,1,0,0,1,1.0
1g97ubh,0.027,0.117,0.067,0.813,0.12,0.9488,340,12.766815935922704,0,21,0,13,0,0,0,0,0,0,0,0,0,0,0,1,0,0,0,0,1,0,22,3,2,10,4,0,0,0,1,0,1,0,0,0,0,0,2,2,0,0,7,21,5,1,6,1,0,0,0.2800000011920929
1g988el,0.107,0.454,0.124,0.711,0.164,0.9358,344,10.577609850970193,1,21,0,4,0,0,0,0,0,0,0,0,0,0,3,2,0,0,0,0,0,24,2,1,9,17,17,0,0,0,0,0,4,0,0,3,0,0,0,1,0,0,6,25,1,2,1,1,0,1606,0.7799999713897705
1g98e5x,0.025,0.457,0.31,0.69,0.0,-0.8716,25,11.20814326018867,0,0,0,1,0,0,0,0,0,0,0,0,0,0,0,0,0,0,0,1,0,0,2,0,0,0,3,0,0,0,0,0,1,0,0,3,0,0,0,1,0,0,2,3,0,0,0,0,0,1,1.0
1g98vbj,0.022,0.102,0.084,0.846,0.069,-0.9173,680,13.310731037718625,5,58,7,12,0,0,0,0,0,0,0,0,0,0,2,2,0,1,0,0,0,2,26,10,12,26,31,0,1,4,4,0,0,0,0,5,0,0,2,5,0,0,30,33,5,6,6,8,1,0,0.30000001192092896
1g993xh,0.044,0.088,0.172,0.828,0.0,-0.4404,15,15.903189008614273,1,0,0,0,0,0,0,0,0,0,0,0,0,0,1,0,0,0,0,0,0,0,0,0,1,0,1,0,0,0,0,0,0,0,0,0,0,0,0,0,0,0,0,3,0,0,0,0,0,1,1.0
1g994ys,0.107,0.103,0.021,0.941,0.038,0.5389,195,16.827784334635936,2,11,0,1,0,1,0,0,0,0,0,0,0,0,0,0,0,1,0,0,0,8,2,0,1,2,0,0,0,0,1,0,0,0,0,0,0,0,0,0,0,0,17,11,0,1,2,0,0,0,0.1899999976158142
1g99gr4,0.039,0.129,0.123,0.759,0.118,-0.4768,326,14.424011203321125,2,18,1,8,0,0,0,0,0,0,0,0,0,0,1,6,0,0,0,0,0,0,6,1,2,20,22,0,0,1,1,0,0,0,0,0,0,0,3,4,0,0,10,21,4,1,1,1,1,0,0.47999998927116394
1g99ij8,0.059,0.144,0.091,0.808,0.101,0.5067,214,9.558583805096642,1,12,0,6,0,0,0,0,0,0,0,0,0,0,5,1,0,0,0,0,0,0,30,0,3,7,7,0,0,0,2,0,1,0,0,0,0,0,2,1,0,0,8,15,3,1,3,0,0,1,1.0
1g99sk8,0.029,0.04,0.065,0.853,0.081,0.7707,374,12.114078956130353,6,11,0,10,0,0,0,0,0,0,0,0,0,0,1,3,0,0,0,0,0,2,10,0,10,16,11,0,0,0,6,0,0,0,0,0,0,0,0,2,0,0,44,24,3,3,5,3,1,0,0.49000000953674316
1g9aa30,0.024,0.057,0.027,0.786,0.187,0.9612,112,13.81666964889586,2,7,0,3,0,0,0,0,0,0,0,0,2,0,0,0,0,0,0,0,0,0,8,0,0,9,4,0,0,0,0,0,0,0,0,0,0,0,0,1,0,0,1,17,3,0,0,1,0,0,0.5
1g9as0p,0.202,0.327,0.189,0.747,0.064,-0.9879,217,11.538034831475386,3,3,0,6,0,0,0,0,0,0,0,0,0,0,0,3,0,0,0,0,0,0,1,1,17,9,16,0,0,0,0,0,0,0,0,0,0,0,0,2,0,0,4,19,1,0,10,1,0,0,0.28999999165534973
1g9bciq,0.041,0.034,0.0,1.0,0.0,0.0,8,3.1291,0,0,0,0,0,0,0,0,0,0,0,0,0,0,0,0,0,0,0,0,0,0,1,0,0,1,0,0,0,0,0,0,0,0,0,0,0,0,0,0,0,0,1,2,0,0,0,0,0,0,0.5
1g9bd07,0.037,0.152,0.0,0.89,0.11,0.8777,94,17.122413403193683,0,5,0,3,0,0,0,0,0,0,0,0,0,0,0,0,0,0,0,0,0,4,0,0,0,5,1,0,0,0,0,0,0,0,0,0,0,0,0,0,0,0,2,12,0,2,3,0,0,0,0.3100000023841858
1g9beoh,0.041,0.026,0.0,1.0,0.0,0.0,8,3.1291,0,0,0,0,0,0,0,0,0,0,0,0,0,0,0,0,0,0,0,0,0,0,1,0,0,1,0,0,0,0,0,0,0,0,0,0,0,0,0,0,0,0,1,2,0,0,0,0,0,1,0.6600000262260437
1g9cb8h,0.064,0.047,0.059,0.827,0.114,0.9206,229,12.635684438814376,1,15,0,4,0,0,0,0,0,0,0,0,0,0,0,3,0,0,0,0,1,0,9,1,2,6,5,0,0,0,2,0,0,0,0,1,0,0,1,0,0,0,22,23,3,0,0,1,0,0,0.3799999952316284
1g9cggv,0.143,0.502,0.0,1.0,0.0,0.0,10,11.20814326018867,0,0,0,0,0,0,0,0,0,0,0,0,0,0,0,0,0,0,0,0,0,0,0,0,0,0,0,0,0,0,0,0,0,0,0,0,0,0,0,0,0,0,1,2,0,0,0,0,0,1,1.0
1g9d2sz,0.161,0.285,0.0,0.758,0.242,0.3724,9,11.20814326018867,0,0,0,1,0,0,0,0,0,0,0,0,0,0,0,0,0,0,0,0,0,0,0,0,0,1,0,0,0,0,0,0,0,0,0,0,0,0,0,0,0,0,0,1,0,0,0,0,0,1,1.0
1g9d41w,0.085,0.285,0.073,0.852,0.075,0.2487,447,13.98498818721588,2,43,0,21,0,0,0,0,0,0,0,0,0,0,9,3,2,0,0,0,0,0,9,0,4,8,10,0,0,0,1,0,1,0,0,0,0,0,4,1,0,0,2,31,2,6,7,1,0,0,0.09000000357627869
1g9dwjo,0.028,0.24,0.154,0.846,0.0,-0.25,12,11.20814326018867,0,0,0,1,0,0,0,0,0,0,0,0,0,0,0,0,0,0,0,0,0,0,1,0,0,0,1,0,0,0,0,0,0,0,0,0,0,0,0,0,0,0,0,1,0,0,0,1,0,1,1.0
1g9e8le,0.083,0.458,0.229,0.709,0.061,-0.9981,388,10.940254816364696,0,23,0,13,0,1,0,0,0,0,0,0,0,0,2,4,0,1,0,0,0,0,6,1,12,8,34,0,1,0,0,0,0,0,0,0,0,0,0,0,0,0,4,30,3,6,3,3,0,0,0.20999999344348907
1g9f2ip,0.059,0.039,0.211,0.789,0.0,-0.3412,10,11.20814326018867,0,0,0,1,0,0,0,0,0,0,0,0,0,0,0,0,0,0,0,0,0,0,0,0,0,0,2,0,0,0,0,0,0,0,0,0,0,0,0,0,0,0,2,2,0,0,0,0,0,1,1.0
1g9fc04,0.062,0.058,0.074,0.777,0.148,0.9883,402,12.516099999999998,8,19,0,11,0,0,0,0,0,0,0,0,0,0,4,5,0,0,0,0,0,0,13,10,12,20,11,0,4,0,5,0,1,0,0,0,0,0,0,5,0,0,2,27,2,3,8,5,0,10,0.6100000143051147
1g9fzzv,0.033,0.254,0.082,0.847,0.071,-0.5413,198,11.429527900616531,2,14,0,1,0,0,0,0,0,0,0,0,0,0,2,1,0,0,0,0,0,0,5,3,5,6,8,0,0,0,0,0,1,0,0,0,0,0,0,1,0,0,7,18,1,0,5,2,0,301,0.8799999952316284
1g9g73a,0.785,0.508,0.0,0.871,0.129,0.4782,22,15.903189008614273,0,1,0,1,0,0,0,0,0,0,0,0,0,0,0,1,0,0,0,0,0,0,0,0,1,0,1,0,0,0,0,0,0,0,0,0,0,0,0,0,0,0,0,3,0,0,0,0,0,1,1.0
1g9gd1r,0.112,0.164,0.205,0.677,0.118,-0.4215,27,3.1291,0,1,0,2,0,0,0,0,0,0,0,0,0,0,0,2,0,0,0,0,0,0,4,0,0,2,2,0,1,0,1,0,0,0,0,0,0,0,0,1,0,0,0,5,0,0,0,1,0,1,1.0
1g9gvf1,0.032,0.339,0.126,0.782,0.092,-0.959,475,11.573893991303493,4,24,0,9,0,0,1,0,0,0,0,0,0,0,3,7,0,1,0,1,0,0,3,2,25,14,34,0,0,1,0,0,0,0,0,4,0,0,0,4,0,0,52,30,2,2,3,1,0,0,0.3199999928474426
1g9hen4,0.116,0.304,0.075,0.825,0.1,0.533,186,13.88584557914918,1,7,0,1,0,0,0,0,0,0,0,0,0,0,1,1,0,0,0,0,0,1,5,0,0,6,5,0,0,0,0,0,0,0,0,0,0,0,0,1,0,0,14,15,2,3,2,0,0,0,0.029999999329447746
1g9hlok,0.045,0.306,0.328,0.62,0.052,-0.9903,123,12.602617957971052,3,8,0,2,0,1,0,0,0,0,0,0,0,0,0,1,0,0,0,0,0,0,1,0,2,1,5,0,0,0,0,0,0,0,0,2,0,0,0,0,0,0,2,16,1,0,2,0,0,1,1.0
1g9hmy8,0.071,0.033,0.083,0.546,0.37,0.6937,12,11.20814326018867,1,0,0,1,0,0,0,0,0,0,0,0,0,0,0,0,0,0,0,0,0,0,0,0,0,1,0,0,0,0,0,0,0,0,0,0,0,0,0,0,0,0,0,2,0,0,1,0,0,1,1.0
1g9izal,0.036,0.446,0.088,0.793,0.119,0.8487,205,9.827888789773866,1,12,0,8,0,0,0,0,0,0,0,0,0,0,2,1,0,0,0,0,0,5,5,0,13,7,13,0,0,1,3,0,0,0,0,0,0,0,2,0,0,0,9,16,3,3,10,2,1,0,0.47999998927116394
1g9j06a,0.234,0.508,0.228,0.738,0.034,-0.9911,200,9.827888789773866,3,13,1,2,0,0,0,0,0,0,0,0,0,0,0,2,0,0,0,0,0,0,2,0,7,1,20,0,0,0,0,0,1,0,0,4,0,0,0,1,0,0,6,14,4,2,0,1,2,0,0.2199999988079071
1g9jkzx,0.144,0.427,0.09,0.844,0.066,-0.3182,51,17.122413403193683,0,1,0,1,0,0,0,0,0,0,0,0,0,0,0,0,0,0,1,0,0,1,0,3,1,1,2,0,0,0,0,0,0,0,0,0,0,0,0,0,0,0,0,9,1,0,2,0,0,1,1.0
1g9jlgf,0.144,0.432,0.09,0.844,0.066,-0.3182,51,17.122413403193683,0,1,0,1,0,0,0,0,0,0,0,0,0,0,0,0,0,0,1,0,0,1,0,3,1,1,2,0,0,0,0,0,0,0,0,0,0,0,0,0,0,0,0,9,1,0,2,0,0,1,1.0
1g9jttw,0.022,0.143,0.162,0.838,0.0,-0.4019,15,17.122413403193683,0,0,0,0,0,0,0,0,0,0,0,0,0,0,0,0,0,0,0,0,0,0,0,0,0,1,0,0,0,0,0,0,0,0,0,0,0,0,0,0,0,0,0,1,0,0,0,0,0,1,1.0
1g9kt86,0.308,0.057,0.141,0.769,0.09,-0.902,220,15.688483145680365,1,9,0,4,0,0,0,0,0,0,0,0,0,0,1,3,0,0,0,0,0,2,1,0,8,5,5,0,0,0,1,0,0,0,0,0,0,0,0,1,0,0,12,22,1,2,6,1,1,42,0.7400000095367432
1g9ku11,0.039,0.035,0.028,0.82,0.151,0.9846,268,13.126405980863044,4,9,0,3,0,0,0,0,0,0,0,0,0,0,2,4,0,0,0,0,0,9,4,0,1,9,10,0,0,0,2,0,0,0,0,0,0,0,1,0,0,0,6,27,4,3,9,2,0,0,0.5
1g9l3oz,0.039,0.17,0.168,0.832,0.0,-0.3875,14,8.841846274778883,0,0,0,2,0,0,0,0,0,0,0,0,0,0,0,0,0,0,0,0,0,0,0,0,0,0,0,0,0,0,0,0,0,0,0,0,0,0,0,0,0,0,2,4,0,0,1,0,0,1,1.0
1g9l6kf,0.039,0.17,0.168,0.832,0.0,-0.3875,14,8.841846274778883,0,0,0,2,0,0,0,0,0,0,0,0,0,0,0,0,0,0,0,0,0,0,0,0,0,0,0,0,0,0,0,0,0,0,0,0,0,0,0,0,0,0,2,4,0,0,1,0,0,1,1.0
1g9lhnr,0.028,0.285,0.399,0.601,0.0,-0.8074,13,14.554592549557764,1,1,0,0,0,0,0,0,0,0,0,0,0,0,0,0,0,0,0,0,0,0,0,0,0,0,2,0,0,0,0,0,0,0,0,0,0,0,0,0,0,0,0,1,1,0,0,0,0,1,1.0
1g9llw3,0.028,0.255,0.277,0.633,0.09,-0.9933,196,11.602472056035307,7,10,0,5,0,1,0,0,0,0,0,0,0,0,0,1,0,0,0,0,0,1,6,0,5,4,13,0,1,0,1,1,1,0,0,0,0,0,0,0,0,0,1,17,2,1,3,1,1,0,0.46000000834465027
1g9lvrt,0.024,0.063,0.0,1.0,0.0,0.0,13,7.168621630094336,0,0,0,0,0,0,0,0,0,0,0,0,0,0,0,0,0,0,0,0,0,0,0,0,0,1,0,0,0,0,0,0,0,0,0,0,0,0,0,0,0,0,3,1,0,0,0,0,0,1,1.0
1g9m06w,0.018,0.051,0.0,0.867,0.133,0.9393,114,13.227904075235838,4,7,0,0,0,0,0,0,0,0,0,0,0,0,0,1,0,0,0,0,0,1,2,0,1,5,1,0,0,0,1,0,0,0,0,0,0,0,0,0,0,0,11,14,1,0,3,0,0,1,1.0
1g9m2qg,0.019,0.063,0.022,0.842,0.136,0.9169,110,13.227904075235838,4,7,0,0,0,0,0,0,0,0,0,0,0,0,0,1,0,0,0,0,0,1,2,0,1,5,2,0,0,0,1,0,0,0,0,0,0,0,0,0,0,0,12,13,1,0,3,0,0,0,0.2800000011920929
1g9m9y1,0.039,0.114,0.085,0.833,0.082,0.591,316,16.76809479433877,5,19,0,5,0,0,0,0,0,0,0,0,0,0,1,1,0,0,0,0,0,4,3,0,4,6,13,0,0,0,2,0,0,0,0,1,0,0,0,2,0,0,30,22,3,1,7,0,0,0,0.23000000417232513
1g9mmnm,0.022,0.141,0.162,0.838,0.0,-0.4019,15,17.122413403193683,0,0,0,0,0,0,0,0,0,0,0,0,0,0,0,0,0,0,0,0,0,0,0,0,0,1,0,0,0,0,0,0,0,0,0,0,0,0,0,0,0,0,0,1,0,0,0,0,0,1,1.0
1g9n7i5,0.027,0.022,0.0,1.0,0.0,0.0,23,13.023866798666859,0,4,0,0,0,0,0,0,0,0,0,0,0,0,0,0,0,0,0,0,0,0,0,0,0,0,0,0,0,0,0,0,0,0,0,0,0,0,0,1,0,0,0,5,0,1,0,0,0,1,1.0
1g9no9a,0.049,0.198,0.105,0.808,0.087,-0.975,810,15.85396304898346,10,58,0,12,0,0,0,0,0,0,0,0,0,0,1,5,0,0,1,0,0,4,4,5,16,21,28,1,0,0,3,0,1,0,0,1,0,0,3,5,0,0,7,44,7,10,13,2,0,0,0.23999999463558197
1g9ny6n,0.086,0.449,0.316,0.684,0.0,-0.5719,9,3.1291,0,0,0,0,0,0,0,0,0,0,0,0,0,0,0,0,0,0,0,0,0,0,0,0,0,0,2,0,0,0,0,0,0,0,0,0,0,0,0,0,0,0,0,1,0,0,0,0,0,1,1.0
1g9o244,0.099,0.102,0.141,0.763,0.096,-0.8988,226,11.429527900616531,1,9,0,3,0,1,0,0,0,0,0,0,0,0,0,0,0,0,0,0,0,2,0,0,4,3,13,0,0,0,0,0,0,0,0,0,0,0,2,5,0,0,10,15,3,4,2,0,0,595,0.75
1g9ojmk,0.049,0.091,0.028,0.958,0.013,-0.5204,155,12.161744961471694,1,12,0,8,0,0,0,0,0,0,0,0,0,0,1,1,0,0,0,0,0,3,2,10,1,2,4,0,0,0,0,0,2,0,0,0,0,0,0,2,0,0,1,13,1,0,2,1,1,45,0.6000000238418579
1g9oq79,0.902,0.137,0.194,0.612,0.194,0.25,15,8.841846274778883,2,1,0,0,0,0,0,0,0,0,0,0,0,0,0,0,0,0,0,0,0,0,0,0,0,2,1,0,0,0,0,0,0,0,0,0,0,0,0,0,0,0,1,2,0,0,2,0,0,1,1.0
1g9pgvq,0.04,0.154,0.173,0.754,0.073,-0.9969,542,12.367839424501923,6,62,1,12,0,2,0,0,0,0,0,0,2,0,5,6,1,0,3,0,0,4,33,7,3,19,32,1,1,0,3,0,0,0,0,0,0,0,6,9,0,0,9,38,4,5,14,4,2,0,0.4000000059604645
1g9pp5r,0.133,0.361,0.246,0.651,0.104,-0.9907,196,10.832165505486643,2,13,1,2,0,0,0,0,0,0,0,0,0,0,3,1,0,0,0,0,0,1,3,6,3,3,21,0,0,0,1,2,0,0,0,2,0,0,0,0,0,0,3,21,1,3,8,2,0,0,0.05999999865889549
1g9pu56,0.183,0.159,0.1,0.768,0.132,0.8534,433,13.126405980863044,7,23,0,9,0,1,0,0,0,0,0,0,0,0,6,5,5,1,4,0,0,12,8,15,10,11,8,0,0,2,0,0,1,0,1,0,0,0,1,3,0,0,19,29,1,3,12,4,1,0,0.3400000035762787
1g9pvrh,0.056,0.042,0.134,0.729,0.137,-0.1655,127,9.188382445141503,1,14,0,5,0,0,0,0,0,0,0,0,0,0,1,0,0,0,0,0,0,0,6,0,4,3,3,0,0,0,0,0,0,0,0,0,0,0,0,0,0,0,2,8,0,1,6,0,1,6,0.5600000023841858
1g9qk9l,0.028,0.392,0.32,0.68,0.0,-0.5106,8,11.20814326018867,0,0,0,0,0,0,0,0,0,0,0,0,0,0,0,0,0,0,0,0,0,0,1,0,0,0,1,0,0,1,0,0,0,0,0,0,0,0,0,0,0,0,0,0,0,0,0,1,0,1,1.0
1g9r5hc,0.017,0.04,0.0,1.0,0.0,0.0,47,7.168621630094336,0,5,0,1,0,0,0,0,0,0,0,0,0,0,0,0,0,0,2,0,0,0,0,8,0,0,0,0,0,0,0,0,0,0,0,0,0,0,0,0,0,0,0,7,0,0,3,1,0,0,0.5
1g9rgtb,0.028,0.186,0.337,0.663,0.0,-0.7269,14,3.1291,0,0,0,1,0,0,0,0,0,0,0,0,0,0,0,0,0,0,0,0,0,0,1,1,0,1,1,0,0,0,0,0,0,0,0,0,0,0,0,0,0,0,2,1,1,0,0,0,1,1,1.0
1g9rkm8,0.027,0.031,0.282,0.545,0.173,-0.296,8,8.841846274778883,0,1,0,1,0,0,0,0,0,0,0,0,0,0,0,0,0,0,0,0,0,0,0,0,0,1,0,0,0,0,0,0,0,0,0,0,0,0,0,0,0,0,0,2,0,0,0,0,0,1,1.0
1g9rxvc,0.06,0.171,0.233,0.605,0.162,-0.886,121,13.968273953766033,1,4,0,1,0,0,0,0,0,0,0,0,0,0,0,2,0,0,0,0,0,4,0,0,2,4,13,0,0,0,0,0,0,0,0,0,0,0,1,0,0,0,0,13,2,1,1,0,0,0,0.27000001072883606
1g9ssw5,0.083,0.057,0.094,0.781,0.126,0.9291,468,15.719379583869454,3,22,2,12,0,0,0,0,0,0,0,0,0,1,2,3,0,0,1,0,0,4,2,6,12,30,14,0,0,0,0,0,3,0,0,3,0,0,0,3,0,0,27,25,4,1,9,0,0,0,0.3700000047683716
1g9stqk,0.035,0.091,0.292,0.708,0.0,-0.5106,9,3.1291,0,0,0,0,0,0,0,0,0,0,0,0,0,0,0,0,0,0,0,0,0,0,0,0,0,0,1,0,0,0,0,0,0,0,0,0,0,0,0,0,0,0,1,2,0,0,0,0,0,1,1.0
1g9t25u,0.105,0.432,0.244,0.472,0.283,0.128,8,8.841846274778883,0,0,0,0,0,0,0,0,0,0,0,0,0,0,0,0,0,0,0,0,0,0,1,0,0,1,0,0,0,0,0,0,0,0,0,0,0,0,0,0,0,0,0,0,0,0,0,0,0,1,1.0
1g9t9bj,0.028,0.047,0.181,0.819,0.0,-0.4767,15,3.1291,2,0,0,0,0,0,0,0,0,0,0,0,0,0,0,1,0,0,0,0,0,0,0,0,0,0,1,0,0,0,0,0,0,0,0,0,0,0,0,0,0,0,1,4,0,0,0,0,0,1,1.0
1g9ta3u,0.029,0.457,0.052,0.844,0.104,0.775,188,14.348710955821954,2,10,2,1,0,1,0,0,0,0,0,0,0,0,0,2,0,0,0,0,0,0,2,6,3,6,5,0,0,0,1,0,0,0,0,0,0,0,0,3,0,0,3,15,2,1,3,1,2,0,0.3400000035762787
1g9th7l,0.058,0.056,0.095,0.879,0.027,-0.8435,122,9.188382445141503,5,8,0,2,0,0,0,0,0,0,0,0,0,0,0,6,0,0,0,0,0,0,7,0,7,1,0,0,0,2,1,0,0,0,0,0,0,0,0,0,0,0,1,21,1,1,1,1,2,0,0.11999999731779099
1g9tibf,0.71,0.327,0.354,0.646,0.0,-0.9792,54,11.20814326018867,2,2,0,0,0,0,0,0,0,0,0,0,0,0,0,0,0,0,0,0,0,0,0,0,0,1,7,0,0,0,0,0,0,0,0,0,0,0,0,1,0,0,5,5,0,1,4,0,0,0,0.5
1g9to3w,0.022,0.048,0.0,1.0,0.0,0.0,10,11.20814326018867,1,0,0,0,0,0,0,0,0,0,0,0,0,0,0,0,0,0,0,0,0,0,0,0,0,0,0,0,0,0,0,0,0,0,0,0,0,0,0,0,0,0,0,1,0,0,0,0,0,1,1.0
1g9toh8,0.028,0.255,0.114,0.736,0.15,0.8311,153,14.836745963215662,3,7,0,5,0,0,0,0,0,0,0,0,0,0,1,3,0,0,0,0,0,0,10,1,8,6,10,0,0,0,1,0,0,0,0,0,0,0,0,2,0,0,1,24,1,0,2,0,1,0,0.3799999952316284
1g9tvg5,0.052,0.074,0.093,0.823,0.084,-0.9585,1138,14.731742533061166,17,68,0,18,0,0,0,0,0,0,0,0,0,0,2,4,0,0,1,0,1,4,27,14,15,17,46,0,2,0,2,1,4,0,0,8,0,0,2,1,0,0,17,35,7,7,9,5,0,0,0.33000001311302185
1g9ua05,0.099,0.375,0.12,0.808,0.072,-0.8167,212,10.355215969177355,1,4,4,5,0,1,0,0,0,0,0,0,0,0,3,1,0,0,0,0,0,5,3,14,6,8,8,0,0,0,0,0,0,0,0,1,0,0,0,0,0,0,2,15,2,0,3,0,0,130,0.7300000190734863
1g9ucjd,0.06,0.127,0.031,0.93,0.039,0.0129,127,11.491704259439757,0,7,0,1,0,0,0,0,0,0,0,0,0,0,1,4,0,0,0,0,0,0,9,1,6,2,4,0,0,1,1,0,0,0,0,0,0,0,0,0,0,0,2,13,1,2,3,1,1,0,0.20999999344348907
1g9uj07,0.022,0.102,0.048,0.818,0.134,0.9651,259,7.83995126065343,1,15,0,8,0,0,0,0,0,1,0,0,0,0,1,3,0,0,0,0,0,0,33,0,2,6,4,0,0,1,2,0,0,0,0,0,0,0,1,5,0,0,5,21,3,2,1,4,2,0,0.20999999344348907
1g9vpf8,0.076,0.32,0.135,0.752,0.112,-0.8364,244,11.698219412168324,2,30,0,1,0,1,0,0,0,0,0,0,0,0,1,4,0,0,0,0,0,1,2,1,3,4,12,0,0,0,0,0,0,0,0,4,0,0,0,1,0,0,5,19,3,0,2,0,1,0,0.49000000953674316
1g9w2pt,0.775,0.185,0.039,0.855,0.106,0.8622,174,13.295006501635747,1,9,0,4,0,1,0,0,0,0,0,0,0,0,0,2,0,0,0,0,0,3,1,4,8,5,3,0,0,0,0,0,0,0,0,0,0,0,0,0,0,0,11,19,1,0,4,2,0,0,0.10999999940395355
1g9wjwn,0.018,0.164,0.082,0.776,0.143,0.3612,21,3.1291,2,2,0,2,0,0,0,0,0,0,0,0,0,0,0,0,0,0,0,0,0,0,0,1,0,0,1,0,0,0,0,0,0,0,0,0,0,0,0,1,0,0,0,2,0,0,0,0,0,1,1.0
1g9wzee,0.03,0.236,0.072,0.848,0.08,-0.7119,726,15.702009679644565,9,40,0,17,0,0,0,0,0,0,0,0,0,0,8,3,0,0,0,0,2,6,14,2,16,27,26,0,2,0,4,0,0,0,0,1,1,0,2,6,0,0,71,30,4,7,7,2,0,0,0.20999999344348907
1g9xeo9,0.042,0.197,0.094,0.832,0.073,-0.8315,292,11.855464076750408,5,21,1,7,0,0,0,0,0,0,0,0,0,0,0,5,0,0,1,0,0,1,18,2,3,12,16,0,2,1,2,1,0,0,0,0,1,0,0,1,0,0,15,22,2,3,8,3,1,0,0.09000000357627869
1g9xfik,0.048,0.195,0.218,0.696,0.086,-0.9991,708,14.819310888816336,14,57,0,10,0,0,0,0,0,0,0,0,0,0,9,5,0,0,0,0,0,3,2,1,4,19,77,0,0,0,1,0,3,0,0,2,0,0,2,8,0,0,9,34,6,14,19,1,1,137,0.6100000143051147
1g9xifb,0.09,0.038,0.027,0.799,0.174,0.9872,202,8.20500826718156,2,19,0,4,0,0,0,0,0,0,0,0,0,0,0,1,0,0,4,0,0,4,4,5,1,12,3,0,0,0,1,0,2,0,0,0,0,0,3,4,0,0,2,18,5,1,7,1,0,0,0.25999999046325684
1g9xl16,0.024,0.589,0.207,0.793,0.0,-0.5267,14,8.841846274778883,0,1,0,0,0,0,0,0,0,0,0,0,0,0,0,0,0,0,0,0,0,0,1,1,0,0,1,0,0,0,1,0,0,0,0,0,0,0,0,0,0,0,0,0,0,0,0,1,0,1,1.0
1g9yg73,0.041,0.356,0.198,0.754,0.048,-0.9882,215,11.741389052700956,1,16,0,5,0,3,0,0,0,0,0,0,0,0,0,2,1,0,0,0,0,0,3,5,6,6,17,0,0,0,1,1,0,0,0,0,0,0,0,0,0,0,10,20,2,2,2,0,1,33,0.6399999856948853
1g9yplh,0.055,0.021,0.045,0.935,0.02,-0.6565,292,13.506818969022046,5,12,0,5,0,0,0,0,0,0,0,0,0,0,0,2,0,0,0,0,0,1,7,4,2,0,4,0,0,1,3,0,0,0,0,0,0,0,0,4,0,0,4,26,0,2,5,4,0,0,0.4099999964237213
1g9z5lw,0.056,0.152,0.098,0.747,0.155,0.25,15,14.554592549557764,0,0,0,0,0,0,0,0,0,0,0,0,0,0,0,0,0,0,0,0,0,0,0,0,0,2,1,0,0,0,0,0,0,0,0,0,0,0,0,0,0,0,1,3,1,0,1,0,0,1,1.0
1g9zjx6,0.051,0.159,0.044,0.872,0.085,0.9089,421,13.589731490329378,2,29,0,3,0,1,0,0,0,0,0,0,0,0,0,2,0,0,0,0,0,0,8,13,7,13,6,0,0,0,3,0,0,0,0,0,0,0,0,1,0,0,1,26,2,6,0,3,0,392,0.6800000071525574
1g9zsp2,0.036,0.102,0.162,0.838,0.0,-0.4767,17,15.903189008614273,1,0,0,0,0,0,0,0,0,0,0,0,0,0,0,0,0,0,0,0,0,0,0,0,0,0,1,0,0,0,0,0,0,0,0,0,0,0,0,0,0,0,0,2,0,1,0,0,0,1,1.0
1g9zwy8,0.203,0.32,0.178,0.703,0.119,-0.9726,329,15.429909175157395,3,11,0,1,0,0,0,0,0,0,0,0,0,0,4,2,0,0,1,0,0,0,5,1,10,11,18,0,0,0,0,0,3,0,0,0,0,0,1,1,0,0,19,21,5,4,5,2,0,0,0.18000000715255737
1ga026m,0.035,0.116,0.112,0.818,0.07,-0.9574,308,14.191785591663535,9,16,0,6,0,0,0,0,0,0,0,0,0,0,1,2,0,0,0,0,0,2,2,1,5,6,17,0,0,0,1,1,2,0,0,0,0,0,0,0,0,0,6,24,1,8,7,2,0,0,0.1899999976158142
1ga0a3p,0.133,0.039,0.062,0.819,0.119,0.8526,130,11.491704259439757,2,9,0,5,0,0,0,0,0,0,0,0,0,0,1,0,0,0,0,0,0,3,2,3,2,4,4,0,0,1,1,1,0,0,0,0,0,0,0,0,0,0,2,8,1,1,5,0,0,0,0.4000000059604645
1ga0e8f,0.026,0.021,0.0,0.632,0.368,0.3612,8,3.1291,0,0,0,0,0,0,0,0,0,0,0,0,0,0,0,0,0,0,0,0,0,1,0,0,0,0,0,0,0,0,0,0,0,0,0,0,0,0,0,0,0,0,0,3,0,0,0,0,0,1,1.0
1ga0fwk,0.032,0.332,0.162,0.754,0.083,-0.9836,240,15.414825405933506,1,15,0,5,0,0,0,0,0,0,0,0,0,0,0,2,0,0,0,0,0,0,4,0,3,6,13,1,0,1,1,0,0,0,0,0,0,0,1,1,0,0,1,25,4,0,2,2,0,0,0.3100000023841858
1ga0p49,0.423,0.112,0.091,0.785,0.124,0.7165,154,9.994966539143718,1,8,0,3,0,0,0,0,0,0,0,0,0,0,0,1,0,0,0,0,0,1,2,0,5,10,6,1,0,0,0,1,0,0,0,0,0,0,0,0,0,0,9,15,2,0,2,0,0,0,0.2800000011920929
1ga1fh5,0.071,0.051,0.131,0.793,0.076,-0.7998,216,11.578365685549247,1,8,0,3,0,0,0,0,0,0,0,0,0,0,1,3,0,0,0,0,0,0,7,0,1,8,19,0,1,1,2,0,0,0,0,0,0,0,0,2,0,0,13,24,3,2,3,2,0,0,0.3799999952316284
1ga1uti,0.017,0.021,0.0,0.85,0.15,0.3182,14,14.554592549557764,0,0,0,0,0,0,0,0,0,0,0,0,0,0,0,0,0,0,0,0,0,0,0,0,0,1,0,0,0,0,0,0,0,0,0,0,0,0,1,0,0,0,1,2,0,0,1,0,0,1,0.9900000095367432
1ga1var,0.042,0.164,0.0,1.0,0.0,0.0,5,3.1291,0,0,0,0,0,0,0,0,0,0,0,0,0,0,0,0,0,0,0,0,0,0,0,0,0,0,0,0,0,0,0,0,0,0,0,0,0,0,0,0,0,0,0,0,0,0,0,0,0,1,1.0
1ga1w53,0.253,0.192,0.175,0.649,0.177,0.5519,210,11.20814326018867,0,14,2,2,0,0,0,0,0,0,0,0,0,0,1,3,0,0,0,1,0,4,10,1,6,11,8,0,0,1,3,0,0,0,0,0,1,0,2,2,0,0,13,19,2,2,9,2,1,0,0.12999999523162842
1ga2iym,0.067,0.82,0.492,0.508,0.0,-0.4404,4,3.1291,0,0,1,0,0,0,0,0,0,0,0,0,0,0,0,0,0,0,0,0,0,0,0,0,0,0,1,0,0,0,0,0,0,0,0,0,0,0,0,0,0,0,1,0,0,0,0,0,0,1,1.0
1ga353r,0.014,0.041,0.0,1.0,0.0,0.0,17,17.122413403193683,0,0,0,0,0,0,0,0,0,0,0,0,0,0,0,0,0,0,0,0,0,0,0,0,0,0,0,0,0,0,0,0,0,0,0,0,0,0,0,0,0,0,6,2,0,0,0,0,0,1,1.0
1ga3ixz,0.017,0.101,0.13,0.87,0.0,-0.128,11,11.20814326018867,0,0,0,0,0,0,0,0,0,0,0,0,0,0,0,0,0,0,0,0,0,0,0,0,0,0,1,0,0,0,0,0,0,0,0,0,0,0,0,0,0,0,1,0,0,0,0,0,0,1,1.0
1ga477a,0.165,0.281,0.082,0.819,0.099,-0.0516,42,15.903189008614273,1,0,0,0,0,0,0,0,0,0,0,0,0,0,0,0,0,0,0,0,0,1,0,0,0,1,2,0,0,0,0,0,0,0,0,0,0,0,0,0,0,0,4,6,0,0,0,0,0,1,1.0
1ga5x04,0.746,0.274,0.102,0.746,0.152,0.9328,256,11.418023490513043,5,12,0,2,0,0,0,0,0,0,0,0,0,0,0,3,0,0,0,0,1,0,1,0,3,17,19,0,0,0,0,0,1,0,0,1,0,0,0,3,0,0,17,18,2,0,10,1,0,0,0.25999999046325684
1ga61qv,0.05,0.327,0.151,0.807,0.042,-0.9514,144,14.554592549557764,0,7,0,6,0,0,0,0,0,0,0,0,0,0,1,0,0,0,0,0,0,0,3,0,4,4,10,0,1,0,1,0,0,0,0,0,0,0,0,0,0,0,9,16,1,2,4,3,0,0,0.3799999952316284
1ga6ggw,0.101,0.155,0.267,0.641,0.091,-0.9927,188,10.125756701596842,1,13,0,3,0,0,0,0,0,0,0,0,0,0,1,2,0,0,4,0,0,0,3,17,0,14,15,0,0,0,2,0,0,0,0,0,0,0,1,1,0,0,1,22,3,0,7,1,1,0,0.41999998688697815
1ga6rv3,0.033,0.035,0.058,0.847,0.095,0.978,547,13.219821797770464,8,40,0,14,0,0,0,0,0,0,0,0,1,0,4,5,0,1,0,0,0,0,13,6,5,22,11,1,0,0,3,0,0,0,0,0,0,0,2,4,0,0,8,30,3,4,12,2,0,0,0.3199999928474426
1ga6xmv,0.039,0.475,0.077,0.798,0.125,0.9326,304,12.905362322585251,6,19,1,4,0,0,0,0,0,0,0,0,0,0,1,3,0,0,0,0,0,0,2,12,2,15,13,0,1,0,1,1,0,0,0,0,0,0,3,6,0,0,6,22,4,3,5,1,1,22,0.7200000286102295
1ga6yze,0.067,0.114,0.097,0.791,0.112,0.4363,237,15.414825405933506,3,15,0,7,0,0,0,0,0,0,0,0,0,0,0,0,0,0,0,0,0,0,0,0,5,12,10,0,0,0,0,0,0,0,0,0,0,0,0,3,0,0,9,21,2,0,3,0,0,0,0.38999998569488525
1ga7h6d,0.033,0.251,0.0,1.0,0.0,0.0,6,8.841846274778883,0,0,0,1,0,0,0,0,0,0,0,0,0,0,0,0,0,0,0,0,0,0,0,0,0,0,0,0,0,0,0,0,0,0,0,0,0,0,0,0,0,0,2,0,0,0,0,0,0,1,1.0
1ga7tle,0.021,0.093,0.049,0.73,0.221,0.9811,137,8.296473431620573,0,10,0,3,0,1,0,1,0,0,0,0,0,0,0,0,0,0,0,0,0,0,7,3,6,7,3,0,0,0,0,0,0,0,0,3,0,0,0,2,0,0,1,10,1,4,2,2,0,3,0.6399999856948853
1ga8yqr,0.021,0.1,0.173,0.689,0.138,-0.9852,554,13.943154165760404,6,29,0,14,0,3,0,0,0,0,0,0,0,0,0,6,0,0,1,0,0,5,3,2,24,19,37,1,0,0,0,0,1,0,0,2,0,0,0,5,0,0,17,30,2,2,5,0,0,354,0.8399999737739563
1ga91jn,0.039,0.082,0.07,0.862,0.068,0.3782,182,10.980518767755715,3,13,0,1,0,1,0,0,0,0,0,0,0,0,2,3,0,0,0,0,0,3,5,0,10,11,6,0,0,0,4,0,0,0,0,0,0,0,0,2,0,0,19,21,4,1,8,3,0,0,0.23999999463558197
1ga9da6,0.031,0.336,0.191,0.757,0.052,-0.7096,36,19.287186520377343,1,0,0,0,0,0,0,0,0,0,0,0,0,0,0,0,0,0,0,0,0,0,0,0,1,0,4,0,0,0,0,0,0,0,0,0,0,0,0,0,0,0,2,6,1,0,0,0,0,1,1.0
1gaa9l3,0.041,0.027,0.0,1.0,0.0,0.0,6,3.1291,0,0,0,0,0,0,0,0,0,0,0,0,0,0,0,0,0,0,0,0,0,0,0,0,0,0,0,0,0,0,0,0,0,0,0,0,0,0,0,0,0,0,0,2,1,0,0,0,0,1,1.0
1gaajfg,0.416,0.52,0.203,0.739,0.057,-0.9842,153,16.18397175987059,1,7,0,3,0,0,0,0,0,0,0,0,0,0,0,1,0,0,0,0,1,0,6,1,1,1,6,0,0,1,0,0,0,0,0,1,0,0,1,0,0,0,21,12,2,0,3,0,1,0,0.2199999988079071
1gaawqo,0.048,0.036,0.095,0.851,0.054,-0.9195,246,11.538034831475386,1,21,1,4,0,6,0,0,0,0,0,0,0,0,0,2,0,0,0,0,0,0,1,0,4,1,12,0,0,1,0,0,0,0,0,0,0,0,0,2,0,0,17,26,0,2,1,0,0,31,0.6200000047683716
1gabvgk,0.255,0.16,0.082,0.896,0.022,-0.8915,134,6.816661863887846,0,11,0,6,0,0,0,0,0,0,0,0,0,0,0,2,0,0,0,0,0,0,6,0,2,3,5,0,0,0,0,0,2,0,0,2,0,0,0,2,0,0,1,15,2,0,0,1,0,0,0.27000001072883606
1gabw3t,0.021,0.035,0.0,1.0,0.0,0.0,5,3.1291,0,0,0,0,0,0,0,0,0,0,0,0,0,0,0,0,0,0,0,0,0,0,0,0,0,0,0,0,0,0,0,0,0,0,0,1,0,0,0,0,0,0,0,0,0,0,0,0,0,1,1.0
1gac58g,0.023,0.097,0.049,0.866,0.085,0.34,191,15.470042427545799,0,16,0,3,0,0,0,0,0,0,0,0,0,0,0,1,0,0,0,0,0,0,2,1,1,6,4,0,0,0,0,0,0,0,0,0,0,0,0,1,0,0,7,18,1,2,1,0,1,890,0.6700000166893005
1gacdj0,0.017,0.127,0.094,0.762,0.144,0.9896,608,15.497558498333571,10,48,1,15,0,0,0,0,0,0,0,0,0,0,8,9,0,0,0,0,0,0,48,1,15,19,17,0,0,0,5,0,0,0,0,0,1,0,6,9,0,0,15,34,5,3,16,1,3,0,0.20999999344348907
1gaf2kp,0.036,0.047,0.032,0.807,0.161,0.9537,127,14.554592549557764,4,8,0,1,0,0,0,0,0,0,0,0,0,0,0,2,0,0,0,0,0,0,1,0,0,11,3,0,1,0,1,0,0,0,0,0,0,0,1,0,0,0,6,15,1,2,1,1,3,41,0.6899999976158142
1gafzjw,0.118,0.237,0.072,0.821,0.106,0.9855,821,15.292465652647298,8,58,0,25,0,0,0,0,0,0,0,0,0,0,1,9,0,0,1,0,0,4,9,27,25,23,30,0,2,0,5,0,0,0,0,0,0,0,1,8,0,0,20,44,7,2,11,2,2,0,0.2199999988079071
1gag510,0.042,0.107,0.044,0.857,0.099,0.979,484,14.77791319909322,9,21,0,12,0,0,0,0,0,0,0,0,0,0,2,3,0,0,0,0,0,15,8,5,3,14,15,0,0,0,2,0,0,0,0,1,0,0,0,3,0,0,6,30,5,2,6,0,1,13,0.6800000071525574
1gagde2,0.047,0.285,0.216,0.784,0.0,-0.296,9,8.841846274778883,0,1,0,1,0,0,0,0,0,0,0,0,0,0,0,0,0,0,0,0,0,0,0,0,0,0,1,0,0,0,0,0,0,0,0,0,0,0,0,0,0,0,1,2,0,0,0,0,0,1,1.0
1gaghxr,0.03,0.237,0.0,1.0,0.0,0.0,9,15.903189008614273,0,0,0,0,0,0,0,0,0,0,0,0,0,0,0,0,0,0,0,0,0,0,0,0,0,0,1,0,0,0,0,0,0,0,0,0,0,0,0,0,0,0,2,2,0,0,0,0,0,1,1.0
1gagt8p,0.032,0.255,0.187,0.765,0.048,-0.9994,968,12.899399368494294,12,65,0,23,0,0,0,0,0,0,0,0,0,0,5,5,0,0,0,0,0,1,7,2,50,14,62,1,0,0,3,0,0,0,0,0,0,0,3,9,0,0,29,46,6,11,14,3,1,86,0.7699999809265137
1gaindc,0.043,0.427,0.0,1.0,0.0,0.0,11,3.1291,1,0,0,1,0,0,0,0,0,0,0,0,0,0,0,0,0,0,0,0,0,0,0,0,0,0,0,0,0,0,0,0,0,0,0,0,0,0,0,0,0,0,1,0,0,0,1,0,0,1,1.0
1gaiosk,0.05,0.083,0.071,0.829,0.1,0.536,108,11.698219412168324,0,11,0,6,0,0,0,0,0,0,0,0,0,0,0,0,0,0,0,0,0,0,3,7,0,4,2,0,1,0,1,0,0,0,0,0,0,0,3,1,0,0,3,15,2,1,0,1,0,0,0.23999999463558197
1gaiwgw,0.039,0.057,0.13,0.87,0.0,-0.4019,19,13.023866798666859,0,1,0,0,0,0,0,0,0,0,0,0,0,0,0,0,0,0,0,0,0,0,1,0,0,0,1,0,0,0,0,0,0,0,0,1,0,0,0,1,0,0,0,1,0,0,0,0,0,1,1.0
1gaj4jn,0.084,0.027,0.0,1.0,0.0,0.0,17,13.023866798666859,1,1,0,0,0,0,0,0,0,0,0,0,0,0,0,0,0,0,0,0,0,0,0,0,0,0,0,0,0,0,0,0,0,0,0,0,0,0,0,0,0,0,1,3,0,0,1,1,0,1,1.0
1gajdc4,0.066,0.096,0.434,0.566,0.0,-0.7845,11,8.841846274778883,0,0,0,0,0,0,0,0,0,0,0,0,0,0,0,0,0,0,0,0,0,1,0,0,0,0,0,0,0,0,0,0,0,0,0,0,0,0,0,0,0,0,1,1,0,0,0,0,0,1,1.0
1gak4hk,0.035,0.022,0.0,1.0,0.0,0.0,9,11.20814326018867,0,0,0,0,0,0,0,0,0,0,0,0,0,0,0,0,0,0,0,0,0,0,0,0,0,0,0,0,0,0,0,0,0,0,0,0,0,0,0,0,0,0,0,0,0,0,0,0,0,1,1.0
1gaky7n,0.039,0.057,0.13,0.87,0.0,-0.4019,19,13.023866798666859,0,1,0,0,0,0,0,0,0,0,0,0,0,0,0,0,0,0,0,0,0,0,1,0,0,0,1,0,0,0,0,0,0,0,0,1,0,0,0,1,0,0,0,1,0,0,0,0,0,1,1.0
1gal1i7,0.039,0.057,0.13,0.87,0.0,-0.4019,19,13.023866798666859,0,1,0,0,0,0,0,0,0,0,0,0,0,0,0,0,0,0,0,0,0,0,1,0,0,0,1,0,0,0,0,0,0,0,0,1,0,0,0,1,0,0,0,1,0,0,0,0,0,1,1.0
1galzjb,0.049,0.022,0.0,1.0,0.0,0.0,6,13.023866798666859,0,0,0,0,0,0,0,0,0,0,0,0,0,0,0,0,0,0,0,0,0,0,0,0,0,0,0,0,0,0,0,0,0,0,0,0,0,0,0,0,0,0,1,2,1,0,0,0,0,1,1.0
1gambw2,0.014,0.238,0.165,0.551,0.284,0.3804,15,8.841846274778883,0,0,0,0,0,0,0,0,0,0,0,0,0,0,0,0,0,0,0,0,0,0,0,0,0,1,1,0,0,0,0,0,0,0,0,0,0,0,0,0,0,0,1,2,0,0,1,0,0,1,1.0
1gamfnp,0.366,0.106,0.167,0.813,0.02,-0.9716,136,12.857556352371635,2,5,0,2,0,0,0,0,0,0,0,0,0,0,0,0,0,0,0,0,0,1,0,0,0,1,11,0,0,0,0,0,0,0,0,0,0,0,0,0,0,0,10,10,0,1,3,0,0,0,0.41999998688697815
1gamilh,0.045,0.105,0.0,1.0,0.0,0.0,11,11.20814326018867,0,0,0,0,0,0,0,0,0,0,0,0,0,0,0,0,0,0,0,0,0,0,0,0,0,0,0,0,0,0,0,0,0,0,0,0,0,0,0,0,0,0,2,3,0,0,0,0,0,1,1.0
1gamlg5,0.039,0.038,0.0,1.0,0.0,0.0,25,7.168621630094336,0,3,0,0,0,0,0,0,0,0,0,0,0,0,1,0,0,0,0,0,0,0,1,1,1,1,0,0,0,0,0,0,1,0,0,0,0,0,0,0,0,0,3,5,0,0,0,0,0,1,1.0
1gan74o,0.051,0.285,0.078,0.858,0.064,-0.7509,403,16.29632956338956,2,27,0,9,0,0,0,0,0,0,0,0,0,0,1,3,0,0,0,0,0,0,5,0,5,10,12,0,0,0,1,0,0,0,0,0,0,0,1,1,0,0,31,30,4,3,2,0,0,8,0.6700000166893005
1gan7oy,0.03,0.026,0.311,0.689,0.0,-0.4023,7,3.1291,0,0,0,1,0,0,0,0,0,0,0,0,0,0,0,0,0,0,0,0,0,0,0,0,0,0,1,0,0,0,0,0,0,0,0,0,0,0,0,0,0,0,0,1,0,0,1,0,0,1,1.0
1ganfm0,0.039,0.287,0.127,0.751,0.122,-0.7937,598,12.39110107968035,5,33,1,9,0,0,0,0,0,0,0,0,0,0,1,10,0,0,0,0,0,3,3,12,16,14,23,0,0,0,1,1,1,0,0,0,0,0,3,5,0,0,58,26,4,6,15,1,1,0,0.3100000023841858
1gangu3,0.039,0.339,0.098,0.783,0.119,0.7546,266,13.348371206891418,3,17,0,5,1,1,0,0,0,0,0,0,0,0,1,4,0,0,0,0,0,0,4,2,1,11,11,0,1,0,1,1,0,0,0,1,0,0,1,0,0,0,20,20,3,1,3,3,1,326,0.550000011920929
1gapc7o,0.051,0.094,0.078,0.826,0.096,0.3527,121,8.515128840125781,3,9,0,3,0,0,0,0,0,0,0,0,0,0,0,1,0,0,0,0,0,4,8,0,2,2,3,0,0,0,0,0,1,0,0,1,0,0,0,0,0,0,1,13,1,1,4,1,1,0,0.47999998927116394
1gar8p7,0.022,0.238,0.184,0.628,0.188,0.0258,16,8.841846274778883,0,2,0,0,0,0,0,0,0,0,0,0,0,0,0,0,0,0,0,0,0,0,0,1,0,1,0,0,0,0,0,0,0,0,0,0,0,0,0,0,0,0,0,2,0,0,0,0,0,1,1.0
1garcqk,0.023,0.401,0.153,0.719,0.129,-0.8949,229,12.885471636013051,1,22,0,7,0,1,0,0,0,0,0,0,0,0,2,3,0,1,1,0,0,0,9,2,16,4,8,0,0,0,3,1,0,0,0,0,0,0,2,1,0,0,4,19,4,2,6,1,0,550,0.6800000071525574
1garfbo,0.528,0.285,0.39,0.61,0.0,-0.4939,6,8.841846274778883,0,1,0,0,0,0,0,0,0,0,0,0,0,0,0,0,0,0,0,0,0,0,0,0,0,0,0,0,0,0,0,0,0,0,0,0,0,0,0,0,0,0,0,0,0,0,0,0,0,1,1.0
1garlm2,0.098,0.114,0.138,0.718,0.144,0.0669,169,12.602617957971052,1,6,0,5,0,0,0,0,0,0,0,0,0,0,1,0,0,0,0,0,0,6,4,0,0,11,5,0,1,0,1,0,0,0,0,0,0,0,0,0,0,0,1,12,0,0,3,0,0,0,0.3199999928474426
1gasijl,0.036,0.261,0.375,0.625,0.0,-0.7003,9,8.841846274778883,0,0,0,0,0,0,0,0,0,0,0,0,0,0,0,0,0,0,0,0,0,1,0,0,0,0,0,0,0,0,0,0,0,0,0,0,0,0,0,0,0,0,0,0,0,1,0,0,0,1,1.0
1gasmhq,0.056,0.381,0.098,0.761,0.14,0.9796,597,9.725611199111238,0,35,2,23,0,5,0,0,0,0,0,0,0,0,9,7,0,0,0,0,0,20,18,23,21,23,26,0,0,0,2,1,1,1,0,2,0,0,7,0,0,0,24,35,4,5,7,4,2,379,0.6200000047683716
1gasq80,0.141,0.09,0.06,0.816,0.124,0.9605,268,15.322241378113624,2,20,0,3,0,2,0,0,0,0,0,0,0,0,1,0,0,0,0,0,0,7,3,2,1,7,12,0,0,0,1,1,1,0,0,0,0,0,0,0,0,0,10,20,2,2,7,1,1,0,0.3199999928474426
1gat1y1,0.098,0.232,0.275,0.725,0.0,-0.2263,6,11.20814326018867,0,0,0,0,0,0,0,0,0,0,0,0,0,0,0,0,0,0,0,0,0,0,0,0,0,0,2,0,0,0,0,0,0,0,0,0,0,0,0,0,0,0,0,0,0,0,0,0,0,1,1.0
1gat66l,0.025,0.032,0.0,1.0,0.0,0.0,9,11.20814326018867,0,0,0,0,0,0,0,0,0,0,0,0,0,0,0,0,0,0,0,0,0,0,0,0,0,0,0,0,0,0,0,0,0,0,0,0,0,0,0,0,0,0,1,0,0,0,0,0,0,1,1.0
1gatr2x,0.079,0.285,0.112,0.762,0.126,0.6283,126,12.602617957971052,1,9,0,5,0,1,0,0,0,0,0,0,0,0,1,1,0,0,0,0,0,2,3,1,0,6,5,0,1,0,0,0,0,0,0,0,0,0,0,1,0,0,0,13,1,2,4,2,0,3,0.5899999737739563
1gau27s,0.112,0.158,0.105,0.746,0.149,0.909,218,9.725611199111238,0,16,0,10,0,1,0,0,0,0,0,0,0,0,1,1,0,0,0,0,1,1,10,0,4,5,12,0,0,0,1,1,0,0,0,1,0,0,4,4,0,0,2,16,3,1,1,1,2,0,0.38999998569488525
1gavdwp,0.823,0.479,0.0,1.0,0.0,0.0,11,11.20814326018867,1,0,0,1,0,0,0,0,0,0,0,0,0,0,0,0,0,0,0,0,0,0,0,0,0,0,0,0,0,0,0,0,0,0,0,0,0,0,0,0,0,0,1,0,0,0,1,0,0,1,1.0
1gavpy6,0.133,0.223,0.181,0.819,0.0,-0.4767,15,8.841846274778883,0,0,0,1,0,0,0,0,0,0,0,0,0,0,0,0,0,0,0,0,0,0,0,0,0,1,0,0,0,0,0,0,0,0,0,0,0,0,0,0,0,0,1,3,0,0,1,0,0,0,0.33000001311302185
1gavsr5,0.044,0.508,0.038,0.891,0.07,0.6322,150,12.457975602129121,1,14,0,1,0,0,0,0,0,0,0,0,0,0,0,2,0,0,0,0,0,2,7,0,0,4,4,0,0,0,0,0,0,0,0,2,0,0,0,0,0,0,10,14,2,0,2,0,0,0,0.1599999964237213
1gavt9w,0.028,0.244,0.0,1.0,0.0,0.0,8,11.20814326018867,0,0,0,0,0,0,0,0,0,0,0,0,0,0,0,0,0,0,0,0,0,0,0,0,0,0,0,0,0,0,0,0,0,0,0,0,0,0,0,0,0,0,0,1,0,0,0,0,0,1,1.0
1gavtlq,0.024,0.16,0.099,0.775,0.126,0.8348,349,12.68835289967788,12,29,0,12,0,0,0,0,0,0,0,0,1,0,3,1,0,1,0,0,0,1,26,1,5,11,13,0,4,0,6,0,0,0,0,0,0,0,0,7,0,0,0,26,2,5,13,6,0,0,0.38999998569488525
1gawtea,0.05,0.176,0.0,1.0,0.0,0.0,10,3.1291,0,0,0,1,0,0,0,0,0,0,0,0,0,0,0,0,0,0,0,0,0,0,0,0,0,0,1,0,0,0,0,0,0,0,0,0,0,0,0,0,0,0,2,1,0,0,1,0,0,1,1.0
1gawvfz,0.05,0.176,0.0,1.0,0.0,0.0,10,3.1291,0,0,0,1,0,0,0,0,0,0,0,0,0,0,0,0,0,0,0,0,0,0,0,0,0,0,1,0,0,0,0,0,0,0,0,0,0,0,0,0,0,0,2,1,0,0,1,0,0,1,1.0
1gax0rr,0.08,0.356,0.109,0.8,0.091,-0.7829,188,10.793553405168563,4,8,0,6,0,0,0,0,0,0,0,0,0,0,2,2,0,0,0,0,0,0,6,0,10,5,9,0,0,0,0,0,0,0,0,0,0,0,2,0,0,0,12,15,2,0,2,0,0,0,0.3400000035762787
1gaxbbz,0.119,0.246,0.089,0.727,0.185,0.9941,447,10.31748142421505,2,25,1,17,0,0,0,0,0,0,0,0,0,0,1,5,0,0,0,0,0,0,6,18,30,12,23,0,1,0,1,0,2,0,0,0,0,0,0,6,0,0,0,29,3,3,10,3,0,0,0.1599999964237213
1gaxevf,0.017,0.027,0.213,0.787,0.0,-0.4019,11,13.023866798666859,0,0,0,0,0,0,0,0,0,0,0,0,0,0,0,0,0,0,0,0,0,0,0,0,0,0,0,0,0,0,0,0,0,0,0,0,0,0,0,0,0,0,2,2,0,0,0,0,0,1,1.0
1gaxhhu,0.044,0.121,0.061,0.838,0.101,0.6068,159,10.980518767755715,2,10,0,5,0,0,0,0,0,0,0,0,0,0,4,2,0,0,0,0,0,0,6,3,4,3,4,0,0,0,1,0,0,0,0,0,0,0,1,1,0,0,5,18,3,2,4,1,0,620,0.949999988079071
1gaxwlk,0.033,0.061,0.122,0.803,0.075,-0.9108,291,13.606401829973382,7,23,0,9,0,0,0,0,0,0,0,0,0,0,1,0,0,0,0,0,0,12,4,1,3,4,12,0,1,0,1,0,0,0,0,0,0,0,1,4,0,0,2,21,4,2,3,1,1,0,0.2199999988079071
1gayf9a,0.028,0.178,0.104,0.842,0.054,-0.9857,548,13.842961372877724,16,28,0,6,0,0,0,0,0,0,0,0,0,0,1,4,0,0,0,0,0,2,3,0,3,10,27,0,0,1,0,0,0,0,0,0,0,0,0,2,0,0,69,22,3,3,4,0,0,0,0.46000000834465027
1gaza4x,0.036,0.069,0.0,1.0,0.0,0.0,10,3.1291,0,0,0,0,0,0,0,0,0,0,0,0,0,0,0,0,0,0,0,0,0,0,0,0,0,0,0,0,0,0,0,0,0,0,0,0,0,0,0,0,0,0,0,2,0,0,0,0,0,1,1.0
1gb0e45,0.027,0.028,0.0,0.839,0.161,0.3612,14,11.20814326018867,0,2,0,1,0,0,0,0,0,0,0,0,0,0,0,0,0,0,0,0,0,0,0,0,1,0,1,0,0,0,0,0,0,0,0,1,0,0,0,0,0,0,1,4,1,0,0,0,0,1,1.0
1gb0mgl,0.03,0.191,0.056,0.839,0.106,0.9774,649,13.080570797549615,3,55,1,13,0,3,0,0,0,0,0,0,0,0,2,2,0,0,0,0,0,0,24,1,10,28,29,2,0,1,0,0,0,0,0,1,0,0,0,0,0,0,17,36,5,1,1,1,1,3890,0.7400000095367432
1gb0pxe,0.169,0.132,0.126,0.807,0.067,-0.8523,270,14.39478758073233,2,13,0,7,0,0,0,0,0,0,0,0,0,0,2,4,0,0,0,0,0,0,9,8,4,6,10,0,0,0,1,0,0,0,0,0,0,0,1,0,0,0,7,19,2,4,4,0,0,0,0.30000001192092896
1gb1k1z,0.563,0.155,0.087,0.82,0.093,0.691,426,13.160352788161607,6,21,0,11,0,0,0,0,1,0,0,0,0,0,3,1,0,0,1,0,0,0,11,11,12,10,11,0,1,0,3,1,0,0,0,0,0,0,1,2,0,0,16,27,2,2,14,1,0,0,0.1899999976158142
1gb1yan,0.029,0.028,0.0,1.0,0.0,0.0,7,3.1291,0,0,0,0,0,0,0,0,0,0,0,0,0,0,0,0,0,0,0,0,0,0,0,0,0,0,0,0,0,0,0,0,0,0,0,0,0,0,0,0,0,0,0,0,0,0,0,0,0,1,1.0
1gb2ci4,0.047,0.154,0.185,0.76,0.055,-0.9591,119,13.81666964889586,0,3,0,4,0,0,0,0,0,0,0,0,0,0,2,0,0,0,0,0,0,0,0,0,4,2,9,0,0,0,0,0,0,0,0,0,0,0,0,0,0,0,0,8,1,0,5,0,0,0,0.07999999821186066
1gb2rvm,0.11,0.409,0.11,0.816,0.075,-0.7256,276,10.820120047756994,7,23,1,10,0,0,0,0,0,0,0,0,0,0,0,6,0,0,1,0,0,0,9,8,8,9,5,0,0,0,0,1,1,0,0,0,0,0,0,0,0,0,6,16,1,0,12,0,0,193,0.6800000071525574
1gb2sgt,0.328,0.386,0.0,1.0,0.0,0.0,11,8.841846274778883,0,0,0,1,0,0,0,0,0,0,0,0,0,0,0,1,0,0,0,0,0,0,0,0,0,0,0,0,0,0,0,0,1,0,0,0,0,0,0,0,0,0,2,1,0,0,2,0,0,1,1.0
1gb3n1z,0.072,0.111,0.101,0.791,0.108,0.3646,191,11.20814326018867,2,10,0,6,0,2,0,0,0,0,0,0,0,0,1,1,0,0,1,0,1,0,10,3,4,2,6,0,0,0,1,0,1,0,0,1,0,0,2,0,0,0,10,21,3,1,5,1,0,0,0.4399999976158142
1gb3rb5,0.058,0.572,0.231,0.769,0.0,-0.34,9,3.1291,0,0,0,0,0,0,0,0,0,0,0,0,0,0,0,0,0,0,0,0,0,0,0,0,0,0,1,0,0,0,0,0,0,0,0,0,0,0,0,0,0,0,1,4,0,0,0,0,0,0,0.28999999165534973
1gb3sxg,0.082,0.169,0.297,0.593,0.11,-0.4939,9,3.1291,0,0,0,0,0,0,0,0,0,0,0,0,0,0,0,0,0,0,0,0,0,0,1,0,1,0,1,0,0,0,0,0,1,0,0,0,0,0,0,0,0,0,0,0,0,0,0,0,0,1,1.0
1gb4gie,0.03,0.191,0.024,0.837,0.139,0.9636,172,11.20814326018867,0,18,0,2,0,0,0,0,0,0,0,1,1,0,2,1,0,0,0,0,0,0,15,1,2,7,4,0,3,0,0,0,0,0,0,1,0,0,1,1,0,0,4,22,3,0,4,1,0,0,0.10000000149011612
1gb4scv,0.092,0.202,0.225,0.71,0.065,-0.9905,177,10.290406445055957,3,12,0,7,0,0,0,0,0,0,0,0,0,0,2,3,1,0,1,0,0,0,3,10,2,5,14,0,0,0,0,0,1,0,0,3,0,0,0,2,0,0,3,17,2,1,4,0,0,0,0.20000000298023224
1gb4yr5,0.053,0.23,0.068,0.865,0.067,0.2162,163,13.023866798666859,2,8,0,4,0,1,0,0,0,0,0,0,0,0,3,1,0,0,0,0,0,2,4,1,7,5,10,0,0,0,2,0,0,0,0,1,0,0,0,2,0,0,0,18,5,1,1,2,0,0,0.3799999952316284
1gb5chk,0.076,0.508,0.166,0.658,0.176,-0.1403,432,11.154815659186117,2,18,1,7,0,1,0,0,0,0,0,0,0,0,1,4,0,0,0,0,0,4,4,3,41,18,30,0,0,0,0,1,0,0,0,1,0,0,3,3,0,0,22,27,2,3,11,2,0,0,0.41999998688697815
1gb5e9v,0.131,0.023,0.051,0.837,0.112,0.9584,294,12.457975602129121,4,15,0,7,0,0,0,0,0,0,0,0,0,0,0,2,0,0,0,0,0,6,7,3,3,7,8,1,0,0,0,0,0,0,0,2,0,0,2,2,0,0,11,26,2,1,9,1,0,0,0.46000000834465027
1gb5m8i,0.03,0.026,0.151,0.767,0.081,-0.9691,229,12.221763196225844,1,23,0,3,0,0,0,0,0,0,0,0,0,0,2,1,0,0,0,0,0,0,7,3,11,5,15,0,0,1,2,0,0,0,0,0,0,0,0,2,0,0,2,26,3,2,1,2,1,0,0.3799999952316284
1gb5w41,0.031,0.085,0.042,0.811,0.148,0.9922,431,11.602472056035307,1,27,0,8,0,0,0,0,0,0,0,0,0,0,4,2,0,1,0,0,0,1,7,6,14,19,11,0,0,1,1,0,0,0,0,0,0,0,0,1,0,0,6,28,1,4,11,4,1,0,0.3799999952316284
1gb5wta,0.014,0.203,0.0,0.826,0.174,0.2732,11,11.20814326018867,0,2,0,0,0,0,0,0,0,0,0,0,0,0,0,0,0,0,0,0,0,0,0,0,0,0,1,0,0,0,0,0,0,0,0,0,0,0,0,0,0,0,0,1,0,0,0,0,0,1,1.0
1gb60dl,0.034,0.072,0.048,0.773,0.18,0.9596,136,9.516144504307135,2,4,0,1,0,0,0,0,0,0,0,0,0,0,0,2,0,0,0,0,0,1,5,1,0,6,7,0,0,1,2,0,0,0,0,0,0,0,0,1,0,0,9,11,1,1,1,0,0,65,0.8399999737739563
1gb6b4e,0.026,0.375,0.129,0.681,0.19,0.9501,241,13.160352788161607,6,28,0,3,0,0,0,0,0,0,0,0,0,0,0,3,0,0,0,0,0,1,3,1,9,19,10,0,0,1,1,0,1,0,0,0,0,0,2,3,0,0,3,21,4,0,1,2,0,16,0.6700000166893005
1gb6l1x,0.032,0.1,0.07,0.793,0.137,0.9804,406,11.855464076750408,1,27,0,4,0,0,0,0,0,0,0,0,0,0,3,3,0,1,1,0,0,1,7,8,16,16,12,0,0,1,2,0,0,0,0,0,0,0,0,1,0,0,8,28,1,3,10,2,1,0,0.5
1gb6o7w,0.037,0.111,0.099,0.831,0.069,-0.7256,153,11.491704259439757,0,12,0,1,0,0,0,0,0,0,0,0,0,0,0,0,0,0,2,0,0,0,3,5,0,5,7,0,0,0,0,0,0,0,0,0,0,0,0,0,0,0,3,15,0,0,3,0,0,28,0.6499999761581421
1gb750t,0.064,0.174,0.032,0.905,0.063,0.6808,140,15.343465313023842,0,10,0,3,0,0,0,0,0,0,0,0,0,0,0,2,0,0,0,0,0,0,3,0,1,3,1,0,0,0,2,0,0,0,0,0,0,0,1,2,0,0,12,12,2,2,2,2,0,0,0.4300000071525574
1gb77ra,0.081,0.073,0.266,0.553,0.181,-0.1779,14,3.1291,1,0,0,0,0,0,0,0,0,0,0,0,0,0,0,1,0,0,0,0,0,1,0,0,0,1,2,0,0,0,0,0,0,0,0,0,0,0,0,0,0,0,1,3,0,0,1,0,0,1,1.0
1gb7dyk,0.031,0.352,0.07,0.863,0.067,-0.4704,1043,15.112257680678326,15,49,0,18,0,1,0,0,0,0,0,0,0,0,2,5,0,0,0,0,0,4,19,10,25,19,24,0,0,2,1,2,0,0,0,3,0,0,1,2,0,0,40,39,6,15,9,5,3,12,0.699999988079071
1gb7u01,0.848,0.367,0.104,0.772,0.124,0.7816,522,11.726177461693183,4,41,0,8,0,1,0,0,0,0,0,0,0,0,4,4,0,0,0,0,0,8,15,0,17,15,30,3,4,1,3,0,0,0,0,6,0,0,4,3,0,0,25,31,7,4,13,4,1,0,0.1599999964237213
1gb7wl2,0.041,0.108,0.079,0.653,0.268,0.9896,140,12.28987398476788,2,6,0,3,0,0,0,0,0,0,0,0,0,0,0,2,1,0,0,0,0,2,0,1,10,8,2,0,0,0,0,0,0,0,0,0,0,0,0,1,0,0,3,15,0,0,5,0,0,0,0.3700000047683716
1gb8k4y,0.015,0.049,0.201,0.729,0.069,-0.5859,24,3.1291,0,2,0,1,0,0,0,0,0,0,0,0,0,0,1,0,0,0,0,0,0,0,4,0,0,0,2,0,0,0,0,0,0,0,0,0,0,0,0,1,0,0,0,5,1,1,2,0,0,1,1.0
1gb8kxl,0.024,0.098,0.037,0.86,0.103,0.9798,345,16.218646115125612,1,20,1,8,0,0,0,0,1,0,0,0,0,0,0,4,0,0,0,0,0,2,4,9,0,14,12,0,0,0,1,0,1,0,0,2,0,0,2,1,0,0,6,30,5,1,8,1,0,0,0.25999999046325684
1gb8put,0.107,0.053,0.0,1.0,0.0,0.0,13,11.20814326018867,1,0,0,0,0,0,0,0,0,0,0,0,0,0,0,0,0,0,0,0,0,0,0,0,0,0,0,0,0,0,0,0,0,0,0,0,0,0,0,0,0,0,0,1,0,0,1,0,0,1,1.0
1gb8v4f,0.035,0.028,0.0,0.841,0.159,0.9694,125,12.161744961471694,1,5,0,4,0,0,0,0,0,0,0,0,0,0,0,1,0,0,0,0,0,0,3,0,0,3,1,0,1,0,1,0,0,0,0,0,0,0,1,2,0,0,4,14,1,1,2,1,0,5,0.5799999833106995
1gb926x,0.079,0.337,0.033,0.814,0.153,0.9977,627,11.265646073119722,4,55,3,27,0,2,0,1,0,0,0,0,0,0,7,9,0,0,1,0,0,1,44,19,13,28,14,0,4,0,8,1,3,0,0,9,0,0,5,7,0,0,2,27,5,0,21,6,1,0,0.4000000059604645
1gb9pa0,0.052,0.051,0.0,0.865,0.135,0.3612,17,18.243605946275583,1,1,0,0,0,0,0,0,0,0,0,0,0,0,0,0,0,0,0,0,0,0,1,0,0,1,0,0,0,0,0,0,0,0,0,0,0,0,0,0,0,0,0,4,2,0,0,0,0,1,1.0
1gbai1k,0.049,0.067,0.027,0.93,0.043,0.5863,237,11.20814326018867,4,10,0,7,0,1,0,0,0,0,0,0,0,0,0,1,0,0,0,0,0,1,0,1,2,15,9,0,0,0,0,0,0,0,0,1,0,0,0,1,0,0,10,15,3,6,1,0,0,0,0.4399999976158142
1gbassl,0.036,0.105,0.136,0.822,0.041,-0.9407,157,12.815532586354998,3,5,0,3,0,1,0,0,0,0,0,0,0,0,0,0,0,0,0,0,0,1,1,0,2,4,8,0,0,0,1,0,0,0,0,0,0,0,1,1,0,0,3,15,3,1,2,2,0,0,0.14000000059604645
1gbauep,0.026,0.406,0.0,1.0,0.0,0.0,22,15.903189008614273,0,1,0,0,0,0,0,0,0,0,0,0,0,0,0,0,0,0,0,0,0,0,0,0,1,1,1,0,0,0,0,0,0,0,0,0,0,0,1,0,0,0,1,2,1,0,0,0,0,0,0.5
1gbb2ax,0.024,0.233,0.034,0.941,0.025,-0.25,107,12.340626583579944,1,9,0,2,0,0,0,0,0,0,0,0,0,0,1,1,0,0,0,0,0,4,3,0,2,2,5,0,0,1,1,0,0,0,0,0,0,0,0,0,0,0,2,13,0,1,3,1,0,0,0.2800000011920929
1gbbiwq,0.019,0.711,0.0,0.816,0.184,0.357,12,11.20814326018867,0,0,0,1,0,0,0,0,0,0,0,0,0,0,0,0,0,0,0,0,0,1,0,0,0,0,1,0,0,0,0,0,0,0,0,1,0,0,0,0,0,0,2,2,0,0,1,0,0,1,1.0
1gbbjyb,0.056,0.043,0.029,0.84,0.13,0.9245,168,13.023866798666859,3,11,0,0,0,0,0,0,0,0,0,0,0,0,1,4,0,0,0,0,0,8,9,1,0,13,3,0,0,0,3,0,1,0,0,0,0,0,0,0,0,0,0,16,2,1,9,3,1,0,0.20000000298023224
1gbc3bt,0.055,0.172,0.19,0.649,0.161,-0.9753,408,11.299434782280677,4,32,3,9,0,0,0,0,0,0,0,0,0,0,3,3,1,0,0,0,0,1,5,9,8,17,27,0,0,0,1,0,0,0,0,0,1,0,1,4,0,0,20,31,6,4,3,1,1,0,0.36000001430511475
1gbc9zs,0.025,0.188,0.238,0.762,0.0,-0.8442,28,13.023866798666859,0,2,0,1,0,0,0,0,0,0,0,0,0,0,0,0,0,0,0,0,0,0,0,2,0,0,2,0,0,0,0,0,0,0,0,1,0,0,0,0,0,0,0,4,0,1,0,0,0,1,1.0
1gbcno6,0.029,0.254,0.128,0.755,0.116,-0.799,222,11.602472056035307,3,17,0,4,0,0,0,0,0,0,0,0,0,0,2,3,0,0,1,0,1,1,6,3,4,12,11,0,1,0,2,0,1,0,0,0,0,0,2,0,0,0,9,23,5,1,4,2,2,171,0.699999988079071
1gbcvnl,0.022,0.287,0.088,0.788,0.124,0.8657,230,10.914260884657427,2,24,0,10,0,0,0,0,0,0,1,0,1,0,0,4,0,1,1,1,2,0,25,4,2,9,10,0,0,0,4,0,0,0,0,0,0,1,2,1,0,0,7,21,4,1,3,2,0,0,0.4399999976158142
1gbcvrv,0.053,0.035,0.0,0.602,0.398,0.5106,6,8.841846274778883,0,0,0,0,0,0,0,0,0,0,0,0,0,0,0,0,0,0,0,0,0,0,0,0,0,1,0,0,0,0,0,0,0,0,0,0,0,0,0,0,0,0,0,0,0,0,0,0,0,1,1.0
1gbd5o9,0.027,0.305,0.0,1.0,0.0,0.0,8,8.841846274778883,0,0,0,0,0,0,0,0,0,0,0,0,0,0,0,0,0,0,0,0,0,0,0,0,0,0,0,0,0,0,0,0,0,0,0,0,0,0,0,0,0,0,1,0,0,0,1,0,0,1,1.0
1gbd83m,0.029,0.292,0.189,0.73,0.081,-0.9299,113,9.573946990214175,6,2,0,0,0,1,0,0,0,0,0,0,0,0,0,1,0,0,0,0,0,0,1,0,16,3,7,0,1,0,0,0,0,0,0,0,0,0,1,0,0,0,3,16,4,0,5,0,0,1,1.0
1gbd8mz,0.031,0.201,0.044,0.826,0.13,0.9754,258,13.023866798666859,6,18,0,5,0,0,0,0,0,0,0,0,0,0,1,3,0,0,0,0,0,3,9,8,0,13,7,0,0,0,2,0,2,0,0,2,0,0,0,0,0,0,0,24,3,2,4,4,1,0,0.30000001192092896
1gbdnfi,0.033,0.098,0.082,0.814,0.104,0.8433,407,8.124751697461797,0,32,0,8,0,1,0,0,0,0,0,0,0,0,6,1,0,0,0,0,0,6,10,36,4,18,16,1,0,0,1,1,1,0,1,8,0,0,0,0,0,0,2,24,2,1,2,3,4,36,0.7300000190734863
1gbe2d5,0.036,0.108,0.075,0.788,0.137,0.9181,208,12.161744961471694,4,11,0,3,0,0,0,0,0,0,0,0,0,0,4,1,0,1,0,0,0,1,16,0,3,4,8,2,1,0,3,0,0,0,0,0,0,0,2,0,0,0,4,23,3,1,7,2,0,189,0.6000000238418579
1gbej45,0.062,0.255,0.037,0.904,0.059,0.6551,321,13.662883650711645,2,16,0,6,0,0,0,0,0,0,0,0,1,0,1,1,0,0,0,0,0,5,10,7,5,9,7,0,0,0,0,0,0,0,0,0,0,0,1,2,0,0,35,20,2,6,5,0,2,0,0.28999999165534973
1gbeybl,0.021,0.031,0.033,0.892,0.075,0.3291,119,11.20814326018867,0,9,0,0,0,0,0,0,0,0,0,0,0,0,2,1,0,0,0,0,0,3,3,0,4,6,3,0,0,0,0,0,0,0,0,1,0,0,0,0,0,0,7,14,1,1,0,0,0,0,0.3499999940395355
1gbf1wx,0.107,0.265,0.0,0.753,0.247,0.3182,8,11.20814326018867,0,0,0,0,0,0,0,0,0,0,0,0,0,0,0,0,0,0,0,0,0,0,0,0,0,0,0,0,0,0,0,0,0,0,0,0,0,0,0,0,0,0,0,2,0,0,0,0,0,1,1.0
1gbf5o0,0.048,0.038,0.0,0.866,0.134,0.938,120,14.314028922438442,2,5,0,0,0,1,0,0,0,0,0,0,0,0,1,0,0,0,0,0,0,0,1,0,1,4,1,0,0,0,0,0,0,0,0,0,0,0,0,1,0,0,1,13,0,1,4,0,0,0,0.23999999463558197
1gbf6sh,0.055,0.361,0.152,0.621,0.227,0.2716,11,11.20814326018867,0,1,0,1,0,0,0,0,0,0,0,0,0,0,0,0,0,0,0,0,0,0,0,0,0,1,0,0,0,0,0,0,0,0,0,0,0,0,0,0,0,0,0,3,0,0,0,0,0,1,1.0
1gbf71k,0.096,0.731,0.175,0.825,0.0,-0.5267,17,7.168621630094336,0,1,0,0,0,0,0,0,0,0,0,0,0,0,0,0,0,0,0,0,0,0,0,0,1,1,2,0,0,0,0,0,0,0,0,0,0,0,0,0,0,0,4,3,0,0,0,0,0,1,1.0
1gbf8nd,0.037,0.051,0.0,1.0,0.0,0.0,11,3.1291,0,1,0,0,0,0,0,0,0,0,0,0,0,0,0,0,0,0,0,0,0,0,0,0,0,1,0,0,0,0,0,0,0,0,0,0,0,0,0,0,0,0,4,1,0,0,0,0,0,1,1.0
1gbfbim,0.026,0.099,0.061,0.764,0.175,0.9963,574,11.911945987284739,10,34,0,7,0,2,0,0,0,0,0,0,0,1,1,2,0,0,0,0,0,20,3,10,13,35,17,0,0,0,1,2,1,0,0,4,0,0,2,0,0,0,36,33,7,9,8,2,0,30,0.550000011920929
1gbfj6l,0.073,0.158,0.097,0.682,0.22,0.9875,175,11.37473899888905,3,12,0,6,0,0,0,1,0,0,0,0,0,0,2,5,0,0,0,0,0,6,10,2,9,8,5,0,1,0,3,2,2,0,0,0,0,0,0,0,0,0,0,14,1,1,5,1,2,0,0.17000000178813934
1gbfub7,0.093,0.04,0.029,0.762,0.209,0.9854,144,13.968273953766033,2,7,0,1,0,0,0,0,0,0,0,0,0,0,0,0,0,0,0,0,0,0,0,6,6,13,1,0,0,0,0,0,0,0,0,0,0,0,0,1,0,0,2,10,1,2,5,0,0,0,0.38999998569488525
1gbfzug,0.04,0.067,0.216,0.784,0.0,-0.296,9,11.20814326018867,0,0,0,0,0,0,0,0,0,0,0,0,0,0,0,0,0,0,0,0,0,0,0,0,0,0,1,0,0,0,0,0,0,0,0,0,0,0,0,0,0,0,0,2,0,0,0,0,0,1,1.0
1gbg3qu,0.023,0.065,0.0,0.722,0.278,0.6144,15,11.20814326018867,0,0,0,1,0,0,0,0,0,0,0,0,0,0,0,0,0,0,0,0,0,0,0,0,0,1,1,0,0,0,0,0,0,0,0,0,0,0,0,0,0,0,2,4,0,0,0,0,0,1,1.0
1gbgakf,0.031,0.104,0.34,0.66,0.0,-0.5627,11,3.1291,0,1,0,1,0,0,0,0,0,0,0,0,0,0,0,0,0,0,0,0,0,0,1,0,0,0,2,0,0,0,0,0,0,0,0,0,0,0,0,0,0,0,0,2,1,0,0,0,0,1,1.0
1gbgcpf,0.04,0.067,0.216,0.784,0.0,-0.296,9,11.20814326018867,0,0,0,0,0,0,0,0,0,0,0,0,0,0,0,0,0,0,0,0,0,0,0,0,0,0,1,0,0,0,0,0,0,0,0,0,0,0,0,0,0,0,0,2,0,0,0,0,0,1,1.0
1gbgkbk,0.036,0.116,0.126,0.703,0.171,0.7575,189,10.035473477838034,0,18,0,11,0,2,0,0,0,0,0,0,0,0,3,0,0,0,0,0,0,0,0,0,5,7,15,1,1,0,0,0,0,0,0,0,0,0,0,4,0,0,5,17,0,1,1,0,0,0,0.05000000074505806
1gbgs2o,0.045,0.048,0.0,1.0,0.0,0.0,7,3.1291,0,0,0,1,0,0,0,0,0,0,0,0,0,0,0,0,0,0,0,0,0,0,0,0,0,0,0,0,0,0,0,0,0,0,0,0,0,0,0,0,0,0,0,0,0,0,0,0,0,1,1.0
1gbhxh6,0.079,0.056,0.049,0.817,0.134,0.9718,321,11.78182255692154,5,14,0,4,0,0,0,0,0,0,1,0,0,0,4,1,0,1,0,0,2,0,7,2,10,20,12,0,1,0,2,0,0,0,0,0,0,0,0,1,0,0,28,31,4,2,6,2,0,0,0.3100000023841858
1gbi7vb,0.025,0.07,0.125,0.78,0.095,-0.9941,1115,13.274406872562384,20,72,1,39,0,1,0,0,0,0,0,0,1,1,5,8,0,0,1,0,0,28,4,7,16,46,47,2,1,0,2,0,1,0,0,0,0,0,2,2,0,0,11,43,3,6,28,2,2,0,0.23999999463558197
1gbi8lw,0.067,0.129,0.0,0.87,0.13,0.5859,34,20.267338824336647,0,0,0,0,0,0,0,0,0,0,0,0,0,0,0,0,0,0,0,0,0,0,2,0,0,2,1,0,0,0,0,0,0,0,0,0,0,0,0,0,0,0,1,7,0,0,0,0,0,1,1.0
1gbiim3,0.538,0.265,0.0,0.87,0.13,0.34,17,13.023866798666859,0,0,0,0,0,1,0,0,0,0,0,0,0,0,0,0,0,0,0,0,0,0,1,0,0,0,0,0,0,0,1,0,0,0,0,0,0,0,0,0,0,0,4,0,0,0,0,1,0,1,1.0
1gbixtf,0.039,0.027,0.0,0.741,0.259,0.6369,13,8.841846274778883,0,1,0,0,0,0,0,0,0,0,0,0,0,0,0,0,0,0,0,0,0,0,0,0,0,2,0,0,0,0,0,0,0,0,0,0,0,0,0,0,0,0,1,1,0,0,0,0,0,0,0.28999999165534973
1gbiztl,0.042,0.166,0.073,0.769,0.158,0.7882,113,13.348371206891418,3,3,0,2,0,0,0,0,0,0,0,0,0,0,0,2,0,0,1,0,0,2,3,2,6,9,3,0,0,0,1,1,0,0,0,0,0,0,0,0,0,0,7,11,3,0,3,0,0,0,0.11999999731779099
1gbj0pr,0.057,0.038,0.037,0.756,0.207,0.9995,828,10.516928515363212,6,47,0,13,0,0,0,0,0,0,0,0,0,0,2,6,0,1,3,0,0,4,21,43,3,33,11,0,0,0,3,3,1,0,0,0,0,0,2,1,0,0,41,39,6,6,9,3,1,0,0.41999998688697815
1gbj2rw,0.115,0.156,0.314,0.476,0.21,-0.2732,7,11.20814326018867,0,0,0,0,0,0,0,0,0,0,0,0,0,0,0,0,0,0,0,0,0,0,0,0,0,0,1,0,0,0,0,0,0,0,0,0,0,0,0,0,0,0,1,1,0,1,0,0,0,0,0.20000000298023224
1gbjtco,0.044,0.279,0.107,0.824,0.068,-0.7293,140,11.20814326018867,3,4,0,3,0,0,0,0,0,0,0,0,0,0,0,0,0,0,1,0,0,0,1,9,8,8,2,0,1,0,1,0,0,0,0,0,0,0,0,0,0,0,17,9,1,2,4,2,0,0,0.3400000035762787
1gbjxqh,0.053,0.026,0.0,1.0,0.0,0.0,12,13.023866798666859,0,0,0,1,0,0,0,0,0,0,0,0,0,0,0,0,0,0,0,0,0,0,0,0,0,0,0,0,0,0,0,0,0,0,0,0,0,0,0,0,0,0,0,3,0,0,0,0,0,1,1.0
1gbkbvu,0.035,0.172,0.217,0.739,0.044,-0.9743,120,13.81666964889586,1,13,0,4,0,0,0,0,0,0,0,0,0,0,3,0,0,0,0,0,0,0,2,3,2,2,11,0,0,0,0,0,0,0,0,0,0,0,1,1,0,0,1,15,3,0,2,0,0,34,0.6200000047683716
1gbke3q,0.024,0.027,0.0,1.0,0.0,0.0,5,3.1291,1,0,0,0,0,0,0,0,0,0,0,0,0,0,0,0,0,1,0,0,0,0,1,0,0,0,0,0,0,0,0,0,0,0,0,0,0,0,0,0,0,0,0,0,0,0,1,0,0,1,1.0
1gbkpkj,0.03,0.108,0.045,0.925,0.03,-0.4606,196,13.023866798666859,2,8,0,6,0,3,0,0,0,0,0,0,0,0,1,0,0,0,0,0,0,1,6,2,5,1,2,0,0,0,4,0,0,0,0,0,0,0,0,1,0,0,3,12,1,4,6,3,1,0,0.20000000298023224
1gbkrsl,0.055,0.348,0.146,0.73,0.125,-0.6904,183,13.023866798666859,2,15,0,4,0,1,0,0,0,0,0,0,0,0,3,4,0,0,0,0,0,1,6,2,5,4,4,0,0,0,1,0,0,0,0,0,0,0,2,1,0,0,3,21,5,0,0,1,0,0,0.3499999940395355
1gbkujj,0.05,0.026,0.0,1.0,0.0,0.0,6,3.1291,0,0,0,0,0,0,0,0,0,0,0,0,0,0,0,0,0,0,0,0,0,0,1,0,0,1,0,0,0,0,0,0,0,0,0,0,0,0,0,0,0,0,1,2,0,0,0,0,0,1,1.0
1gbla2c,0.024,0.176,0.127,0.764,0.11,-0.4575,102,14.554592549557764,1,2,0,0,0,0,0,0,0,0,0,0,0,0,1,1,0,0,0,0,0,2,1,0,3,5,5,0,0,0,0,0,0,0,0,1,0,0,0,1,0,0,11,10,2,0,0,0,0,649,0.6700000166893005
1gbm11p,0.026,0.09,0.042,0.911,0.047,0.3835,112,10.290406445055957,4,9,0,5,0,0,0,0,0,0,0,0,0,0,0,1,0,0,0,0,0,0,3,0,1,4,2,0,0,0,1,0,0,0,0,1,0,0,1,1,0,0,5,14,3,2,7,1,0,0,0.25999999046325684
1gbme0y,0.027,0.034,0.148,0.776,0.077,-0.9508,214,15.903189008614273,5,13,0,7,0,0,0,0,0,0,0,0,0,0,1,2,0,0,0,0,0,2,2,2,1,7,13,0,0,0,0,0,0,0,0,0,0,0,2,1,0,0,8,20,8,2,5,2,0,95,0.8399999737739563
1gbmjgx,0.034,0.026,0.0,1.0,0.0,0.0,7,13.023866798666859,0,0,0,0,0,0,0,0,0,0,0,0,0,0,0,0,0,0,0,0,0,0,0,0,0,0,1,0,0,0,0,0,0,0,0,0,0,0,0,0,0,0,1,2,0,0,0,0,0,1,1.0
1gbmnbz,0.047,0.025,0.079,0.805,0.116,0.9232,369,14.633662645605728,3,23,0,7,0,0,0,0,0,0,0,0,0,0,0,1,0,0,0,0,0,11,3,0,3,17,17,0,0,0,0,0,1,0,0,0,0,0,3,1,0,0,12,28,4,8,15,1,0,0,0.46000000834465027
1gbmpr9,0.101,0.235,0.008,0.807,0.185,0.9761,120,15.903189008614273,9,3,0,3,0,0,0,0,0,0,0,0,0,0,1,1,0,0,0,0,0,5,1,0,5,2,1,0,0,0,0,0,0,0,0,0,0,0,0,1,0,0,17,15,3,5,4,0,1,0,0.38999998569488525
1gbn39n,0.034,0.376,0.503,0.497,0.0,-0.8779,11,8.841846274778883,0,1,0,0,0,0,0,0,0,0,0,0,0,0,0,0,0,0,0,0,0,0,0,0,0,0,2,0,0,0,0,0,0,0,0,0,0,0,0,0,0,0,0,1,0,0,0,0,0,1,1.0
1gbn8to,0.272,0.078,0.0,0.879,0.121,0.4404,22,3.1291,0,3,0,0,0,0,0,0,0,0,0,0,0,0,0,0,0,0,0,0,0,1,0,0,0,1,0,0,0,0,0,0,0,0,0,0,0,0,0,0,0,0,0,8,0,0,1,0,0,1,1.0
1gbnic3,0.08,0.203,0.24,0.76,0.0,-0.6249,14,13.023866798666859,0,0,0,0,0,0,0,0,0,0,0,0,0,0,0,0,0,0,0,0,0,0,0,0,0,0,1,0,0,0,0,0,0,0,0,0,0,0,0,0,0,0,1,1,0,0,0,0,0,1,1.0
1gbob5r,0.02,0.055,0.062,0.807,0.131,0.6808,72,10.290406445055957,0,2,0,2,0,0,0,0,0,0,0,0,0,0,0,1,0,0,0,0,0,1,0,1,1,3,3,0,0,0,0,0,0,0,0,1,0,0,0,0,0,0,4,8,0,0,1,0,0,3,1.0
1gbortj,0.021,0.047,0.0,0.674,0.326,0.4404,7,3.1291,0,0,0,0,0,0,0,0,0,0,0,0,0,0,0,0,0,0,0,0,0,0,0,0,0,2,0,0,0,0,0,0,0,0,0,0,0,0,0,0,0,0,1,1,0,0,0,0,0,1,1.0
1gbos4m,0.02,0.052,0.0,0.734,0.266,0.4404,9,3.1291,0,0,0,0,0,0,0,0,0,0,0,0,0,0,0,0,0,0,0,0,0,0,1,0,0,2,0,0,0,0,1,0,0,0,0,0,0,0,0,0,0,0,2,1,0,0,0,1,0,1,1.0
1gboslp,0.028,0.029,0.0,0.734,0.266,0.4404,9,8.841846274778883,0,0,0,0,0,0,0,0,0,0,0,0,0,0,0,0,0,0,0,0,0,0,1,0,0,1,0,0,0,0,1,0,0,0,0,0,0,0,0,0,0,0,1,0,0,0,0,1,0,1,1.0
1gbosxu,0.045,0.023,0.0,0.69,0.31,0.6597,14,11.20814326018867,1,0,0,0,0,0,0,0,0,0,0,0,0,0,0,0,0,0,0,0,0,0,0,0,0,0,0,0,0,0,0,0,0,0,0,0,0,0,0,0,0,0,0,2,0,0,1,0,0,1,1.0
1gbotlm,0.009,0.024,0.0,1.0,0.0,0.0,16,8.841846274778883,0,0,0,0,0,0,0,0,0,0,0,0,0,0,0,0,0,0,0,0,0,0,1,0,2,0,0,0,0,0,1,0,0,0,0,0,0,0,0,0,0,0,0,4,0,0,0,1,0,1,1.0
1gboutc,0.032,0.087,0.199,0.801,0.0,-0.2484,9,8.841846274778883,1,0,0,0,0,0,0,0,0,0,0,0,0,0,0,0,0,0,0,0,0,0,0,0,0,0,0,0,0,0,0,0,0,0,0,0,0,0,0,0,0,0,0,2,1,0,1,0,0,1,1.0
1gbovnw,0.032,0.02,0.0,1.0,0.0,0.0,9,8.841846274778883,0,1,0,1,0,0,0,0,0,0,0,0,0,0,0,0,0,0,0,0,0,1,0,0,0,0,0,0,0,0,0,0,0,0,0,0,0,0,1,0,0,0,0,2,1,0,0,0,0,1,1.0
1gbp0jq,0.035,0.298,0.412,0.588,0.0,-0.4215,5,3.1291,0,0,0,0,0,0,0,0,0,0,0,0,0,0,0,0,0,0,0,0,0,0,0,0,0,0,1,0,0,0,0,0,0,0,0,0,0,0,0,0,0,0,0,0,0,0,0,0,0,1,1.0
1gbp2gj,0.051,0.265,0.0,0.804,0.196,0.296,10,13.023866798666859,0,0,0,0,0,0,0,0,0,0,0,0,0,0,0,0,0,0,0,0,0,0,0,0,0,0,1,0,0,0,0,0,0,0,0,0,0,0,0,0,0,0,1,0,0,0,0,0,0,1,1.0
1gbp8qx,0.064,0.017,0.0,1.0,0.0,0.0,9,3.1291,0,0,0,0,0,0,0,0,0,0,0,0,0,0,0,0,0,0,0,0,0,0,0,0,0,1,0,0,0,0,0,0,0,0,0,0,0,0,0,0,0,0,2,2,0,0,0,0,0,1,1.0
1gbp9pi,0.103,0.27,0.09,0.792,0.119,0.7753,290,9.325443323948027,4,27,3,4,0,0,0,0,0,0,0,0,0,0,1,5,0,0,0,0,0,4,10,1,7,9,6,0,0,0,1,1,1,0,0,0,0,0,0,1,0,0,15,22,3,2,8,3,1,0,0.23999999463558197
1gbpb47,0.051,0.021,0.0,0.945,0.055,0.743,110,10.504223727775692,3,10,0,3,0,0,0,0,0,0,0,0,0,0,0,2,0,0,0,0,0,0,1,0,1,3,3,0,0,0,0,0,1,0,0,0,0,0,0,1,0,0,5,16,0,1,3,0,0,1,0.5199999809265137
1gbq0x3,0.048,0.343,0.0,1.0,0.0,0.0,13,8.841846274778883,0,0,0,1,0,0,0,0,0,0,0,0,0,0,0,1,0,0,0,0,0,0,0,0,0,0,0,0,0,0,0,0,0,0,0,0,0,0,0,0,0,0,0,5,0,0,0,0,0,1,1.0
1gbq1dp,0.023,0.198,0.181,0.57,0.248,0.0754,14,11.20814326018867,0,0,0,0,0,0,0,0,0,0,0,0,0,0,0,0,0,0,0,0,0,0,0,0,0,1,1,0,0,0,0,0,0,0,0,0,0,0,0,0,0,0,1,0,0,0,0,0,0,1,1.0
1gbq4n4,0.055,0.067,0.0,0.818,0.182,0.7845,33,8.841846274778883,1,1,0,1,0,0,0,0,0,0,0,0,0,0,0,0,0,1,0,0,0,0,3,0,0,2,0,0,0,0,0,0,1,0,0,0,0,0,0,0,0,0,2,5,0,0,1,0,0,1,1.0
1gbqawq,0.062,0.339,0.0,1.0,0.0,0.0,13,8.841846274778883,0,0,0,1,0,0,0,0,0,0,0,0,0,0,0,0,0,0,0,0,0,0,0,0,0,0,0,0,0,0,0,0,0,0,0,0,0,0,0,0,0,0,0,4,0,0,0,0,0,1,1.0
1gbqdbc,0.033,0.032,0.0,1.0,0.0,0.0,9,3.1291,0,1,0,1,0,0,0,0,0,0,0,0,0,0,0,0,0,0,0,0,0,1,0,0,0,0,0,0,0,0,0,0,0,0,0,0,0,0,0,0,0,0,0,3,0,0,0,0,0,0,0.30000001192092896
1gbqu1m,0.058,0.103,0.0,0.738,0.262,0.4939,10,8.841846274778883,0,0,0,0,0,0,0,0,0,0,0,0,0,0,0,0,0,0,0,0,0,0,0,1,0,0,0,0,0,0,0,0,0,0,0,0,0,0,0,0,0,0,2,3,1,0,0,0,0,1,1.0
1gbqwjr,0.105,0.086,0.0,0.472,0.528,0.6808,7,11.20814326018867,1,0,0,0,0,0,0,0,0,0,0,0,0,0,0,0,0,0,0,0,0,0,0,0,0,1,0,0,0,0,0,0,0,0,0,0,0,0,0,0,0,0,2,1,0,0,1,0,0,1,1.0
1gbqxuz,0.026,0.022,0.0,1.0,0.0,0.0,6,11.20814326018867,0,0,0,0,0,0,0,0,0,0,0,0,0,0,0,0,0,0,0,0,0,0,0,0,0,0,0,0,0,0,0,0,0,0,0,0,0,0,0,0,0,0,1,2,0,0,0,0,0,0,0.3199999928474426
1gbr2t9,0.105,0.082,0.0,0.472,0.528,0.6808,7,11.20814326018867,1,0,0,0,0,0,0,0,0,0,0,0,0,0,0,0,0,0,0,0,0,0,0,0,0,1,0,0,0,0,0,0,0,0,0,0,0,0,0,0,0,0,2,1,0,0,1,0,0,1,1.0
1gbr49j,0.031,0.15,0.0,1.0,0.0,0.0,12,13.023866798666859,0,0,0,0,0,0,0,0,0,0,0,0,0,0,0,0,0,0,0,0,0,0,0,0,1,0,0,0,0,0,0,0,0,0,0,0,0,0,0,0,0,0,0,1,0,0,0,0,0,1,1.0
1gbrag6,0.023,0.156,0.026,0.947,0.027,-0.1583,372,15.579741850924794,1,19,0,3,0,0,0,0,0,0,0,0,0,0,5,2,0,0,0,0,0,0,11,0,2,4,1,0,0,0,7,0,0,0,0,0,0,0,0,2,0,0,18,28,0,4,1,3,0,0,0.23000000417232513
1gbrcex,0.039,0.246,0.275,0.725,0.0,-0.5849,11,3.1291,0,0,0,0,0,0,0,0,0,0,0,0,0,0,0,0,0,0,0,0,0,0,0,0,0,0,1,0,0,0,0,0,0,0,0,0,0,0,0,0,0,0,2,3,0,0,0,0,0,1,1.0
1gbrfww,0.024,0.322,0.0,0.872,0.128,0.3612,18,8.841846274778883,0,1,0,0,0,0,0,0,0,0,0,0,0,0,0,0,0,0,0,0,0,0,0,0,0,2,0,0,0,0,0,0,0,0,0,0,0,0,0,0,0,0,1,6,1,0,0,0,0,1,1.0
1gbrjm0,0.025,0.075,0.201,0.799,0.0,-0.3089,10,3.1291,0,0,0,1,0,0,0,0,0,0,0,0,0,0,0,0,0,0,0,0,0,0,0,0,0,0,0,0,0,0,0,0,0,0,0,0,0,0,0,0,0,0,2,2,0,0,1,0,0,1,1.0
1gbrkdi,0.025,0.075,0.201,0.799,0.0,-0.3089,10,3.1291,0,0,0,1,0,0,0,0,0,0,0,0,0,0,0,0,0,0,0,0,0,0,0,0,0,0,0,0,0,0,0,0,0,0,0,0,0,0,0,0,0,0,2,2,0,0,1,0,0,1,1.0
1gbrlxv,0.027,0.333,0.0,0.865,0.135,0.3612,17,8.841846274778883,1,0,0,0,0,0,0,0,0,0,0,0,0,0,0,0,0,0,0,0,0,0,0,0,0,1,0,0,0,0,0,0,0,0,0,0,0,0,0,0,0,0,1,3,1,0,0,0,0,1,1.0
1gbrm1a,0.025,0.076,0.201,0.799,0.0,-0.3089,10,3.1291,0,0,0,1,0,0,0,0,0,0,0,0,0,0,0,0,0,0,0,0,0,0,0,0,0,0,0,0,0,0,0,0,0,0,0,0,0,0,0,0,0,0,2,2,0,0,1,0,0,1,1.0
1gbrpop,0.024,0.016,0.0,1.0,0.0,0.0,6,8.841846274778883,0,0,0,0,0,0,0,0,0,0,0,0,0,0,0,0,0,0,0,0,0,0,0,0,0,0,0,0,0,0,0,0,0,0,0,0,0,0,0,0,0,0,0,1,0,0,1,0,0,1,1.0
1gbrw8g,0.036,0.076,0.261,0.541,0.198,-0.1779,8,8.841846274778883,0,0,0,1,0,0,0,0,0,0,0,0,0,0,1,0,0,0,0,0,0,0,0,0,0,1,0,0,0,0,0,0,0,0,0,0,0,0,0,0,0,0,1,3,0,0,0,0,0,1,1.0
1gbry4l,0.093,0.031,0.082,0.746,0.171,0.2014,18,11.20814326018867,0,1,0,0,0,0,0,0,0,0,0,0,0,0,0,1,0,0,0,0,0,0,0,0,0,1,0,0,0,0,0,0,0,0,0,0,0,0,0,0,0,0,1,3,0,0,0,0,0,1,1.0
1gbsniy,0.011,0.018,0.244,0.595,0.161,-0.34,12,3.1291,0,0,0,0,0,0,0,0,0,0,0,0,0,0,0,0,0,0,0,0,0,1,0,0,0,0,1,0,0,0,0,0,0,0,0,0,0,0,0,0,0,0,0,0,0,0,1,0,0,1,1.0
1gbsrwo,0.097,0.025,0.0,1.0,0.0,0.0,9,8.841846274778883,1,1,0,0,0,0,0,0,0,0,0,0,0,0,0,0,0,0,0,0,0,0,0,0,0,0,0,0,0,0,0,0,0,0,0,0,0,0,0,0,0,0,1,0,0,0,1,0,0,1,1.0
1gbt0hr,0.651,0.077,0.278,0.425,0.297,-0.1363,15,14.554592549557764,1,0,0,0,0,0,0,0,0,0,0,0,0,0,0,0,0,0,0,0,0,0,0,2,0,2,2,0,0,0,0,0,0,0,0,0,0,0,0,0,0,0,0,3,1,0,1,0,0,0,0.5
1gbt5tp,0.022,0.352,0.458,0.542,0.0,-0.8519,14,11.20814326018867,0,1,0,0,0,0,0,0,0,0,0,0,0,0,0,0,0,0,0,0,0,0,0,0,0,0,4,0,0,0,0,0,0,0,0,0,0,0,0,0,0,0,1,3,0,1,0,0,0,1,1.0
1gbtd5b,0.02,0.139,0.145,0.578,0.277,0.3182,13,11.20814326018867,0,0,0,0,0,0,0,0,0,0,0,0,0,0,0,0,0,0,0,0,0,0,1,0,0,1,0,0,0,0,0,0,0,0,0,0,0,0,0,0,0,0,0,1,0,0,0,0,0,1,1.0
1gbtjj4,0.029,0.053,0.0,0.897,0.103,0.2411,18,11.20814326018867,0,0,0,1,0,0,0,0,0,0,0,0,0,0,0,0,0,0,0,0,0,0,0,0,1,0,1,0,0,0,0,0,0,0,0,0,0,0,0,0,0,0,0,2,0,0,0,0,0,1,1.0
1gbtt1s,0.021,0.052,0.0,1.0,0.0,0.0,10,13.023866798666859,0,0,0,0,0,0,0,0,0,0,0,0,0,0,0,0,0,0,0,0,0,1,0,0,0,0,0,0,0,0,0,0,0,0,0,0,0,0,0,0,0,0,0,0,0,0,0,0,0,1,1.0
1gbtt6m,0.071,0.226,0.0,1.0,0.0,0.0,23,3.1291,0,1,0,0,0,0,0,0,0,0,0,0,0,0,0,0,0,0,0,0,0,0,0,0,0,1,0,0,0,0,0,0,0,0,0,0,0,0,0,0,0,0,2,2,0,0,0,0,0,1,1.0
1gbtvr9,0.021,0.052,0.0,1.0,0.0,0.0,10,13.023866798666859,0,0,0,0,0,0,0,0,0,0,0,0,0,0,0,0,0,0,0,0,0,1,0,0,0,0,0,0,0,0,0,0,0,0,0,0,0,0,0,0,0,0,0,0,0,0,0,0,0,1,1.0
1gbuqho,0.074,0.401,0.114,0.886,0.0,-0.5574,29,8.841846274778883,0,2,0,0,0,0,0,0,0,0,0,0,0,0,0,0,0,0,0,0,0,0,0,0,0,1,1,0,0,0,0,0,0,0,0,0,0,0,0,0,0,0,3,4,0,0,0,0,0,1,1.0
1gbv7sl,0.637,0.427,0.0,0.787,0.213,0.5849,15,8.841846274778883,0,0,0,0,0,0,0,0,0,0,0,0,0,0,1,0,0,0,0,0,0,0,0,0,0,1,0,0,0,0,0,0,0,0,0,0,0,0,0,0,0,0,2,3,0,0,1,0,0,1,1.0
1gbvopg,0.023,0.015,0.0,1.0,0.0,0.0,5,8.841846274778883,0,0,0,0,0,0,0,0,0,0,0,0,0,0,0,0,0,0,0,0,0,0,0,0,0,0,0,0,0,0,0,0,0,0,0,0,0,0,0,0,0,0,0,2,0,0,0,0,0,1,1.0
1gbvy1l,0.082,0.029,0.0,1.0,0.0,0.0,12,11.20814326018867,0,0,0,0,0,0,0,0,0,0,0,0,0,0,0,0,0,0,0,0,0,1,0,0,0,0,0,0,0,0,0,0,0,0,0,0,0,0,0,0,0,0,2,3,0,0,0,0,0,1,1.0
1gbwk0f,0.046,0.046,0.062,0.818,0.12,0.9988,1652,16.96754192478548,20,133,1,25,0,1,0,0,0,0,1,0,0,0,7,16,0,1,1,0,1,10,38,9,36,43,49,2,2,2,7,0,0,0,0,0,0,0,1,4,0,0,5,67,14,17,57,7,1,0,0.3100000023841858
1gbxd0t,0.037,0.014,0.0,0.888,0.112,0.34,20,14.554592549557764,0,0,0,0,0,0,0,0,0,0,0,0,0,0,0,0,0,0,0,0,0,0,0,0,0,0,2,0,0,0,0,0,0,0,0,0,0,0,0,0,0,0,0,3,0,0,0,0,0,1,1.0
1gbxqej,0.02,0.065,0.094,0.737,0.168,0.3612,28,14.554592549557764,1,0,0,0,0,0,0,0,0,0,0,0,0,0,0,0,0,0,0,0,0,0,0,0,1,3,1,0,0,0,0,0,0,0,0,0,0,0,0,0,0,0,3,4,0,0,1,0,0,1,1.0
1gbxsdz,0.103,0.015,0.0,1.0,0.0,0.0,11,8.841846274778883,1,0,0,1,0,0,0,0,0,0,0,0,0,0,0,0,0,0,0,0,0,0,0,0,0,0,0,0,0,0,0,0,0,0,0,0,0,0,0,0,0,0,1,1,0,0,1,0,0,8,0.5699999928474426
1gbxv0o,0.013,0.022,0.0,0.813,0.187,0.5583,22,14.554592549557764,0,0,0,0,0,0,0,0,0,0,0,0,0,0,0,1,0,0,0,0,0,0,0,0,2,3,1,0,0,0,0,0,0,0,0,0,0,0,0,0,0,0,1,3,0,0,0,0,0,1,1.0
1gbxy6d,0.021,0.731,0.32,0.68,0.0,-0.5719,12,8.841846274778883,0,0,0,1,0,0,0,0,0,0,0,0,0,0,0,0,0,0,0,0,0,0,0,0,0,0,2,0,0,0,0,0,0,0,0,0,0,0,0,0,0,0,2,1,0,0,0,0,0,1,1.0
1gbyy1l,0.057,0.072,0.0,0.821,0.179,0.34,12,3.1291,0,0,0,0,0,0,0,0,0,0,0,0,0,0,0,0,0,0,0,0,0,0,0,0,0,0,0,0,0,0,0,0,0,0,0,0,0,0,0,0,0,0,0,0,0,1,0,0,0,1,1.0
1gbz0m7,0.025,0.033,0.0,1.0,0.0,0.0,9,8.841846274778883,0,0,0,0,0,0,0,0,0,0,0,0,0,0,0,0,0,0,0,0,0,0,0,0,0,0,1,0,0,0,0,0,0,0,0,0,0,0,0,0,0,0,1,1,0,0,0,0,0,1,1.0
1gc0iwa,0.05,0.079,0.07,0.789,0.141,0.0858,18,8.841846274778883,0,0,0,2,0,0,0,0,0,0,0,0,0,0,0,0,0,0,0,0,0,0,2,0,0,0,0,0,0,0,0,0,0,0,0,0,0,0,1,0,0,0,0,2,1,0,0,0,0,1,1.0
1gc0rlu,0.044,0.294,0.3,0.7,0.0,-0.8271,20,12.161744961471694,1,2,0,1,0,0,0,0,0,0,0,0,0,0,0,0,0,0,0,0,0,0,0,0,0,0,1,0,0,0,0,0,0,0,0,0,0,0,0,0,0,0,3,4,0,0,1,0,0,1,1.0
1gc0ykw,0.41,0.024,0.0,1.0,0.0,0.0,19,8.841846274778883,0,3,0,1,0,0,0,0,0,0,0,0,0,0,0,0,0,0,0,0,0,0,0,0,2,0,0,0,0,0,0,0,0,0,0,0,0,0,0,0,0,0,1,4,0,0,1,0,0,1,1.0
1gc13zb,0.021,0.021,0.0,1.0,0.0,0.0,10,8.841846274778883,0,0,0,0,0,0,0,0,0,0,0,0,0,0,0,0,0,0,0,0,0,0,0,0,0,0,0,0,0,0,0,0,0,0,0,0,0,0,0,0,0,0,0,2,0,0,0,0,0,1,0.6600000262260437
1gc15ql,0.114,0.046,0.0,0.803,0.197,0.4019,12,13.023866798666859,0,0,0,1,0,0,0,0,0,0,0,0,0,0,0,0,0,0,0,0,0,0,0,0,3,0,0,0,0,0,0,0,0,0,0,0,0,0,0,0,0,0,2,0,0,0,0,0,0,1,1.0
1gc276b,0.023,0.059,0.134,0.652,0.214,0.2382,19,13.023866798666859,0,1,0,1,0,0,0,0,0,0,0,0,0,0,1,0,0,0,0,0,0,0,0,0,0,1,3,0,0,0,0,0,0,0,0,0,0,0,0,0,0,0,2,4,0,0,0,0,0,1,1.0
1gc2f4e,0.027,0.022,0.0,1.0,0.0,0.0,9,3.1291,0,1,0,0,0,0,0,0,0,0,0,0,0,0,0,0,0,0,0,0,0,0,0,0,0,0,0,0,0,0,0,0,0,0,0,1,0,0,0,0,0,0,1,2,0,0,1,0,0,1,1.0
1gc3ork,0.153,0.115,0.0,1.0,0.0,0.0,11,11.20814326018867,1,0,0,0,0,0,0,0,0,0,0,0,0,0,0,0,0,0,0,0,0,0,0,0,0,0,1,0,0,0,0,0,0,0,0,0,0,0,0,0,0,0,1,1,1,0,1,0,0,1,1.0
1gc3qkm,0.072,0.039,0.188,0.677,0.135,-0.1779,11,14.554592549557764,1,0,0,0,0,0,0,0,0,0,0,0,0,0,0,0,0,0,0,0,0,0,0,0,0,1,1,0,0,0,0,0,0,0,0,0,0,0,0,0,0,0,1,2,1,0,0,0,0,1,1.0
1gc3r61,0.072,0.039,0.188,0.677,0.135,-0.1779,11,14.554592549557764,1,0,0,0,0,0,0,0,0,0,0,0,0,0,0,0,0,0,0,0,0,0,0,0,0,1,1,0,0,0,0,0,0,0,0,0,0,0,0,0,0,0,1,2,1,0,0,0,0,1,1.0
1gc4dse,0.042,0.048,0.437,0.563,0.0,-0.7351,10,14.554592549557764,0,0,0,0,0,0,0,0,0,0,0,0,0,0,0,0,0,0,0,0,0,0,0,0,0,0,1,0,0,0,0,0,0,0,0,0,0,0,0,0,0,0,1,2,0,0,0,0,0,0,0.5
1gc4h0r,0.101,0.15,0.112,0.761,0.127,0.3991,209,10.504223727775692,4,7,0,11,0,0,0,0,0,0,0,0,0,0,4,0,0,0,0,0,0,0,2,1,8,14,10,0,0,1,0,0,0,0,0,0,0,0,0,0,0,0,1,13,2,1,1,0,1,0,0.4300000071525574
1gc4nbu,0.042,0.054,0.437,0.563,0.0,-0.7351,10,14.554592549557764,0,0,0,0,0,0,0,0,0,0,0,0,0,0,0,0,0,0,0,0,0,0,0,0,0,0,1,0,0,0,0,0,0,0,0,0,0,0,0,0,0,0,0,2,0,0,0,0,0,0,0.3100000023841858
1gc4vmt,0.022,0.397,0.22,0.78,0.0,-0.4767,12,8.841846274778883,0,0,0,0,0,0,0,0,0,0,0,0,0,0,0,0,0,0,0,0,0,0,1,0,0,0,1,0,0,0,1,0,0,0,0,0,0,0,0,0,0,0,1,2,0,0,0,0,0,1,1.0
1gc50p9,0.021,0.021,0.0,1.0,0.0,0.0,10,8.841846274778883,0,0,0,0,0,0,0,0,0,0,0,0,0,0,0,0,0,0,0,0,0,0,0,0,0,0,0,0,0,0,0,0,0,0,0,0,0,0,0,0,0,0,0,2,0,0,0,0,0,1,0.6600000262260437
1gc5a66,0.033,0.071,0.0,1.0,0.0,0.0,15,11.20814326018867,0,0,0,2,0,0,0,0,0,0,0,0,0,0,0,0,0,0,0,0,0,0,0,1,0,0,0,0,0,0,0,0,0,0,0,0,0,0,0,0,0,0,0,0,0,1,0,0,0,1,1.0
1gc5d87,0.019,0.045,0.014,0.842,0.144,0.9929,349,12.457975602129121,2,16,0,9,0,0,0,0,0,0,0,0,0,0,3,2,0,0,0,0,0,2,30,2,4,13,5,0,0,1,6,0,0,0,0,0,0,0,1,1,0,0,11,30,4,1,2,1,2,0,0.38999998569488525
1gc5p4t,0.074,0.2,0.238,0.581,0.18,-0.25,12,11.20814326018867,0,0,0,0,0,0,0,0,0,0,0,0,0,0,0,0,0,0,0,0,0,0,0,0,0,0,1,0,0,0,0,0,0,0,0,0,0,0,0,0,0,0,1,1,0,0,0,0,0,1,1.0
1gc5qnp,0.074,0.2,0.238,0.581,0.18,-0.25,12,11.20814326018867,0,0,0,0,0,0,0,0,0,0,0,0,0,0,0,0,0,0,0,0,0,0,0,0,0,0,1,0,0,0,0,0,0,0,0,0,0,0,0,0,0,0,1,1,0,0,0,0,0,1,1.0
1gc5uge,0.034,0.214,0.139,0.754,0.107,-0.2023,21,8.841846274778883,0,1,0,1,0,0,0,0,0,0,0,0,0,0,0,0,0,0,0,0,0,0,0,0,0,0,1,0,0,0,0,0,0,0,0,0,0,0,0,0,0,0,3,2,0,0,0,0,0,1,1.0
1gc6t1p,0.036,0.012,0.0,1.0,0.0,0.0,5,3.1291,0,0,0,1,0,0,0,0,0,0,0,0,0,0,0,0,0,0,0,0,0,0,0,0,0,0,0,0,0,0,0,0,0,0,0,0,0,0,0,0,0,0,0,1,0,0,0,0,0,1,1.0
1gc70qt,0.018,0.006,0.0,1.0,0.0,0.0,5,8.841846274778883,0,0,0,0,0,0,0,0,0,0,0,0,0,0,0,0,0,0,0,0,0,0,0,0,0,0,0,0,0,0,0,0,0,0,0,0,0,0,0,0,0,0,0,0,0,0,0,0,0,1,1.0
1gc7bec,0.188,0.306,0.146,0.452,0.402,0.7269,12,11.20814326018867,0,0,0,0,0,0,0,0,0,0,0,0,0,0,0,0,0,0,0,0,0,0,0,0,0,2,2,0,0,0,0,0,0,0,0,0,0,0,0,0,0,0,0,0,0,0,0,0,0,0,0.4399999976158142
1gc7y3m,0.023,0.178,0.0,1.0,0.0,0.0,8,11.20814326018867,0,0,0,0,0,0,0,0,0,0,0,0,0,0,0,0,0,0,0,0,0,0,0,0,0,0,1,0,0,0,0,0,0,0,0,0,0,0,0,0,0,0,1,1,0,0,0,0,0,1,1.0
1gc88jq,0.073,0.255,0.0,1.0,0.0,0.0,16,10.125756701596842,1,0,0,0,0,0,0,0,0,0,0,0,0,0,0,0,0,0,0,0,0,0,0,0,0,0,0,0,0,0,0,0,0,0,0,0,0,0,0,0,0,0,1,3,0,0,0,0,0,1,1.0
1gc8nq9,0.11,0.048,0.286,0.714,0.0,-0.5574,10,11.20814326018867,0,2,0,0,0,0,0,0,0,0,0,0,0,0,0,0,0,0,0,0,0,0,0,0,0,0,1,0,0,0,0,0,0,0,0,0,0,0,0,0,0,0,0,1,0,0,1,0,0,1,1.0
1gc904u,0.043,0.2,0.0,1.0,0.0,0.0,13,3.1291,0,0,0,0,0,0,0,0,0,0,0,0,0,0,0,0,0,0,0,0,0,0,0,0,0,0,0,0,0,0,0,0,0,0,0,0,0,0,0,0,0,0,2,0,0,0,0,0,0,1,1.0
1gc957q,0.042,0.024,0.0,0.682,0.318,0.4215,7,8.841846274778883,0,0,0,0,0,0,0,0,0,0,0,0,0,0,0,0,0,0,0,0,0,0,0,0,0,1,0,0,0,0,0,0,0,0,0,0,0,0,0,0,0,0,0,1,0,0,0,0,0,0,0.23999999463558197
1gc9qxr,0.096,0.52,0.073,0.73,0.197,0.6249,41,12.161744961471694,0,2,1,1,0,0,0,0,0,0,0,0,0,0,0,0,0,0,0,0,0,0,1,0,4,1,1,0,0,0,0,0,0,0,0,0,0,0,1,0,0,0,3,7,3,1,1,0,0,1,1.0
1gc9qym,0.051,0.022,0.0,0.899,0.101,0.4215,26,13.023866798666859,1,1,0,1,0,0,0,0,0,0,0,0,0,0,0,0,0,0,0,0,0,2,0,0,0,0,0,0,0,0,0,0,0,0,0,0,0,0,0,1,0,0,0,5,1,0,0,0,0,1,1.0
1gc9wot,0.02,0.062,0.0,1.0,0.0,0.0,14,8.841846274778883,1,1,0,1,0,0,0,0,0,0,0,0,0,0,0,0,0,0,0,0,0,1,1,0,0,1,0,0,0,0,1,0,0,0,0,0,0,0,0,0,0,0,1,0,0,0,1,1,0,1,1.0
1gc9wpk,0.052,0.203,0.0,1.0,0.0,0.0,7,3.1291,0,0,0,0,0,0,0,0,0,0,0,0,0,0,0,0,0,0,0,0,0,0,0,0,0,0,1,0,0,0,0,0,0,0,0,0,0,0,0,0,0,0,0,2,0,0,0,0,0,1,1.0
1gc9xha,0.128,0.027,0.331,0.669,0.0,-0.5358,11,11.20814326018867,0,0,0,1,0,0,0,0,0,0,0,0,0,0,0,0,0,0,0,0,0,0,0,0,0,1,0,0,0,0,0,0,0,0,0,0,0,0,0,0,0,0,1,3,0,0,0,0,0,1,1.0
1gc9zz3,0.03,0.044,0.0,0.714,0.286,0.6808,16,3.1291,0,1,0,0,0,0,0,0,0,0,0,0,0,0,0,0,0,0,0,0,0,0,1,0,0,2,0,0,0,0,0,0,0,0,0,0,0,0,0,0,0,0,0,3,1,0,1,0,0,1,1.0
1gcajkq,0.022,0.112,0.104,0.646,0.25,0.8213,45,11.20814326018867,0,7,0,2,0,0,0,0,0,0,0,0,0,0,1,0,0,0,0,0,0,0,0,0,1,2,4,0,0,0,0,0,0,0,0,0,0,0,0,0,0,0,1,7,0,0,2,0,0,58,0.800000011920929
1gcaq3h,0.578,0.654,0.0,0.905,0.095,0.2263,19,11.20814326018867,0,0,0,0,0,0,0,0,0,0,0,0,0,0,0,0,0,0,0,0,0,0,0,2,0,2,0,0,0,0,0,0,0,0,0,0,0,0,0,0,0,0,0,5,0,0,0,0,0,2,1.0
1gcareh,0.027,0.15,0.0,0.9,0.1,0.2755,20,13.023866798666859,0,1,0,1,0,0,0,0,0,0,0,0,0,0,0,1,0,0,0,0,0,0,2,0,0,2,0,0,0,0,0,0,0,0,0,0,0,0,0,0,0,0,0,3,0,0,1,0,0,1,1.0
1gcatkb,0.02,0.136,0.0,0.76,0.24,0.6553,19,8.841846274778883,0,0,0,1,0,0,0,0,0,0,0,0,0,0,0,1,0,0,0,0,0,0,2,0,0,2,0,0,0,0,0,0,0,0,0,0,0,0,0,0,0,0,0,5,1,0,1,0,0,1,1.0
1gcawzt,0.023,0.15,0.0,0.76,0.24,0.6553,19,8.841846274778883,0,0,0,1,0,0,0,0,0,0,0,0,0,0,0,1,0,0,0,0,0,0,2,0,0,2,0,0,0,0,0,0,0,0,0,0,0,0,0,0,0,0,0,5,1,0,1,0,0,1,1.0
1gcazhr,0.116,0.158,0.376,0.588,0.035,-0.9118,25,11.20814326018867,1,2,0,0,0,0,0,0,0,0,0,0,0,0,0,0,0,0,0,0,0,0,0,0,0,0,3,0,0,0,0,0,0,0,0,0,0,0,0,1,0,0,0,9,0,0,1,0,0,1,1.0
1gcb7d9,0.025,0.043,0.0,0.758,0.242,0.5856,17,13.023866798666859,0,1,0,1,0,0,0,0,0,0,0,0,0,0,0,0,0,0,0,0,0,1,0,0,0,2,0,0,0,0,0,0,0,0,0,0,0,0,0,0,0,0,1,1,1,0,0,0,0,1,1.0
1gcd048,0.029,0.641,0.254,0.746,0.0,-0.5267,11,14.554592549557764,0,0,0,0,0,0,0,0,0,0,0,0,0,0,0,0,0,0,0,0,0,0,0,0,0,0,2,0,0,0,0,0,0,0,0,0,0,0,0,0,0,0,0,3,0,0,0,0,0,1,1.0
1gceifv,0.043,0.396,0.082,0.84,0.078,-0.1546,135,9.516144504307135,3,8,0,4,0,0,0,0,0,0,0,0,0,0,1,0,0,0,0,0,0,0,1,1,2,2,3,0,0,0,0,0,0,0,0,0,0,0,0,0,0,0,2,13,1,1,3,0,1,0,0.3199999928474426
1gcet89,0.094,0.444,0.258,0.686,0.055,-0.9898,143,12.261556223090622,3,3,0,1,0,0,0,0,0,0,0,0,0,0,0,0,0,0,0,0,0,0,0,0,11,4,11,0,0,0,0,0,0,0,0,0,0,0,0,1,0,0,9,13,0,1,3,1,0,0,0.47999998927116394
1gcf5di,0.034,0.094,0.193,0.807,0.0,-0.4767,14,13.023866798666859,0,1,0,0,0,0,0,0,0,0,0,0,0,0,0,0,0,0,0,0,0,0,1,0,0,0,1,0,1,0,1,0,0,0,0,0,0,0,0,0,0,0,0,1,0,0,0,1,0,1,0.9900000095367432
1gcfbo4,0.048,0.235,0.0,1.0,0.0,0.0,12,11.20814326018867,0,2,0,0,0,0,0,0,0,0,0,0,0,0,0,0,0,0,0,0,0,0,0,0,0,0,0,0,0,0,0,0,0,0,0,0,0,0,0,0,0,0,1,1,0,0,1,0,0,1,1.0
1gcfboq,0.064,0.333,0.192,0.668,0.14,-0.9137,218,15.021129683784007,4,9,0,1,0,1,0,0,0,0,0,0,0,0,0,3,0,0,0,0,0,0,1,0,2,3,17,0,0,0,0,0,0,0,0,0,0,0,0,1,0,0,8,18,1,2,5,1,0,0,0.09000000357627869
1gcfe57,0.092,0.188,0.122,0.798,0.08,-0.8648,201,17.122413403193683,3,13,0,9,0,0,0,0,0,0,0,0,0,0,2,3,0,0,0,0,0,0,2,0,3,4,1,0,1,0,2,0,0,0,0,0,0,0,0,1,0,0,2,17,1,1,5,1,0,0,0.3700000047683716
1gcfhan,0.025,0.27,0.331,0.558,0.111,-0.7097,19,11.20814326018867,0,0,0,1,0,0,0,0,0,0,0,0,0,0,1,0,0,0,0,0,0,0,2,0,1,1,2,0,0,0,0,0,0,0,0,1,0,0,0,0,0,0,0,5,0,1,0,0,0,1,1.0
1gcfruq,0.068,0.123,0.153,0.784,0.062,-0.9772,214,12.311054993355175,1,4,0,4,0,0,0,0,0,0,0,0,0,0,0,1,0,0,0,0,0,1,1,0,2,2,12,0,0,0,0,0,0,0,0,0,0,0,0,3,0,0,4,16,1,0,0,0,0,0,0.12999999523162842
1gcg1k6,0.064,0.058,0.05,0.806,0.145,0.9543,141,15.6451,3,10,0,4,0,0,0,0,0,0,0,0,0,0,0,2,0,0,0,0,0,2,6,0,2,3,3,0,0,2,0,0,0,0,0,0,0,0,0,2,0,0,6,17,2,3,4,1,0,0,0.4699999988079071
1gcgp1a,0.079,0.053,0.0,1.0,0.0,0.0,10,3.1291,0,0,0,0,0,0,0,0,0,0,0,0,0,0,0,0,0,0,0,0,0,0,0,0,0,0,0,0,0,0,0,0,0,0,0,0,0,0,0,0,0,0,0,0,0,0,0,0,0,1,0.9900000095367432
1gchqq4,0.143,0.285,0.121,0.822,0.057,-0.9821,307,20.503739492662863,2,24,0,14,0,0,0,0,0,0,0,0,0,0,0,1,0,0,0,0,0,0,14,0,15,8,13,0,4,0,7,0,0,0,0,0,0,0,0,1,0,0,7,21,1,2,9,3,0,0,0.3499999940395355
1gchwdx,0.078,0.032,0.0,1.0,0.0,0.0,7,3.1291,0,0,0,0,0,0,0,0,0,0,0,0,0,0,0,0,0,0,0,0,0,0,0,0,0,0,0,0,0,0,0,0,0,0,0,0,0,0,0,0,0,0,0,1,0,0,0,0,0,1,1.0
1gchy7d,0.037,0.339,0.016,0.867,0.117,0.8898,143,13.427899808715576,0,13,0,3,0,3,0,0,0,0,0,0,0,0,0,2,0,0,0,0,0,0,6,1,1,5,1,0,0,0,3,0,0,0,0,0,0,0,0,0,0,0,0,13,1,3,1,2,1,0,0.25999999046325684
1gci9g9,0.029,0.113,0.043,0.779,0.178,0.99,232,13.463846863241148,6,14,0,2,0,3,0,0,0,0,0,0,0,0,0,2,0,1,1,0,0,2,2,1,5,17,7,0,0,0,0,0,0,0,0,0,0,0,0,1,0,0,15,13,4,2,5,1,0,1463,0.8600000143051147
1gcj1o6,0.059,0.523,0.072,0.889,0.038,-0.8,336,10.63711953065702,3,21,1,12,0,0,0,0,0,0,0,0,0,0,4,2,0,0,0,0,0,2,4,0,23,8,17,0,1,3,1,0,0,0,0,0,0,0,1,2,0,0,28,29,2,1,6,3,1,0,0.33000001311302185
1gcj3og,0.067,0.388,0.174,0.826,0.0,-0.6124,20,12.161744961471694,0,1,0,1,0,0,0,0,0,0,0,0,0,0,0,0,0,0,0,0,0,0,0,0,0,0,0,0,0,0,0,0,0,0,0,0,0,0,0,0,0,0,1,0,0,0,0,0,0,1,1.0
1gcjjxi,0.127,0.304,0.069,0.885,0.047,-0.9317,678,13.596283718651353,4,38,0,16,0,0,0,0,0,0,0,0,0,0,1,5,0,0,0,0,0,7,5,6,13,9,15,0,0,1,3,0,0,0,0,0,0,0,8,3,0,0,72,44,8,3,4,2,0,1585,0.6800000071525574
1gcjviw,0.039,0.175,0.0,1.0,0.0,0.0,8,8.841846274778883,0,1,0,0,0,0,0,0,0,0,0,0,0,0,0,0,0,0,0,0,0,0,0,0,0,0,0,0,0,0,0,0,0,0,0,0,0,0,0,0,0,0,1,0,0,0,0,0,0,1,1.0
1gck88h,0.038,0.078,0.089,0.85,0.061,-0.9232,305,15.760457277294734,6,17,0,9,0,0,0,0,1,0,0,0,0,0,3,1,0,0,0,0,0,0,6,2,1,6,8,0,0,0,1,0,0,0,0,1,0,0,0,0,0,0,49,22,2,4,4,2,0,0,0.4000000059604645
1gckk24,0.037,0.255,0.057,0.825,0.118,0.912,195,14.191785591663535,0,12,0,8,0,0,0,0,0,0,0,0,0,0,0,1,0,0,0,0,1,2,7,0,10,10,7,0,1,0,2,0,1,0,0,3,0,0,0,1,0,0,3,18,0,1,5,2,0,0,0.2199999988079071
1gckrlc,0.094,0.129,0.133,0.775,0.092,-0.9218,171,10.7630783206399,1,16,0,0,0,0,0,0,0,0,0,0,0,0,4,3,0,0,1,0,0,1,1,4,2,7,4,0,0,0,0,1,2,0,0,0,0,0,1,1,0,0,7,21,3,0,4,0,0,318,0.6600000262260437
1gckuod,0.029,0.113,0.221,0.687,0.092,-0.9971,423,18.903936251131103,1,29,0,3,0,1,0,0,0,0,0,0,0,0,0,3,0,0,0,0,0,0,0,0,9,19,37,0,0,0,0,0,0,0,0,0,0,0,0,3,0,0,28,24,1,7,9,0,1,0,0.38999998569488525
1gckwwc,0.233,0.787,0.379,0.621,0.0,-0.6705,11,11.20814326018867,0,1,0,0,0,0,0,0,0,0,0,0,0,0,0,0,0,0,0,0,0,0,0,0,0,0,2,0,0,0,0,0,0,0,0,0,0,0,0,0,0,0,0,3,0,0,0,0,0,1,1.0
1gclc0p,0.182,0.335,0.211,0.789,0.0,-0.3412,10,11.20814326018867,0,0,0,1,0,0,0,0,0,0,0,0,0,0,0,0,0,0,0,0,0,0,0,0,0,0,1,0,0,0,0,0,0,0,0,0,0,0,0,0,0,0,2,0,0,0,0,0,0,1,1.0
1gcld09,0.15,0.248,0.47,0.53,0.0,-0.7964,10,11.20814326018867,0,0,0,0,0,0,0,0,0,0,0,0,0,0,0,0,0,0,0,0,0,0,0,0,0,0,1,0,0,0,0,0,0,0,0,0,0,0,0,0,0,0,0,1,0,0,0,0,0,1,1.0
1gcldld,0.03,0.123,0.185,0.706,0.11,-0.9989,1071,13.059652690516799,6,81,1,24,0,4,0,0,0,0,0,0,1,0,13,6,0,0,1,0,0,0,10,8,52,45,64,0,0,0,3,0,1,0,0,0,0,0,0,8,0,0,21,39,6,10,10,4,0,0,0.25999999046325684
1gclep2,0.041,0.043,0.053,0.891,0.057,0.2507,237,9.210782826323648,10,17,0,13,0,0,0,0,0,0,0,0,1,0,3,2,0,1,0,0,0,0,20,6,4,4,7,0,0,0,4,0,0,0,0,1,0,0,0,4,0,0,4,16,3,1,7,4,1,0,0.28999999165534973
1gclt53,0.03,0.143,0.085,0.797,0.118,0.8668,180,14.955608360458719,3,4,0,9,0,0,0,0,0,0,0,0,0,0,0,1,0,0,0,0,0,1,2,0,7,4,6,0,0,0,0,0,0,0,0,0,0,0,0,1,0,0,20,15,3,2,5,0,1,0,0.3100000023841858
1gcmp74,0.58,0.108,0.155,0.734,0.111,-0.938,237,17.122413403193683,1,12,0,1,0,0,0,0,0,0,0,0,0,0,0,1,0,0,0,0,0,1,3,2,3,14,16,0,0,0,1,0,0,0,0,0,0,0,0,2,0,0,3,21,3,0,5,0,0,0,0.46000000834465027
1gcmplz,0.032,0.033,0.0,1.0,0.0,0.0,9,8.841846274778883,0,0,0,0,0,0,0,0,0,0,0,0,0,0,0,0,0,0,0,0,0,0,0,0,0,0,0,0,0,0,0,0,0,0,0,0,0,0,0,0,0,0,2,1,1,0,0,0,0,1,1.0
1gcn635,0.034,0.151,0.141,0.681,0.178,0.1813,15,11.20814326018867,1,0,0,0,0,0,0,0,0,0,0,0,0,0,0,0,0,0,0,0,0,0,0,0,0,1,1,0,0,0,0,0,0,0,0,0,0,0,0,1,0,0,0,5,1,0,0,0,0,1,1.0
1gcna70,0.03,0.218,0.22,0.78,0.0,-0.4767,12,14.554592549557764,0,0,0,0,0,0,0,0,0,0,0,0,0,0,0,0,0,0,0,0,0,0,0,0,0,0,2,0,0,0,0,0,0,0,0,0,0,0,0,0,0,0,0,2,0,0,0,0,0,1,1.0
1gcnjn0,0.072,0.401,0.071,0.8,0.128,0.8063,159,14.554592549557764,2,8,0,7,0,0,0,0,0,0,0,0,0,0,3,4,0,0,0,0,0,2,0,1,4,9,11,0,0,0,0,0,0,0,0,0,0,0,0,2,0,0,0,14,0,1,3,0,1,16,0.6200000047683716
1gcnnpf,0.205,0.548,0.267,0.733,0.0,-0.6124,12,11.20814326018867,0,0,0,0,0,0,0,0,0,0,0,0,0,0,0,0,0,0,0,0,0,0,0,0,0,0,1,0,0,0,0,0,0,0,0,0,0,0,0,1,0,0,0,1,0,0,1,0,0,2,1.0
1gcnvwl,0.043,0.114,0.056,0.861,0.083,0.2263,194,16.975882523387877,3,8,0,1,0,0,0,0,0,0,0,0,0,0,0,1,0,0,0,0,0,1,0,0,4,5,11,0,0,0,0,0,0,0,0,0,0,0,3,0,0,0,8,11,3,0,5,0,0,0,0.41999998688697815
1gcnwcw,0.023,0.112,0.068,0.882,0.05,-0.9543,735,11.840956395766927,2,32,1,15,0,1,0,0,0,0,0,0,0,0,3,4,0,0,1,2,0,0,20,1,4,15,21,0,0,1,4,0,0,0,0,1,0,0,0,3,0,0,77,34,0,5,6,4,0,0,0.25999999046325684
1gco6vk,0.04,0.033,0.237,0.763,0.0,-0.4767,11,3.1291,0,0,0,0,0,0,0,0,0,0,0,0,0,0,0,0,0,0,0,0,0,1,0,0,0,0,1,0,0,0,0,0,0,0,0,0,0,0,0,0,0,0,0,0,0,0,0,0,0,1,1.0
1gcobq6,0.109,0.457,0.141,0.859,0.0,-0.5806,28,13.023866798666859,0,2,0,1,0,0,0,0,0,0,0,0,0,0,0,0,0,0,0,0,0,0,1,0,0,0,1,0,0,0,0,0,0,0,0,0,0,0,0,0,0,0,0,5,0,0,0,0,0,1,1.0
1gcocru,0.054,0.113,0.088,0.785,0.127,0.9189,244,10.436869588844216,1,19,0,24,0,1,0,0,0,0,0,0,0,1,0,3,0,0,0,0,1,4,16,6,2,5,7,0,0,1,3,0,0,0,0,0,0,0,0,2,0,0,10,16,1,1,10,3,1,0,0.3499999940395355
1gcoddp,0.025,0.027,0.0,1.0,0.0,0.0,7,8.841846274778883,0,0,0,1,0,0,0,0,0,0,0,0,0,0,0,0,0,0,0,0,0,0,0,0,0,0,0,0,0,0,0,0,0,0,0,0,0,0,0,0,0,0,0,0,0,0,0,0,0,1,1.0
1gcoe5i,0.016,0.137,0.2,0.8,0.0,-0.4588,18,14.554592549557764,0,1,0,0,0,0,0,0,0,0,0,0,0,0,0,0,0,0,0,0,0,0,1,0,0,1,2,0,0,0,1,0,0,0,0,0,0,0,0,0,0,0,2,4,1,0,0,1,0,1,1.0
1gcof5w,0.109,0.448,0.141,0.859,0.0,-0.5806,28,13.023866798666859,0,2,0,1,0,0,0,0,0,0,0,0,0,0,0,0,0,0,0,0,0,0,1,0,0,0,1,0,0,0,0,0,0,0,0,0,0,0,0,0,0,0,0,5,0,0,0,0,0,1,1.0
1gcog55,0.099,0.451,0.141,0.859,0.0,-0.5806,28,13.023866798666859,0,2,0,1,0,0,0,0,0,0,0,0,0,0,0,0,0,0,0,0,0,0,1,0,0,0,1,0,0,0,0,0,0,0,0,0,0,0,0,0,0,0,0,5,0,0,0,0,0,1,1.0
1gcoihp,0.767,0.77,0.155,0.685,0.16,-0.0772,124,8.841846274778883,3,6,0,3,0,0,0,0,0,0,0,0,0,0,1,0,0,0,1,0,1,2,10,2,2,7,9,0,0,0,1,0,0,0,0,0,0,0,0,2,0,0,7,13,2,0,7,2,1,0,0.12999999523162842
1gcow1p,0.046,0.015,0.0,1.0,0.0,0.0,6,11.20814326018867,0,0,0,0,0,0,0,0,0,0,0,0,0,0,0,0,0,0,0,0,0,0,0,0,0,1,0,0,0,0,0,0,0,0,0,0,0,0,0,0,0,0,0,1,0,0,0,0,0,1,1.0
1gcp8ym,0.013,0.029,0.0,1.0,0.0,0.0,11,3.1291,0,0,0,1,0,0,0,0,0,0,0,0,0,0,0,0,0,0,0,0,0,0,0,0,0,0,0,0,0,0,0,0,0,0,0,0,0,0,0,0,0,0,1,1,0,0,0,0,0,1,1.0
1gcpmeg,0.061,0.592,0.373,0.498,0.129,-0.7096,13,8.841846274778883,0,1,0,0,0,0,0,0,0,0,0,0,0,0,0,0,0,0,0,0,0,0,0,0,0,0,2,0,0,0,0,0,0,0,0,0,0,0,0,0,0,0,1,3,0,0,0,0,0,1,1.0
1gcpr4b,0.532,0.378,0.104,0.896,0.0,-0.296,20,11.20814326018867,0,0,0,0,0,0,0,0,0,0,0,0,0,0,0,0,0,0,0,0,0,2,0,0,0,0,1,0,0,0,0,0,0,0,0,0,0,0,0,0,0,0,2,0,0,0,0,0,0,1,1.0
1gcpui4,0.049,0.371,0.333,0.667,0.0,-0.6124,9,11.20814326018867,0,1,0,0,0,0,0,0,0,0,0,0,0,0,0,0,0,0,0,0,0,0,0,0,0,0,1,0,0,0,0,0,0,0,0,0,0,0,1,0,0,0,0,2,2,0,0,0,0,1,1.0
1gcqad9,0.045,0.233,0.091,0.829,0.08,-0.959,1163,12.992101815253424,15,79,0,36,0,0,0,0,0,0,0,0,0,0,7,13,2,0,1,0,0,16,42,12,29,44,42,0,1,3,6,1,1,0,0,3,0,1,3,9,0,0,52,46,7,6,21,8,1,0,0.28999999165534973
1gcqpq4,0.031,0.057,0.079,0.833,0.088,0.0762,29,11.20814326018867,0,2,0,4,0,0,0,0,0,0,0,0,0,0,0,0,0,0,0,0,0,0,0,0,1,1,0,0,0,0,0,0,0,0,0,0,0,0,0,0,0,0,3,8,0,0,0,0,0,1,1.0
1gcqyx9,0.035,0.232,0.062,0.874,0.064,0.1414,196,13.023866798666859,3,13,0,4,0,0,0,0,0,0,0,0,0,0,1,0,0,0,0,0,0,0,1,12,4,12,4,0,0,0,0,0,0,0,0,1,0,0,1,0,0,0,20,14,2,0,7,1,0,0,0.5
1gcrb4b,0.039,0.031,0.107,0.794,0.1,-0.941,359,11.882522634951826,5,14,0,7,0,0,0,0,0,0,0,0,0,0,0,7,0,0,0,0,0,4,5,0,1,5,14,1,1,0,3,0,1,0,0,0,0,0,0,0,0,0,12,25,4,2,1,2,1,0,0.3199999928474426
1gcrft1,0.07,0.202,0.0,0.814,0.186,0.4926,15,8.841846274778883,0,0,0,0,0,0,0,0,0,0,0,0,0,0,0,0,0,0,0,0,0,1,0,0,0,1,0,0,0,0,0,0,0,0,0,0,0,0,0,0,0,0,0,3,0,0,1,0,0,1,1.0
1gcrfx1,0.05,0.421,0.176,0.728,0.095,-0.9799,233,12.745084868956482,1,15,3,5,0,0,0,0,0,0,0,0,0,0,2,3,0,0,0,0,0,1,4,1,4,5,10,0,0,1,1,0,0,0,0,2,0,0,2,3,0,0,9,25,4,1,1,1,0,2,0.5099999904632568
1gcrkt0,0.017,0.059,0.281,0.719,0.0,-0.5994,11,8.841846274778883,0,0,0,0,0,0,0,0,0,0,0,0,0,0,0,0,0,0,0,0,0,0,0,0,0,0,2,0,0,0,0,0,0,0,0,0,0,0,0,0,0,0,1,2,0,0,0,0,0,1,1.0
1gcro9i,0.017,0.059,0.281,0.719,0.0,-0.5994,11,8.841846274778883,0,0,0,0,0,0,0,0,0,0,0,0,0,0,0,0,0,0,0,0,0,0,0,0,0,0,2,0,0,0,0,0,0,0,0,0,0,0,0,0,0,0,1,2,0,0,0,0,0,1,1.0
1gcrq3n,0.017,0.059,0.281,0.719,0.0,-0.5994,11,8.841846274778883,0,0,0,0,0,0,0,0,0,0,0,0,0,0,0,0,0,0,0,0,0,0,0,0,0,0,2,0,0,0,0,0,0,0,0,0,0,0,0,0,0,0,1,2,0,0,0,0,0,1,1.0
1gcs052,0.017,0.064,0.281,0.719,0.0,-0.5994,11,8.841846274778883,0,0,0,0,0,0,0,0,0,0,0,0,0,0,0,0,0,0,0,0,0,0,0,0,0,0,2,0,0,0,0,0,0,0,0,0,0,0,0,0,0,0,1,2,0,0,0,0,0,1,1.0
1gcs7v8,0.024,0.39,0.085,0.857,0.058,-0.6715,194,8.575989854853784,5,17,0,3,0,3,0,0,0,0,0,0,0,0,0,1,0,0,0,0,0,2,2,10,1,5,10,0,0,0,0,1,1,0,0,3,0,0,1,2,0,0,5,16,6,2,2,0,1,0,0.33000001311302185
1gcsa7p,0.034,0.279,0.111,0.807,0.082,-0.9027,306,12.745084868956482,3,29,0,7,0,0,0,0,0,0,0,0,0,0,1,3,0,0,0,0,0,2,7,4,10,5,9,0,0,2,1,0,1,0,0,1,0,0,1,3,0,0,4,31,2,1,4,2,1,0,0.4000000059604645
1gcsmf4,0.06,0.148,0.157,0.843,0.0,-0.3818,15,8.841846274778883,0,0,0,2,0,0,0,0,0,0,0,0,0,0,0,0,0,0,0,0,0,0,1,0,0,0,0,0,1,0,1,0,0,0,0,0,0,0,0,0,0,0,0,1,0,0,0,1,0,1,1.0
1gct0kd,0.055,0.117,0.049,0.853,0.098,0.8852,214,12.719339214003902,0,10,0,7,0,0,0,0,0,0,0,0,1,0,0,0,0,0,0,0,0,20,0,0,0,5,6,0,0,1,0,0,0,0,0,0,0,0,0,3,0,0,4,15,2,0,3,0,0,0,0.4399999976158142
1gcthx0,0.017,0.081,0.302,0.698,0.0,-0.5994,10,8.841846274778883,0,0,0,0,0,0,0,0,0,0,0,0,0,0,0,0,0,0,0,0,0,0,0,0,0,0,2,0,0,0,0,0,0,0,0,0,0,0,0,0,0,0,1,2,0,0,0,0,0,1,1.0
1gctm0o,0.048,0.018,0.028,0.821,0.151,0.9363,125,16.32212239822248,3,7,0,2,0,0,0,0,0,0,0,0,0,0,0,2,0,0,0,0,0,2,2,0,1,4,3,0,0,0,2,0,0,0,0,0,0,0,1,0,0,0,2,16,2,1,2,1,0,0,0.2800000011920929
1gctqis,0.036,0.234,0.173,0.768,0.059,-0.9546,128,14.554592549557764,1,3,0,2,0,0,0,0,0,0,0,0,0,0,1,1,0,0,0,0,0,0,3,0,2,5,11,0,0,0,0,0,0,0,0,0,0,0,0,0,0,0,10,19,1,2,2,0,0,1,1.0
1gctulx,0.062,0.048,0.134,0.826,0.04,-0.9601,183,14.005844860021309,6,8,0,3,0,0,0,0,0,0,0,0,0,0,0,0,0,0,0,0,0,1,3,0,1,2,6,0,0,1,0,0,0,0,0,0,0,0,0,1,0,0,12,14,1,1,5,1,0,0,0.3499999940395355
1gcu5hj,0.039,0.086,0.068,0.803,0.13,0.9546,309,12.920253819902943,5,9,1,2,0,1,0,0,0,0,0,0,0,0,1,0,0,0,0,0,0,1,4,0,12,20,13,0,1,0,0,1,0,0,0,0,0,0,0,2,0,0,6,22,1,5,8,1,4,0,0.28999999165534973
1gcvgdn,0.025,0.094,0.072,0.842,0.087,0.4741,246,12.009924989830619,3,12,0,4,0,0,0,0,0,0,0,0,0,0,3,2,0,0,0,0,0,4,5,0,12,8,5,0,0,0,4,0,0,0,0,0,0,0,0,2,0,0,7,22,1,2,4,5,0,0,0.2800000011920929
1gcvn1q,0.054,0.39,0.0,1.0,0.0,0.0,20,11.20814326018867,1,0,0,0,0,0,0,0,0,0,0,0,0,0,0,0,0,0,0,0,0,1,0,0,0,0,1,0,0,0,0,0,0,0,0,0,0,0,0,0,0,0,5,2,0,0,0,0,0,1,1.0
1gcvxxi,0.099,0.339,0.109,0.836,0.055,-0.8981,216,14.005844860021309,1,17,0,2,0,0,0,0,0,0,0,0,0,0,1,2,0,0,0,0,0,4,3,0,5,6,14,0,0,0,3,0,0,0,0,0,0,0,0,2,0,0,14,14,3,0,2,1,1,87,0.699999988079071
1gcw5xv,0.044,0.027,0.048,0.81,0.141,0.9414,129,11.491704259439757,4,5,0,4,0,0,0,0,0,0,0,0,0,0,1,2,0,0,0,0,0,0,2,0,5,6,4,0,0,0,0,0,1,0,0,0,0,0,0,2,0,0,2,15,2,0,6,1,0,0,0.3199999928474426
1gcwzwj,0.399,0.251,0.467,0.533,0.0,-0.5423,5,8.841846274778883,0,0,0,0,0,0,0,0,0,0,0,0,0,0,0,0,0,0,0,0,0,0,0,0,0,0,1,0,0,0,0,0,0,0,0,0,0,0,0,0,0,0,0,0,0,0,0,0,0,1,1.0
1gcx2yg,0.157,0.074,0.451,0.549,0.0,-0.8126,11,13.023866798666859,1,0,0,0,0,0,0,0,0,0,0,0,0,0,0,0,0,0,0,0,0,0,0,0,0,0,3,0,0,0,0,0,0,0,0,0,0,0,0,0,0,0,0,1,0,0,1,0,0,0,0.5
1gcxi0i,0.034,0.013,0.0,1.0,0.0,0.0,13,3.1291,0,0,0,0,0,0,0,0,0,0,0,0,0,0,0,0,0,0,0,0,0,0,0,0,0,1,0,0,0,0,0,0,0,0,0,0,0,0,0,0,0,0,0,4,0,0,0,0,0,1,1.0
1gcxngh,0.041,0.164,0.129,0.755,0.116,-0.336,149,17.693802365651003,2,4,0,2,0,0,0,0,0,0,0,0,0,0,1,1,0,0,0,0,0,0,1,0,11,4,5,0,0,1,0,0,0,0,0,0,0,0,0,0,0,0,7,16,3,0,4,1,0,10,0.6299999952316284
1gcxp5q,0.014,0.023,0.157,0.714,0.129,-0.0992,12,11.20814326018867,0,0,0,1,0,0,0,0,0,0,0,0,0,0,0,0,0,0,0,0,0,0,0,0,0,1,0,0,0,0,0,0,0,0,0,0,0,0,0,0,0,0,1,5,0,0,0,0,0,1,1.0
1gcxr5t,0.049,0.02,0.062,0.844,0.094,0.604,164,11.93303328291395,0,9,0,2,0,0,1,0,0,0,0,0,0,1,1,0,1,0,0,0,0,0,0,1,4,7,6,1,1,0,0,0,0,0,0,0,0,0,0,1,0,0,1,19,1,0,1,0,0,0,0.11999999731779099
1gcyb4r,0.155,0.23,0.165,0.709,0.126,-0.9139,196,12.28987398476788,0,14,3,0,0,1,0,0,0,0,0,0,0,0,5,1,0,0,0,0,0,0,2,0,8,14,10,0,0,0,1,0,0,0,0,0,0,0,3,0,0,0,16,15,2,0,0,2,1,17,0.5600000023841858
1gcz4lp,0.176,0.201,0.377,0.623,0.0,-0.5,9,11.20814326018867,0,0,0,1,0,0,0,0,0,0,0,0,0,0,0,0,0,0,0,0,0,0,0,0,0,0,0,0,0,0,0,0,0,0,0,0,0,0,0,0,0,0,0,1,0,0,0,0,0,1,1.0
1gczdwb,0.069,0.274,0.214,0.786,0.0,-0.7184,24,15.903189008614273,0,3,0,0,0,0,0,0,0,0,0,0,0,0,0,0,0,0,0,0,0,0,0,0,0,0,2,0,0,0,0,0,0,0,0,0,0,0,0,0,0,0,0,1,0,0,0,0,0,1,1.0
1gczims,0.029,0.232,0.201,0.676,0.122,-0.9838,294,15.6451,4,17,0,9,0,0,0,0,0,0,0,0,0,0,1,5,0,0,0,0,0,0,7,2,3,11,28,0,0,0,3,0,0,0,0,1,0,0,0,5,0,0,27,21,4,6,5,3,1,0,0.4099999964237213
1gd06p6,0.027,0.52,0.073,0.782,0.145,0.9609,253,12.24349002098031,1,21,1,10,0,0,0,0,0,0,0,0,0,0,5,4,0,1,1,0,0,1,4,7,12,14,9,0,0,0,0,0,1,0,0,0,0,0,2,1,0,0,16,29,2,1,8,2,0,0,0.3799999952316284
1gd0byu,0.023,0.16,0.088,0.787,0.125,0.9742,529,11.807384569943707,8,31,0,13,0,0,0,0,0,0,0,0,0,0,0,7,0,0,0,0,0,8,19,6,17,22,15,1,0,2,2,0,0,0,0,0,1,0,0,7,0,0,14,31,5,3,12,4,1,0,0.27000001072883606
1gd0h92,0.067,0.033,0.0,0.833,0.167,0.4588,16,3.1291,1,1,0,0,0,0,0,0,0,0,0,0,0,0,0,0,0,0,0,0,0,0,1,0,0,2,1,0,0,0,0,0,0,0,0,0,0,0,0,1,0,0,1,2,0,0,1,0,0,1,1.0
1gd0n80,0.035,0.491,0.164,0.776,0.06,-0.9346,108,8.472884824447931,0,5,1,1,0,2,0,0,0,0,0,0,0,0,1,2,0,0,0,0,0,0,0,1,18,4,8,0,0,0,0,0,0,0,0,0,0,0,0,1,0,0,3,11,1,0,3,0,0,6,0.5400000214576721
1gd0nnu,0.335,0.465,0.0,1.0,0.0,0.0,16,11.20814326018867,1,0,0,2,0,0,0,0,0,0,0,0,0,0,0,1,0,0,0,0,0,0,0,0,0,0,0,0,0,0,0,0,0,0,0,0,0,0,0,0,0,0,0,3,0,0,1,0,0,1,1.0
1gd0p49,0.335,0.465,0.0,1.0,0.0,0.0,14,11.20814326018867,1,0,0,2,0,0,0,0,0,0,0,0,0,0,0,1,0,0,0,0,0,0,0,0,0,0,0,0,0,0,0,0,0,0,0,0,0,0,0,0,0,0,0,3,0,0,1,0,0,1,1.0
1gd0qbt,0.335,0.465,0.0,1.0,0.0,0.0,14,11.20814326018867,1,0,0,2,0,0,0,0,0,0,0,0,0,0,0,1,0,0,0,0,0,0,0,0,0,0,0,0,0,0,0,0,0,0,0,0,0,0,0,0,0,0,0,3,0,0,1,0,0,1,1.0
1gd0rh3,0.335,0.467,0.0,1.0,0.0,0.0,14,11.20814326018867,1,0,0,2,0,0,0,0,0,0,0,0,0,0,0,1,0,0,0,0,0,0,0,0,0,0,0,0,0,0,0,0,0,0,0,0,0,0,0,0,0,0,0,3,0,0,1,0,0,1,1.0
1gd0u20,0.07,0.018,0.017,0.866,0.118,0.9114,114,15.381575749822971,3,4,0,3,0,0,0,0,0,0,0,0,0,0,1,0,0,0,0,0,0,1,0,0,4,2,4,0,0,0,0,0,0,0,0,0,0,0,0,2,0,0,2,15,0,0,4,0,0,10,0.6000000238418579
1gd1g51,0.135,0.255,0.103,0.897,0.0,-0.3182,21,11.20814326018867,0,1,0,1,0,0,0,0,0,0,0,0,0,0,0,0,0,0,0,0,0,0,0,0,0,0,1,0,0,0,0,0,0,0,0,0,0,0,0,0,0,0,0,5,0,0,0,0,0,1,1.0
1gd1l8d,0.032,0.175,0.039,0.866,0.095,0.9744,399,15.021129683784007,12,21,0,9,0,0,0,0,0,0,0,0,0,0,0,5,0,0,0,0,0,10,1,0,7,10,8,0,0,0,0,0,1,0,0,1,0,0,0,0,0,0,6,28,2,2,6,0,0,0,0.41999998688697815
1gd1pns,0.051,0.028,0.0,1.0,0.0,0.0,10,11.20814326018867,0,0,0,0,0,0,0,0,0,0,0,0,0,0,0,0,0,0,0,0,0,0,0,0,0,0,0,0,0,0,0,0,0,0,0,0,0,0,0,0,0,0,1,2,0,0,0,0,0,1,1.0
1gd1wip,0.147,0.305,0.134,0.769,0.098,-0.9533,337,9.120678840339163,0,12,1,9,0,0,0,0,0,0,0,0,0,0,3,0,0,1,0,0,0,0,1,11,19,9,18,0,0,0,0,2,0,0,0,2,0,0,0,3,0,0,45,18,2,2,1,0,1,0,0.46000000834465027
1gd22tb,0.256,0.2,0.078,0.804,0.117,0.7574,122,13.023866798666859,0,6,0,1,0,0,0,0,0,0,0,0,0,0,1,0,0,0,0,0,0,0,1,0,4,8,6,0,0,0,0,0,0,0,0,0,0,0,0,2,0,0,8,13,1,0,1,0,1,0,0.1899999976158142
1gd245b,0.02,0.061,0.122,0.749,0.13,0.8021,222,14.811377253095038,3,12,0,10,0,0,0,0,0,0,0,0,0,0,0,2,0,1,0,0,0,0,24,1,1,10,7,0,0,0,0,0,0,0,0,2,0,0,0,1,0,0,2,18,2,4,4,1,1,0,0.44999998807907104
1gd2fcq,0.042,0.155,0.132,0.683,0.185,0.2732,16,13.023866798666859,1,1,0,1,0,0,0,0,0,0,0,0,0,0,0,0,0,0,0,0,0,0,0,0,0,3,0,0,0,0,0,0,0,0,0,0,0,0,0,0,0,0,3,1,2,0,2,0,0,1,1.0
1gd2gsk,0.208,0.398,0.0,1.0,0.0,0.0,17,14.554592549557764,0,1,0,1,0,0,0,0,0,0,0,0,0,0,0,1,0,0,0,0,0,0,0,0,0,0,0,0,0,0,0,0,0,0,0,0,0,0,0,0,0,0,0,2,0,0,0,0,0,1,1.0
1gd2ksx,0.062,0.383,0.039,0.879,0.082,0.9232,259,11.538034831475386,2,11,0,10,0,2,0,0,0,0,0,0,0,0,1,7,0,0,0,0,1,0,14,0,2,5,2,0,0,0,1,0,0,0,0,0,0,0,1,1,0,0,9,21,5,2,5,3,1,0,0.10000000149011612
1gd3g54,0.049,0.041,0.0,0.888,0.112,0.2263,16,8.841846274778883,0,1,0,1,0,0,0,0,0,0,0,0,0,0,0,0,1,0,0,0,0,0,2,0,0,0,0,0,1,0,1,0,0,0,0,0,0,0,0,0,0,0,0,2,0,0,0,0,0,1,1.0
1gd3hp7,0.033,0.4,0.132,0.788,0.08,-0.5211,176,10.035473477838034,2,9,1,2,0,0,0,0,0,0,0,0,0,0,0,1,0,0,1,0,0,8,0,2,1,5,11,0,0,0,0,0,1,0,0,1,0,0,0,2,0,0,2,18,1,0,2,0,0,224,0.7699999809265137
1gd3og7,0.031,0.04,0.062,0.727,0.211,0.9991,714,14.06817628641468,6,27,0,8,0,0,0,0,0,0,0,0,0,0,0,8,0,0,0,0,0,3,6,2,9,27,22,0,0,0,3,1,0,0,0,0,0,0,1,1,0,0,47,43,7,1,15,2,1,0,0.25999999046325684
1gd3yxe,0.191,0.27,0.144,0.806,0.049,-0.9723,215,10.914260884657427,4,14,0,10,0,0,0,0,0,0,0,0,0,0,3,0,0,0,2,0,0,2,5,7,0,4,8,0,2,0,2,0,0,0,0,0,0,0,0,1,0,0,4,16,2,1,8,2,1,0,0.25999999046325684
1gd46ww,0.021,0.157,0.053,0.934,0.013,-0.8391,168,11.741389052700956,0,10,0,3,0,1,0,0,0,0,0,0,0,0,0,1,0,0,0,0,0,0,4,0,2,1,3,0,0,0,0,0,2,0,0,1,0,0,0,0,0,0,14,16,0,2,1,0,0,0,0.4300000071525574
1gd47pv,0.063,0.088,0.047,0.911,0.042,-0.3434,442,12.195137478168483,4,38,0,6,0,0,0,0,0,0,0,0,0,0,2,0,0,0,1,0,0,2,12,10,7,5,14,0,0,0,0,1,5,0,0,4,0,0,3,0,0,0,2,25,4,1,3,3,0,17,0.6100000143051147
1gd4aua,0.027,0.045,0.0,0.857,0.143,0.4576,19,11.20814326018867,0,0,0,0,0,0,0,0,0,0,0,0,0,0,0,0,0,0,0,0,0,0,0,0,0,0,0,0,0,0,0,0,0,0,0,0,0,0,0,0,0,0,2,6,0,1,0,0,0,1,1.0
1gd4xxw,0.296,0.061,0.419,0.581,0.0,-0.5574,6,11.20814326018867,1,0,0,0,0,0,0,0,0,0,0,0,0,0,0,0,0,0,0,0,0,0,0,0,0,0,1,0,0,0,0,0,0,0,0,0,0,0,0,0,0,0,0,1,0,0,1,0,0,1,1.0
1gd52vq,0.017,0.059,0.281,0.719,0.0,-0.5994,11,8.841846274778883,0,0,0,0,0,0,0,0,0,0,0,0,0,0,0,0,0,0,0,0,0,0,0,0,0,0,2,0,0,0,0,0,0,0,0,0,0,0,0,0,0,0,1,2,0,0,0,0,0,1,1.0
1gd5f6j,0.263,0.053,0.0,1.0,0.0,0.0,17,11.20814326018867,1,0,0,0,0,0,0,0,0,0,0,0,0,0,0,0,0,0,0,0,0,0,0,0,1,0,0,0,0,0,0,0,0,0,0,0,0,0,0,0,0,0,2,2,0,0,1,0,0,1,1.0
1gd5qfi,0.043,0.056,0.103,0.788,0.109,0.0335,301,10.992663274268292,3,21,0,7,0,0,0,0,0,0,0,0,0,0,2,4,0,0,0,0,0,0,3,0,3,7,14,1,0,0,1,0,0,0,0,0,0,0,0,1,0,0,8,24,3,0,2,1,0,130,0.699999988079071
1gd64fx,0.046,0.589,0.044,0.828,0.128,0.9984,926,11.715833242495528,3,42,1,15,0,0,0,0,0,0,0,0,0,0,3,14,0,1,0,0,0,0,12,3,5,29,14,1,1,0,4,0,1,0,0,4,0,0,0,4,0,0,95,44,6,4,8,7,0,0,0.1599999964237213
1gd6cbq,0.016,0.212,0.154,0.777,0.069,-0.9872,329,15.804545918419173,2,16,0,6,0,0,0,0,0,0,0,0,0,0,0,6,0,0,0,0,0,0,13,5,8,6,12,0,0,1,2,0,0,0,0,0,0,0,0,4,0,0,13,26,1,0,5,2,1,0,0.38999998569488525
1gd6kzd,0.031,0.014,0.0,0.777,0.223,0.3182,9,11.20814326018867,1,0,0,1,0,0,0,0,0,0,0,0,0,0,0,0,0,0,0,0,0,0,0,0,0,0,0,0,0,0,0,0,0,0,0,0,0,0,0,0,0,0,1,1,0,0,0,0,0,1,1.0
1gd6sjy,0.059,0.202,0.262,0.738,0.0,-0.5994,12,8.841846274778883,0,1,0,0,0,0,0,0,0,0,0,0,0,0,0,0,0,0,0,0,0,0,0,0,0,1,1,0,0,0,0,0,0,0,0,0,0,0,0,1,0,0,0,0,0,0,0,0,0,1,1.0
1gd6ual,0.053,0.419,0.064,0.886,0.05,-0.168,46,10.125756701596842,0,3,0,0,0,0,0,0,0,0,0,0,0,0,1,0,0,0,0,0,0,0,2,3,0,1,1,0,0,0,2,0,0,0,0,2,0,0,0,1,0,0,0,7,2,0,0,2,0,1,1.0
1gd6vme,0.048,0.485,0.143,0.752,0.105,-0.4907,119,15.021129683784007,2,14,1,2,0,0,0,0,0,0,0,0,0,0,1,1,0,0,0,0,0,0,1,0,3,8,8,0,0,0,0,0,1,0,0,0,0,0,0,1,0,0,4,12,2,0,2,1,0,0,0.14000000059604645
1gd7omr,0.127,0.267,0.076,0.792,0.132,0.9842,482,13.844906341827738,5,35,0,5,0,1,0,0,0,0,0,0,0,0,0,3,0,0,0,0,0,4,5,0,6,23,17,0,0,0,0,0,2,0,0,0,0,1,0,2,0,0,19,24,3,8,5,3,0,42,0.550000011920929
1gd7oym,0.049,0.096,0.012,0.884,0.104,0.9653,182,12.161744961471694,2,13,0,8,0,0,0,0,0,0,0,0,0,0,0,4,0,0,1,0,0,3,2,1,1,4,2,0,0,0,1,0,1,0,0,0,0,0,2,1,0,0,7,23,1,1,4,0,0,0,0.4099999964237213
1gd7zqa,0.032,0.097,0.161,0.741,0.098,-0.3657,20,14.554592549557764,1,1,0,0,0,0,0,0,0,0,0,0,0,0,1,0,0,0,0,0,0,0,1,0,0,1,1,0,0,0,1,0,0,0,0,0,0,0,0,0,0,0,0,6,0,1,1,0,1,1,1.0
1gd81me,0.078,0.111,0.113,0.821,0.067,-0.8527,142,17.122413403193683,3,11,0,4,0,0,0,0,0,0,0,0,0,0,1,1,0,0,1,0,0,0,10,2,0,6,4,0,2,0,3,0,1,0,0,4,0,0,0,0,0,0,2,17,1,5,5,2,0,0,0.3499999940395355
1gd8rzx,0.03,0.095,0.0,1.0,0.0,0.0,9,14.554592549557764,0,1,0,0,0,0,0,0,0,0,0,0,0,0,0,0,0,0,0,0,0,0,0,0,0,0,0,0,0,0,0,0,0,0,0,0,0,0,0,1,0,0,0,1,0,0,0,0,0,1,1.0
1gd8sm7,0.042,0.096,0.073,0.658,0.269,0.9986,384,19.032712561301913,1,14,0,2,0,0,0,0,0,0,0,0,0,0,0,3,0,0,0,0,0,0,0,0,0,34,9,0,0,0,0,0,0,0,0,0,0,0,0,1,0,0,26,18,1,9,12,0,0,0,0.23000000417232513
1gd8syg,0.052,0.204,0.298,0.702,0.0,-0.5267,9,8.841846274778883,0,0,0,0,0,0,0,0,0,0,0,0,0,0,0,0,0,0,0,0,0,0,0,1,0,0,1,0,0,0,0,0,0,0,0,0,0,0,0,0,0,0,0,1,0,0,0,0,0,1,1.0
1gd8y4i,0.094,0.556,0.0,0.72,0.28,0.5423,10,13.023866798666859,0,0,0,0,0,0,0,0,0,0,0,0,0,0,0,0,0,0,0,0,0,0,0,0,0,1,0,0,0,0,0,0,0,0,0,0,0,0,0,0,0,0,0,2,0,0,0,0,0,1,1.0
1gd98hc,0.052,0.032,0.034,0.892,0.074,0.6851,132,13.295006501635747,4,5,0,5,0,0,0,0,0,0,0,0,0,0,0,0,0,0,0,0,0,0,2,0,4,4,0,0,0,1,0,0,0,0,0,0,0,0,0,3,0,0,4,19,1,0,1,0,0,3,0.6100000143051147
1gd9az3,0.025,0.094,0.038,0.869,0.092,0.9638,411,13.475323542916517,1,16,0,3,0,2,0,0,0,0,0,0,0,0,0,2,0,0,0,0,0,1,3,0,8,23,5,0,0,0,1,0,0,0,0,0,0,0,0,0,0,0,28,21,4,6,2,1,1,0,0.3700000047683716
1gd9r4h,0.109,0.129,0.134,0.641,0.224,0.3716,13,8.841846274778883,0,0,0,0,0,0,0,0,0,0,0,0,0,0,0,1,0,0,0,0,0,0,0,0,0,0,1,0,0,0,0,0,0,0,0,0,0,0,1,0,0,0,0,3,0,0,0,0,0,1,1.0
1gda37e,0.045,0.037,0.329,0.671,0.0,-0.5994,12,11.20814326018867,0,2,0,1,0,0,0,0,0,0,0,0,0,0,0,0,0,0,0,0,0,0,0,0,0,0,2,0,0,0,0,0,0,0,0,0,0,0,0,0,0,0,1,1,1,0,1,0,0,1,1.0
1gda4s9,0.047,0.055,0.072,0.78,0.148,0.9091,116,16.32212239822248,1,9,0,3,0,0,0,0,0,0,0,0,0,0,1,1,0,0,0,0,0,0,0,1,3,2,2,0,0,0,0,0,0,0,0,0,0,0,1,4,0,0,0,11,1,0,0,0,0,0,0.2800000011920929
1gdaido,0.037,0.11,0.217,0.783,0.0,-0.3612,10,14.554592549557764,1,0,0,0,0,0,0,0,0,0,0,0,0,0,0,0,0,0,0,0,0,0,0,0,0,0,0,0,0,0,0,0,0,0,0,0,0,0,0,0,0,0,1,2,0,0,1,0,0,1,1.0
1gdbba6,0.028,0.037,0.024,0.891,0.085,0.8396,138,11.491704259439757,1,8,0,3,0,0,0,0,0,0,0,0,2,0,0,1,0,0,0,0,0,0,11,0,1,7,2,0,0,0,0,0,0,0,0,0,0,0,0,6,0,0,4,15,0,0,3,1,1,0,0.3799999952316284
1gdbdoh,0.057,0.171,0.084,0.727,0.189,0.9552,129,21.19438992294339,1,6,0,2,0,0,0,0,0,0,0,0,0,0,0,1,0,0,2,0,0,0,0,7,0,8,6,0,0,0,0,0,0,0,0,0,0,0,0,3,0,0,2,19,1,1,9,0,0,0,0.4099999964237213
1gdbvmf,0.047,0.112,0.132,0.769,0.099,-0.8676,269,16.52667757954773,7,24,0,7,0,0,0,0,0,0,0,0,0,0,2,4,1,0,1,0,0,0,2,5,4,13,18,0,0,0,1,0,0,0,0,1,0,0,0,1,0,0,1,28,2,2,5,1,0,0,0.33000001311302185
1gdcb8j,0.078,0.098,0.109,0.891,0.0,-0.5106,28,10.125756701596842,0,2,0,1,0,0,0,0,0,0,0,0,0,0,0,0,0,0,0,0,0,2,0,0,0,0,1,0,0,0,0,0,0,0,0,0,0,0,0,0,0,0,1,3,0,0,0,0,0,1,1.0
1gdcgv6,0.041,0.285,0.091,0.816,0.093,-0.8659,1237,14.554592549557764,18,71,0,21,0,1,0,1,0,0,0,0,0,0,3,9,0,1,0,1,1,8,17,13,12,40,49,0,0,0,2,1,2,0,0,8,0,0,2,7,0,0,54,66,9,19,15,3,0,1156,0.7300000190734863
1gdcmeh,0.062,0.028,0.0,0.795,0.205,0.5994,21,14.554592549557764,0,0,0,0,0,0,0,0,0,0,0,0,0,0,0,0,0,0,0,0,0,1,0,0,0,0,0,0,0,0,0,0,0,0,0,0,0,0,0,0,0,0,2,1,0,0,0,0,0,1,1.0
1gddx9u,0.426,0.113,0.075,0.813,0.112,0.8011,195,15.903189008614273,3,18,0,3,0,0,0,0,0,0,0,0,0,0,1,1,0,0,0,0,0,3,2,0,3,7,4,0,0,1,1,0,0,0,0,0,0,0,0,2,0,0,4,20,1,1,5,1,0,0,0.3499999940395355
1gde7da,0.019,0.072,0.1,0.63,0.269,0.4497,14,8.841846274778883,0,0,0,1,0,0,0,0,0,0,0,0,0,0,1,1,0,0,0,0,0,0,0,1,1,0,1,0,0,0,0,0,0,0,0,0,0,0,1,0,0,0,0,3,1,0,0,1,0,1,1.0
1gdedc2,0.026,0.079,0.05,0.811,0.138,0.9287,149,17.5058628484301,2,10,0,4,0,0,0,0,0,0,0,0,0,0,0,1,0,1,1,0,0,0,6,13,0,7,3,0,0,0,2,0,1,0,0,0,0,0,0,3,0,0,0,13,0,3,3,1,1,0,0.38999998569488525
1gdefup,0.034,0.108,0.076,0.693,0.23,0.9855,164,16.647925096878797,0,10,0,6,0,0,0,0,0,0,0,0,0,0,1,2,0,0,0,0,0,3,5,1,0,8,12,0,0,0,0,0,0,0,0,0,0,0,1,0,0,0,11,14,2,0,2,0,0,0,0.25
1gdf1nl,0.032,0.089,0.182,0.763,0.055,-0.9919,338,15.903189008614273,2,15,0,6,0,0,0,0,0,0,0,0,0,0,2,3,0,0,0,0,0,0,1,0,1,6,23,0,0,0,1,0,0,0,0,0,0,0,0,1,0,0,22,26,1,9,0,1,0,0,0.46000000834465027
1gdfrc1,0.043,0.152,0.367,0.633,0.0,-0.7003,12,8.841846274778883,0,0,0,0,0,0,0,0,0,0,0,0,0,0,0,0,0,0,0,0,0,0,0,0,1,0,1,0,0,0,0,0,0,0,0,0,0,0,0,0,0,0,1,3,0,0,0,0,0,1,1.0
1gdfvb0,0.025,0.19,0.371,0.629,0.0,-0.8565,19,14.554592549557764,0,1,0,1,0,0,0,0,0,0,0,0,0,0,0,0,0,0,0,0,0,0,0,0,2,0,2,0,0,0,0,0,0,0,0,0,0,0,1,0,0,0,0,3,2,0,0,0,0,1,1.0
1gdfvsj,0.021,0.093,0.205,0.795,0.0,-0.5994,21,13.023866798666859,0,2,0,1,0,0,0,0,0,0,0,0,0,0,0,0,0,0,0,0,0,0,0,0,1,0,0,0,0,0,0,0,0,0,0,0,0,0,0,1,0,0,0,3,0,0,2,0,0,1,1.0
1gdfvvt,0.073,0.052,0.0,1.0,0.0,0.0,12,11.20814326018867,0,0,0,1,0,0,0,0,0,0,0,0,0,0,0,0,1,0,0,0,0,0,0,0,0,1,0,0,0,0,0,0,0,0,0,0,0,0,0,0,0,0,0,2,0,0,0,0,0,1,1.0
1gdgdsd,0.082,0.52,0.072,0.831,0.096,0.8929,534,10.608840637214634,8,36,4,8,0,0,0,0,0,0,0,0,0,0,3,4,0,0,0,0,1,1,9,17,13,11,16,0,0,1,0,0,1,0,0,2,0,0,2,2,0,0,22,36,3,3,11,3,1,2,0.5699999928474426
1gdglpa,0.039,0.1,0.276,0.724,0.0,-0.9897,121,12.261556223090622,0,9,0,6,0,0,0,0,0,0,0,0,0,0,1,2,0,0,0,0,0,0,0,1,1,8,7,0,1,0,0,0,2,0,0,0,0,0,1,2,0,0,0,13,1,0,1,1,0,0,0.41999998688697815
1gdgrht,0.022,0.051,0.08,0.853,0.067,-0.9065,789,14.399136427673206,9,40,0,7,0,0,0,0,0,0,0,0,0,0,6,4,0,0,0,0,0,0,1,0,14,44,33,0,0,1,0,0,0,0,0,0,0,0,0,0,0,0,67,34,5,4,8,4,0,0,0.28999999165534973
1gdgs0v,0.075,0.025,0.058,0.88,0.063,-0.0258,170,9.957137785484202,5,13,0,4,0,0,0,0,0,0,0,0,0,0,0,4,0,0,0,0,0,3,2,0,9,9,6,0,1,0,1,0,0,0,0,0,0,0,0,1,0,0,5,13,0,1,7,1,0,0,0.07999999821186066
1gdh65w,0.082,0.208,0.126,0.743,0.131,0.7126,165,13.023866798666859,3,10,0,4,0,0,0,0,0,0,0,0,0,0,0,3,0,0,1,0,0,2,1,3,2,8,13,0,0,0,0,0,0,0,0,0,0,0,0,0,0,0,15,13,4,1,6,0,0,0,0.47999998927116394
1gdhj85,0.105,0.044,0.298,0.702,0.0,-0.5267,9,3.1291,0,1,0,2,0,0,0,0,0,0,0,0,0,0,0,0,0,0,0,0,0,0,0,0,2,1,0,0,0,0,0,0,0,0,0,0,0,0,0,0,0,0,0,1,0,0,1,0,0,1,1.0
1gdhl6d,0.06,0.034,0.085,0.868,0.047,-0.8486,200,11.45678717892309,3,4,1,8,0,0,0,0,0,0,0,0,0,0,0,2,0,1,0,0,0,0,13,0,1,6,8,0,1,0,1,0,1,0,0,1,0,0,1,0,0,0,9,15,1,2,5,0,1,0,0.23000000417232513
1gdhlbu,0.062,0.479,0.0,0.72,0.28,0.5413,10,3.1291,0,0,0,0,0,0,0,0,0,0,0,0,0,0,0,0,0,0,0,0,0,0,0,0,0,1,0,0,0,0,0,0,0,0,0,1,0,0,1,0,0,0,0,2,1,0,0,0,0,1,1.0
1gdhp5z,0.477,0.397,0.123,0.825,0.052,-0.7996,101,26.683356303267143,2,7,0,2,0,0,0,0,0,0,0,0,0,0,2,0,0,0,0,0,0,2,0,2,2,3,5,0,0,0,0,0,0,0,0,0,0,0,1,0,0,0,9,12,2,0,1,1,0,4,0.8299999833106995
1gdhqbc,0.03,0.255,0.248,0.675,0.077,-0.9876,126,15.6451,1,7,0,2,0,0,0,0,0,0,0,0,0,0,0,1,0,0,0,0,0,1,2,7,0,1,7,0,0,0,0,0,0,0,0,0,0,0,0,1,0,0,1,12,1,0,3,0,0,0,0.3400000035762787
1gdhvoq,0.032,0.199,0.128,0.872,0.0,-0.296,16,14.554592549557764,0,0,0,0,0,0,0,0,0,0,0,0,0,0,0,0,0,0,0,0,0,0,0,0,0,1,2,0,0,0,0,0,0,0,0,0,0,0,0,0,0,0,1,3,0,0,0,0,0,1,1.0
1gdhyxw,0.033,0.15,0.059,0.873,0.068,0.3966,178,13.624085052395262,0,14,0,3,0,0,0,0,0,0,0,0,0,0,0,1,0,0,0,0,0,0,6,2,1,9,10,0,0,0,1,0,1,0,0,0,0,0,1,1,0,0,4,18,2,0,2,1,1,0,0.41999998688697815
1gdi4gm,0.034,0.203,0.212,0.723,0.065,-0.9944,280,12.457975602129121,7,17,0,4,0,0,0,0,0,0,0,0,0,0,3,0,0,0,0,0,0,0,6,0,3,6,27,0,0,0,5,1,1,0,0,1,0,0,0,1,0,0,3,16,1,5,8,2,0,1470,0.8700000047683716
1gdikzw,0.037,0.046,0.233,0.602,0.165,-0.999,999,10.560738912317856,6,62,1,33,0,12,0,0,0,0,0,0,0,0,5,10,0,0,0,0,0,3,5,2,69,45,63,1,0,2,0,1,2,0,1,7,0,0,4,7,0,0,36,39,6,7,11,2,1,0,0.23999999463558197
1gdis74,0.025,0.305,0.347,0.484,0.169,-0.6595,17,14.554592549557764,0,0,0,1,0,0,0,0,0,0,0,0,0,0,0,0,0,0,0,0,0,0,0,0,0,1,2,0,0,0,0,0,0,0,0,0,0,0,0,0,0,0,0,2,0,0,0,0,0,1,1.0
1gdjrpa,0.037,0.246,0.04,0.927,0.032,-0.2525,370,13.227904075235838,8,27,0,6,0,6,0,0,0,0,0,0,0,0,2,2,1,0,0,0,0,0,17,6,2,6,12,1,0,1,1,0,0,0,0,1,0,0,2,2,0,0,6,27,4,1,5,3,0,126,0.7300000190734863
1gdk030,0.085,0.112,0.0,1.0,0.0,0.0,11,8.841846274778883,0,1,0,1,0,0,0,0,0,0,0,0,0,0,0,0,0,0,0,0,0,0,1,0,0,0,1,0,0,0,0,0,0,0,0,0,0,0,0,0,0,0,0,1,0,0,0,0,0,1,1.0
1gdk0d2,0.035,0.184,0.097,0.809,0.094,-0.1764,211,11.062562989136584,6,15,0,6,0,0,0,0,0,0,0,0,0,0,2,1,0,0,0,0,0,3,6,1,8,11,12,1,0,0,0,0,0,0,0,0,0,0,0,0,0,0,5,17,2,2,7,0,2,0,0.07999999821186066
1gdk95f,0.067,0.055,0.053,0.8,0.147,0.9486,163,10.74609503303851,5,9,0,7,0,0,0,0,0,0,0,0,0,0,1,2,0,0,0,0,0,0,3,1,2,8,4,0,0,0,0,0,0,0,0,1,0,0,0,2,0,0,8,18,2,1,2,0,0,0,0.4300000071525574
1gdkpu4,0.05,0.305,0.183,0.731,0.086,-0.9763,216,11.602472056035307,3,8,0,3,0,0,0,0,0,0,0,0,0,0,1,1,0,0,2,0,0,0,4,11,5,4,22,0,0,0,0,0,0,0,0,0,0,0,0,3,0,0,1,24,4,1,5,1,1,0,0.25
1gdkvup,0.021,0.015,0.0,1.0,0.0,0.0,11,8.841846274778883,1,0,0,0,0,0,0,0,0,0,0,0,0,0,0,1,0,0,0,0,0,0,0,0,0,0,0,0,0,0,0,0,0,0,0,0,0,0,0,0,0,0,2,2,0,0,1,0,0,1,1.0
1gdl1cv,0.037,0.113,0.207,0.683,0.11,-0.9983,726,12.751659902113754,8,22,1,10,0,0,0,0,0,0,0,0,0,0,2,4,0,0,0,0,0,2,3,6,34,43,60,0,1,0,2,1,0,0,0,1,0,0,1,2,0,0,55,44,4,4,22,3,0,0,0.33000001311302185
1gdlbmi,0.039,0.338,0.364,0.636,0.0,-0.6124,8,8.841846274778883,0,0,0,0,0,0,0,0,0,0,0,0,0,0,0,0,0,0,0,0,0,0,0,0,0,0,1,0,0,0,0,0,0,0,0,0,0,0,0,0,0,0,0,0,0,0,0,0,0,1,1.0
1gdldmq,0.146,0.158,0.307,0.693,0.0,-0.4767,8,8.841846274778883,0,0,0,0,0,0,0,0,0,0,0,0,0,0,1,0,0,0,0,0,0,0,0,0,0,0,1,0,1,0,0,0,0,0,0,0,0,0,0,0,0,0,0,3,0,0,0,0,0,1,1.0
1gdlpli,0.103,0.66,0.175,0.745,0.081,-0.9983,859,10.10285432688625,6,62,18,23,0,1,0,0,0,0,0,0,0,0,9,9,0,0,1,0,0,2,39,16,31,22,57,0,0,0,1,3,1,0,0,7,0,0,2,6,0,0,19,38,6,3,28,2,1,218,0.6899999976158142
1gdlwa0,0.055,0.058,0.013,0.899,0.089,0.9862,524,14.20933149577661,7,19,0,1,0,0,0,0,0,0,0,0,4,0,1,1,0,0,0,0,0,11,18,0,2,17,4,0,0,0,0,0,0,0,0,0,0,0,0,3,0,0,12,22,2,9,28,1,1,0,0.17000000178813934
1gdmmlt,0.248,0.339,0.0,1.0,0.0,0.0,11,11.20814326018867,1,0,0,2,0,0,0,0,0,0,0,0,0,0,0,0,0,0,0,0,0,0,0,0,0,0,0,0,0,0,0,0,0,0,0,0,0,0,0,0,0,0,0,0,0,0,1,0,0,1,1.0
1gdmuru,0.02,0.255,0.0,0.769,0.231,0.2732,8,13.023866798666859,0,0,0,0,0,0,0,0,0,0,0,0,0,0,0,0,0,0,0,0,0,0,0,0,0,0,1,0,0,0,0,0,0,0,0,0,0,0,0,0,0,0,0,0,0,0,0,0,0,1,1.0
1gdmv6o,0.047,0.097,0.266,0.485,0.249,-0.0754,10,14.554592549557764,0,0,0,0,0,0,0,0,0,0,0,0,0,0,0,0,0,0,0,0,0,0,0,0,0,1,1,0,0,0,0,0,0,0,0,1,0,0,0,0,0,0,1,2,0,0,0,0,0,1,1.0
1gdn0te,0.042,0.031,0.051,0.875,0.074,0.7802,319,10.934197308810441,2,15,0,7,0,0,0,0,0,0,0,0,0,0,0,0,0,0,0,0,0,4,20,1,6,13,5,0,0,1,3,1,0,0,0,2,0,0,1,5,0,0,8,28,3,0,4,3,1,134,0.7400000095367432
1gdn9tt,0.024,0.072,0.153,0.725,0.122,-0.9595,573,14.434950587195996,7,22,0,15,0,0,0,0,0,0,0,0,0,0,0,3,1,0,0,0,0,1,6,0,14,24,36,0,1,0,1,0,0,0,0,1,0,0,0,0,0,0,21,27,2,3,8,2,2,1,0.5099999904632568
1gdnjk4,0.067,0.179,0.352,0.648,0.0,-0.7167,13,14.554592549557764,1,1,0,1,0,0,0,0,0,0,0,0,0,0,0,0,0,0,0,0,0,0,0,0,0,0,2,0,0,0,0,0,0,0,0,0,0,0,0,0,0,0,1,3,1,0,0,0,0,1,1.0
1gdo23o,0.031,0.144,0.328,0.672,0.0,-0.5994,9,8.841846274778883,0,0,0,1,0,0,0,0,0,0,0,0,0,0,0,0,0,0,0,0,0,0,0,0,0,1,0,0,0,0,0,0,0,0,0,0,0,0,0,0,0,0,0,0,0,0,0,0,0,1,1.0
1gdo8lu,0.448,0.498,0.162,0.838,0.0,-0.4019,15,11.20814326018867,0,0,0,0,0,0,0,0,0,0,0,0,0,0,0,0,0,0,0,0,0,0,1,0,0,1,1,0,0,0,0,0,0,0,0,0,0,0,0,0,0,0,0,2,0,0,0,0,0,1,1.0
1gdojoq,0.042,0.144,0.119,0.767,0.114,-0.694,427,13.901157680251561,6,27,2,8,0,1,0,0,0,0,0,0,0,0,1,6,0,0,2,0,0,0,18,4,11,12,22,0,0,2,1,1,0,0,0,0,1,0,4,2,0,0,5,29,5,2,12,1,0,41,0.8700000047683716
1gdond2,0.037,0.093,0.053,0.933,0.014,-0.7346,126,13.81666964889586,2,11,0,0,0,0,0,0,0,0,0,0,0,0,2,1,0,0,0,0,0,0,3,1,8,3,3,0,0,0,0,0,0,0,0,0,0,0,0,1,0,0,3,16,1,2,3,0,0,0,0.30000001192092896
1gdondq,0.027,0.228,0.093,0.731,0.176,0.9987,966,12.236705956012809,14,62,0,32,0,0,0,0,0,0,0,0,0,0,6,13,1,0,0,0,0,1,31,6,53,60,38,0,1,2,11,0,1,0,0,1,0,0,8,10,0,0,29,35,8,3,8,5,2,0,0.3499999940395355
1gdowrv,0.834,0.237,0.0,0.846,0.154,0.25,12,8.841846274778883,0,0,0,2,0,0,0,0,0,0,0,0,0,0,0,0,0,0,0,0,0,0,0,0,1,0,0,0,0,0,0,0,0,0,0,0,0,0,0,0,0,0,0,2,0,0,1,0,0,1,1.0
1gdox7x,0.027,0.046,0.1,0.753,0.146,0.9969,1259,14.62698287807656,18,67,0,23,0,1,0,0,0,0,0,0,0,0,7,14,0,0,0,0,4,18,42,5,19,54,44,0,0,0,3,0,0,0,0,1,1,0,0,3,0,0,31,55,6,22,17,2,1,0,0.3700000047683716
1gdoz7v,0.042,0.719,0.092,0.679,0.229,0.982,182,20.736966565827903,2,9,1,1,0,0,0,0,0,0,0,0,0,0,0,0,0,0,0,0,0,0,0,2,8,14,8,0,0,0,0,0,0,0,0,0,0,0,0,0,0,0,1,15,2,2,4,0,0,0,0.11999999731779099
1gdp55m,0.066,0.182,0.08,0.817,0.103,0.5921,276,11.39826440760492,5,14,1,8,0,0,0,0,0,0,0,0,0,0,1,1,0,0,0,0,0,4,7,1,3,16,11,0,0,0,2,1,0,0,0,0,0,0,0,0,0,0,24,19,2,5,6,1,0,0,0.2199999988079071
1gdpean,0.261,0.305,0.0,1.0,0.0,0.0,12,3.1291,1,1,0,1,0,0,0,0,0,0,0,0,0,0,0,0,0,0,0,0,0,0,0,0,0,0,0,0,0,0,0,0,0,0,0,0,0,0,0,0,0,0,0,2,0,0,1,0,0,1,1.0
1gdpfwh,0.043,0.085,0.103,0.712,0.184,0.9953,594,11.666422941062965,6,31,7,12,0,1,0,0,0,0,0,0,0,0,1,6,0,0,1,0,0,0,11,16,3,56,25,0,0,0,0,0,0,0,0,0,0,0,2,1,0,0,21,36,6,3,6,1,0,28,0.6200000047683716
1gdph17,0.037,0.179,0.134,0.731,0.135,0.3185,177,14.265292616868656,5,10,2,4,0,0,0,0,0,0,0,0,0,0,2,2,0,0,1,0,1,0,5,5,3,10,6,0,0,0,0,0,0,0,0,0,0,0,1,2,0,0,14,16,2,0,6,1,0,0,0.1899999976158142
1gdpwhy,0.026,0.041,0.0,1.0,0.0,0.0,16,8.841846274778883,0,0,0,0,0,0,0,0,0,0,0,0,0,0,0,0,0,0,0,0,0,0,1,0,0,0,0,0,0,0,0,0,0,0,0,0,0,0,0,0,0,0,1,4,0,0,0,0,0,1,1.0
1gdqe7e,0.057,0.203,0.161,0.785,0.054,-0.9779,218,12.68835289967788,4,17,0,2,0,0,0,0,0,0,0,0,0,0,1,0,0,0,0,0,0,0,0,7,5,4,18,0,0,0,0,0,0,0,0,1,0,0,3,5,0,0,4,20,5,0,2,0,0,158,0.7099999785423279
1gdqfq2,0.77,0.094,0.179,0.778,0.043,-0.9869,211,13.023866798666859,4,5,3,5,0,0,0,0,0,0,0,0,0,0,0,1,0,0,0,0,0,2,4,0,6,5,10,0,0,0,1,1,0,0,0,0,0,0,1,1,0,0,13,22,2,4,5,1,1,0,0.41999998688697815
1gdqq2i,0.025,0.061,0.0,1.0,0.0,0.0,6,3.1291,0,0,0,0,0,0,0,0,0,0,0,0,0,0,0,0,0,0,0,0,0,0,0,0,0,0,0,0,0,0,0,0,0,0,0,0,0,0,0,0,0,0,0,1,1,0,0,0,0,1,1.0
1gdr9za,0.032,0.203,0.06,0.764,0.176,0.9851,242,13.25671669890799,6,18,0,9,0,0,0,0,0,0,0,0,0,0,1,2,0,0,0,0,0,1,8,0,4,13,5,0,0,0,4,0,1,0,0,2,0,0,1,1,0,0,0,22,2,0,4,5,1,0,0.20000000298023224
1gdrgd0,0.207,0.121,0.073,0.86,0.067,-0.3481,242,10.590485417798838,4,10,0,6,0,0,0,0,0,0,0,0,0,0,2,1,0,0,0,0,0,2,0,3,7,7,7,0,0,0,0,1,0,0,0,0,0,0,0,0,0,0,19,20,3,2,8,0,0,0,0.3700000047683716
1gdrgyk,0.049,0.188,0.069,0.801,0.13,0.9974,990,12.143292143503487,8,64,0,17,0,1,0,0,0,0,0,0,0,0,6,6,0,0,0,0,0,6,19,11,10,33,22,0,0,1,2,0,4,0,0,4,0,0,6,8,0,0,38,46,6,2,9,3,1,0,0.23000000417232513
1gdrvoh,0.03,0.043,0.0,1.0,0.0,0.0,12,8.841846274778883,0,0,0,0,0,0,0,0,0,0,0,0,0,0,0,0,0,0,0,0,0,0,0,0,0,0,0,0,0,0,0,0,0,0,0,0,0,0,0,0,0,0,2,0,0,0,0,0,0,1,1.0
1gdsdw7,0.025,0.015,0.04,0.831,0.129,0.9725,252,15.742502247213078,7,19,0,4,0,0,0,0,0,0,0,0,0,0,0,3,0,0,0,0,1,0,6,3,8,8,2,1,1,0,2,0,0,0,0,0,0,0,0,0,0,0,1,21,3,0,9,1,0,0,0.15000000596046448
1gdsf7z,0.028,0.05,0.095,0.784,0.121,0.9416,569,17.122413403193683,4,45,0,10,0,0,0,0,0,0,0,0,0,0,1,4,0,0,2,0,0,0,7,3,2,24,19,0,0,0,5,0,0,0,0,0,0,0,1,0,0,0,3,31,2,4,15,1,0,28,0.7799999713897705
1gdspv9,0.056,0.023,0.172,0.828,0.0,-0.4023,14,11.20814326018867,0,0,0,2,0,0,0,0,0,0,0,0,0,0,0,0,0,0,0,0,0,0,1,0,0,0,1,0,0,0,0,0,0,0,0,0,0,0,1,0,0,0,0,2,0,0,0,0,1,1,1.0
1gdstru,0.055,0.023,0.172,0.828,0.0,-0.4023,14,11.20814326018867,0,0,0,2,0,0,0,0,0,0,0,0,0,0,0,0,0,0,0,0,0,0,1,0,0,0,1,0,0,0,0,0,0,0,0,0,0,0,1,0,0,0,0,2,0,0,0,0,1,1,1.0
1gdt687,0.03,0.199,0.256,0.744,0.0,-0.3412,8,8.841846274778883,0,0,0,1,0,0,0,0,0,0,0,0,0,0,0,0,0,0,0,0,0,0,0,0,0,0,1,0,0,0,0,0,0,0,0,0,0,0,0,0,0,0,1,1,0,0,0,0,0,1,1.0
1gdt6ri,0.183,0.102,0.113,0.826,0.061,-0.9038,207,11.602472056035307,3,15,0,12,0,0,0,0,0,0,0,0,0,0,0,0,0,0,0,0,0,5,9,3,0,7,10,0,1,0,1,1,1,0,0,0,0,0,1,5,0,0,5,17,0,4,6,2,0,108,0.6499999761581421
1gdt763,0.036,0.023,0.0,1.0,0.0,0.0,2,3.1291,0,0,0,0,0,0,0,0,0,0,0,0,0,0,0,0,0,0,0,0,0,0,0,0,0,0,0,0,0,0,0,0,0,0,0,0,0,0,0,0,0,0,0,0,0,0,0,0,0,1,1.0
1gdt7rc,0.073,0.458,0.058,0.846,0.097,0.8438,214,10.980518767755715,1,17,0,3,0,1,0,0,0,0,0,0,0,0,3,1,0,0,0,0,0,1,8,1,8,9,12,0,0,0,0,0,0,0,0,0,0,0,2,0,0,0,6,17,5,2,3,1,1,0,0.1899999976158142
1gdt7wv,0.053,0.054,0.0,1.0,0.0,0.0,10,8.841846274778883,0,1,0,0,0,0,0,0,0,0,0,0,0,0,0,0,0,0,0,0,0,0,0,0,0,1,0,0,0,0,0,0,0,0,0,0,0,0,0,0,0,0,1,2,0,0,0,0,0,1,1.0
1gdtukb,0.048,0.163,0.0,0.86,0.14,0.0772,9,3.1291,0,0,0,1,0,0,0,0,0,0,0,0,0,0,0,0,0,0,0,0,0,0,2,0,0,0,0,0,0,0,0,0,0,0,0,0,0,0,0,0,0,0,0,1,0,0,0,0,0,1,1.0
1gdtzxp,0.029,0.037,0.114,0.594,0.292,0.5574,15,8.841846274778883,0,0,0,0,0,0,0,0,0,0,0,0,0,0,0,0,0,0,0,0,0,0,1,0,0,2,0,0,0,0,1,0,0,0,0,0,0,0,0,0,0,0,0,0,0,0,0,0,0,1,1.0
1gdurbi,0.026,0.022,0.0,0.828,0.172,0.4019,14,8.841846274778883,0,2,0,0,0,0,0,0,0,0,0,0,0,0,0,0,0,0,0,0,0,0,0,0,1,0,0,0,0,0,0,0,0,0,0,0,0,0,0,0,0,0,0,2,1,1,0,0,0,0,0.5
1gduuth,0.025,0.285,0.397,0.603,0.0,-0.5096,6,3.1291,0,1,0,1,0,0,0,0,0,0,0,0,0,0,0,0,0,0,0,0,0,0,0,0,0,0,1,0,0,0,0,0,0,0,0,0,0,0,0,0,0,0,0,0,0,0,0,0,0,1,1.0
1gdv990,0.215,0.28,0.076,0.884,0.04,-0.9398,455,12.557966407163583,2,16,0,2,0,1,0,0,0,0,0,0,0,0,1,3,0,0,0,0,0,1,2,0,14,13,20,0,0,0,2,1,0,0,0,0,0,0,0,0,0,0,47,28,3,3,2,2,1,0,0.4300000071525574
1gdvt6i,0.654,0.095,0.099,0.885,0.016,-0.9076,138,9.057496981413337,1,14,0,5,0,0,0,0,0,0,0,0,0,0,0,1,0,0,0,0,0,1,5,0,0,1,6,0,1,0,2,0,0,0,0,0,0,0,0,1,0,0,10,15,1,4,5,3,0,0,0.23000000417232513
1gdvw0a,0.025,0.095,0.124,0.779,0.097,-0.9735,733,12.128228538055474,3,35,0,17,0,0,0,0,0,0,0,0,0,0,4,11,0,0,0,0,1,1,14,3,39,23,16,1,0,0,3,0,1,0,0,0,1,0,0,0,0,0,55,37,3,2,16,3,0,0,0.36000001430511475
1gdx42l,0.017,0.021,0.0,1.0,0.0,0.0,6,8.841846274778883,0,0,0,0,0,0,0,0,0,0,0,0,0,0,0,0,0,0,0,0,0,0,0,0,0,0,0,0,0,0,0,0,0,0,0,0,0,0,0,0,0,0,0,1,0,0,0,0,0,1,1.0
1gdx8v2,0.192,0.479,0.42,0.58,0.0,-0.4404,5,8.841846274778883,0,0,0,0,0,0,0,0,0,0,0,0,0,0,0,0,0,0,0,0,0,0,0,0,0,0,1,0,0,0,0,0,0,0,0,0,0,0,0,0,0,0,1,0,0,0,0,0,0,1,1.0
1gdxv9s,0.022,0.044,0.085,0.755,0.16,0.9933,505,13.74005525859948,7,35,1,9,0,1,0,0,0,0,0,0,0,0,1,1,0,0,1,0,0,1,1,17,17,22,20,0,0,0,0,0,2,0,0,0,0,1,2,2,0,0,7,24,5,13,6,0,0,0,0.49000000953674316
1gdy6kt,0.024,0.037,0.0,0.811,0.189,0.4215,13,3.1291,0,0,0,0,0,2,0,0,0,0,0,0,0,0,1,0,0,0,0,0,0,0,0,0,0,0,0,0,0,0,0,0,0,0,0,0,0,0,0,0,0,0,2,2,0,0,0,0,0,1,1.0
1gdyos8,0.112,0.386,0.405,0.595,0.0,-0.5267,6,11.20814326018867,0,0,0,0,0,0,0,0,0,0,0,0,0,0,0,0,0,0,0,0,0,0,0,0,0,0,1,0,0,0,0,0,0,0,0,0,0,0,0,0,0,0,0,0,0,0,0,0,0,1,1.0
1gdz8em,0.094,0.196,0.156,0.774,0.071,-0.9852,327,12.091993763477543,0,17,0,10,0,0,0,0,0,0,0,0,0,0,2,1,0,0,0,0,0,9,13,0,14,9,18,0,1,0,0,0,1,0,0,0,0,0,1,0,0,0,26,26,4,0,5,1,0,0,0.20000000298023224
1gdzect,0.025,0.19,0.371,0.629,0.0,-0.8565,19,14.554592549557764,0,1,0,1,0,0,0,0,0,0,0,0,0,0,0,0,0,0,0,0,0,0,0,0,2,0,2,0,0,0,0,0,0,0,0,0,0,0,1,0,0,0,0,3,2,0,0,0,0,1,1.0
1gdzmff,0.021,0.025,0.0,1.0,0.0,0.0,11,8.841846274778883,0,0,0,0,0,0,0,0,0,0,0,0,0,0,0,0,0,0,0,0,0,0,0,0,0,1,0,0,0,0,0,0,0,0,0,0,0,0,0,0,0,0,1,2,0,0,0,0,0,1,1.0
1gdzx35,0.027,0.107,0.081,0.776,0.143,0.9509,261,14.811377253095038,5,23,0,3,0,0,0,0,0,0,0,0,0,0,0,2,0,0,0,0,0,0,6,3,3,16,8,0,0,1,1,0,0,0,0,0,0,0,0,1,0,0,1,21,0,1,3,5,0,0,0.23999999463558197
1ge0cjm,0.056,0.089,0.092,0.878,0.029,-0.841,179,15.719379583869454,3,10,0,2,0,0,0,0,0,0,0,0,0,0,0,1,0,0,0,0,0,4,3,3,1,3,14,0,0,0,0,0,0,0,0,1,0,0,1,1,0,0,5,17,2,4,0,1,1,244,0.8799999952316284
1ge0jxu,0.025,0.021,0.0,0.704,0.296,0.6369,11,11.20814326018867,0,0,0,0,0,0,0,0,0,0,0,0,0,0,0,0,0,0,0,0,0,0,0,0,0,2,0,0,0,0,0,0,0,0,0,0,0,0,0,0,0,0,1,3,0,0,0,0,0,1,1.0
1ge0on2,0.052,0.047,0.024,0.892,0.084,0.9418,275,16.76809479433877,4,11,0,3,0,1,0,0,0,0,0,0,0,0,0,3,0,0,0,0,0,25,2,0,3,7,4,0,0,1,4,0,1,0,0,0,0,0,1,2,0,0,3,22,4,0,7,1,0,0,0.2800000011920929
1ge113y,0.041,0.078,0.035,0.821,0.143,0.9896,343,10.63711953065702,2,13,0,3,0,0,0,0,0,0,0,0,0,0,5,2,0,0,0,0,0,0,34,0,5,27,10,0,0,1,5,0,0,0,0,0,1,0,1,2,0,0,34,30,5,1,4,1,0,0,0.28999999165534973
1ge1ffy,0.154,0.111,0.285,0.715,0.0,-0.4927,9,13.023866798666859,0,0,0,0,0,0,0,0,0,0,0,0,0,0,0,0,0,0,0,0,0,0,0,0,0,1,1,0,0,0,0,0,0,0,0,0,0,0,0,0,0,0,1,1,0,0,0,0,0,1,1.0
1ge1iep,0.045,0.386,0.179,0.821,0.0,-0.5719,18,13.023866798666859,1,0,0,0,0,0,0,0,0,0,0,0,0,0,0,0,0,0,0,0,0,0,1,0,0,1,1,0,0,0,1,0,0,0,0,0,0,0,0,0,0,0,0,3,0,1,1,1,0,1,1.0
1ge1kcc,0.043,0.334,0.0,1.0,0.0,0.0,18,13.023866798666859,1,0,0,0,0,0,0,0,0,0,0,0,0,0,0,0,0,0,0,0,0,0,1,0,0,1,1,0,0,0,1,0,0,0,0,0,0,0,0,0,0,0,0,3,0,1,1,1,0,1,1.0
1ge1u94,0.108,0.097,0.0,1.0,0.0,0.0,8,11.20814326018867,0,0,0,0,0,0,0,0,0,0,0,0,0,0,0,0,0,0,0,0,0,0,0,0,0,0,1,0,0,0,0,0,0,0,0,0,0,0,0,0,0,0,1,0,0,0,0,0,0,0,0.5
1ge2u6e,0.042,0.114,0.022,0.957,0.021,-0.2732,108,11.698219412168324,1,5,0,4,0,0,0,0,0,0,0,0,0,0,1,3,0,0,0,0,0,3,0,0,3,4,3,0,0,2,0,0,0,0,0,0,0,0,0,1,0,0,10,10,0,2,6,1,1,0,0.2800000011920929
1ge3bgs,0.051,0.171,0.035,0.854,0.111,0.9731,289,14.696529576185021,6,17,0,8,0,1,0,0,0,0,0,0,0,0,0,6,0,0,0,0,0,2,6,2,5,6,5,1,1,2,3,0,0,0,0,0,0,0,2,1,0,0,27,17,5,2,4,3,1,0,0.2800000011920929
1ge3haj,0.082,0.041,0.021,0.936,0.043,0.6365,269,13.5591,9,18,0,1,0,0,0,0,0,0,0,0,0,0,2,3,0,0,0,0,0,0,3,0,7,20,8,0,0,0,1,1,0,0,0,0,0,0,2,0,0,0,20,30,4,2,4,1,0,5,0.8600000143051147
1ge4ity,0.043,0.02,0.037,0.912,0.051,0.7222,499,14.803905376888956,9,31,0,7,0,1,0,0,0,0,0,0,0,0,2,5,0,0,0,0,0,7,5,0,10,9,9,0,0,0,2,0,0,0,0,0,0,0,0,3,0,0,19,32,3,7,20,2,0,2,1.0
1ge5d9r,0.146,0.1,0.094,0.76,0.147,0.9074,296,9.43228470229965,0,10,0,2,1,1,0,0,0,0,0,0,0,0,0,2,0,0,0,0,0,12,12,2,19,12,12,0,0,1,0,0,0,0,0,2,0,0,0,5,0,0,16,23,1,0,5,0,1,0,0.44999998807907104
1ge5fk2,0.096,0.218,0.189,0.712,0.1,-0.9917,338,16.35954948731386,9,12,0,9,0,0,0,0,1,0,0,0,0,0,2,2,0,0,0,0,1,0,3,13,2,14,24,0,0,0,2,0,1,0,0,1,0,0,3,1,0,0,18,19,8,3,10,0,1,658,0.6600000262260437
1ge5gaq,0.016,0.112,0.07,0.803,0.127,0.9496,256,11.698219412168324,2,13,0,7,0,0,0,0,0,0,0,0,0,0,0,2,0,0,2,1,0,1,18,3,4,8,7,0,0,0,2,0,0,0,0,1,0,0,2,0,0,0,9,22,3,3,6,2,0,0,0.47999998927116394
1ge5gbm,0.024,0.208,0.489,0.511,0.0,-0.9724,25,17.122413403193683,0,0,0,0,0,0,0,0,0,0,0,0,0,0,0,1,0,0,0,0,0,0,0,0,1,0,5,0,0,0,0,0,0,0,0,0,0,0,0,0,0,0,0,6,0,0,0,0,0,1,1.0
1ge68f4,0.04,0.025,0.054,0.859,0.087,0.8437,336,11.389717465364857,1,12,0,4,0,0,0,0,0,0,0,0,0,0,3,0,0,0,1,0,0,0,3,2,11,16,6,0,0,0,2,0,0,0,0,0,0,0,0,3,0,0,27,24,2,2,5,2,0,0,0.20999999344348907
1ge7t8l,0.188,0.285,0.162,0.693,0.145,-0.8284,222,12.745084868956482,2,11,0,3,0,2,0,0,0,0,0,0,0,0,1,3,0,0,0,0,0,0,2,0,9,7,10,0,0,0,0,0,0,0,0,0,0,0,0,3,0,0,7,19,1,1,0,0,0,0,0.3100000023841858
1ge7vbl,0.039,0.388,0.161,0.839,0.0,-0.3612,14,8.841846274778883,0,0,0,1,0,0,0,0,0,0,0,0,0,0,0,0,0,0,0,0,0,0,0,0,1,3,0,0,0,0,0,0,0,0,0,0,0,0,0,0,0,0,1,3,0,0,0,0,0,1,1.0
1ge83t3,0.022,0.13,0.0,1.0,0.0,0.0,19,13.023866798666859,0,0,0,1,0,0,0,0,0,0,0,0,0,0,0,1,0,0,0,0,0,0,1,0,0,0,2,0,0,0,0,0,0,0,0,0,0,0,0,0,0,0,2,3,0,0,2,0,0,1,1.0
1ge88qm,0.02,0.114,0.0,1.0,0.0,0.0,14,8.841846274778883,1,0,0,0,0,0,0,0,0,0,0,0,0,0,0,0,0,0,0,0,0,1,0,0,1,1,1,0,0,0,0,0,0,0,0,0,0,0,0,0,0,0,1,3,0,0,1,0,0,1,1.0
1ge8kis,0.063,0.243,0.207,0.706,0.087,-0.9596,145,12.650343791298138,1,12,0,4,0,0,0,0,0,0,0,0,0,0,2,0,0,0,0,0,0,0,1,0,6,6,14,0,0,0,0,0,0,0,0,0,0,0,0,2,0,0,4,17,2,2,1,0,0,1,1.0
1ge8lex,0.14,0.401,0.126,0.539,0.335,0.5423,12,3.1291,0,1,0,0,0,1,0,0,0,0,0,0,0,0,0,0,0,0,0,0,0,0,0,0,0,0,0,0,0,0,0,0,0,0,0,0,0,0,0,0,0,0,0,0,1,0,0,0,0,1,0.6600000262260437
1ge8p3m,0.037,0.123,0.141,0.782,0.077,-0.9916,438,13.776415006240082,7,41,0,10,0,0,0,0,0,0,0,0,0,0,3,1,0,0,2,0,0,0,9,8,5,9,13,1,2,1,7,1,0,0,0,1,0,0,0,2,0,0,5,24,1,3,14,6,1,81,0.5799999833106995
1ge8tp2,0.025,0.043,0.0,1.0,0.0,0.0,11,8.841846274778883,0,2,0,1,0,0,0,0,0,0,0,0,0,0,0,0,0,0,0,0,0,0,0,0,0,0,0,0,0,0,0,0,0,0,0,0,0,0,0,0,0,0,0,1,0,0,0,0,0,1,1.0
1ge984r,0.057,0.046,0.097,0.774,0.129,0.0507,170,12.38480682065935,1,10,0,2,0,0,0,0,0,0,0,0,0,0,0,1,3,0,0,0,0,0,3,0,3,6,8,0,0,0,1,0,0,0,0,0,0,0,0,2,0,0,4,18,2,2,3,1,0,7,0.5799999833106995
1ge9amn,0.182,0.113,0.164,0.706,0.13,-0.7202,191,14.554592549557764,1,16,0,3,0,0,0,0,0,0,0,0,0,0,1,0,0,0,0,0,0,3,0,0,1,6,11,0,0,0,0,0,0,0,0,0,0,0,0,2,0,0,5,18,2,1,4,0,0,0,0.4300000071525574
1ge9bo8,0.02,0.164,0.119,0.805,0.076,-0.8239,133,14.191785591663535,2,8,0,7,0,0,0,0,0,0,0,0,0,0,1,3,1,0,0,0,0,0,7,4,5,4,3,0,1,1,2,0,0,0,0,0,0,0,0,1,0,0,1,16,1,1,4,1,1,435,0.8399999737739563
1gea3sc,0.051,0.02,0.0,1.0,0.0,0.0,11,11.20814326018867,0,1,0,0,0,0,0,0,0,0,0,0,0,0,1,0,0,0,0,0,0,0,0,1,0,1,0,0,0,0,0,0,0,0,0,1,0,0,0,0,0,0,0,2,0,0,0,0,0,1,1.0
1gea41x,0.037,0.048,0.196,0.804,0.0,-0.296,10,11.20814326018867,0,0,0,0,0,0,0,0,0,0,0,0,0,0,0,0,0,0,0,0,0,0,0,0,0,0,1,0,0,0,0,0,0,0,0,0,0,0,0,0,0,0,0,0,0,1,0,0,0,1,1.0
1geal5b,0.036,0.019,0.0,1.0,0.0,0.0,5,8.841846274778883,0,0,0,1,0,0,0,0,0,0,0,0,0,0,0,0,0,0,0,0,0,0,0,0,0,0,0,0,0,0,0,0,0,0,0,1,0,0,0,0,0,0,0,0,0,0,0,0,0,1,1.0
1geavmh,0.335,0.465,0.0,1.0,0.0,0.0,14,11.20814326018867,1,0,0,2,0,0,0,0,0,0,0,0,0,0,0,1,0,0,0,0,0,0,0,0,0,0,0,0,0,0,0,0,0,0,0,0,0,0,0,0,0,0,0,3,0,0,1,0,0,1,1.0
1geawuf,0.335,0.465,0.0,1.0,0.0,0.0,16,11.20814326018867,1,0,0,2,0,0,0,0,0,0,0,0,0,0,0,1,0,0,0,0,0,0,0,0,0,0,0,0,0,0,0,0,0,0,0,0,0,0,0,0,0,0,0,3,0,0,1,0,0,0,0.30000001192092896
1geay40,0.038,0.111,0.026,0.812,0.162,0.9947,328,10.843485225782072,7,18,0,11,0,0,1,0,0,0,0,0,0,0,1,8,0,0,0,0,0,1,6,0,13,20,7,0,1,0,3,1,0,0,0,1,0,0,3,2,0,0,21,28,5,1,6,1,0,0,0.33000001311302185
1gebyps,0.623,0.401,0.066,0.863,0.071,0.2124,178,10.980518767755715,0,8,0,4,0,1,0,0,0,0,0,0,0,0,0,1,0,0,0,0,0,3,13,2,1,6,8,0,0,0,1,1,1,0,0,0,0,0,0,0,0,0,11,12,2,1,8,0,0,0,0.2199999988079071
1gec0yf,0.027,0.378,0.259,0.741,0.0,-0.4215,9,8.841846274778883,0,0,0,0,0,0,0,0,0,0,0,0,0,0,0,0,0,0,0,0,0,0,0,0,0,0,1,0,0,0,0,0,0,0,0,0,0,0,0,0,0,0,1,0,0,0,0,0,0,1,1.0
1gec9jc,0.04,0.016,0.0,1.0,0.0,0.0,18,11.20814326018867,0,1,0,0,0,0,0,0,0,0,0,0,0,0,0,0,0,0,0,0,0,0,0,0,0,0,0,0,0,0,0,0,0,0,0,0,0,0,0,0,0,0,2,6,0,0,0,0,0,1,1.0
1geczn6,0.044,0.052,0.074,0.779,0.147,0.9911,536,15.742502247213078,6,20,0,11,0,0,0,0,0,0,0,0,0,0,5,3,0,0,0,0,0,0,14,0,17,18,11,0,0,0,2,0,0,0,0,1,0,0,2,1,0,0,6,33,3,9,32,5,1,30,0.5899999737739563
1ged8ei,0.017,0.097,0.157,0.726,0.117,-0.25,20,11.20814326018867,0,0,0,0,0,0,0,0,0,0,0,0,0,0,0,0,0,0,0,0,0,0,0,0,0,1,1,0,0,0,0,0,0,0,0,0,0,0,0,0,0,0,1,3,0,0,2,0,0,1,1.0
1ged8zu,0.028,0.339,0.139,0.797,0.064,-0.9946,574,12.68835289967788,19,45,0,11,0,0,0,0,0,0,0,0,0,0,2,8,0,0,0,0,0,2,6,7,12,14,36,0,0,1,2,0,0,0,0,5,0,0,1,2,0,0,16,31,6,12,11,5,3,72,0.6000000238418579
1geda8d,0.044,0.162,0.076,0.768,0.156,0.9752,301,10.718039707386858,2,29,0,6,0,1,0,0,0,0,0,0,0,0,0,1,0,0,0,0,0,4,1,3,13,22,12,0,0,0,0,0,0,0,0,1,0,0,2,6,0,0,16,21,4,4,2,1,1,0,0.2199999988079071
1gee44g,0.047,0.044,0.114,0.763,0.123,0.0534,20,12.161744961471694,1,0,0,0,0,0,0,0,0,0,0,0,0,0,0,0,0,0,0,0,0,0,0,0,0,1,3,0,0,0,0,0,0,0,0,0,0,0,0,0,0,0,1,3,1,0,1,0,0,2,1.0
1gee476,0.093,0.2,0.061,0.815,0.124,0.8911,164,10.436869588844216,0,12,0,3,0,0,0,0,0,0,0,0,0,0,3,0,0,0,0,0,0,1,9,1,4,6,8,1,0,0,2,0,1,0,0,1,0,0,0,1,0,0,4,15,2,0,3,2,0,9,0.6000000238418579
1gefnwg,0.021,0.044,0.103,0.679,0.218,0.9895,273,14.106358169646779,2,25,0,5,0,0,0,0,0,0,0,0,0,0,0,6,0,0,0,0,0,4,2,0,5,13,9,1,0,0,0,0,0,0,0,0,0,0,0,0,0,0,9,17,1,4,7,0,0,14,0.7300000190734863
1geggxd,0.783,0.684,0.216,0.662,0.121,-0.9913,288,10.793553405168563,3,9,8,6,0,0,0,0,0,0,0,0,0,0,2,3,0,0,0,0,0,2,11,2,6,14,26,2,1,0,2,1,0,0,0,4,0,0,2,2,0,0,16,19,3,2,4,1,1,0,0.17000000178813934
1gegwa0,0.878,0.304,0.163,0.837,0.0,-0.5994,21,13.023866798666859,1,0,0,0,0,0,0,0,0,0,0,0,0,0,1,0,0,0,0,0,0,0,0,0,0,0,1,0,0,0,0,0,0,0,0,0,0,0,0,0,0,0,0,6,0,0,2,0,0,1,1.0
1geh3sg,0.045,0.113,0.086,0.796,0.118,0.9181,413,12.773325707644965,2,26,0,5,0,2,0,0,0,0,0,0,0,0,4,4,0,0,0,0,0,2,7,5,11,12,17,0,0,0,4,0,0,0,0,0,0,0,3,5,0,0,28,27,3,2,9,5,1,0,0.5
1geh5fz,0.062,0.38,0.136,0.746,0.119,-0.9767,752,10.23097548852734,6,55,4,23,0,2,0,0,0,0,0,0,0,0,2,6,0,0,0,0,3,1,21,2,44,27,32,1,0,0,2,1,1,0,0,2,1,0,2,5,0,0,37,38,7,7,21,5,1,0,0.25999999046325684
1gehd3e,0.135,0.111,0.0,1.0,0.0,0.0,11,11.20814326018867,0,0,0,0,0,1,0,0,0,0,0,0,0,0,0,0,0,0,0,0,0,0,0,0,0,0,0,0,0,0,0,0,0,0,0,0,0,0,0,0,0,0,1,3,0,0,0,0,0,1,1.0
1gehf05,0.062,0.289,0.089,0.834,0.078,-0.4483,467,15.05375534093124,4,22,0,11,0,0,0,0,0,0,0,0,0,0,5,4,0,0,1,0,0,1,22,2,9,11,13,0,0,0,2,0,0,0,0,1,0,0,1,2,0,0,17,38,4,3,2,2,2,1890,0.75
1gehg12,0.034,0.078,0.122,0.837,0.041,-0.968,401,10.793553405168563,3,16,0,16,0,2,0,0,0,0,0,0,0,0,0,2,0,0,0,0,0,4,1,1,18,6,25,0,0,0,1,1,0,0,0,0,0,0,0,1,0,0,28,22,2,1,3,1,1,149,0.7900000214576721
1gehvbd,0.204,0.255,0.511,0.489,0.0,-0.8555,12,11.20814326018867,0,0,0,0,0,0,0,0,0,0,0,0,0,0,0,0,0,0,0,0,0,0,0,0,0,0,1,0,0,0,0,0,0,0,0,0,0,0,0,0,0,0,0,1,0,0,0,0,0,1,1.0
1gei1l9,0.034,0.075,0.152,0.848,0.0,-0.5267,20,8.841846274778883,1,1,0,0,0,0,0,0,0,0,0,0,0,0,0,0,0,0,0,0,0,0,0,0,0,0,1,0,0,0,0,0,0,0,0,0,0,0,0,0,0,0,1,1,1,0,0,0,0,1,1.0
1geibu8,0.076,0.026,0.111,0.766,0.122,0.7147,235,13.506818969022046,2,12,0,3,0,0,0,0,0,0,0,0,0,0,1,1,0,0,0,0,0,0,3,0,4,15,5,0,0,0,1,1,0,0,0,0,0,0,0,0,0,0,3,15,0,2,1,1,0,18,0.6600000262260437
1geiegk,0.037,0.09,0.039,0.893,0.068,0.5498,150,10.980518767755715,1,10,0,4,0,0,0,0,0,0,0,0,0,0,1,0,0,0,0,0,0,2,0,7,1,7,6,0,0,0,0,0,0,0,0,0,0,0,0,0,0,0,2,18,1,0,6,0,0,0,0.27000001072883606
1geif2r,0.055,0.114,0.095,0.814,0.091,-0.1779,138,19.78447435784618,1,6,0,2,0,0,0,0,0,0,0,0,0,0,0,0,0,0,0,0,0,1,2,0,2,6,5,0,0,0,0,0,0,0,0,0,0,0,0,0,0,0,9,14,0,0,0,0,0,0,0.17000000178813934
1geifto,0.096,0.043,0.086,0.801,0.113,0.7932,198,18.511140095513987,7,9,0,6,0,0,0,0,0,0,0,0,0,0,1,3,0,0,0,0,0,0,5,0,7,6,9,0,0,0,2,0,0,0,0,0,0,0,0,0,0,0,4,17,1,0,10,2,1,160,0.6600000262260437
1gejkmc,0.211,0.233,0.297,0.703,0.0,-0.6705,15,8.841846274778883,0,0,0,0,0,0,0,0,0,0,0,0,0,0,0,0,0,0,0,0,0,0,0,0,1,0,1,0,0,0,0,0,0,0,0,0,0,0,0,0,0,0,0,0,0,0,1,0,0,1,1.0
1gejn0d,0.047,0.367,0.237,0.763,0.0,-0.4767,11,8.841846274778883,0,0,0,0,0,0,0,0,0,0,0,0,0,0,0,0,0,0,0,0,0,0,0,0,0,1,2,0,0,0,0,0,0,0,0,0,0,0,0,0,0,0,0,2,0,0,0,0,0,1,1.0
1gek6ib,0.052,0.062,0.079,0.838,0.083,0.5471,315,11.855464076750408,4,9,1,5,0,0,1,0,0,0,0,0,0,0,0,2,0,0,0,0,0,0,5,2,9,5,11,0,0,0,0,0,0,0,0,2,0,0,1,7,0,0,19,33,4,2,6,1,0,0,0.4399999976158142
1gel8z5,0.022,0.24,0.099,0.822,0.079,0.1037,28,13.023866798666859,0,1,0,1,0,0,0,0,0,0,0,0,0,0,0,0,0,0,0,0,0,0,0,0,1,1,0,0,0,0,0,0,0,0,0,0,0,0,0,0,0,0,3,7,0,0,1,0,0,0,0.49000000953674316
1gelb3o,0.057,0.296,0.134,0.866,0.0,-0.4767,21,8.841846274778883,1,2,0,0,0,0,0,0,0,0,0,0,0,0,0,0,0,0,0,0,0,0,2,0,0,0,1,0,0,0,0,0,0,0,0,0,0,0,1,0,0,0,0,2,1,0,0,0,0,1,0.6600000262260437
1gelnl9,0.251,0.336,0.304,0.696,0.0,-0.5423,9,11.20814326018867,0,0,0,0,0,0,0,0,0,0,0,0,0,0,0,0,0,0,0,0,0,0,0,0,0,0,1,0,0,0,0,0,0,0,0,0,0,0,0,1,0,0,0,0,0,0,0,0,0,0,0.23000000417232513
1geltie,0.073,0.069,0.121,0.786,0.093,-0.9938,1347,12.075306179157735,20,85,4,43,0,9,0,0,0,0,0,0,0,1,8,7,0,1,2,0,0,0,22,39,28,43,55,0,0,3,0,0,0,0,0,6,0,0,7,8,0,0,14,54,9,6,22,3,3,0,0.1899999976158142
1gelysa,0.028,0.223,0.586,0.414,0.0,-0.9796,27,11.20814326018867,2,2,0,0,0,0,0,0,0,0,0,0,0,0,0,0,0,0,0,0,0,0,0,0,0,0,8,0,0,0,0,0,0,0,0,0,0,0,0,0,0,0,1,3,0,0,1,0,0,0,0.5
1gem1g8,0.028,0.223,0.586,0.414,0.0,-0.9796,27,11.20814326018867,2,2,0,0,0,0,0,0,0,0,0,0,0,0,0,0,0,0,0,0,0,0,0,0,0,0,8,0,0,0,0,0,0,0,0,0,0,0,0,0,0,0,1,3,0,0,1,0,0,0,0.3700000047683716
1gemeta,0.024,0.11,0.231,0.769,0.0,-0.5106,12,3.1291,0,0,0,0,0,0,0,0,0,0,0,0,0,0,0,0,0,0,0,0,0,0,1,0,0,0,1,0,0,0,0,0,0,0,0,0,0,0,0,0,0,0,1,1,1,0,0,0,0,1,1.0
1gemhn1,0.258,0.397,0.094,0.832,0.074,-0.758,367,11.467429594995785,5,16,0,10,0,0,0,0,0,0,0,0,0,0,0,5,0,0,0,0,1,4,12,5,6,6,12,0,0,0,0,0,1,0,0,2,1,0,1,3,0,0,12,28,4,2,7,1,1,0,0.20000000298023224
1gemmxf,0.03,0.026,0.0,0.543,0.457,0.6369,6,3.1291,0,0,0,0,0,0,0,0,0,0,0,0,0,0,0,0,0,0,0,0,0,0,0,0,0,1,0,0,0,0,0,0,0,0,0,0,0,0,0,0,0,0,0,0,0,0,0,0,0,1,1.0
1gemxbd,0.047,0.255,0.0,1.0,0.0,0.0,8,3.1291,0,0,0,1,0,0,0,0,0,0,0,0,0,0,0,0,0,0,0,0,0,0,0,0,0,0,0,0,0,0,0,0,0,0,0,0,0,0,0,0,0,0,0,0,0,0,0,0,0,1,1.0
1gen2td,0.146,0.171,0.149,0.851,0.0,-0.2732,13,8.841846274778883,1,0,0,0,0,0,0,0,0,0,0,0,0,0,0,0,0,0,0,0,0,0,0,0,0,0,1,0,0,0,0,0,0,0,0,0,0,0,0,1,0,0,0,3,0,0,1,0,0,1,1.0
1gen4p6,0.124,0.121,0.16,0.84,0.0,-0.2732,12,8.841846274778883,1,0,0,0,0,0,0,0,0,0,0,0,0,0,0,0,0,0,0,0,0,0,0,0,0,0,1,0,0,0,0,0,0,0,0,0,0,0,0,1,0,0,0,3,0,0,1,0,0,0,0.20000000298023224
1gen9a3,0.039,0.027,0.0,0.845,0.155,0.5106,19,13.023866798666859,0,0,0,1,0,0,0,0,0,0,0,0,0,0,0,0,0,0,0,0,0,1,0,0,0,0,1,0,0,0,0,0,0,0,0,0,0,0,0,0,0,0,0,5,0,0,0,0,0,1,1.0
1genawu,0.039,0.027,0.0,0.845,0.155,0.5106,19,13.023866798666859,0,0,0,1,0,0,0,0,0,0,0,0,0,0,0,0,0,0,0,0,0,1,0,0,0,0,1,0,0,0,0,0,0,0,0,0,0,0,0,0,0,0,0,5,0,0,0,0,0,1,1.0
1gengmk,0.244,0.47,0.462,0.538,0.0,-0.8834,15,11.20814326018867,2,0,0,1,0,0,0,0,0,0,0,0,0,0,0,1,0,0,0,0,0,0,0,0,0,0,2,0,0,0,0,0,0,0,0,0,0,0,0,0,0,0,0,1,0,0,2,0,0,1,1.0
1geo122,0.024,0.204,0.123,0.837,0.04,-0.9624,310,12.048122262838007,7,13,0,5,0,0,0,0,0,0,0,0,0,0,1,2,0,0,0,0,0,2,18,1,7,11,7,0,1,2,1,1,0,0,0,0,0,0,0,1,0,0,18,20,2,4,7,2,0,0,0.33000001311302185
1geo1tf,0.018,0.11,0.02,0.817,0.163,0.9584,116,28.677278017228545,8,6,0,0,0,0,0,0,0,0,0,0,0,0,0,2,0,0,0,0,0,3,3,1,1,8,2,0,0,0,2,0,0,0,0,0,0,0,0,1,0,0,1,14,1,3,2,1,0,0,0.46000000834465027
1geodag,0.031,0.065,0.021,0.87,0.109,0.864,122,13.81666964889586,1,12,0,2,0,0,0,0,0,0,0,0,0,0,1,0,0,0,0,0,0,1,0,2,2,5,1,0,0,0,0,0,1,0,0,0,0,0,1,0,0,0,2,18,0,0,3,0,0,0,0.28999999165534973
1geoi5w,0.099,0.097,0.0,0.805,0.195,0.4404,13,3.1291,0,0,0,0,0,0,0,0,0,0,0,0,0,0,0,0,0,0,0,0,0,0,0,0,0,1,0,0,0,0,0,0,0,0,0,0,0,0,0,0,0,0,0,4,0,0,0,0,0,1,1.0
1geon8p,0.029,0.109,0.052,0.888,0.06,0.0405,129,12.161744961471694,2,8,0,3,0,0,0,0,0,0,0,0,0,0,1,4,0,0,0,0,0,2,4,0,8,3,2,0,1,0,1,0,0,0,0,0,0,0,1,0,0,0,9,20,3,0,2,1,0,0,0.12999999523162842
1geonby,0.142,0.069,0.072,0.808,0.12,0.7881,146,9.3871,0,12,0,3,0,0,0,0,0,0,0,0,0,0,1,2,0,0,0,0,0,3,0,0,2,3,6,0,0,0,0,0,1,0,0,2,0,0,0,2,0,0,2,13,1,1,3,0,0,0,0.3100000023841858
1geopre,0.198,0.034,0.146,0.768,0.087,-0.9658,280,13.274406872562384,2,10,0,1,0,1,0,0,0,0,0,0,0,0,3,3,0,0,0,0,0,0,2,0,6,12,14,0,0,0,2,0,0,0,0,0,0,0,0,2,0,0,4,21,0,8,5,2,0,0,0.49000000953674316
1gepnua,0.023,0.043,0.05,0.815,0.135,0.9785,303,14.554592549557764,10,19,0,9,0,0,0,0,0,0,0,0,0,0,3,4,0,0,0,0,0,0,12,1,4,21,7,1,0,0,3,1,1,0,1,1,0,0,3,3,0,0,6,23,3,4,2,1,0,462,0.7099999785423279
1geppi8,0.069,0.043,0.021,0.936,0.043,0.6365,271,14.02287970970757,9,18,0,1,0,0,0,0,0,0,0,0,0,0,2,3,0,0,0,0,0,0,4,0,7,20,8,0,0,0,1,0,0,0,0,1,0,0,2,0,0,0,20,31,4,2,4,1,0,0,0.3799999952316284
1gepwgq,0.027,0.114,0.218,0.484,0.298,0.25,8,3.1291,0,1,0,0,0,0,0,0,0,0,0,0,0,0,0,0,0,0,0,0,0,0,0,0,0,2,1,0,0,0,0,0,0,0,0,0,0,0,0,0,0,0,2,1,0,0,0,0,0,1,1.0
1geq9o1,0.221,0.035,0.081,0.731,0.188,0.9984,802,14.731742533061166,14,34,0,8,0,0,0,0,0,0,0,0,0,0,2,6,0,0,0,1,0,2,24,3,4,38,36,0,0,2,9,0,3,0,0,0,1,0,2,1,0,0,25,30,3,15,22,4,1,0,0.20000000298023224
1gerr90,0.103,0.108,0.06,0.815,0.125,0.9956,824,12.161744961471694,19,37,0,15,0,0,0,0,0,0,0,0,0,0,0,12,0,0,1,0,0,1,4,2,13,26,35,0,0,0,0,0,0,0,0,3,0,0,0,2,0,0,14,36,5,4,17,3,6,0,0.36000001430511475
1gery4l,0.033,0.03,0.04,0.79,0.17,0.9509,142,15.247664890283005,3,3,0,3,0,0,0,0,0,0,0,0,0,0,0,1,0,0,0,0,0,3,1,1,2,11,3,0,0,0,1,0,0,0,0,0,0,0,0,0,0,0,0,16,1,1,3,0,1,0,0.3799999952316284
1get15a,0.074,0.168,0.192,0.727,0.081,-0.9522,116,11.20814326018867,0,5,0,3,0,0,0,0,0,0,0,0,0,0,0,2,0,0,0,1,0,4,6,2,6,2,7,0,0,0,1,1,0,0,0,0,0,0,0,1,0,0,2,12,2,0,2,0,0,0,0.3499999940395355
1geu08a,0.056,0.285,0.063,0.781,0.155,0.9965,631,12.363455680755948,4,34,0,21,0,1,0,0,0,0,0,0,1,0,1,3,0,0,1,0,1,4,3,16,34,38,18,0,0,0,0,0,3,0,0,1,0,0,2,2,0,0,55,28,3,3,19,2,0,237,0.5799999833106995
1geufce,0.068,0.055,0.091,0.793,0.116,0.4201,135,12.261556223090622,1,4,0,3,0,1,0,0,0,0,0,0,0,0,0,0,0,0,0,0,0,0,8,0,0,3,6,0,0,0,0,0,1,0,0,0,0,0,0,0,0,0,5,13,0,0,3,1,0,0,0.36000001430511475
1geuhmp,0.078,0.202,0.094,0.644,0.262,0.5994,18,14.554592549557764,0,1,0,1,0,0,0,0,0,0,0,0,0,0,0,0,0,0,0,0,0,0,0,0,0,2,1,0,0,0,0,0,0,0,0,0,0,0,0,0,0,0,1,3,1,0,1,0,0,1,1.0
1gev7om,0.031,0.044,0.063,0.768,0.169,0.9793,204,16.4712008295341,0,11,0,3,0,0,0,0,0,0,0,0,0,0,2,1,0,0,0,0,0,4,0,0,1,7,5,0,0,0,0,1,0,0,0,0,0,0,0,0,0,0,4,13,0,3,3,0,0,0,0.4000000059604645
1gewuha,0.065,0.075,0.063,0.832,0.105,0.9026,334,11.062562989136584,5,36,1,23,0,0,0,0,0,0,0,0,0,0,1,7,0,0,0,0,0,1,11,8,10,12,4,1,0,1,0,0,0,0,0,3,0,0,0,2,0,0,3,19,2,2,10,4,1,314,0.6899999976158142
1gewuxu,0.039,0.063,0.096,0.781,0.124,0.9714,597,14.172360316638951,17,36,0,5,0,0,0,0,0,0,0,0,0,0,0,4,0,0,0,0,0,2,9,0,14,27,34,1,1,0,7,0,3,0,0,0,0,0,0,3,0,0,11,30,4,11,22,4,0,13,0.6499999761581421
1gewvdg,0.065,0.038,0.033,0.751,0.216,0.9776,129,14.90622815163357,2,7,0,6,0,0,0,0,0,0,0,0,0,0,2,0,0,0,0,0,0,0,12,6,3,7,4,0,0,1,2,0,0,0,0,0,0,0,0,1,0,0,1,14,2,0,6,1,1,20,0.6100000143051147
1gexe9c,0.098,0.094,0.17,0.688,0.142,-0.9507,250,13.205437297517054,2,16,0,5,0,0,0,0,0,0,0,0,0,0,0,3,0,0,1,0,0,11,1,6,1,9,8,0,0,0,1,0,1,0,0,3,0,0,0,2,0,0,1,16,0,1,7,2,0,0,0.25999999046325684
1gey5q0,0.109,0.017,0.088,0.81,0.102,0.1694,223,14.410869940926823,1,15,0,1,0,0,0,0,0,0,0,0,0,0,3,2,0,0,1,0,1,2,3,1,3,6,7,0,0,0,1,0,0,0,0,1,0,0,0,1,0,0,8,18,1,5,2,0,0,17,0.6100000143051147
1geyhgt,0.071,0.024,0.046,0.853,0.101,0.7598,261,10.451354775682146,7,12,0,2,0,0,0,0,0,0,0,0,0,0,1,1,0,0,0,0,0,1,7,3,3,11,5,0,0,0,0,0,0,0,0,0,0,0,0,2,0,0,24,20,0,0,5,0,1,0,0.4300000071525574
1geyyyz,0.311,0.372,0.268,0.732,0.0,-0.296,7,3.1291,1,0,0,0,0,0,0,0,0,0,0,0,0,0,0,0,0,0,0,0,0,0,0,0,0,0,0,0,0,0,0,0,0,0,0,0,0,0,0,0,0,0,0,0,0,0,1,0,0,1,1.0
1geyz5j,0.245,0.107,0.125,0.773,0.102,-0.7076,177,13.348371206891418,3,10,0,2,0,0,0,0,0,0,0,0,0,0,0,3,0,0,0,0,0,6,2,0,1,5,9,0,0,0,1,0,0,0,0,1,0,0,1,0,0,0,6,16,3,3,2,1,0,42,0.5400000214576721
1gez041,0.05,0.051,0.034,0.874,0.092,0.9766,381,10.245366335075165,10,27,0,4,0,0,0,0,0,0,0,0,0,0,1,4,0,0,0,0,0,11,5,4,4,11,13,0,0,2,0,0,0,0,0,1,0,0,2,1,0,0,18,32,5,5,7,0,2,0,0.3199999928474426
1gez37x,0.012,0.074,0.2,0.8,0.0,-0.3612,11,8.841846274778883,0,0,0,0,0,0,0,0,0,0,0,0,0,0,0,0,0,0,0,0,0,0,0,0,0,0,1,0,0,0,0,0,0,0,0,0,0,0,0,0,0,0,1,0,0,0,0,0,0,1,1.0
1gez93v,0.012,0.057,0.0,1.0,0.0,0.0,12,8.841846274778883,0,0,0,0,0,0,0,0,0,0,0,0,0,0,0,0,0,0,0,0,0,0,0,0,0,0,1,0,0,0,0,0,0,0,0,0,0,0,0,0,0,0,2,1,0,0,0,0,0,1,1.0
1gezb1u,0.056,0.022,0.0,1.0,0.0,0.0,18,13.023866798666859,1,0,0,1,0,0,0,0,0,0,0,0,0,0,0,0,0,0,0,0,0,0,3,0,0,0,0,0,0,0,0,0,0,0,0,0,0,0,0,0,0,0,0,2,0,0,1,0,0,1,1.0
1gezesp,0.185,0.82,0.221,0.779,0.0,-0.5267,13,8.841846274778883,0,0,0,0,0,0,0,0,0,0,0,0,0,0,0,0,0,0,0,0,0,0,1,1,0,0,1,0,0,0,0,0,0,0,0,0,0,0,0,0,0,0,0,2,0,0,0,0,0,1,1.0
1gezkqs,0.134,0.602,0.153,0.659,0.188,0.979,621,8.904972459349034,6,39,2,15,0,2,0,0,0,0,0,0,0,0,3,7,0,0,0,0,0,5,45,4,14,30,29,1,0,0,2,0,0,0,0,0,0,0,2,7,0,0,6,31,4,4,7,4,1,0,0.25
1gezmww,0.014,0.129,0.256,0.744,0.0,-0.4767,10,8.841846274778883,0,0,0,0,0,0,0,0,0,0,0,0,0,0,0,0,0,0,0,0,0,0,0,0,0,0,1,0,0,0,0,0,0,0,0,0,0,0,0,0,0,0,1,1,0,0,0,0,0,1,1.0
1gezwwz,0.028,0.162,0.181,0.819,0.0,-0.4767,15,14.554592549557764,0,0,0,0,0,0,0,0,0,0,0,0,0,0,0,0,0,0,0,0,0,0,0,0,0,0,1,0,0,0,0,0,0,0,0,0,0,0,0,0,0,0,1,1,0,0,0,0,0,1,1.0
1gezx14,0.048,0.098,0.079,0.741,0.18,0.9739,175,12.161744961471694,3,15,0,7,0,0,0,0,0,0,0,0,0,0,1,1,0,0,0,0,0,0,3,1,0,8,3,0,0,0,0,0,0,0,0,0,0,0,0,1,0,0,2,19,1,0,4,2,0,7,0.5299999713897705
1gf00h7,0.058,0.054,0.044,0.879,0.077,0.8885,294,10.793553405168563,9,18,0,4,0,0,0,0,0,0,0,0,0,0,1,3,0,0,1,0,1,0,8,3,5,7,10,0,0,1,4,0,0,0,0,0,0,0,0,0,0,0,5,21,1,5,9,1,2,0,0.33000001311302185
1gf0de7,0.047,0.065,0.114,0.763,0.123,0.0534,20,12.161744961471694,1,0,0,0,0,0,0,0,0,0,0,0,0,0,0,0,0,0,0,0,0,0,0,0,0,1,3,0,0,0,0,0,0,0,0,0,0,0,0,0,0,0,1,3,1,0,1,0,0,1,1.0
1gf0e4j,0.045,0.053,0.171,0.666,0.163,-0.8726,1223,16.54511885129049,8,29,0,7,0,0,0,0,0,0,0,0,0,0,2,7,0,0,0,0,0,0,5,1,5,65,81,0,1,0,0,0,0,0,0,0,0,1,0,2,0,0,48,35,4,13,49,1,1,0,0.41999998688697815
1gf0tvl,0.015,0.051,0.432,0.568,0.0,-0.5859,6,8.841846274778883,0,0,0,0,0,0,0,0,0,0,0,0,0,0,0,0,0,0,0,0,0,0,0,0,0,0,2,0,0,0,0,0,0,0,0,0,0,0,0,0,0,0,1,0,0,0,0,0,0,1,1.0
1gf0u02,0.024,0.18,0.297,0.703,0.0,-0.6705,15,11.20814326018867,0,0,0,0,0,0,0,0,0,0,0,0,0,0,0,0,0,0,0,0,0,0,0,0,0,0,2,0,0,0,0,0,0,0,0,0,0,0,0,0,0,0,2,1,0,0,0,0,0,1,1.0
1gf0v21,0.022,0.01,0.0,1.0,0.0,0.0,5,8.841846274778883,0,0,0,0,0,0,0,0,0,0,0,0,0,0,0,0,0,0,0,0,0,0,0,0,0,0,0,0,0,0,0,0,0,0,0,0,0,0,0,0,0,0,0,1,0,0,0,0,0,1,1.0
1gf12a9,0.057,0.255,0.157,0.698,0.145,-0.0516,14,13.023866798666859,0,0,0,0,0,0,0,0,0,0,0,0,0,0,0,0,0,0,0,0,0,0,0,0,0,1,1,0,0,0,0,0,0,0,0,0,0,0,0,0,0,0,1,5,1,0,0,0,0,1,1.0
1gf1hfr,0.032,0.255,0.091,0.779,0.13,0.9276,208,15.429909175157395,5,7,0,4,0,0,0,0,0,0,0,0,0,0,0,3,0,0,0,0,0,2,7,0,10,7,7,0,0,1,2,0,0,0,0,0,0,0,2,0,0,0,6,21,2,1,5,2,1,0,0.46000000834465027
1gf1qom,0.097,0.108,0.0,0.897,0.103,0.128,14,8.841846274778883,1,0,0,1,0,0,0,0,0,0,0,0,0,0,0,0,0,0,0,0,0,1,1,0,0,0,0,0,1,0,1,0,0,0,0,0,0,0,0,0,0,0,1,1,0,0,1,1,0,1,1.0
1gf1rtc,0.048,0.251,0.135,0.728,0.137,0.4226,335,11.81641974633143,3,30,0,11,0,0,0,0,0,0,0,0,0,0,3,2,0,0,0,0,0,1,24,6,1,16,11,0,0,0,3,0,0,0,0,0,0,0,2,0,0,0,3,27,5,1,4,2,3,562,0.8500000238418579
1gf22fb,0.034,0.252,0.085,0.808,0.107,0.8334,517,16.14049887271926,4,31,0,11,0,0,0,0,0,0,0,0,0,0,2,5,0,0,1,0,0,1,11,4,7,18,16,0,0,0,1,0,0,0,0,0,0,0,0,6,0,0,29,27,3,5,10,1,0,0,0.25999999046325684
1gf2mrs,0.072,0.048,0.077,0.839,0.084,0.0516,153,12.24349002098031,0,7,0,3,0,0,0,0,0,0,0,0,1,0,0,1,0,0,0,0,0,1,7,0,2,4,4,0,0,0,0,0,0,0,0,0,0,0,0,0,0,0,9,15,1,3,3,0,1,1,1.0
1gf3asn,0.026,0.05,0.098,0.704,0.199,0.9944,458,13.81666964889586,9,27,0,6,0,0,0,0,0,0,0,0,0,0,2,4,0,0,0,0,0,0,3,5,9,16,17,0,1,0,2,1,0,0,0,0,0,0,1,3,0,0,25,32,3,2,11,2,0,0,0.23000000417232513
1gf3bfe,0.07,0.075,0.085,0.755,0.16,0.9829,351,11.827085581835497,5,19,2,10,0,1,0,0,0,0,0,0,0,0,1,3,0,0,0,0,0,1,6,9,12,15,16,0,0,0,0,0,0,0,0,2,0,0,1,1,0,0,7,25,5,2,2,1,0,0,0.2199999988079071
1gf3cvl,0.028,0.397,0.083,0.917,0.0,-0.5849,43,11.20814326018867,0,2,0,1,0,0,0,0,0,0,0,0,0,0,0,0,0,0,0,0,0,0,0,0,2,1,1,0,0,0,0,0,0,0,0,0,0,0,0,1,0,0,2,6,0,1,1,0,0,1,1.0
1gf3cys,0.189,0.114,0.383,0.617,0.0,-0.8602,21,8.841846274778883,0,1,0,1,0,0,0,0,0,0,0,0,0,0,0,0,0,0,0,0,0,0,0,0,0,1,1,0,1,0,0,0,0,0,0,0,0,0,0,1,0,0,3,3,0,0,0,0,0,1,1.0
1gf3e78,0.315,0.602,0.022,0.81,0.168,0.9767,196,10.355215969177355,0,16,0,7,0,1,0,0,0,0,0,0,0,0,1,3,1,0,2,0,0,0,6,8,7,6,3,0,0,0,0,0,0,0,0,0,0,1,1,1,0,0,1,11,1,2,2,0,3,0,0.07999999821186066
1gf3enf,0.112,0.019,0.016,0.88,0.104,0.8858,119,10.686352973137792,3,7,0,4,0,0,0,0,0,0,0,0,0,0,1,0,0,0,0,0,0,0,1,0,2,0,3,0,0,0,0,0,0,0,0,0,0,0,0,0,0,0,1,9,0,2,2,0,0,0,0.4099999964237213
1gf3iw3,0.042,0.127,0.039,0.8,0.161,0.9932,328,12.848724342968254,4,14,0,7,0,0,0,0,0,0,0,0,0,0,2,2,0,0,1,0,0,2,0,2,3,8,4,0,0,0,0,2,0,0,0,4,0,0,0,3,0,0,6,23,3,1,7,0,0,0,0.25999999046325684
1gf3p2a,0.017,0.022,0.0,1.0,0.0,0.0,12,11.20814326018867,1,0,0,0,0,0,0,0,0,0,0,0,0,0,0,0,0,0,0,0,0,0,0,0,0,0,1,0,0,0,0,0,0,0,0,0,0,0,0,0,0,0,2,0,0,0,1,0,0,1,1.0
1gf3p6x,0.058,0.023,0.0,0.678,0.322,0.5859,9,8.841846274778883,0,0,0,0,0,0,0,0,0,0,0,0,0,0,0,0,0,0,0,0,0,0,0,0,0,2,0,0,0,0,0,0,0,0,0,0,0,0,0,0,0,0,0,0,0,0,0,0,0,1,1.0
1gf3psw,0.025,0.211,0.0,1.0,0.0,0.0,22,8.841846274778883,0,1,0,2,0,0,0,0,0,0,0,0,0,0,0,0,0,0,0,0,0,0,0,0,0,0,0,0,0,0,0,0,0,0,0,0,0,0,0,0,0,0,1,4,0,0,0,0,0,1,1.0
1gf47x0,0.269,0.246,0.101,0.749,0.15,0.0772,23,17.122413403193683,2,0,0,0,0,0,0,0,0,0,0,0,0,0,0,0,0,0,0,0,0,0,0,0,0,2,2,0,0,0,0,0,0,0,0,0,0,0,0,0,0,0,3,3,0,0,2,0,0,1,1.0
1gf4vgz,0.085,0.589,0.117,0.824,0.059,-0.9009,154,9.150863307647796,1,9,1,9,0,0,0,0,0,0,0,0,0,0,1,3,0,0,0,0,0,0,12,0,8,5,6,0,0,0,2,0,0,0,0,0,0,0,0,4,0,0,2,13,1,0,0,0,0,630,0.699999988079071
1gf4wp8,0.045,0.166,0.29,0.71,0.0,-0.6697,12,11.20814326018867,0,0,0,0,0,0,0,0,0,0,0,0,0,0,0,0,0,0,0,0,0,0,0,0,1,0,1,0,0,0,0,0,0,0,0,0,0,0,0,0,0,0,0,2,0,0,0,0,0,1,1.0
1gf4x4l,0.185,0.82,0.221,0.779,0.0,-0.5267,13,8.841846274778883,0,0,0,0,0,0,0,0,0,0,0,0,0,0,0,0,0,0,0,0,0,0,1,1,0,0,1,0,0,0,0,0,0,0,0,0,0,0,0,0,0,0,0,2,0,0,0,0,0,1,1.0
1gf5f46,0.065,0.113,0.086,0.846,0.068,-0.9407,714,13.98498818721588,9,65,0,18,0,1,0,0,0,0,0,0,0,0,2,4,0,0,0,0,0,2,16,5,9,15,19,0,2,0,5,0,0,0,0,0,0,0,0,1,0,0,61,37,4,8,7,3,0,0,0.41999998688697815
1gf5k9x,0.042,0.36,0.067,0.795,0.137,0.8316,84,15.247664890283005,0,6,0,2,0,1,0,0,0,0,0,0,0,0,0,0,0,0,0,0,0,0,2,0,2,5,2,0,1,0,2,0,0,0,0,0,0,0,1,0,0,0,5,11,3,0,3,2,0,203,0.6100000143051147
1gf62oc,0.099,0.162,0.064,0.797,0.139,0.9888,459,11.750952952430431,4,34,0,11,0,1,0,0,0,0,0,0,0,0,1,2,0,1,0,0,1,1,24,19,14,16,16,0,0,1,2,1,1,0,0,0,0,0,2,2,0,0,4,34,4,5,9,2,3,0,0.3799999952316284
1gf63ew,0.038,0.104,0.263,0.614,0.123,-0.4939,17,11.20814326018867,1,1,0,1,0,0,0,0,0,0,0,0,0,0,0,0,0,0,0,0,0,0,0,0,0,1,2,1,0,0,0,0,0,0,0,0,0,0,0,0,0,0,0,3,0,0,1,0,0,0,0.5
1gf6ddx,0.062,0.305,0.187,0.614,0.199,0.0935,23,15.903189008614273,0,0,0,0,0,0,0,0,0,0,0,0,0,0,1,0,0,0,0,0,0,0,0,0,3,3,2,0,0,0,0,0,0,0,0,0,0,0,0,0,0,0,1,5,1,0,0,0,0,1,1.0
1gf6gl6,0.073,0.11,0.0,1.0,0.0,0.0,22,3.1291,0,0,0,0,0,1,0,0,0,0,0,0,0,0,0,0,0,0,0,0,0,0,0,0,1,0,0,0,0,0,0,0,0,0,0,0,0,0,0,0,0,0,1,1,1,0,0,0,0,1,0.6600000262260437
1gf6mr6,0.034,0.112,0.035,0.936,0.029,-0.2418,172,11.491704259439757,0,13,0,3,0,0,0,0,0,0,0,0,0,0,1,2,0,0,1,0,0,8,3,2,4,2,3,0,0,1,0,0,0,0,0,0,0,0,1,1,0,0,7,20,3,0,4,1,0,47,0.6200000047683716
1gf7ae6,0.083,0.113,0.0,0.777,0.223,0.4877,12,13.023866798666859,0,0,0,0,0,0,0,0,0,0,0,0,0,0,0,0,0,0,0,0,0,0,0,0,0,1,1,0,0,0,0,0,0,0,0,0,0,0,0,0,0,0,1,3,0,0,0,0,0,1,1.0
1gf889u,0.032,0.378,0.195,0.805,0.0,-0.5267,15,11.20814326018867,0,0,0,0,0,0,0,0,0,0,0,0,0,0,0,0,0,0,0,0,0,0,0,0,0,0,1,0,0,0,0,0,0,0,0,0,0,0,0,0,0,0,0,1,0,0,0,0,0,0,0.25
1gf9t23,0.065,0.378,0.12,0.811,0.069,-0.8844,142,11.979248473330827,3,9,0,7,0,0,0,0,0,0,0,0,0,0,1,1,0,0,0,0,0,0,1,0,15,6,9,0,0,0,0,0,0,0,0,0,0,0,0,1,0,0,2,13,0,1,3,0,0,0,0.20000000298023224
1gfakxh,0.671,0.584,0.31,0.69,0.0,-0.8355,26,8.841846274778883,0,0,0,2,0,0,0,0,0,0,0,0,0,0,0,0,0,0,0,0,0,1,0,0,1,0,3,0,0,0,0,0,0,0,0,0,0,0,0,1,0,0,2,6,0,0,0,0,0,1,1.0
1gfalwu,0.143,0.252,0.111,0.734,0.155,0.8714,150,11.698219412168324,2,3,0,0,0,0,0,0,0,0,0,0,0,0,0,0,0,0,0,0,0,5,1,0,11,7,7,0,0,0,0,0,0,0,0,2,0,0,0,1,0,0,12,12,2,1,2,1,1,0,0.3799999952316284
1gfatjd,0.091,0.246,0.125,0.762,0.113,-0.8338,388,13.023866798666859,5,22,0,6,0,0,0,0,0,0,0,0,0,0,2,2,0,0,0,0,0,0,9,5,20,15,18,0,2,1,2,1,0,0,0,0,0,0,0,1,0,0,33,29,4,0,9,1,0,0,0.33000001311302185
1gfb0if,0.057,0.365,0.309,0.614,0.077,-0.9999,1072,23.96300868272202,13,65,9,21,0,3,0,0,0,0,0,0,0,0,5,11,0,0,1,0,0,10,19,5,38,28,64,0,1,2,2,0,0,0,0,0,0,0,4,7,0,0,17,53,7,5,23,3,1,0,0.4399999976158142
1gfb4qr,0.039,0.212,0.268,0.732,0.0,-0.9001,33,21.19438992294339,2,0,0,0,0,0,0,0,0,0,0,0,0,0,0,1,0,0,0,0,0,0,0,0,0,1,4,0,0,0,0,0,0,0,0,0,0,0,0,0,0,0,1,7,0,1,0,0,0,1,1.0
1gfbuub,0.133,0.134,0.141,0.765,0.093,-0.7941,143,14.314028922438442,3,8,0,1,0,0,0,0,0,0,0,0,0,0,1,0,0,1,0,0,0,1,4,3,3,5,9,0,0,0,0,0,2,0,0,0,0,0,0,0,0,0,4,13,0,0,3,0,0,0,0.2800000011920929
1gfcu3j,0.139,0.334,0.305,0.695,0.0,-0.6908,15,13.023866798666859,1,1,0,1,0,0,0,0,0,0,0,0,0,0,0,0,0,0,0,0,0,0,0,0,0,0,1,0,0,0,0,0,0,0,0,0,0,0,0,0,0,0,0,4,0,0,1,0,0,1,1.0
1gfd1yh,0.07,0.787,0.408,0.592,0.0,-0.7845,12,8.841846274778883,0,1,0,0,0,0,0,0,0,0,0,0,0,0,0,0,0,0,0,0,0,0,0,0,0,0,3,0,0,0,0,0,0,0,0,0,0,0,0,0,0,0,0,2,0,0,0,0,0,1,1.0
1gfe250,0.129,0.104,0.201,0.648,0.151,-0.8755,134,11.003577315987393,1,6,0,3,0,0,0,0,0,0,0,0,0,0,0,1,0,0,0,0,0,0,3,0,0,7,10,0,0,0,1,0,0,0,0,0,1,0,0,1,0,0,10,13,1,1,10,0,0,0,0.41999998688697815
1gfeecj,0.156,0.026,0.0,1.0,0.0,0.0,9,13.023866798666859,0,0,0,1,0,0,0,0,0,0,0,0,0,0,0,0,0,0,0,0,0,0,0,0,0,0,0,0,0,0,0,0,0,0,0,0,0,0,0,0,0,0,0,1,0,0,0,0,0,1,1.0
1gfekdl,0.07,0.321,0.164,0.665,0.171,0.8056,131,12.340626583579944,3,12,0,2,0,0,0,0,0,0,0,0,0,0,1,2,0,0,0,0,0,1,1,0,7,9,15,0,0,0,1,0,0,0,0,0,0,0,0,0,0,0,8,15,2,0,3,2,0,98,0.6800000071525574
1gff0tq,0.026,0.024,0.0,1.0,0.0,0.0,11,8.841846274778883,1,0,0,0,0,0,0,0,0,0,0,0,0,0,0,0,0,0,0,0,0,0,0,0,0,0,0,0,0,0,0,0,0,0,0,0,0,0,0,0,0,0,1,0,0,0,1,0,0,1,1.0
1gffsas,0.237,0.176,0.0,0.852,0.148,0.1877,11,8.841846274778883,1,0,0,1,0,0,0,0,0,0,0,0,0,0,0,0,0,0,0,0,0,0,0,0,0,1,0,0,0,0,0,0,0,0,0,0,0,0,0,0,0,0,0,2,0,0,1,0,0,1,1.0
1gfg9cg,0.037,0.051,0.12,0.699,0.181,0.9226,145,12.28987398476788,0,9,0,4,0,0,0,0,0,0,0,0,0,0,1,2,0,0,0,0,0,0,7,1,1,5,5,0,0,1,0,0,1,0,0,1,2,0,2,1,0,0,5,18,2,1,4,0,2,26,0.6899999976158142
1gfgekn,0.048,0.028,0.0,0.816,0.184,0.4019,13,3.1291,0,0,0,0,0,0,0,0,0,0,0,0,0,0,0,0,0,0,0,0,0,0,0,0,0,0,0,0,0,0,0,0,0,0,0,0,0,0,0,0,0,0,2,3,0,0,0,0,0,1,1.0
1gfgsd2,0.047,0.039,0.0,1.0,0.0,0.0,39,17.122413403193683,0,0,0,0,0,0,0,0,0,0,0,0,0,0,2,0,0,0,0,0,0,0,0,0,0,1,0,0,0,0,0,0,0,0,0,0,0,0,0,0,0,0,2,7,0,0,2,0,0,1,1.0
1gfhaxt,0.113,0.361,0.057,0.747,0.197,0.9854,144,13.25671669890799,3,5,0,2,0,0,0,0,0,0,0,0,0,0,0,2,0,0,1,0,0,0,0,1,6,9,5,0,0,0,0,2,0,0,0,0,0,0,0,0,0,0,9,10,2,2,3,0,0,0,0.23999999463558197
1gfhgwc,0.062,0.012,0.014,0.909,0.078,0.9746,412,13.639024540459548,4,18,0,5,0,0,0,0,0,0,0,0,0,0,0,7,0,0,0,0,0,2,11,0,8,4,9,1,0,0,3,0,0,0,0,0,0,0,2,2,0,0,4,25,2,3,16,3,0,0,0.3199999928474426
1gfhycy,0.028,0.05,0.057,0.78,0.162,0.9674,204,11.341690212594319,6,20,0,6,0,0,0,0,0,0,0,0,0,0,1,0,0,0,0,0,0,4,18,3,2,14,7,2,1,0,3,0,0,0,0,1,0,0,0,3,0,0,2,19,4,1,7,0,3,0,0.3799999952316284
1gfjhja,0.062,0.029,0.098,0.686,0.216,0.9996,1329,13.343531390751206,10,77,0,19,0,0,0,0,0,0,0,0,0,0,7,13,0,0,1,0,0,12,8,22,10,76,60,0,0,0,1,0,0,0,0,1,0,0,5,7,0,0,5,49,6,9,5,2,0,0,0.15000000596046448
1gfkfst,0.021,0.023,0.0,0.791,0.209,0.5423,19,17.122413403193683,0,0,0,0,0,0,0,0,0,0,0,0,0,0,0,1,0,0,0,0,0,0,1,0,1,0,1,0,0,0,0,0,0,0,0,1,0,0,0,0,0,0,0,3,0,1,0,0,0,1,1.0
1gfkjrp,0.191,0.255,0.085,0.804,0.111,0.5859,197,16.218646115125612,0,21,0,1,0,0,0,0,0,0,0,0,0,0,4,1,0,0,0,0,0,2,4,0,10,7,4,0,1,0,2,0,0,0,0,0,0,0,0,0,0,0,3,20,3,1,1,1,0,173,0.7300000190734863
1gfktgu,0.096,0.062,0.079,0.833,0.088,0.2921,120,9.827888789773866,1,9,0,1,0,1,0,0,0,0,0,0,0,0,0,1,0,0,0,0,0,0,2,1,0,4,5,0,0,0,1,0,0,0,0,0,0,0,2,2,0,0,1,17,3,0,3,0,0,0,0.4000000059604645
1gfkv1a,0.056,0.069,0.004,0.886,0.11,0.979,242,13.81666964889586,2,17,0,4,0,0,0,1,0,0,0,0,0,0,0,1,0,0,0,0,0,0,3,4,12,4,2,0,0,0,1,1,1,0,0,0,0,0,2,2,0,0,14,18,3,2,8,0,0,0,0.38999998569488525
1gfm9kb,0.126,0.309,0.476,0.482,0.042,-0.9468,21,14.554592549557764,0,4,0,0,0,0,0,0,0,0,0,0,0,0,0,0,0,0,0,0,0,0,0,0,1,0,1,0,0,0,0,0,0,0,0,0,0,0,0,0,0,0,0,3,0,0,0,0,0,1,1.0
1gfmozi,0.027,0.034,0.133,0.756,0.111,-0.126,19,8.841846274778883,0,1,0,0,0,0,0,0,0,0,0,0,0,0,0,0,0,0,0,0,0,1,0,0,0,0,1,0,0,0,0,0,0,0,0,1,0,0,1,1,0,0,0,2,1,0,1,0,0,1,1.0
1gfmxvs,0.082,0.224,0.283,0.717,0.0,-0.7269,21,3.1291,1,3,0,0,0,0,0,0,0,0,0,0,0,0,0,0,0,0,0,0,0,1,0,0,0,0,1,0,0,0,0,0,0,0,0,0,0,0,0,1,0,0,1,1,0,0,1,0,0,0,0.33000001311302185
1gfn72f,0.038,0.401,0.085,0.836,0.078,0.2924,239,14.696529576185021,2,12,0,4,0,0,0,0,0,1,0,0,0,0,0,1,0,0,0,0,0,0,4,12,3,15,12,0,0,0,0,0,0,0,0,0,0,0,0,0,0,0,8,20,0,0,1,0,0,0,0.05999999865889549
1gfncab,0.069,0.348,0.175,0.697,0.128,-0.9887,507,11.401295070857707,9,36,1,11,0,2,0,0,0,0,0,0,0,0,3,6,0,0,1,0,0,0,18,4,30,25,32,0,0,0,3,0,0,1,0,3,0,0,2,10,0,0,12,29,6,4,6,3,1,0,0.47999998927116394
1gfnvs4,0.033,0.019,0.0,0.566,0.434,0.7845,11,8.841846274778883,0,0,0,0,0,0,0,0,0,0,0,0,1,0,0,0,0,0,0,0,0,0,1,0,0,1,0,0,0,0,0,0,0,0,0,0,0,0,0,0,0,0,1,2,0,0,0,0,0,1,1.0
1gfnzg2,0.033,0.019,0.0,0.566,0.434,0.7845,11,8.841846274778883,0,0,0,0,0,0,0,0,0,0,0,0,1,0,0,0,0,0,0,0,0,0,1,0,0,1,0,0,0,0,0,0,0,0,0,0,0,0,0,0,0,0,1,2,0,0,0,0,0,1,1.0
1gfojwt,0.073,0.175,0.394,0.606,0.0,-0.7579,12,3.1291,0,0,0,0,0,0,0,0,0,0,0,0,0,0,0,0,0,0,0,0,0,0,0,2,0,0,2,0,1,0,0,0,0,0,0,0,0,0,0,0,0,0,0,0,1,0,0,0,0,1,1.0
1gfov8u,0.035,0.057,0.041,0.849,0.11,0.9772,369,13.328392162939544,2,17,0,10,0,0,0,0,0,0,0,0,0,0,5,6,0,0,0,0,0,1,0,0,15,10,5,0,0,0,0,0,0,0,0,0,0,0,0,0,0,0,39,27,1,4,5,1,1,14,0.5699999928474426
1gfow18,0.047,0.11,0.0,1.0,0.0,0.0,16,13.023866798666859,0,1,0,1,0,0,0,0,0,0,0,0,0,0,1,0,0,0,0,0,0,0,0,0,0,1,0,0,0,0,0,0,0,0,0,0,0,0,0,0,0,0,4,6,0,0,0,0,0,1,1.0
1gfox99,0.329,0.097,0.357,0.419,0.224,-0.2297,9,13.023866798666859,0,0,0,1,0,0,0,0,0,0,0,0,0,0,0,0,0,0,0,0,0,0,0,0,0,0,0,0,0,0,0,0,0,0,0,0,0,0,0,0,0,0,0,2,0,0,0,0,0,1,1.0
1gfp2gj,0.043,0.113,0.087,0.827,0.086,0.1608,331,8.124751697461797,6,28,0,16,0,0,0,1,0,0,0,0,0,0,8,2,0,0,0,0,0,0,9,26,12,2,20,0,5,1,0,0,1,0,0,0,0,0,1,3,0,0,6,25,3,2,14,0,2,253,0.6100000143051147
1gfp32t,0.243,0.093,0.334,0.457,0.209,-0.2297,10,13.023866798666859,0,0,0,1,0,0,0,0,0,0,0,0,0,0,0,0,0,0,0,0,0,0,0,0,0,0,0,0,0,0,0,0,0,0,0,0,0,0,0,0,0,0,0,2,0,0,0,0,0,1,1.0
1gfpfl6,0.051,0.202,0.09,0.812,0.098,0.6655,257,11.661520659325951,1,24,2,8,0,0,0,0,0,0,0,0,0,0,1,4,0,0,0,0,0,2,1,2,7,12,9,1,0,0,0,0,0,0,0,0,0,0,1,2,0,0,10,21,2,1,6,2,1,1,1.0
1gfpl4m,0.018,0.016,0.0,0.861,0.139,0.9735,167,13.968273953766033,2,8,0,0,0,0,0,0,0,0,0,0,0,0,0,0,0,0,0,1,1,2,1,4,1,3,0,0,0,0,0,0,0,0,0,0,0,0,0,0,0,0,11,14,2,0,6,0,0,4,0.6700000166893005
1gfqd1g,0.084,0.07,0.057,0.872,0.071,-0.1531,165,15.6451,2,14,0,4,0,0,0,0,0,0,0,0,1,0,2,1,0,0,0,0,0,1,5,0,4,6,9,0,1,0,0,0,0,0,0,0,0,0,0,0,0,0,8,14,1,2,4,0,0,0,0.25999999046325684
1gfqgps,0.023,0.05,0.0,0.826,0.174,0.2732,11,11.20814326018867,0,0,0,0,0,0,0,0,0,0,0,0,0,0,0,0,0,0,0,0,0,0,0,0,0,1,0,0,0,0,0,0,0,0,0,0,0,0,0,0,0,0,0,3,0,0,0,0,0,1,1.0
1gfqjkm,0.034,0.372,0.127,0.751,0.123,-0.794,399,13.776415006240082,3,26,0,10,0,0,0,0,0,0,0,0,0,0,4,2,0,0,0,0,0,1,8,1,28,16,22,0,0,0,0,0,0,0,0,0,0,0,1,0,0,0,9,30,3,0,6,1,0,809,0.7799999713897705
1gfql34,0.051,0.07,0.18,0.82,0.0,-0.3875,13,11.20814326018867,0,1,0,2,0,0,0,0,0,0,0,0,0,0,0,0,0,0,0,0,0,0,0,0,0,0,1,0,0,0,0,0,0,0,0,0,0,0,0,0,0,0,1,2,1,0,0,0,0,1,1.0
1gfqmkj,0.031,0.182,0.205,0.63,0.165,-0.128,10,14.554592549557764,0,0,0,0,0,0,0,0,0,0,0,0,0,0,0,0,0,0,0,0,0,0,0,0,0,1,0,0,0,0,0,0,0,0,0,0,0,0,0,0,0,0,1,1,0,0,0,0,0,1,1.0
1gfr28x,0.017,0.034,0.0,0.874,0.126,0.0772,10,3.1291,0,1,0,1,0,0,0,0,0,0,0,0,0,0,0,0,0,0,0,0,0,0,0,0,1,0,0,0,0,0,0,0,0,0,0,0,0,0,0,0,0,0,0,0,0,0,0,0,0,1,1.0
1gfrpwu,0.04,0.155,0.12,0.753,0.127,0.5964,461,13.506818969022046,4,16,3,9,0,3,0,0,0,0,0,0,1,0,2,8,0,0,0,0,0,11,1,2,12,16,18,0,0,0,0,0,2,0,0,1,0,0,0,2,0,0,36,28,4,1,5,1,0,0,0.3499999940395355
1gfs9ln,0.262,0.249,0.084,0.838,0.078,-0.0258,16,3.1291,1,0,0,0,0,0,0,0,0,0,0,0,0,0,0,0,0,0,0,0,0,0,0,0,1,0,0,0,0,0,0,0,0,0,0,0,0,0,0,0,0,0,0,1,0,0,1,0,0,1,1.0
1gfsaqy,0.064,0.114,0.098,0.828,0.074,-0.7632,243,9.928628108626363,7,18,0,7,0,3,0,0,0,0,0,0,0,0,1,3,0,0,0,0,0,1,9,1,6,6,9,0,1,1,1,0,0,0,0,1,0,0,0,0,0,0,4,21,4,1,8,1,2,0,0.4000000059604645
1jasaq0,0.56,0.557,0.0,1.0,0.0,0.0,8,3.1291,1,0,0,1,0,0,0,0,0,0,0,0,0,0,0,0,0,0,0,0,0,0,0,0,0,0,0,0,0,0,0,0,0,0,0,0,0,0,0,0,0,0,0,1,0,0,1,0,0,1,1.0
1jasdaq,0.052,0.325,0.126,0.838,0.035,-0.9744,203,15.579741850924794,5,11,0,1,0,0,0,0,0,0,0,0,0,0,0,0,0,0,0,0,0,1,1,0,2,1,9,0,0,0,0,0,0,0,0,0,0,0,0,1,0,0,10,13,2,3,4,0,0,144,0.6100000143051147
1jasgi4,0.575,0.075,0.107,0.827,0.066,-0.9167,276,13.454273218885966,5,7,0,6,0,0,0,0,0,0,0,0,0,0,1,3,0,0,0,0,0,10,1,0,3,8,12,0,0,0,1,0,0,0,0,0,0,0,0,3,0,0,29,19,1,1,7,1,0,0,0.36000001430511475
1jasisk,0.071,0.361,0.0,1.0,0.0,0.0,16,13.023866798666859,0,0,0,1,0,0,0,0,0,0,0,0,0,0,0,0,0,0,0,0,0,0,0,0,0,0,0,0,0,0,0,0,1,0,0,0,0,0,0,0,0,0,0,5,0,0,0,0,0,1,1.0
1jaskap,0.032,0.536,0.083,0.869,0.048,-0.4594,132,11.20814326018867,1,10,1,7,0,1,0,0,0,0,0,0,0,0,1,1,0,0,0,0,0,0,3,0,9,3,3,0,0,0,0,0,1,0,0,1,0,0,3,0,0,0,2,19,4,0,1,1,0,0,0.2199999988079071
1jasnqy,0.02,0.059,0.425,0.502,0.073,-0.8271,15,15.903189008614273,0,1,0,0,0,0,0,0,0,0,0,0,0,0,0,0,0,0,0,0,0,0,0,0,0,0,3,0,0,0,0,0,0,0,0,0,0,0,0,0,0,0,0,1,0,0,0,0,0,1,1.0
1jaswzw,0.02,0.327,0.109,0.854,0.037,-0.9357,191,14.191785591663535,2,8,0,4,0,0,0,0,0,0,0,0,0,0,3,2,0,0,0,0,0,0,6,0,16,4,7,0,0,0,1,0,0,0,0,1,0,0,0,2,0,0,9,17,4,0,1,2,1,0,0.3700000047683716
1jasx7k,0.043,0.031,0.0,1.0,0.0,0.0,5,3.1291,0,0,0,0,0,0,0,0,0,0,0,0,0,0,0,0,0,0,0,0,0,0,0,0,0,0,0,0,0,0,0,0,0,0,0,0,0,0,0,0,0,0,0,2,0,0,0,0,0,1,1.0
1jat816,0.028,0.24,0.251,0.63,0.119,-0.4391,11,14.554592549557764,0,0,0,0,0,0,0,0,0,0,0,0,0,0,0,0,0,0,0,0,0,0,0,0,0,0,1,0,0,0,0,0,0,0,0,0,0,0,0,0,0,0,2,1,0,0,0,0,0,1,1.0
1jatajo,0.034,0.153,0.15,0.808,0.042,-0.9631,167,13.023866798666859,0,3,0,2,0,0,0,0,0,0,0,0,0,0,1,3,0,0,0,0,0,0,1,0,13,6,11,0,0,0,0,0,0,0,0,0,0,0,0,0,0,0,14,15,2,0,2,1,0,0,0.17000000178813934
1jatbkt,0.031,0.094,0.0,1.0,0.0,0.0,7,3.1291,0,0,0,0,0,0,0,0,0,0,0,0,0,0,0,0,0,0,0,0,0,0,0,0,0,0,0,0,0,0,0,0,0,0,0,0,0,0,0,0,0,0,0,0,0,0,0,0,0,1,1.0
1jatc9h,0.061,0.66,0.146,0.775,0.079,-0.9776,370,15.668782140382117,2,23,5,7,0,2,0,0,0,0,0,0,0,0,2,1,0,0,0,0,0,3,9,7,9,12,25,0,0,0,2,0,0,0,0,3,0,1,2,5,0,0,32,23,3,4,6,0,0,0,0.2800000011920929
1jau2lc,0.081,0.17,0.072,0.928,0.0,-0.34,32,11.20814326018867,1,0,0,1,0,0,0,0,0,0,0,0,0,0,0,0,0,0,0,0,0,0,0,0,0,0,0,0,0,0,0,0,0,0,0,0,0,0,0,0,0,0,1,3,0,0,1,0,0,1,1.0
1jau547,0.061,0.112,0.081,0.74,0.179,0.9779,252,12.926379034027164,1,16,0,7,0,0,0,0,0,0,0,0,0,0,2,2,0,0,0,0,0,4,0,0,3,8,5,0,0,0,0,0,0,0,0,0,0,0,2,1,0,0,26,21,4,3,4,0,0,301,0.6700000166893005
1jau5x6,0.025,0.025,0.0,1.0,0.0,0.0,11,8.841846274778883,0,0,0,0,0,0,0,0,0,0,0,0,0,0,0,0,0,0,0,0,0,0,0,0,0,1,0,0,0,0,0,0,0,0,0,0,0,0,0,0,0,0,0,3,0,0,0,0,0,1,1.0
1jau9mm,0.019,0.024,0.118,0.706,0.176,0.2887,16,14.554592549557764,0,0,0,1,0,0,0,0,0,0,0,0,0,0,0,0,0,0,0,0,0,0,0,0,0,2,0,0,0,0,0,0,0,0,0,0,0,0,0,0,0,0,3,2,0,0,0,0,0,1,1.0
1jaud90,0.149,0.09,0.059,0.757,0.184,0.9878,258,11.822596298655498,4,14,0,2,0,0,0,0,0,0,0,0,0,0,0,3,0,0,0,0,0,1,7,1,5,11,7,0,0,0,3,0,0,0,0,0,0,0,2,0,0,0,7,18,3,5,2,2,0,15,0.5600000023841858
1jaudce,0.082,0.023,0.0,1.0,0.0,0.0,15,8.841846274778883,1,1,0,0,0,0,0,0,0,0,0,0,0,0,0,0,0,0,0,0,0,0,1,0,0,1,0,0,0,0,0,0,0,0,0,0,0,0,0,0,0,0,0,3,0,0,0,0,0,1,1.0
1jauht9,0.065,0.024,0.0,1.0,0.0,0.0,12,8.841846274778883,1,1,0,0,0,0,0,0,0,0,0,0,0,0,0,0,0,0,0,0,0,0,0,0,0,1,0,0,0,0,0,0,0,0,0,0,0,0,0,0,0,0,0,2,0,0,0,0,0,1,1.0
1jauj2e,0.047,0.339,0.121,0.765,0.113,-0.3792,168,14.191785591663535,0,6,1,5,0,0,0,0,0,0,0,0,0,0,2,1,0,0,0,0,0,0,2,0,11,7,10,0,0,0,1,0,0,0,0,0,0,0,0,0,0,0,10,17,1,0,3,1,0,493,0.8799999952316284
1jauvb3,0.059,0.376,0.202,0.624,0.174,-0.9581,279,36.926162742196986,3,21,0,4,0,0,0,0,0,0,0,0,0,0,2,6,0,0,1,0,0,0,6,1,1,9,21,0,0,0,1,0,0,0,0,0,0,0,1,1,0,0,5,18,2,6,2,1,0,0,0.20000000298023224
1jav0um,0.07,0.012,0.0,0.792,0.208,0.6369,17,3.1291,1,0,0,0,0,0,0,0,0,0,0,0,0,0,0,0,0,0,0,0,0,0,0,0,0,1,0,0,0,0,0,0,0,0,0,0,0,0,0,0,0,0,0,3,0,0,1,0,0,1,1.0
1javapb,0.049,0.115,0.24,0.648,0.112,-0.9969,348,13.227904075235838,8,24,0,9,0,0,0,1,0,0,0,0,1,0,1,2,0,0,0,0,0,1,12,5,1,10,14,1,4,0,2,0,0,0,0,5,0,0,2,0,0,0,8,25,4,2,13,3,0,0,0.44999998807907104
1javgu6,0.029,0.476,0.279,0.629,0.092,-0.5932,16,8.841846274778883,0,0,0,1,0,0,0,0,0,0,0,0,0,0,0,0,0,0,0,0,0,0,0,0,0,0,1,0,0,0,0,0,0,0,0,0,0,0,0,0,0,0,0,2,0,0,1,0,0,1,1.0
1javnjy,0.078,0.045,0.068,0.766,0.166,0.999,1029,11.450164762624059,15,81,0,19,0,0,0,1,0,0,0,0,0,0,1,8,0,0,1,0,2,18,11,16,8,40,28,0,0,0,2,2,2,0,0,7,1,0,2,6,0,0,20,47,6,8,36,3,2,0,0.5
1jaw3rt,0.072,0.113,0.081,0.815,0.104,0.1531,24,10.125756701596842,0,1,0,1,0,0,0,0,0,0,0,0,0,0,0,0,0,0,0,0,0,1,0,0,0,0,1,0,0,0,0,0,0,0,0,0,0,0,0,0,0,0,3,1,0,0,1,0,0,1,1.0
1jaw7x8,0.208,0.11,0.0,0.904,0.096,0.2023,18,11.20814326018867,1,1,0,0,0,0,0,0,0,0,0,0,0,0,0,0,0,0,0,0,0,0,0,0,0,0,1,0,0,0,0,0,0,0,0,0,0,0,0,0,0,0,0,2,0,0,2,0,0,1,1.0
1jaw8sr,0.103,0.255,0.069,0.792,0.138,0.8332,125,13.81666964889586,1,4,0,4,0,0,0,0,0,0,0,0,0,0,0,0,0,0,0,0,0,3,2,0,2,2,2,0,1,0,2,0,0,0,0,0,0,0,0,0,0,0,4,7,0,0,2,2,0,1059,0.8999999761581421
1jawvyg,0.059,0.276,0.086,0.715,0.199,0.9825,233,13.747043046817236,1,23,0,0,0,0,0,0,0,0,0,0,0,0,2,1,0,0,0,0,0,1,5,0,4,12,10,0,0,0,2,1,0,0,0,0,0,0,0,0,0,0,1,19,1,3,3,0,0,0,0.14000000059604645
1jax2i4,0.3,0.685,0.307,0.439,0.254,-0.1531,7,11.20814326018867,0,0,0,0,0,0,0,0,0,0,0,0,0,0,0,0,0,0,0,0,0,0,0,0,0,0,1,0,0,0,0,0,0,0,0,0,0,0,0,0,0,0,1,2,1,0,0,0,0,1,1.0
1jaxq4c,0.513,0.159,0.119,0.777,0.104,-0.089,21,11.20814326018867,0,0,0,1,0,0,0,0,0,0,0,0,0,0,1,0,0,0,0,0,0,0,0,0,0,1,1,0,0,0,0,0,0,0,0,0,0,0,0,0,0,0,3,6,0,0,1,0,0,1,1.0
1jaxziz,0.021,0.022,0.065,0.799,0.136,0.6808,69,10.864195022040775,0,2,0,2,0,0,0,0,0,0,0,0,0,0,0,1,0,0,0,0,0,1,0,1,1,3,3,0,0,0,0,1,0,0,0,1,0,0,0,0,0,0,4,8,0,0,1,0,0,0,0.4000000059604645
1jay4cq,0.032,0.03,0.157,0.714,0.129,-0.8371,178,13.707050652182112,4,11,0,1,0,0,0,0,0,0,0,0,0,0,1,0,0,0,0,0,0,6,3,0,1,6,11,1,0,0,2,0,2,0,0,0,0,0,0,1,0,0,6,23,1,0,2,0,1,0,0.3700000047683716
1jay6fj,0.023,0.427,0.113,0.887,0.0,-0.4939,26,11.20814326018867,0,0,1,0,0,0,0,0,0,0,0,0,0,0,2,0,0,0,0,0,0,1,0,0,1,1,1,0,0,0,0,0,0,0,0,0,0,0,1,0,0,0,3,7,1,0,0,0,0,1,1.0
1jaycfm,0.045,0.065,0.0,1.0,0.0,0.0,20,20.267338824336647,0,0,0,0,0,0,0,0,0,0,0,0,0,0,0,0,0,0,0,0,0,0,0,0,0,1,0,0,0,0,0,0,0,0,0,0,0,0,0,0,0,0,0,5,0,1,0,0,0,2,1.0
1jaylog,0.017,0.044,0.035,0.831,0.134,0.9143,116,12.68835289967788,3,8,0,3,0,0,0,0,0,0,0,0,0,0,0,1,0,0,0,0,0,0,2,0,3,4,0,0,0,0,0,0,0,0,0,0,0,0,0,1,0,0,13,18,1,0,2,0,0,0,0.3499999940395355
1jazei1,0.024,0.392,0.192,0.611,0.197,0.015,9,8.841846274778883,0,0,0,1,0,0,0,0,0,0,0,0,0,0,0,0,0,0,0,0,0,0,0,0,0,1,0,0,0,0,0,0,0,0,0,0,0,0,0,0,0,0,0,2,0,0,0,0,0,1,1.0
1jazmef,0.212,0.132,0.0,1.0,0.0,0.0,15,14.554592549557764,0,0,0,0,0,0,0,0,0,0,0,0,0,0,0,0,0,0,0,0,0,0,0,0,0,0,1,0,0,0,0,0,0,0,0,0,0,0,0,0,0,0,1,3,0,0,0,0,0,1,1.0
1jb0ytn,0.02,0.095,0.0,0.908,0.092,0.5927,39,18.243605946275583,0,2,0,1,0,0,0,0,0,0,0,0,0,0,0,1,0,0,0,0,0,0,0,0,0,0,0,0,0,0,0,0,0,0,0,0,0,0,0,0,0,0,2,5,1,0,0,0,0,1,1.0
1jb1dtt,0.033,0.014,0.082,0.918,0.0,-0.2411,23,13.023866798666859,0,2,0,1,0,0,0,0,0,0,0,0,0,0,0,0,0,0,0,0,0,0,1,0,1,0,1,0,0,0,0,0,0,0,0,0,0,0,0,0,0,0,0,7,0,0,0,0,0,1,1.0
1jb1h6r,0.017,0.088,0.0,0.918,0.082,0.5927,44,14.554592549557764,0,3,0,1,0,0,0,0,0,0,0,0,0,0,0,1,0,0,0,0,0,0,0,0,0,0,0,0,0,0,0,0,0,0,0,1,0,0,0,0,0,0,2,6,1,0,0,0,0,1,1.0
1jb1i2i,0.02,0.095,0.0,0.908,0.092,0.5927,39,18.243605946275583,0,2,0,1,0,0,0,0,0,0,0,0,0,0,0,1,0,0,0,0,0,0,0,0,0,0,0,0,0,0,0,0,0,0,0,0,0,0,0,0,0,0,2,5,1,0,0,0,0,1,1.0
1jb1je7,0.016,0.018,0.0,0.825,0.175,0.3724,13,11.20814326018867,0,0,0,1,0,0,0,0,0,0,0,0,0,0,0,0,0,0,0,0,0,0,0,0,0,2,0,0,0,0,0,0,0,0,0,0,0,0,0,0,0,0,1,1,0,0,0,0,0,1,1.0
1jb1m8v,0.016,0.018,0.0,0.825,0.175,0.3724,13,11.20814326018867,0,0,0,1,0,0,0,0,0,0,0,0,0,0,0,0,0,0,0,0,0,0,0,0,0,2,0,0,0,0,0,0,0,0,0,0,0,0,0,0,0,0,1,1,0,0,0,0,0,1,1.0
1jb1pkt,0.029,0.089,0.184,0.59,0.226,0.1431,10,8.841846274778883,0,1,0,0,0,0,0,0,0,0,0,0,0,0,0,0,0,0,0,0,0,0,0,0,1,0,0,0,0,0,0,0,1,0,0,1,0,0,0,0,0,0,0,2,0,1,0,0,0,1,1.0
1jb1r45,0.092,0.146,0.2,0.8,0.0,-0.25,9,3.1291,0,0,0,0,0,0,0,0,0,0,0,0,0,0,0,0,0,0,0,0,0,0,0,0,0,0,0,0,0,0,0,0,0,0,0,0,0,0,0,0,0,0,0,2,0,0,0,0,0,1,1.0
1jb26yp,0.132,0.026,0.0,1.0,0.0,0.0,13,3.1291,1,0,0,0,0,0,0,0,0,0,0,0,0,0,0,0,0,0,0,0,0,0,0,0,1,0,0,0,0,0,0,0,0,0,0,0,0,0,0,1,0,0,0,1,0,0,1,0,0,1,0.6600000262260437
1jb2d5d,0.022,0.018,0.0,1.0,0.0,0.0,17,7.168621630094336,0,1,0,1,0,0,0,0,0,0,0,0,0,0,0,0,0,0,0,0,0,0,1,0,0,0,0,0,0,0,0,0,0,0,0,0,0,0,0,0,0,0,0,3,0,0,0,0,0,1,1.0
1jb2m1d,0.034,0.022,0.03,0.868,0.102,0.9919,585,19.523083473141817,12,31,0,3,0,0,0,0,0,0,0,0,0,0,1,1,0,0,0,0,0,7,19,0,2,15,22,0,0,0,5,0,1,0,0,1,0,0,0,2,0,0,6,34,4,4,15,2,0,47,0.800000011920929
1jb2ze8,0.036,0.027,0.0,0.903,0.097,0.1832,17,11.20814326018867,1,0,0,0,0,0,0,0,0,0,0,0,0,0,0,0,0,0,0,0,0,0,0,0,0,1,0,0,0,0,0,0,0,0,0,0,0,0,0,0,0,0,1,3,0,0,0,0,0,1,1.0
1jb34r0,0.021,0.037,0.333,0.667,0.0,-0.7579,15,14.554592549557764,0,0,0,0,0,0,0,0,0,0,0,0,0,0,0,0,0,0,0,0,0,0,0,0,0,0,3,0,0,0,0,0,0,0,0,0,0,0,0,0,0,0,0,2,0,0,0,0,0,1,1.0
1jb39o3,0.371,0.343,0.0,0.805,0.195,0.1779,8,3.1291,1,0,0,1,0,0,0,0,0,0,0,0,0,0,0,0,0,0,0,0,0,0,0,0,0,0,0,0,0,0,0,0,0,0,0,0,0,0,0,0,0,0,0,0,0,0,1,0,0,1,1.0
1jb3ia0,0.048,0.071,0.0,1.0,0.0,0.0,22,19.287186520377343,0,0,0,0,0,0,0,0,0,0,0,0,0,0,0,0,0,0,0,0,0,0,0,0,0,0,2,0,0,0,0,0,0,0,0,0,0,0,0,0,0,0,0,2,0,0,0,0,0,1,1.0
1jb53zw,0.087,0.178,0.0,0.828,0.172,0.6124,26,15.903189008614273,0,0,0,2,0,0,0,0,0,0,0,0,0,0,0,0,0,0,0,0,0,0,0,0,2,1,1,0,0,0,0,0,1,0,0,0,0,0,0,0,0,0,5,2,1,0,0,0,0,1,1.0
1jb5i7l,0.066,0.029,0.124,0.743,0.134,0.0516,17,3.1291,1,1,0,0,0,0,0,0,0,0,0,0,0,0,0,0,0,0,0,0,0,1,0,0,1,0,1,0,0,0,0,0,0,0,0,0,0,0,0,0,0,0,1,2,0,0,1,0,0,1,1.0
1jb5jm4,0.031,0.159,0.279,0.721,0.0,-0.7003,17,11.20814326018867,1,0,0,0,0,0,0,0,0,0,0,0,0,0,0,0,0,0,0,0,0,0,0,0,0,0,2,0,0,0,0,0,0,0,0,0,0,0,0,0,0,0,3,3,0,0,1,0,0,1,1.0
1jb5ky0,0.041,0.071,0.0,1.0,0.0,0.0,28,19.287186520377343,0,0,0,0,0,0,0,0,0,0,0,0,0,0,0,0,0,0,0,0,0,0,0,0,0,0,1,0,0,0,0,0,0,0,0,0,0,0,0,1,0,0,0,2,0,0,0,0,0,1,1.0
1jb5s49,0.161,0.427,0.317,0.683,0.0,-0.7579,16,14.554592549557764,1,0,0,0,0,0,0,0,0,0,0,0,0,0,0,0,0,0,0,0,0,0,0,0,0,0,1,0,0,0,0,0,1,0,0,0,0,0,0,0,0,0,0,0,0,0,0,0,0,0,0.5
1jb62re,0.043,0.102,0.0,1.0,0.0,0.0,11,11.20814326018867,0,0,0,0,0,0,0,0,0,0,0,0,0,0,0,0,0,0,0,0,0,0,1,0,0,0,0,0,0,0,1,0,0,0,0,0,0,0,0,0,0,0,0,1,0,0,1,1,0,1,1.0
1jb63q0,0.041,0.057,0.0,1.0,0.0,0.0,14,8.841846274778883,0,2,0,0,0,0,0,0,0,0,0,0,0,0,0,0,0,0,0,0,0,1,0,0,0,0,0,0,0,0,0,0,0,0,0,0,0,0,0,0,0,0,1,0,0,0,0,0,0,0,0.12999999523162842
1jb66de,0.059,0.255,0.093,0.886,0.021,-0.9914,524,12.192838495634202,0,33,0,11,0,1,0,0,0,1,0,0,0,0,2,0,0,0,0,0,0,17,15,3,15,9,15,0,0,0,0,0,0,0,0,0,0,0,1,0,0,0,35,21,2,4,0,1,0,5296,0.9100000262260437
1jb6oik,0.02,0.167,0.412,0.588,0.0,-0.6818,10,8.841846274778883,0,1,0,1,0,0,0,0,0,0,0,0,0,0,0,0,0,0,0,0,0,0,1,0,0,0,1,0,1,0,0,0,0,0,0,0,0,0,0,0,0,0,0,0,0,0,0,0,0,0,0.27000001072883606
1jb6ok7,0.623,0.021,0.0,0.865,0.135,0.3612,17,17.122413403193683,0,0,0,0,0,0,0,0,0,0,0,0,0,0,0,0,0,0,0,0,0,1,0,0,0,0,0,0,0,0,0,0,0,0,0,0,0,0,0,0,0,0,5,3,0,0,1,0,0,1,1.0
1jb6txq,0.03,0.401,0.151,0.781,0.068,-0.5106,34,19.287186520377343,0,2,0,1,0,0,0,0,0,0,0,0,0,0,3,1,0,0,0,0,0,0,0,0,1,0,1,0,0,0,0,0,0,0,0,0,0,0,0,0,0,0,1,9,0,0,1,0,0,1,1.0
1jb7gdb,0.031,0.015,0.194,0.806,0.0,-0.3412,11,8.841846274778883,0,0,0,1,0,0,0,0,0,0,0,0,0,0,0,0,0,0,0,0,0,0,0,0,0,0,1,0,0,0,0,0,0,0,0,0,0,0,0,0,0,0,2,3,0,0,0,0,0,1,1.0
1jb83f7,0.031,0.117,0.072,0.805,0.123,0.9932,704,13.529257306502629,9,25,0,10,0,0,0,0,0,0,0,0,0,0,7,7,0,0,0,0,0,2,11,4,17,24,21,0,2,3,4,0,0,0,0,0,0,0,3,5,0,0,33,45,6,3,9,6,0,44,0.7300000190734863
1jb89v7,0.036,0.166,0.0,0.884,0.116,0.2732,17,3.1291,1,0,0,0,0,0,0,0,0,0,0,0,0,0,0,0,0,0,0,0,0,1,0,0,1,0,0,0,0,0,0,0,0,0,0,0,0,0,0,0,0,0,0,3,0,0,1,0,0,1,1.0
1jb9eun,0.036,0.086,0.107,0.829,0.063,-0.2273,19,14.554592549557764,1,2,0,2,0,0,0,0,0,0,0,0,0,0,0,0,0,0,0,0,0,0,0,0,0,1,1,0,0,0,0,0,0,0,0,0,0,0,0,0,0,0,2,3,1,1,0,0,0,725,0.9100000262260437
1jb9p0t,0.028,0.046,0.04,0.857,0.102,0.9669,273,12.031772070788634,8,16,0,2,0,0,0,0,0,0,0,0,0,0,1,2,0,0,0,0,0,5,2,0,2,13,4,0,0,0,0,1,1,0,0,1,0,0,1,0,0,0,28,19,1,3,7,0,0,0,0.25999999046325684
1jb9uve,0.047,0.096,0.144,0.735,0.121,-0.9899,1262,13.374231909245378,9,63,3,18,0,1,1,0,0,1,0,0,0,0,5,10,0,0,7,0,0,4,7,30,23,46,62,1,0,0,1,0,1,1,1,3,0,0,3,1,0,0,62,43,5,14,22,1,0,0,0.4399999976158142
1jbahag,0.055,0.378,0.43,0.4,0.17,-0.6369,12,13.023866798666859,0,0,0,0,0,0,0,0,0,0,0,0,0,0,0,0,0,0,0,0,0,0,0,0,0,0,4,0,0,0,0,0,0,0,0,0,0,0,0,0,0,0,3,1,0,0,0,0,0,1,1.0
1jbahe0,0.016,0.028,0.18,0.82,0.0,-0.296,11,13.023866798666859,0,0,0,1,0,0,0,0,0,0,0,0,0,0,0,0,0,0,0,0,0,0,0,0,0,0,1,0,0,0,0,0,0,0,0,0,0,0,0,0,0,0,2,3,0,0,0,0,0,1,1.0
1jbb16z,0.05,0.627,0.373,0.472,0.156,-0.6808,13,3.1291,0,0,2,0,0,0,0,0,0,0,0,0,0,0,0,0,0,0,0,0,0,0,0,0,0,2,2,0,0,0,0,0,1,0,0,0,0,0,0,0,0,0,0,1,0,0,0,0,0,0,0.5
1jbb4g8,0.055,0.048,0.0,0.807,0.193,0.6705,25,11.20814326018867,0,0,0,0,0,0,0,0,0,0,0,0,0,0,0,0,0,0,0,0,0,0,0,0,0,0,0,0,0,0,0,0,0,0,0,0,0,0,0,0,0,0,1,6,0,0,0,0,0,1,1.0
1jbb4iu,0.121,0.077,0.0,1.0,0.0,0.0,11,8.841846274778883,1,0,0,0,0,0,0,0,0,0,0,0,0,0,0,0,0,0,0,0,0,0,0,0,0,0,0,0,0,0,0,0,0,0,0,0,0,0,0,0,0,0,0,0,0,1,1,0,0,187,0.7900000214576721
1jbb8a7,0.04,0.055,0.156,0.844,0.0,-0.34,14,8.841846274778883,0,1,0,1,0,0,0,0,0,0,0,0,0,0,0,0,0,0,0,0,0,0,0,0,0,1,0,0,0,0,0,0,0,0,0,0,0,0,0,0,0,0,2,1,0,0,0,0,0,0,0.4699999988079071
1jbbh24,0.078,0.016,0.0,0.791,0.209,0.4404,12,11.20814326018867,0,0,0,0,0,0,0,0,0,0,0,0,0,0,0,0,0,0,0,0,0,0,0,0,0,1,0,0,0,0,0,0,0,0,0,0,0,0,0,0,0,0,0,2,0,0,0,0,0,0,0.33000001311302185
1jbcbw7,0.038,0.219,0.505,0.495,0.0,-0.6259,7,13.023866798666859,0,0,0,1,0,0,0,0,0,0,0,0,0,0,0,0,0,0,0,0,0,0,0,0,0,0,2,0,0,0,0,0,0,0,0,0,0,0,0,0,0,0,0,1,0,0,0,0,0,1,1.0
1jbcnui,0.034,0.141,0.114,0.787,0.098,-0.52,290,10.018931242160765,5,11,0,13,0,0,0,0,0,0,0,0,0,0,2,1,0,0,0,0,0,1,11,1,2,10,17,0,0,0,3,0,2,0,0,0,0,0,0,1,0,0,13,20,2,1,8,1,0,0,0.3199999928474426
1jbcwok,0.021,0.088,0.0,0.872,0.128,0.3612,18,11.20814326018867,0,0,0,0,0,0,0,0,0,0,0,0,0,0,0,0,0,0,0,0,0,0,1,0,0,1,2,0,0,0,1,0,0,0,0,0,0,0,0,1,0,0,0,3,1,0,0,0,0,1,1.0
1jbe2ca,0.026,0.058,0.25,0.75,0.0,-0.4588,10,3.1291,1,0,0,0,0,0,0,0,0,0,0,0,0,0,0,0,0,0,0,0,0,0,0,0,0,0,0,0,0,0,0,0,0,0,0,1,0,0,0,0,0,0,0,2,0,0,1,0,0,1,1.0
1jbe3uu,0.06,0.038,0.0,0.801,0.199,0.357,11,3.1291,1,0,0,1,0,0,0,0,0,0,0,0,0,0,0,0,0,0,0,0,0,0,0,0,0,0,0,0,0,0,0,0,0,0,0,0,0,0,0,0,0,0,0,2,0,0,1,0,0,1,1.0
1jbekzi,0.02,0.024,0.096,0.904,0.0,-0.2023,18,15.903189008614273,0,0,0,0,0,0,0,0,0,0,0,0,0,0,0,0,0,0,0,0,0,0,1,0,0,0,1,0,0,0,0,0,0,0,0,0,0,0,0,0,0,0,3,5,0,0,1,0,0,1,1.0
1jbevli,0.019,0.505,0.0,0.595,0.405,0.7783,12,11.20814326018867,0,1,0,0,0,0,0,0,0,0,0,0,0,0,0,0,0,0,0,0,0,0,0,1,0,0,1,0,0,0,0,0,0,0,0,0,0,0,0,0,0,0,0,2,0,0,0,0,0,1,1.0
1jbezuy,0.035,0.401,0.0,0.684,0.316,0.5719,9,14.554592549557764,0,1,0,0,0,0,0,0,0,0,0,0,0,0,0,0,0,0,0,0,0,0,0,0,0,0,1,0,0,0,0,0,0,0,0,0,0,0,0,0,0,0,0,3,0,0,0,0,0,1,1.0
1jbfajo,0.032,0.401,0.0,1.0,0.0,0.0,6,8.841846274778883,0,0,0,0,0,0,0,0,0,0,0,0,0,0,0,0,0,0,0,0,0,0,0,0,0,0,0,0,0,0,0,0,0,0,0,0,0,0,0,0,0,0,0,0,0,0,0,0,0,1,1.0
1jbfzqi,0.133,0.789,0.223,0.777,0.0,-0.3182,9,3.1291,0,1,0,0,0,0,0,0,0,0,0,0,0,0,0,0,0,0,0,0,0,0,0,0,0,0,1,0,0,0,0,0,0,0,0,0,0,0,0,0,0,0,0,2,0,0,0,0,0,1,1.0
1jbh9ol,0.382,0.099,0.0,1.0,0.0,0.0,10,8.841846274778883,0,0,0,0,0,0,0,0,0,0,0,0,0,0,0,0,0,0,0,0,0,1,0,0,0,1,0,0,0,0,0,0,0,0,0,0,0,0,0,0,0,0,2,0,0,0,0,0,0,1,1.0
1jbhkov,0.026,0.022,0.0,1.0,0.0,0.0,13,15.903189008614273,0,0,0,0,0,0,0,0,0,0,0,0,0,0,0,0,0,0,0,0,0,0,0,0,0,1,0,0,0,0,0,0,0,0,0,0,0,0,0,0,0,0,0,4,0,0,0,0,0,1,1.0
1jbhmxj,0.023,0.02,0.05,0.873,0.077,0.4773,105,12.161744961471694,0,8,0,0,0,0,0,0,0,0,0,0,0,0,1,2,0,0,0,0,0,0,8,0,0,8,1,0,0,0,1,0,0,0,0,0,0,0,0,1,0,0,1,16,2,1,1,2,1,13,0.699999988079071
1jbi2sv,0.022,0.096,0.0,1.0,0.0,0.0,10,13.023866798666859,0,0,0,1,0,0,0,0,0,0,0,0,0,0,0,0,0,0,0,0,0,0,0,0,0,1,1,0,0,0,0,0,0,0,0,0,0,0,0,0,0,0,0,2,0,0,0,0,0,1,1.0
1jbjhdm,0.056,0.563,0.059,0.941,0.0,-0.1901,29,14.554592549557764,1,0,0,0,0,0,0,0,0,0,0,0,0,0,0,1,0,0,0,0,0,0,0,2,0,2,2,0,0,0,0,0,0,0,0,0,0,0,0,0,0,0,0,6,1,0,0,0,0,1,1.0
1jbjwst,0.389,0.375,0.369,0.631,0.0,-0.6249,8,3.1291,0,0,0,0,0,0,0,0,0,0,0,0,0,0,0,0,0,0,0,0,0,0,1,0,0,0,1,0,0,0,0,0,0,0,0,0,0,0,0,0,0,0,0,1,0,0,0,0,0,1,1.0
1jbkbt6,0.064,0.152,0.34,0.66,0.0,-0.7717,15,11.20814326018867,1,0,0,0,0,0,0,0,0,0,0,0,0,0,0,0,0,0,0,0,0,0,0,1,0,0,3,0,0,0,0,0,0,0,0,0,0,0,0,0,0,0,0,1,0,0,1,0,0,1,1.0
1jbkd2x,0.284,0.255,0.273,0.727,0.0,-0.4588,9,14.554592549557764,0,0,0,0,0,0,0,0,0,0,0,0,0,0,0,0,0,0,0,0,0,0,0,0,0,0,1,0,0,0,0,0,0,0,0,0,0,0,1,0,0,0,1,2,1,0,0,0,0,1,1.0
1jbkm4l,0.023,0.127,0.0,1.0,0.0,0.0,17,17.122413403193683,0,0,0,0,0,0,0,0,0,0,0,0,0,0,0,0,0,0,0,0,0,0,0,0,1,0,0,0,0,0,0,0,0,0,0,0,0,0,0,0,0,0,2,3,0,0,0,0,0,1,1.0
1jbkqpk,0.029,0.062,0.1,0.867,0.034,-0.9621,258,14.554592549557764,4,27,0,7,0,0,0,0,0,0,0,0,0,0,0,2,0,0,1,0,0,2,4,20,0,4,8,0,2,0,3,0,0,0,0,0,0,0,0,1,0,0,3,21,2,1,5,2,0,0,0.3199999928474426
1jbks54,0.015,0.202,0.174,0.826,0.0,-0.7269,31,15.903189008614273,0,1,0,1,0,0,0,0,0,0,0,0,0,0,0,0,0,0,0,0,0,0,0,0,3,0,2,0,0,0,0,0,0,0,0,0,0,0,0,0,0,0,3,5,0,0,0,0,0,1,1.0
1jbl42l,0.025,0.132,0.13,0.769,0.101,-0.1531,18,8.841846274778883,0,0,0,0,0,0,0,0,0,0,0,0,0,0,0,0,0,0,0,0,0,0,3,0,0,1,1,0,0,0,2,0,0,0,0,0,0,0,0,0,0,0,0,4,0,0,0,1,0,0,0.3100000023841858
1jblfwk,0.093,0.462,0.307,0.606,0.087,-0.6249,18,17.122413403193683,0,1,0,0,0,0,0,0,0,0,0,0,0,0,0,0,0,0,0,0,0,0,0,0,0,0,3,0,0,0,0,0,0,0,0,0,0,0,0,1,0,0,0,3,0,0,0,0,0,0,0.5
1jbm7kx,0.029,0.29,0.273,0.652,0.075,-0.7239,24,14.554592549557764,0,1,0,0,0,0,0,0,0,0,0,0,0,0,0,0,0,0,0,0,0,0,0,0,0,0,3,0,0,0,0,0,0,0,0,0,0,0,0,0,0,0,0,4,0,0,0,0,0,0,0.20000000298023224
1jbmh0y,0.303,0.201,0.066,0.71,0.224,0.5994,15,13.023866798666859,0,0,0,0,0,0,0,0,0,0,0,0,0,0,0,0,0,0,0,0,0,0,0,0,1,1,0,0,0,0,0,0,0,0,0,0,0,0,0,0,0,0,2,3,0,0,1,0,0,1,1.0
1jbmxst,0.034,0.047,0.383,0.617,0.0,-0.4767,6,11.20814326018867,0,0,0,1,0,0,0,0,0,0,0,0,0,0,0,0,0,0,0,0,0,0,0,0,0,1,0,0,0,0,0,0,0,0,0,0,0,0,0,0,0,0,0,1,0,0,0,0,0,1,1.0
1jbn5wk,0.027,0.112,0.136,0.694,0.171,0.0516,29,11.20814326018867,0,4,0,0,0,0,0,0,0,0,0,0,0,0,0,0,0,0,0,0,0,0,0,2,2,0,4,0,0,0,0,0,0,0,0,0,0,0,2,0,0,0,1,7,0,1,0,0,0,0,0.10999999940395355
1jbn78o,0.038,0.016,0.0,0.734,0.266,0.4404,9,8.841846274778883,0,0,0,0,0,0,0,0,0,0,0,0,0,0,0,0,0,0,0,0,0,0,0,0,0,1,0,0,0,0,0,0,0,0,0,0,0,0,0,0,0,0,1,1,0,0,0,0,0,1,1.0
1jbnayk,0.048,0.298,0.232,0.71,0.058,-0.7964,38,13.81666964889586,0,3,0,1,0,0,0,0,0,0,0,0,0,0,1,0,0,0,0,0,0,0,2,0,0,1,3,0,0,0,0,0,0,0,0,0,0,0,0,0,0,0,2,7,0,0,0,0,0,1,1.0
1jbnbcf,0.054,0.037,0.224,0.776,0.0,-0.6369,20,14.554592549557764,1,0,0,0,0,0,0,0,0,0,0,0,0,0,0,0,0,0,0,0,0,0,0,0,1,2,1,0,0,0,0,0,0,0,0,0,0,0,0,1,0,0,3,1,1,1,1,0,0,0,0.5
1jbnrfp,0.041,0.089,0.054,0.808,0.138,0.9979,876,10.696531096232487,19,83,0,40,0,0,0,0,0,0,0,0,1,0,8,10,1,0,1,0,1,0,28,18,23,26,21,1,6,4,9,0,0,0,0,3,0,0,3,8,0,0,11,47,9,4,23,10,4,0,0.4699999988079071
1jbojf2,0.026,0.203,0.0,1.0,0.0,0.0,10,8.841846274778883,0,0,0,1,0,0,0,0,0,0,0,0,0,0,0,0,0,0,0,0,0,0,0,0,0,0,1,0,0,0,0,0,0,0,0,0,0,0,0,0,0,0,0,0,0,0,0,0,0,1,1.0
1jbphsu,0.023,0.117,0.175,0.74,0.084,-0.9961,517,15.429909175157395,13,22,0,4,0,4,0,0,0,0,0,0,0,0,1,3,0,0,0,0,0,1,6,0,13,20,26,0,0,0,2,1,0,0,0,0,0,0,0,0,0,0,14,36,3,4,9,1,0,0,0.30000001192092896
1jbplyz,0.024,0.026,0.0,0.874,0.126,0.3182,17,8.841846274778883,0,0,0,1,0,0,0,0,0,0,0,0,0,0,0,0,0,0,0,0,0,0,0,0,0,0,0,0,0,0,0,0,0,0,0,0,0,0,0,0,0,0,3,2,0,0,0,0,0,1,1.0
1jbpstx,0.202,0.137,0.0,1.0,0.0,0.0,12,11.20814326018867,0,1,0,0,0,0,0,0,0,0,0,0,0,0,0,0,0,0,0,0,0,0,0,0,0,1,0,0,0,0,0,0,0,0,0,0,0,0,0,0,0,0,2,1,0,0,0,0,0,1,1.0
1jbq976,0.048,0.234,0.0,1.0,0.0,0.0,12,11.20814326018867,0,2,0,0,0,0,0,0,0,0,0,0,0,0,0,0,0,0,0,0,0,0,0,0,0,0,0,0,0,0,0,0,0,0,0,0,0,0,0,0,0,0,1,1,0,0,1,0,0,1,1.0
1jbqcr0,0.025,0.115,0.137,0.717,0.146,-0.1729,341,12.526319926815653,6,23,0,7,0,0,0,0,0,0,0,0,0,1,2,4,0,0,0,0,0,15,3,2,9,6,23,0,0,0,1,0,1,0,0,1,0,0,1,0,0,0,2,33,3,3,4,0,0,26,0.699999988079071
1jbqexv,0.052,0.153,0.052,0.84,0.108,0.9256,231,18.10804710084791,1,10,0,4,0,0,0,0,0,0,0,0,0,0,0,2,0,0,0,0,0,5,1,0,4,8,6,0,0,0,0,0,0,0,0,0,0,0,0,1,0,0,37,16,1,3,2,0,0,0,0.4000000059604645
1jbrg0i,0.678,0.752,0.216,0.56,0.224,0.0459,17,3.1291,0,0,1,1,0,0,0,0,0,0,0,0,0,0,0,0,0,0,0,0,0,0,0,0,1,0,1,0,0,0,0,0,0,0,0,0,0,0,0,0,0,0,0,1,0,0,0,0,0,1,1.0
1jbrl0r,0.549,0.681,0.2,0.657,0.142,-0.2783,29,13.023866798666859,0,0,1,1,0,0,0,0,0,0,0,0,0,0,1,0,0,0,0,0,0,0,0,0,2,0,3,0,0,0,0,0,0,0,0,0,0,0,0,0,0,0,0,3,0,0,0,0,0,1,1.0
1jbrs0m,0.036,0.392,0.153,0.73,0.118,-0.9169,233,10.125756701596842,2,6,0,4,0,0,0,0,0,0,0,0,0,0,9,0,0,0,0,0,0,1,0,1,24,6,13,0,0,0,0,0,0,0,0,0,0,0,0,0,0,0,19,13,0,4,4,0,0,0,0.4399999976158142
1jbs3au,0.884,0.169,0.156,0.764,0.08,-0.8625,86,18.7741,0,7,0,1,0,0,0,0,0,0,0,0,0,0,0,2,0,0,0,0,0,0,0,0,0,3,8,0,0,0,0,0,0,0,0,0,0,0,0,0,0,0,0,6,2,2,1,0,0,0,0.3700000047683716
1jbs5er,0.05,0.112,0.133,0.625,0.242,0.34,10,3.1291,0,0,0,0,0,0,0,0,0,0,0,0,0,0,0,0,0,0,0,0,0,0,0,0,2,0,2,0,0,0,0,0,0,0,0,0,0,0,0,0,0,0,0,2,0,0,0,0,0,1,1.0
1jbs7ok,0.099,0.039,0.275,0.725,0.0,-0.802,21,11.20814326018867,2,0,0,0,0,0,0,0,0,0,0,0,0,0,0,0,0,0,0,0,0,0,0,0,0,0,2,0,0,0,0,0,0,0,0,0,0,0,0,0,0,0,0,2,0,0,2,0,0,1,1.0
1jbsgbv,0.546,0.097,0.087,0.816,0.097,0.1506,134,10.25414643259724,3,6,0,2,0,0,0,0,0,0,0,0,0,0,0,0,0,0,0,0,0,0,1,0,2,1,2,0,0,0,1,0,0,0,0,0,0,0,0,0,0,0,16,9,2,0,8,1,0,0,0.15000000596046448
1jbsjip,0.059,0.152,0.268,0.683,0.049,-0.9969,213,17.5058628484301,3,15,0,5,0,0,0,0,0,0,0,0,0,0,2,4,0,0,0,0,0,3,3,0,0,3,13,0,0,1,1,0,0,0,0,0,0,0,0,0,0,0,17,17,0,3,0,0,0,393,0.8299999833106995
1jbstg5,0.035,0.36,0.188,0.636,0.176,-0.17,225,16.09822454788146,8,16,0,2,0,0,0,0,0,0,0,0,0,0,0,0,0,0,0,0,0,0,3,0,2,7,23,0,0,0,1,1,0,0,0,0,0,0,0,1,0,0,17,17,0,3,2,2,0,0,0.38999998569488525
1jbtdm3,0.089,0.109,0.0,1.0,0.0,0.0,5,3.1291,0,0,0,0,0,0,0,0,0,0,0,0,0,0,0,0,0,0,0,0,0,0,0,0,0,0,0,0,0,0,0,0,0,0,0,0,0,0,0,0,0,0,0,0,0,0,0,0,0,1,0.6600000262260437
1jbudb7,0.032,0.103,0.182,0.719,0.099,-0.9973,649,11.562876642853332,5,24,0,7,0,0,0,0,0,0,0,0,1,0,1,4,0,0,0,0,0,4,7,0,3,27,46,0,0,0,1,0,2,0,0,1,1,0,0,3,0,0,36,35,3,5,9,1,1,232,0.8600000143051147
1jbuep6,0.119,0.232,0.0,0.847,0.153,0.4404,17,14.554592549557764,0,1,0,0,0,0,0,0,0,0,0,0,0,0,0,0,0,0,0,0,0,0,0,0,0,2,1,0,0,0,0,0,0,0,0,0,0,0,0,0,0,0,2,3,0,0,0,0,0,0,0.5
1jbv0f7,0.02,0.046,0.102,0.788,0.11,0.6353,327,16.11434528070225,6,23,0,5,0,0,0,0,0,0,0,0,0,0,1,5,0,0,3,0,0,1,2,16,4,14,11,0,0,0,2,0,0,0,0,0,0,0,0,1,0,0,6,22,1,3,8,1,0,66,0.7900000214576721
1jbw15u,0.025,0.202,0.0,1.0,0.0,0.0,12,3.1291,0,0,0,0,0,0,0,0,0,0,0,0,0,0,0,0,0,0,0,0,0,0,1,0,0,1,0,0,0,0,0,1,0,0,0,1,0,0,0,0,0,0,1,2,0,0,0,0,0,1,1.0
1jbwq9l,0.044,0.109,0.101,0.726,0.173,0.9657,219,13.023866798666859,3,9,0,1,0,0,0,0,0,0,0,0,0,0,0,2,0,0,0,0,0,6,0,0,7,12,7,0,0,0,0,0,0,0,0,0,0,0,0,2,0,0,16,13,2,0,4,0,0,0,0.44999998807907104
1jbwrll,0.043,0.304,0.179,0.555,0.266,0.4912,18,13.023866798666859,0,1,0,1,0,0,0,0,0,0,0,0,0,0,0,0,0,0,0,0,0,0,0,0,0,1,2,0,0,0,0,0,0,0,0,0,0,0,0,0,0,0,0,2,0,0,0,0,0,1,1.0
1jbwzys,0.053,0.234,0.118,0.694,0.188,0.964,215,15.532846611407376,5,16,0,10,0,1,0,0,0,0,0,0,0,0,1,3,0,0,0,0,0,0,10,5,8,16,11,0,0,2,2,0,0,0,0,0,0,0,0,1,0,0,1,20,2,1,5,1,1,0,0.36000001430511475
1jbxa7r,0.071,0.523,0.268,0.732,0.0,-0.5106,10,3.1291,0,0,1,0,0,0,0,0,0,0,0,0,0,0,0,0,0,0,0,0,0,0,0,0,0,0,0,0,0,0,0,0,0,0,0,0,0,0,0,0,0,0,0,2,0,0,0,0,0,1,1.0
1jbxj42,0.077,0.44,0.0,1.0,0.0,0.0,5,8.841846274778883,0,0,0,0,0,0,0,0,0,0,0,0,0,0,0,0,0,0,0,0,0,0,0,0,0,0,1,0,0,0,0,0,0,0,0,0,0,0,0,0,0,0,1,0,0,0,0,0,0,1,1.0
1jbxkph,0.035,0.039,0.181,0.603,0.216,0.1027,9,8.841846274778883,2,0,0,0,0,0,0,0,0,0,0,0,0,0,0,0,0,0,0,0,0,0,0,0,0,1,1,0,0,0,0,0,0,0,0,0,0,0,0,0,0,0,0,2,2,0,0,0,0,1,1.0
1jby9ck,0.026,0.113,0.146,0.755,0.099,-0.87,154,12.785403640627713,4,10,0,4,0,0,0,0,0,0,0,0,0,0,0,0,0,0,0,0,0,0,8,1,2,5,9,0,0,0,2,0,0,0,0,0,0,0,0,4,0,0,2,17,1,0,4,1,0,0,0.20999999344348907
1jbydu5,0.046,0.101,0.076,0.821,0.103,0.853,410,15.817742638202084,5,23,0,5,0,0,0,0,0,0,0,0,0,0,1,1,0,0,0,0,0,3,11,0,6,19,19,0,0,0,3,0,2,0,0,1,0,0,0,3,0,0,18,27,2,5,8,2,3,0,0.41999998688697815
1jbykdj,0.035,0.255,0.051,0.821,0.128,0.872,139,11.645159339076184,3,6,0,7,0,0,0,0,0,0,0,0,0,0,0,1,0,0,0,0,0,4,3,1,0,4,6,0,2,1,2,0,0,0,0,0,0,0,0,0,0,0,19,12,0,2,4,1,1,0,0.1899999976158142
1jbyxpc,0.065,0.154,0.109,0.747,0.143,0.9069,399,12.94502277883236,5,18,0,8,0,1,0,0,0,0,0,0,0,0,1,6,0,0,0,0,0,2,15,3,8,24,16,0,0,0,0,0,1,0,0,0,0,0,3,4,0,0,8,30,6,0,5,1,1,7,0.6399999856948853
1jbz0io,0.021,0.169,0.196,0.781,0.023,-0.9767,156,16.404322709996244,0,7,0,3,0,0,0,0,0,0,0,0,0,0,0,1,0,0,0,0,0,0,7,0,10,1,15,0,0,0,0,0,0,0,0,0,0,0,1,1,0,0,13,16,2,0,0,1,0,0,0.5
1jbz2av,0.022,0.067,0.06,0.831,0.109,0.8708,300,12.251624239485473,1,16,0,6,0,0,0,0,0,0,0,0,0,0,0,4,0,0,0,0,0,2,16,0,19,12,7,0,0,1,1,0,0,0,0,1,0,0,1,3,0,0,22,30,3,0,4,1,0,0,0.47999998927116394
1jbz2d5,0.091,0.158,0.415,0.585,0.0,-0.5676,11,11.20814326018867,0,1,0,1,0,0,0,0,0,0,0,0,0,0,0,0,0,0,0,0,0,0,0,0,0,1,0,0,0,0,0,0,0,0,0,0,0,0,0,0,0,0,0,2,0,0,0,0,0,1,1.0
1jbz2rp,0.016,0.2,0.213,0.787,0.0,-0.8126,34,15.903189008614273,0,2,0,1,0,0,0,0,0,0,0,0,0,0,0,0,0,0,0,0,0,0,0,0,2,0,3,0,0,0,0,0,0,0,0,0,0,0,0,0,0,0,4,5,0,0,0,0,0,0,0.5
1jbz3or,0.063,0.573,0.207,0.793,0.0,-0.5267,14,8.841846274778883,0,1,0,1,0,0,0,0,0,0,0,0,0,0,0,0,0,0,0,0,0,0,0,1,1,0,1,0,0,0,0,0,0,0,0,0,0,0,0,0,0,0,0,1,0,0,1,0,0,1,1.0
1jbzgp7,0.337,0.241,0.067,0.765,0.168,0.9702,214,10.25414643259724,0,18,1,5,0,2,0,0,0,0,0,0,0,0,0,0,0,0,0,0,0,1,10,2,7,10,5,0,0,1,0,0,0,0,0,0,0,0,0,3,0,0,7,20,2,0,0,0,0,0,0.46000000834465027
1jbzi38,0.05,0.272,0.0,1.0,0.0,0.0,12,13.023866798666859,0,0,0,0,0,0,0,0,0,0,0,0,0,0,0,0,0,0,0,0,0,0,0,0,0,0,2,0,0,0,0,0,0,0,0,0,0,0,0,0,0,0,1,1,0,0,0,0,0,1,1.0
1jc027o,0.035,0.059,0.067,0.807,0.126,0.9945,819,11.295486806799005,8,69,1,18,0,0,0,0,0,0,1,0,0,0,10,13,0,1,0,0,0,11,15,1,51,51,26,0,1,0,6,1,2,1,0,6,0,0,4,8,0,0,51,38,8,6,21,9,2,432,0.8399999737739563
1jc0dnk,0.198,0.199,0.059,0.861,0.08,0.8179,606,14.253075177516354,2,23,1,16,0,1,0,0,0,0,0,0,0,0,3,0,0,0,0,0,0,8,11,0,24,23,18,0,0,0,3,0,0,0,0,0,0,0,0,2,0,0,42,33,2,5,26,1,0,4,1.0
1jc0x3f,0.066,0.153,0.0,1.0,0.0,0.0,5,8.841846274778883,0,0,0,0,0,0,0,0,0,0,0,0,0,0,0,0,0,0,0,0,0,0,0,0,0,0,0,0,0,0,0,0,0,0,0,0,0,0,0,0,0,0,0,0,0,0,0,0,0,1,1.0
1jc0yhu,0.021,0.051,0.08,0.767,0.153,0.2732,25,15.903189008614273,0,1,0,0,0,0,0,0,0,0,0,0,0,0,0,0,0,0,0,0,0,0,0,0,0,0,1,0,0,0,0,0,0,0,0,0,0,0,0,0,0,0,0,5,0,0,0,0,0,1,1.0
1jc13xf,0.021,0.051,0.08,0.767,0.153,0.2732,25,15.903189008614273,0,1,0,0,0,0,0,0,0,0,0,0,0,0,0,0,0,0,0,0,0,0,0,0,0,0,1,0,0,0,0,0,0,0,0,0,0,0,0,0,0,0,0,5,0,0,0,0,0,1,1.0
1jc1bli,0.06,0.112,0.114,0.767,0.119,0.1796,134,14.06817628641468,0,6,0,1,0,0,0,0,0,0,0,0,0,0,0,0,0,0,0,0,0,0,3,0,4,6,5,0,0,0,3,0,0,0,0,0,0,0,0,0,0,0,13,9,1,1,3,1,0,493,0.8500000238418579
1jc1eo7,0.04,0.114,0.124,0.762,0.114,-0.7063,393,15.381575749822971,8,27,0,4,0,0,0,1,0,0,0,0,0,0,1,5,0,0,0,0,0,1,3,3,17,13,18,0,0,0,2,0,0,0,0,2,0,0,0,2,0,0,10,28,3,3,9,1,1,30,0.6899999976158142
1jc1l78,0.025,0.202,0.104,0.722,0.173,0.228,23,14.554592549557764,0,2,0,0,0,0,0,0,0,0,0,0,0,0,0,0,0,0,0,0,0,1,1,0,0,0,1,0,0,0,0,0,0,0,0,0,0,0,1,0,0,0,1,1,0,0,0,1,0,1,1.0
1jc1oyi,0.137,0.254,0.183,0.714,0.103,-0.9853,278,11.20814326018867,5,17,1,9,0,0,0,0,0,0,0,0,0,0,0,3,1,0,0,0,0,0,6,0,2,7,15,0,0,0,0,0,0,0,0,0,0,0,1,3,0,0,4,21,1,3,6,2,0,59,0.6600000262260437
1jc1rou,0.032,0.038,0.043,0.877,0.08,0.6908,140,14.314028922438442,4,5,0,0,0,0,0,0,0,0,0,0,0,0,0,0,0,0,1,0,0,0,3,2,3,4,2,0,0,0,0,0,0,0,0,0,0,0,0,0,0,0,4,12,2,0,4,2,1,0,0.4099999964237213
1jc290m,0.017,0.022,0.0,0.549,0.451,0.91,17,8.841846274778883,0,0,0,1,0,0,0,0,0,0,0,0,0,0,0,0,0,0,0,0,0,0,0,0,0,3,0,0,0,0,0,0,0,0,0,0,0,0,0,1,0,0,0,5,0,1,0,0,0,1,0.9900000095367432
1jc2agn,0.039,0.016,0.0,1.0,0.0,0.0,15,11.20814326018867,1,0,0,0,0,0,0,0,0,0,0,0,0,0,0,0,0,0,0,0,0,0,0,0,0,0,0,0,0,0,0,0,0,0,0,0,0,0,0,0,0,0,2,2,0,0,1,0,0,1,1.0
1jc2gk8,0.014,0.06,0.139,0.716,0.145,0.4681,284,12.68835289967788,6,21,0,11,0,1,0,0,0,0,0,0,1,0,3,3,0,0,1,0,0,0,16,2,7,10,18,0,0,4,1,0,0,0,0,0,0,0,0,2,0,0,1,23,3,3,7,2,2,4,0.6200000047683716
1jc2zy5,0.04,0.255,0.164,0.769,0.067,-0.4404,17,3.1291,1,3,0,0,0,0,0,0,0,0,0,0,0,0,0,0,0,0,0,0,0,0,2,0,0,0,1,0,0,0,0,0,0,0,0,0,0,0,0,0,0,0,0,0,0,0,1,0,0,1,1.0
1jc31bt,0.028,0.043,0.03,0.852,0.118,0.9244,170,11.20814326018867,0,6,0,3,0,0,0,0,0,0,0,0,0,0,0,1,0,0,0,0,0,0,0,0,3,7,1,0,0,0,0,0,0,0,0,0,0,0,1,0,0,0,27,13,3,0,0,1,0,926,0.8199999928474426
1jc345n,0.16,0.051,0.052,0.833,0.115,0.765,96,9.2995712137729,1,3,0,0,0,0,0,0,0,0,0,0,0,0,0,0,0,0,0,0,0,1,0,3,0,3,3,0,0,0,0,0,1,0,0,0,0,0,0,0,0,0,6,12,0,0,3,0,0,0,0.46000000834465027
1jc34hx,0.031,0.113,0.059,0.805,0.136,0.9397,171,12.261556223090622,1,11,0,6,0,0,0,0,0,0,0,0,1,0,1,1,0,0,0,0,1,0,13,0,6,6,10,0,0,0,2,0,0,0,0,1,0,0,1,0,0,0,1,17,2,2,1,1,0,0,0.4300000071525574
1jc37jx,0.036,0.028,0.011,0.813,0.176,0.965,120,13.348371206891418,4,4,0,0,0,0,0,0,0,0,0,0,0,0,0,0,0,0,0,0,0,0,0,0,4,8,1,0,0,0,0,0,0,0,0,0,0,0,0,0,0,0,4,15,1,0,6,0,0,0,0.47999998927116394
1jc3dp2,0.028,0.303,0.119,0.814,0.067,-0.9297,236,11.538034831475386,3,12,0,5,0,1,0,0,0,0,0,0,0,0,0,1,0,0,1,0,0,0,3,2,3,9,15,0,0,0,0,1,0,0,0,2,0,0,1,3,0,0,7,22,3,0,3,0,1,1,0.5099999904632568
1jc408t,0.077,0.363,0.193,0.715,0.092,-0.9983,658,14.678114977759865,5,23,3,11,0,1,1,0,0,0,0,0,0,0,3,4,0,0,0,0,0,0,6,24,12,23,36,0,0,0,1,1,3,0,0,4,0,0,1,3,0,0,11,28,7,2,3,0,0,0,0.3799999952316284
1jc48wf,0.065,0.31,0.138,0.76,0.102,-0.5184,100,11.979248473330827,0,11,0,4,0,0,0,0,0,0,0,0,0,0,0,1,0,0,0,0,0,0,10,0,0,3,4,0,0,0,0,0,0,0,0,2,0,0,0,5,0,0,0,14,2,2,1,1,1,0,0.30000001192092896
1jc4bzw,0.145,0.16,0.098,0.835,0.068,-0.9154,352,14.244340213328723,0,12,0,7,0,0,0,0,0,0,0,0,0,0,7,1,0,0,0,0,0,9,1,3,7,9,9,0,0,0,0,0,0,0,0,0,0,0,1,1,0,0,13,24,2,1,4,0,0,480,0.6399999856948853
1jc4i2t,0.02,0.036,0.0,0.889,0.111,0.3612,21,8.841846274778883,1,1,0,1,0,0,0,0,0,0,0,0,0,0,0,0,0,0,0,0,0,0,0,0,3,0,1,0,0,0,0,0,0,0,0,0,0,0,0,0,0,0,0,6,1,0,1,0,0,1,1.0
1jc4odk,0.07,0.108,0.103,0.845,0.052,-0.9386,370,11.741389052700956,5,18,0,10,0,0,0,0,0,0,0,0,0,0,0,6,0,0,0,0,0,18,2,0,8,13,9,0,0,0,1,1,0,0,0,0,0,0,0,1,0,0,37,24,4,2,8,1,1,157,0.6499999761581421
1jc4xl9,0.042,0.201,0.245,0.755,0.0,-0.3818,9,11.20814326018867,0,0,0,0,0,0,0,0,0,0,0,0,0,0,0,0,0,0,0,0,0,0,1,0,0,0,1,0,0,0,0,0,0,0,0,0,0,0,0,0,0,0,0,1,1,0,0,0,0,1,1.0
1jc54dq,0.021,0.032,0.032,0.878,0.09,0.9097,181,16.439396014739867,4,5,0,2,0,1,0,0,0,0,0,0,0,0,0,0,0,0,0,0,0,0,2,1,5,9,1,0,0,0,2,0,0,0,0,0,0,0,0,0,0,0,0,15,2,2,6,2,0,0,0.5
1jc5ole,0.061,0.2,0.216,0.784,0.0,-0.5106,13,8.841846274778883,0,0,0,0,0,0,0,0,0,0,0,0,0,0,0,0,0,0,0,0,0,0,0,0,0,0,1,0,0,0,0,0,0,0,0,0,0,0,0,0,0,0,1,0,0,0,0,0,0,1,1.0
1jc5zgz,0.11,0.485,0.0,1.0,0.0,0.0,5,8.841846274778883,0,0,0,0,0,0,0,0,0,0,0,0,0,0,0,0,0,0,0,0,0,0,0,0,0,0,1,0,0,0,0,0,0,0,0,0,0,0,0,0,0,0,0,0,0,0,0,0,0,0,0.5
1jc6112,0.014,0.03,0.0,0.828,0.172,0.3612,13,11.20814326018867,0,1,0,0,0,0,0,0,0,0,0,0,0,0,0,0,0,0,0,0,0,0,1,0,0,0,0,1,0,0,0,0,0,0,0,0,0,0,1,0,0,0,1,4,1,0,0,0,0,1,1.0
1jc6ppd,0.014,0.015,0.0,1.0,0.0,0.0,6,3.1291,0,0,0,0,0,0,0,0,0,0,0,0,0,0,0,0,0,0,0,0,0,0,0,0,0,0,0,0,0,0,0,1,0,0,0,0,0,0,0,0,0,0,1,1,0,0,0,0,0,1,1.0
1jc7dd7,0.216,0.52,0.0,0.656,0.344,0.8126,19,11.20814326018867,0,0,0,2,0,0,0,0,0,0,0,0,0,0,2,0,0,0,0,0,0,0,0,2,0,0,3,0,0,0,0,0,0,0,0,0,0,0,0,0,0,0,0,5,1,0,0,0,0,1,1.0
1jc88fp,0.046,0.378,0.074,0.876,0.05,-0.7612,347,14.348710955821954,3,20,0,16,0,0,0,0,0,0,0,0,0,0,2,7,0,0,0,0,0,0,0,23,1,1,7,0,0,0,0,0,0,0,0,0,0,0,1,5,0,0,4,22,3,9,2,0,0,119,0.9100000262260437
1jc88zr,0.036,0.261,0.139,0.793,0.068,-0.9935,642,14.646365048332804,4,27,0,10,0,0,1,0,0,0,0,0,0,0,7,4,0,0,0,0,0,1,5,2,35,39,41,0,0,0,0,6,0,0,0,2,0,0,0,3,0,0,43,30,2,11,4,2,0,0,0.18000000715255737
1jc8kye,0.02,0.202,0.22,0.78,0.0,-0.5848,19,11.20814326018867,0,4,0,1,0,0,0,0,0,0,0,0,0,0,1,0,0,0,0,0,0,0,0,0,1,0,2,0,0,0,0,0,0,0,0,0,0,0,0,1,0,0,0,6,1,0,0,0,0,1,1.0
1jc8mlj,0.025,0.035,0.0,1.0,0.0,0.0,9,8.841846274778883,0,0,0,1,0,0,0,0,0,0,0,0,0,0,0,1,0,0,0,0,0,0,0,0,0,0,1,0,0,0,0,0,0,0,0,0,0,0,0,0,0,0,2,1,0,0,0,0,0,1,1.0
1jc8rwo,0.061,0.338,0.113,0.765,0.121,0.5622,266,18.7741,3,10,0,4,0,0,0,0,0,0,0,0,0,0,1,3,0,0,0,0,0,0,6,1,10,12,15,0,0,0,1,0,0,0,0,0,0,0,4,0,0,0,8,24,5,1,4,0,1,2,0.6700000166893005
1jc8u8x,0.024,0.065,0.05,0.855,0.095,0.819,264,11.979248473330827,2,10,0,6,0,0,0,0,0,0,0,0,0,0,1,3,1,0,0,0,0,0,0,0,7,14,11,0,0,0,0,0,0,0,0,0,0,0,0,0,0,0,34,23,2,1,5,0,0,0,0.23000000417232513
1jc91y1,0.07,0.232,0.104,0.802,0.094,-0.3476,205,9.3871,2,8,1,11,0,0,0,0,0,0,0,0,0,0,0,0,0,0,0,0,0,0,4,0,7,19,15,0,1,0,4,0,0,0,0,0,0,0,0,1,0,0,23,14,2,3,10,4,0,0,0.3400000035762787
1jc97lw,0.09,0.458,0.0,1.0,0.0,0.0,9,8.841846274778883,1,0,0,0,0,0,0,0,0,0,0,0,0,0,0,0,0,0,0,0,0,0,0,0,0,0,0,0,0,0,0,0,0,0,0,0,0,0,0,0,0,0,0,0,0,0,1,0,0,1,1.0
1jc9jab,0.058,0.08,0.161,0.839,0.0,-0.3182,13,17.122413403193683,0,0,0,0,0,0,0,0,0,0,0,0,0,0,0,0,0,0,0,0,0,0,0,0,0,0,3,0,0,0,0,0,0,0,0,0,0,0,0,0,0,0,1,1,0,0,0,0,0,1,1.0
1jc9t32,0.046,0.185,0.0,1.0,0.0,0.0,13,14.554592549557764,0,0,0,1,0,0,0,0,0,0,0,0,0,0,0,0,0,0,0,0,0,0,0,0,0,0,0,0,0,0,0,0,0,0,0,0,0,0,0,0,0,0,1,0,0,0,0,0,0,1,1.0
1jca2go,0.037,0.11,0.022,0.9,0.078,0.9704,391,9.103633062298677,2,33,0,12,0,0,0,0,3,0,0,0,0,0,13,6,0,0,0,2,8,1,8,11,10,11,4,0,0,0,0,1,3,0,0,6,0,0,0,4,0,0,1,26,2,5,8,1,1,0,0.23000000417232513
1jcayfh,0.028,0.045,0.076,0.834,0.091,0.7404,255,15.668782140382117,4,19,0,9,0,0,0,0,0,0,0,0,0,0,2,1,0,0,0,0,0,1,4,1,8,17,12,0,0,1,0,0,0,0,0,0,0,0,0,0,0,0,19,23,1,1,3,0,1,3107,0.8100000023841858
1jcc2ny,0.032,0.427,0.164,0.75,0.086,-0.9892,392,10.864195022040775,3,19,0,5,0,0,0,0,0,0,0,0,0,0,1,3,0,0,0,0,0,4,4,1,3,11,7,0,0,0,1,2,1,0,0,3,0,0,1,1,0,0,29,22,4,5,2,1,0,1,1.0
1jcc3tv,0.031,0.427,0.168,0.75,0.083,-0.99,389,11.072351349416056,3,20,0,5,0,0,0,0,0,0,0,0,0,0,1,3,0,0,0,0,0,3,4,1,3,12,6,0,0,0,1,2,1,0,0,3,0,0,1,1,0,0,29,22,4,5,1,1,0,32,0.5400000214576721
1jcc9pv,0.074,0.051,0.062,0.75,0.188,0.9921,288,17.58133193835471,5,19,0,4,0,0,0,0,0,0,0,0,0,0,0,2,0,0,0,0,0,3,1,0,1,22,11,0,0,0,0,0,0,0,0,0,0,0,0,0,0,0,6,24,1,4,10,0,0,0,0.36000001430511475
1jcceja,0.018,0.018,0.0,0.581,0.419,0.802,12,3.1291,0,0,0,0,0,0,0,0,0,0,0,0,0,0,0,0,0,0,0,0,0,0,0,0,0,1,0,0,0,0,0,0,0,0,0,0,0,0,0,1,0,0,1,1,0,0,0,0,0,1,1.0
1jccen5,0.049,0.111,0.059,0.88,0.061,0.1027,164,12.563389971838223,4,2,0,1,0,0,0,0,0,0,0,0,0,0,0,0,0,0,0,0,0,1,0,0,2,4,2,0,0,0,0,0,0,0,0,0,0,0,1,0,0,0,34,12,1,0,0,0,0,0,0.5
1jccgnj,0.036,0.038,0.068,0.842,0.09,0.2023,33,15.903189008614273,0,0,0,0,0,0,0,0,0,0,0,0,0,0,0,0,0,0,0,0,0,0,0,0,0,1,1,0,0,0,0,0,0,0,0,0,0,0,0,0,0,0,3,4,0,0,1,0,0,1,1.0
1jccgvh,0.034,0.202,0.125,0.791,0.084,-0.8302,123,9.957137785484202,3,7,0,7,0,0,0,0,0,0,0,0,0,0,1,1,0,0,0,0,0,0,1,8,2,1,4,0,1,0,1,0,1,0,0,1,0,0,1,1,0,0,1,15,1,1,3,0,1,0,0.23999999463558197
1jcch6z,0.043,0.046,0.185,0.663,0.152,-0.887,167,13.5591,3,6,0,4,0,0,0,0,0,0,0,0,0,0,0,2,0,0,0,0,0,0,0,0,4,5,5,0,0,0,0,1,0,0,0,0,0,0,0,3,0,0,10,17,0,6,1,0,1,0,0.36000001430511475
1jccnk8,0.03,0.058,0.044,0.88,0.076,0.8442,262,13.216016132239005,4,3,0,1,0,0,0,0,0,0,0,0,0,0,0,0,0,0,0,0,0,1,0,0,2,3,2,0,0,0,0,0,0,0,0,0,0,0,1,1,0,0,55,15,1,0,0,0,0,0,0.41999998688697815
1jcdjr8,0.028,0.102,0.046,0.909,0.045,0.2042,159,12.28987398476788,2,7,0,7,0,1,0,0,0,0,0,0,0,0,0,0,0,0,1,0,0,0,3,1,7,0,2,0,1,0,1,0,0,0,0,0,0,0,2,2,0,0,11,16,3,1,3,1,0,0,0.4000000059604645
1jce0ws,0.024,0.02,0.0,0.659,0.341,0.4767,7,13.023866798666859,0,0,0,0,0,0,0,0,0,0,0,0,0,0,0,0,0,0,0,0,0,0,0,0,0,1,0,0,0,0,0,0,0,0,0,0,0,0,0,0,0,0,0,2,0,0,0,0,0,1,1.0
1jcet92,0.597,0.202,0.0,1.0,0.0,0.0,9,8.841846274778883,0,0,0,0,0,0,0,0,0,0,0,0,0,0,0,0,0,0,0,0,0,0,0,0,0,0,0,0,0,0,0,0,0,0,0,0,0,0,0,0,0,0,0,1,0,0,0,0,0,1,1.0
1jcevso,0.025,0.201,0.0,1.0,0.0,0.0,12,8.841846274778883,0,0,0,0,0,0,0,0,0,0,0,0,0,0,0,0,0,0,0,0,0,0,0,0,0,1,0,0,0,0,0,0,0,0,0,0,0,0,0,0,0,0,1,2,0,0,0,0,0,1,1.0
1jcex3z,0.037,0.106,0.046,0.827,0.127,0.9324,165,12.28987398476788,1,8,0,3,0,0,0,0,0,0,0,0,0,0,0,0,0,0,0,0,0,0,8,1,4,3,6,0,0,0,1,0,0,0,0,0,1,0,1,1,0,0,5,15,3,1,2,1,1,0,0.1899999976158142
1jcezkq,0.091,0.427,0.341,0.659,0.0,-0.4767,7,3.1291,0,0,0,0,0,0,0,0,0,0,0,0,0,0,0,0,0,0,0,0,0,0,0,1,0,0,1,0,0,0,0,0,0,0,0,0,0,0,0,0,0,0,0,0,0,0,0,0,0,1,1.0
1jcf160,0.034,0.255,0.131,0.76,0.109,-0.7177,152,14.790194502661404,0,4,0,4,0,0,0,0,0,0,0,0,0,0,1,1,0,0,0,0,1,0,5,2,7,1,4,0,0,0,2,0,0,0,0,0,0,0,0,0,0,0,0,13,0,1,1,0,1,0,0.28999999165534973
1jcf1ck,0.02,0.032,0.0,0.787,0.213,0.4019,11,8.841846274778883,0,2,0,0,0,0,0,0,0,0,0,0,0,0,0,0,0,0,0,0,0,0,2,0,0,0,0,0,0,0,0,0,0,0,0,1,0,0,0,0,0,0,0,1,0,0,1,0,0,1,1.0
1jcf6e8,0.037,0.071,0.067,0.815,0.118,0.9438,395,15.688483145680365,0,25,0,5,0,0,0,0,0,0,0,0,0,0,1,4,0,0,0,0,0,5,9,0,6,18,5,0,0,0,3,0,0,0,0,0,0,0,0,1,0,0,25,38,3,3,3,3,2,0,0.4300000071525574
1jcfgnm,0.056,0.045,0.06,0.834,0.107,0.9359,292,12.66393586644259,4,15,2,10,0,1,0,0,0,0,0,0,0,0,2,1,0,0,0,0,1,4,27,0,1,8,5,0,0,0,1,0,1,0,0,2,0,0,0,1,0,0,12,19,1,0,8,1,2,0,0.15000000596046448
1jcfo1p,0.087,0.031,0.0,0.625,0.375,0.6369,8,8.841846274778883,0,0,0,0,0,0,0,0,0,0,0,0,0,0,0,0,0,0,0,0,0,0,0,0,0,1,1,0,0,0,0,0,0,0,0,0,0,0,0,0,0,0,1,1,0,0,0,0,0,1,1.0
1jcg2nr,0.068,0.196,0.118,0.746,0.136,0.2924,141,12.745084868956482,3,6,0,4,0,0,0,0,0,0,0,0,0,0,0,2,0,0,0,0,0,0,1,0,3,8,5,0,0,0,1,0,0,0,0,0,0,0,0,1,0,0,7,18,3,1,3,0,1,0,0.47999998927116394
1jcgaw7,0.016,0.046,0.0,1.0,0.0,0.0,15,3.1291,0,0,0,1,0,0,0,0,0,0,0,0,0,0,0,0,0,0,0,0,0,0,1,0,0,0,0,0,0,0,0,0,0,0,0,0,0,0,0,0,0,0,0,0,0,0,0,0,0,1,1.0
1jchkvh,0.162,0.196,0.178,0.742,0.08,-0.9945,435,13.707050652182112,4,22,0,12,0,1,0,0,0,0,0,0,1,0,3,5,0,0,0,0,1,7,10,7,13,16,27,0,0,1,0,0,0,0,0,0,0,0,1,4,0,0,33,29,4,4,0,2,3,3201,0.8899999856948853
1jchlp3,0.117,0.446,0.13,0.752,0.118,-0.5399,109,11.698219412168324,1,9,0,4,0,0,0,0,0,0,0,0,0,0,0,1,1,0,0,0,0,0,2,0,1,6,7,0,0,0,0,0,0,0,0,2,0,0,1,2,0,0,5,11,1,1,3,0,0,0,0.3100000023841858
1jchnwa,0.501,0.378,0.0,1.0,0.0,0.0,9,8.841846274778883,0,0,0,0,0,0,0,0,0,0,0,0,0,0,0,0,0,0,0,0,0,0,1,0,0,0,1,0,0,0,1,0,0,0,0,0,0,0,0,0,0,0,1,0,1,0,0,1,0,1,1.0
1jchpr1,0.113,0.285,0.0,0.862,0.138,0.9545,114,21.19438992294339,0,9,0,0,0,0,0,0,0,0,0,0,0,0,0,2,0,0,0,0,0,1,2,0,3,5,4,0,0,0,1,0,0,0,0,0,0,0,0,1,0,0,3,12,0,1,1,0,0,0,0.2800000011920929
1jcik4t,0.035,0.029,0.0,1.0,0.0,0.0,11,13.023866798666859,0,0,0,0,0,0,0,0,0,0,0,0,0,0,0,0,0,0,0,0,0,0,0,0,0,0,0,0,0,0,0,0,0,0,0,0,0,0,0,0,0,0,0,2,0,1,0,0,0,1,1.0
1jcipnv,0.061,0.032,0.391,0.609,0.0,-0.5423,9,8.841846274778883,0,0,0,1,0,0,0,0,0,0,0,0,0,0,0,0,0,0,0,0,0,0,0,0,0,1,0,0,0,0,0,0,0,0,0,0,0,0,0,0,0,0,1,0,0,0,0,0,0,1,1.0
1jcka7i,0.057,0.446,0.237,0.539,0.224,-0.8556,178,12.745084868956482,2,8,0,3,0,2,0,0,0,0,0,0,0,0,1,1,0,0,0,0,0,0,8,1,8,13,9,0,0,1,1,0,0,0,0,0,0,0,0,0,0,0,1,21,3,0,3,0,0,0,0.20000000298023224
1jckcgn,0.045,0.016,0.0,0.743,0.257,0.5859,12,11.20814326018867,0,0,0,0,0,0,0,0,0,0,0,0,0,0,0,0,0,0,0,0,0,1,0,0,0,2,0,0,0,0,0,0,0,0,0,0,0,0,0,0,0,0,1,5,0,0,1,0,0,1,1.0
1jckgz5,0.082,0.096,0.0,1.0,0.0,0.0,7,3.1291,0,0,0,0,0,0,0,0,0,0,0,0,0,0,0,0,0,0,0,0,0,0,0,0,0,0,0,0,0,0,0,0,0,0,0,0,0,0,0,1,0,0,1,2,0,0,0,0,0,1,1.0
1jcl82p,0.032,0.11,0.176,0.66,0.164,-0.9433,291,11.855464076750408,10,23,0,7,0,1,0,0,0,0,0,0,0,0,1,7,0,0,0,0,0,0,6,1,22,7,22,0,0,1,1,0,1,0,0,1,0,0,1,0,0,0,6,26,4,0,11,2,0,0,0.28999999165534973
1jclf7h,0.063,0.102,0.193,0.772,0.036,-0.9964,332,12.80148409080202,3,13,0,10,0,1,0,0,0,0,0,0,0,0,4,7,0,0,0,0,0,2,2,0,11,7,19,0,0,0,1,0,0,0,0,0,0,0,2,1,0,0,46,30,4,2,10,2,0,0,0.28999999165534973
1jcm0k2,0.035,0.112,0.149,0.747,0.103,-0.1734,13,14.554592549557764,1,1,0,1,0,0,0,0,0,0,0,0,0,0,0,0,0,0,0,0,0,0,0,0,0,0,0,0,0,0,0,0,0,0,0,0,0,0,0,0,0,0,0,0,1,0,1,0,0,1,1.0
1jcmlch,0.028,0.278,0.108,0.765,0.127,0.9184,546,26.769794231557583,0,15,0,10,0,1,0,0,0,0,0,0,0,0,0,7,0,0,3,0,0,0,2,4,2,25,27,0,0,0,1,0,0,0,0,0,0,0,1,0,0,0,72,29,5,3,6,0,0,0,0.3799999952316284
1jcmy0r,0.053,0.024,0.087,0.854,0.06,-0.6229,208,11.886574207783884,0,6,0,0,0,0,0,0,0,0,0,0,0,0,0,1,0,0,0,0,0,0,0,0,0,3,8,0,0,0,0,0,0,0,0,0,0,0,0,2,0,0,38,13,1,0,4,0,0,0,0.4699999988079071
1jcn1dd,0.091,0.369,0.041,0.805,0.154,0.996,475,14.554592549557764,13,21,0,16,0,0,0,0,0,0,0,0,0,0,2,6,0,1,0,0,0,3,28,1,6,15,4,0,0,1,5,1,0,0,0,0,0,0,0,3,0,0,8,33,4,5,6,3,3,0,0.3100000023841858
1jcnj5h,0.526,0.231,0.273,0.683,0.044,-0.7717,20,8.841846274778883,1,1,0,1,0,0,0,0,0,0,0,0,0,0,0,0,0,0,0,0,0,0,0,0,0,0,1,0,0,0,0,0,0,0,0,0,0,0,0,0,0,0,0,1,0,0,2,0,0,1,1.0
1jcnv5o,0.092,0.049,0.0,0.787,0.213,0.5859,15,13.023866798666859,0,1,0,0,0,0,0,0,0,0,0,0,0,0,0,0,0,0,0,0,0,0,0,0,0,1,1,0,0,0,0,0,0,0,0,0,0,0,1,0,0,0,1,3,1,0,0,0,0,1,1.0
1jcp3yl,0.03,0.024,0.091,0.795,0.114,0.6149,114,13.227904075235838,0,7,0,1,0,0,0,0,0,0,0,0,0,0,0,0,0,0,0,0,0,0,0,0,0,4,6,0,0,0,0,0,0,0,0,1,0,0,0,0,0,0,5,11,0,1,1,1,0,428,0.8100000023841858
1jcq0m2,0.087,0.2,0.073,0.842,0.085,0.8131,672,14.123285331852063,4,26,1,20,0,1,0,0,0,0,0,0,0,0,3,1,0,0,0,0,0,9,10,0,25,23,19,0,0,0,3,0,0,0,0,0,0,0,0,4,0,0,40,37,3,6,33,1,0,0,0.3499999940395355
1jcq7oe,0.374,0.198,0.0,1.0,0.0,0.0,19,17.122413403193683,0,0,0,0,0,0,0,0,0,0,0,0,0,0,0,0,0,0,0,0,0,0,0,0,0,0,1,0,0,0,0,0,0,0,0,0,0,0,0,0,0,0,4,1,0,0,0,0,0,0,0.5
1jcqju8,0.197,0.168,0.08,0.805,0.115,0.7988,201,14.232682905230785,2,8,0,5,0,0,0,0,0,0,0,0,0,0,0,2,0,0,0,0,0,0,3,0,4,3,10,0,0,1,1,0,1,0,0,1,0,0,3,1,0,0,18,28,3,1,0,0,1,0,0.36000001430511475
1jcqlwc,0.02,0.097,0.0,1.0,0.0,0.0,22,13.023866798666859,0,0,0,1,0,0,0,0,0,0,0,0,0,0,0,0,0,0,0,0,0,0,0,0,4,0,1,0,0,0,0,0,0,0,0,0,0,0,0,0,0,0,1,2,0,0,0,0,0,1,1.0
1jcr2bj,0.022,0.052,0.462,0.367,0.171,-0.6083,8,8.841846274778883,0,0,0,1,0,0,0,0,0,0,0,0,0,0,0,0,0,0,0,0,0,0,0,0,0,2,0,0,0,0,0,0,0,0,0,0,0,0,0,0,0,0,0,2,0,0,0,0,0,1,1.0
1jcr48e,0.041,0.059,0.0,0.72,0.28,0.765,19,8.841846274778883,0,1,0,1,0,0,0,0,0,0,0,0,0,0,0,0,0,0,0,0,0,0,1,3,0,2,0,0,0,0,0,0,0,0,0,0,0,0,0,0,0,0,1,3,0,0,0,0,0,1,0.9900000095367432
1jcr66l,0.054,0.204,0.165,0.762,0.073,-0.983,233,13.241360182570464,2,12,1,3,0,0,0,0,0,0,0,0,0,0,0,4,0,0,0,0,0,2,0,0,7,9,12,0,1,0,0,0,0,0,0,0,0,0,0,0,0,0,22,16,0,3,2,0,0,0,0.4300000071525574
1jcrba3,0.036,0.029,0.07,0.752,0.178,0.9956,387,10.460712293590639,8,23,1,9,0,1,0,0,0,0,0,0,0,0,3,8,0,0,0,0,0,0,17,1,3,18,4,0,0,1,2,1,1,0,0,0,0,0,2,2,0,0,21,26,1,5,14,0,0,0,0.28999999165534973
1jcrcs5,0.016,0.067,0.132,0.598,0.27,0.9844,217,15.414825405933506,5,10,0,5,0,1,0,0,0,0,0,0,0,0,1,5,0,0,0,0,0,0,5,0,13,13,16,0,1,2,2,0,0,0,0,1,0,0,3,2,0,0,1,23,3,0,5,2,1,435,0.6499999761581421
1jcrptx,0.045,0.05,0.091,0.83,0.079,-0.6591,246,13.25671669890799,5,11,0,4,0,0,0,0,0,0,0,0,0,0,0,1,0,0,0,1,0,0,8,13,5,2,7,0,0,0,3,0,0,0,0,0,0,0,0,1,0,0,0,17,4,5,3,0,1,0,0.07999999821186066
1jcrqd9,0.197,0.306,0.058,0.881,0.061,0.1581,167,13.5591,5,8,1,6,0,0,0,0,0,0,0,0,0,0,0,1,0,0,0,0,0,1,8,1,2,1,3,0,0,2,0,0,0,0,0,0,0,0,0,2,0,0,8,17,0,1,1,2,1,0,0.03999999910593033
1jcrrlj,0.02,0.041,0.022,0.928,0.05,0.6098,168,11.93303328291395,2,10,0,6,0,0,0,0,0,0,0,0,0,0,1,2,0,0,0,0,0,0,10,3,3,3,0,0,0,1,0,0,0,1,0,0,0,0,1,1,0,0,2,20,2,0,3,2,0,0,0.41999998688697815
1jcs5kj,0.022,0.082,0.064,0.782,0.153,0.9989,1185,10.521355281004226,7,111,0,18,0,0,0,0,0,0,0,0,0,0,15,14,2,2,4,1,1,4,39,66,35,35,25,0,0,0,3,1,6,0,0,3,0,0,5,6,0,0,4,38,6,16,22,6,8,0,0.4300000071525574
1jcs6rl,0.026,0.059,0.101,0.827,0.072,-0.8975,445,12.190835680783625,3,12,0,7,0,0,0,0,0,0,0,0,0,0,2,1,0,0,0,0,0,0,1,2,15,16,22,0,0,0,1,0,2,0,0,3,0,0,0,2,0,0,49,22,2,6,7,2,0,217,0.7599999904632568
1jcs983,0.022,0.032,0.0,0.778,0.222,0.431,11,3.1291,0,1,0,1,0,0,0,0,0,0,0,0,0,0,0,0,0,0,0,0,0,0,0,0,0,2,0,0,0,0,0,0,0,0,0,0,0,0,0,0,0,0,0,1,0,1,0,0,0,1,1.0
1jcs9xv,0.112,0.095,0.069,0.806,0.125,0.9508,253,12.709666756460706,2,13,0,7,0,0,0,0,0,0,0,0,0,0,1,2,0,1,0,0,0,4,8,0,1,13,9,0,1,1,1,1,2,0,0,2,0,0,0,1,0,0,5,19,5,1,2,1,1,0,0.38999998569488525
1jcsbku,0.038,0.069,0.031,0.841,0.127,0.9759,309,17.563951015724196,4,8,0,0,0,1,0,0,0,0,0,0,0,0,1,1,0,0,0,0,0,1,0,0,7,12,4,0,0,0,0,0,0,0,0,0,0,0,0,1,0,0,40,22,1,5,1,0,0,0,0.36000001430511475
1jcsrvm,0.03,0.118,0.181,0.638,0.181,0.2424,163,12.68835289967788,0,7,0,1,0,0,0,0,0,0,0,0,0,0,0,4,0,0,0,0,0,2,18,0,12,8,16,0,1,0,2,0,0,0,0,0,0,0,4,2,0,0,0,10,2,1,0,1,0,0,0.20000000298023224
1jct2na,0.028,0.094,0.103,0.823,0.074,-0.7885,183,12.650343791298138,2,17,0,5,0,1,0,0,0,0,0,0,0,0,1,2,0,0,0,0,1,0,6,1,2,7,5,1,0,0,2,1,0,0,0,3,0,0,0,1,0,0,2,14,2,1,4,3,1,4,0.6399999856948853
1jct6pq,0.07,0.094,0.094,0.806,0.099,-0.0314,143,16.728156217252725,2,8,0,0,0,0,0,0,0,0,0,0,0,0,0,0,0,0,0,0,0,5,0,0,0,5,4,0,0,0,0,0,0,0,0,0,0,0,0,0,0,0,12,16,0,0,4,0,0,174,0.7200000286102295
1jctbat,0.02,0.02,0.0,0.615,0.385,0.6124,10,3.1291,0,1,0,1,0,0,0,0,0,0,0,0,0,0,0,0,0,0,0,0,1,0,1,0,0,0,0,0,0,0,0,0,0,0,0,0,0,0,0,0,0,0,0,2,0,0,0,1,0,1,1.0
1jctd5t,0.053,0.237,0.017,0.938,0.045,0.7938,338,13.484332010920856,3,14,0,7,0,1,0,0,0,0,0,0,0,0,0,2,0,1,1,0,0,0,2,8,7,14,10,0,1,0,0,0,1,0,0,1,0,0,1,0,0,0,13,25,4,5,8,1,0,0,0.4099999964237213
1jctw74,0.035,0.051,0.17,0.733,0.097,-0.9935,488,12.42361498592204,4,28,3,21,0,4,0,0,0,1,0,0,0,0,3,4,0,0,1,0,0,0,3,3,6,15,29,0,3,0,2,0,0,0,0,0,0,1,1,2,0,0,13,26,5,5,15,1,0,0,0.33000001311302185
1jcu2zj,0.928,0.556,0.341,0.659,0.0,-0.4767,7,8.841846274778883,0,0,0,0,0,0,0,0,0,0,0,0,0,0,0,0,0,0,0,0,0,0,0,0,0,0,1,0,0,0,0,0,0,0,0,0,0,0,0,0,0,0,1,1,0,0,0,0,0,1,1.0
1jcu6xw,0.058,0.058,0.0,1.0,0.0,0.0,11,8.841846274778883,0,0,0,0,0,0,0,0,0,0,0,0,0,0,0,0,0,0,0,0,0,0,1,0,0,0,0,0,0,0,0,0,0,0,0,0,0,0,0,1,0,0,0,1,0,0,1,0,0,1,1.0
1jcuirj,0.021,0.06,0.0,0.637,0.363,0.431,6,3.1291,0,1,0,1,0,0,0,0,0,0,0,0,0,0,0,0,0,0,0,0,0,0,0,0,0,1,0,0,0,0,0,0,0,0,0,0,0,0,0,0,0,0,0,0,0,0,0,0,0,1,1.0
1jcuu3m,0.038,0.162,0.107,0.786,0.106,0.2263,143,17.122413403193683,1,1,0,0,0,0,0,0,0,0,0,0,0,0,0,0,0,0,0,0,0,0,0,0,4,7,3,0,0,0,0,0,0,0,0,0,0,0,0,0,0,0,21,6,0,1,0,0,0,503,0.6499999761581421
1jcvmrr,0.029,0.032,0.066,0.725,0.209,0.982,155,12.38480682065935,1,10,0,3,0,0,0,0,0,0,0,0,0,0,0,2,0,0,1,0,0,4,0,10,0,8,6,0,0,0,0,1,1,0,0,0,0,0,3,1,0,0,2,17,1,5,3,1,0,0,0.2199999988079071
1jcvr98,0.035,0.026,0.184,0.816,0.0,-0.4023,13,11.20814326018867,0,1,0,1,0,0,0,0,0,0,0,0,0,0,1,0,0,0,0,0,0,0,0,0,0,0,1,0,0,0,0,0,0,0,0,0,0,0,0,0,0,0,1,3,0,0,0,0,0,1,1.0
1jcvu2k,0.051,0.026,0.0,1.0,0.0,0.0,12,8.841846274778883,0,0,0,0,0,0,0,0,0,0,0,0,0,0,0,0,0,0,0,0,0,2,0,0,0,0,0,0,0,0,0,0,0,0,0,0,0,0,0,0,0,0,1,1,0,0,0,0,0,1,1.0
1jcw5nl,0.058,0.032,0.047,0.773,0.18,0.9976,502,12.815532586354998,5,22,0,7,0,0,0,0,0,0,0,0,0,0,0,4,0,0,0,0,0,2,5,1,4,30,22,0,0,0,1,0,7,0,0,9,0,0,1,2,0,0,14,23,2,6,20,0,0,0,0.3199999928474426
1jcwlpf,0.394,0.094,0.054,0.858,0.088,0.9664,611,12.838901577100671,9,22,0,7,0,0,0,0,0,0,1,0,1,0,6,4,0,1,0,0,1,11,8,2,6,16,13,0,0,0,3,0,0,0,1,0,1,0,0,2,0,0,55,36,6,4,13,5,0,0,0.25
1jcx6bz,0.047,0.036,0.0,1.0,0.0,0.0,15,14.554592549557764,0,0,0,0,0,0,0,0,0,0,0,0,0,0,0,0,0,0,0,0,0,0,0,0,0,1,0,0,0,0,0,0,0,0,0,0,0,0,0,0,0,0,2,3,0,0,0,0,0,1,1.0
1jcxvkn,0.103,0.634,0.219,0.645,0.135,-0.9888,297,7.087006719466743,1,22,15,6,0,0,0,0,0,0,0,0,0,1,0,1,0,0,0,0,0,3,4,25,4,22,25,0,0,0,0,0,1,0,2,2,0,0,0,4,0,0,3,18,2,0,2,1,1,0,0.20000000298023224
1jcy8d3,0.06,0.261,0.0,1.0,0.0,0.0,8,8.841846274778883,0,0,0,0,0,0,0,0,0,0,0,0,0,0,0,0,0,0,0,0,0,0,0,0,0,0,0,0,0,0,0,0,0,0,0,0,0,0,0,0,0,0,0,1,0,0,0,0,0,1,1.0
1jcydh2,0.148,0.057,0.11,0.778,0.112,0.5355,198,11.855464076750408,0,1,0,2,0,0,0,0,0,0,0,0,0,0,0,1,0,0,0,0,0,0,1,0,0,4,8,0,0,0,1,0,0,0,0,0,0,0,0,0,0,0,14,14,0,0,1,0,0,10,0.6299999952316284
1jcygr9,0.101,0.162,0.14,0.744,0.116,-0.9831,598,11.946651130624446,12,45,0,17,0,0,0,0,0,0,0,0,0,0,4,5,0,0,0,0,0,1,9,0,9,25,10,0,0,0,2,0,0,0,0,4,0,0,3,5,0,0,60,37,6,5,9,2,1,0,0.1899999976158142
1jcypg4,0.03,0.311,0.052,0.877,0.071,0.7302,201,15.579741850924794,3,12,0,7,0,1,0,0,0,0,0,0,0,0,3,1,0,0,0,0,0,0,2,0,11,10,2,0,0,0,0,0,0,0,0,0,0,0,0,0,0,0,12,16,2,0,3,0,0,449,0.8600000143051147
1jcz2gz,0.026,0.125,0.19,0.762,0.048,-0.9853,181,15.719379583869454,2,4,0,3,0,2,0,0,0,0,0,0,0,0,0,4,0,0,0,0,0,0,2,3,8,4,13,0,0,0,0,0,0,0,0,0,0,0,0,0,0,0,2,11,3,0,1,0,0,0,0.4699999988079071
1jcz4qt,0.156,0.419,0.126,0.78,0.094,-0.9851,697,7.814691822520687,1,68,6,16,0,0,0,0,0,0,0,0,0,0,1,14,0,1,0,1,0,3,8,48,40,22,30,0,2,0,0,5,0,0,1,4,0,0,4,10,0,0,12,25,4,1,5,3,1,0,0.33000001311302185
1jcz53h,0.094,0.361,0.119,0.797,0.085,-0.9493,746,11.552084857699999,5,56,0,20,0,0,0,0,0,0,0,0,0,0,2,3,0,0,1,0,0,0,10,6,24,32,37,1,4,0,4,0,1,0,0,5,0,0,3,5,0,0,26,43,6,1,6,4,4,0,0.3799999952316284
1jcz6vp,0.119,0.118,0.025,0.87,0.104,0.8748,117,13.023866798666859,1,7,0,1,0,0,0,0,0,0,0,0,0,1,1,0,0,0,0,0,0,0,1,7,2,4,4,0,0,0,0,0,0,0,0,0,0,0,2,0,0,0,13,17,4,0,1,0,0,0,0.25
1jcz7ma,0.019,0.111,0.163,0.741,0.096,-0.2263,12,8.841846274778883,0,0,0,2,0,0,0,0,0,0,0,0,0,0,0,0,0,0,0,0,0,0,0,0,0,1,0,0,0,0,0,0,0,0,0,0,0,0,0,0,0,0,0,3,0,0,0,0,0,1,1.0
1jczamg,0.16,0.452,0.13,0.775,0.095,-0.9866,683,7.750939303291985,1,68,6,16,0,0,0,0,0,0,0,0,0,0,1,14,0,1,0,1,0,0,8,48,40,22,30,0,2,0,0,5,0,0,1,4,0,0,3,8,0,0,13,24,3,1,5,3,1,0,0.05000000074505806
1jczx30,0.025,0.024,0.143,0.857,0.0,-0.128,10,13.023866798666859,0,0,0,0,0,0,0,0,0,0,0,0,0,0,0,0,0,0,0,0,0,0,0,0,0,0,1,0,0,0,0,0,0,0,0,0,0,0,0,0,0,0,1,1,0,0,0,0,0,1,1.0
1jczxwu,0.026,0.035,0.092,0.775,0.133,0.2732,23,14.554592549557764,0,0,0,0,0,0,0,0,0,0,0,0,0,0,0,0,0,0,0,0,0,1,0,0,0,1,1,0,0,0,0,0,0,0,0,0,0,0,0,0,0,0,2,1,0,0,0,0,0,1,1.0
1jczz1z,0.024,0.381,0.0,0.678,0.322,0.5157,8,3.1291,0,0,0,1,0,0,0,0,0,0,0,0,0,0,0,1,0,0,0,0,0,0,0,0,0,1,0,0,0,0,0,0,0,0,0,0,0,0,0,0,0,0,1,1,0,0,0,0,0,0,0.44999998807907104
1jd00ku,0.033,0.059,0.093,0.779,0.128,0.6909,114,17.122413403193683,3,5,0,3,0,0,0,0,0,0,0,0,0,0,0,0,0,0,0,0,0,1,1,0,1,6,6,0,0,0,1,0,0,0,0,0,0,0,0,0,0,0,4,7,0,0,2,0,0,0,0.15000000596046448
1jd087r,0.07,0.086,0.0,0.8,0.2,0.128,7,8.841846274778883,1,0,0,0,0,0,0,0,0,0,0,0,0,0,0,0,0,0,0,0,0,0,0,0,0,0,0,0,0,0,0,0,0,0,0,0,0,0,0,0,0,0,1,0,0,0,1,0,0,1,1.0
1jd0hlr,0.032,0.041,0.13,0.751,0.12,-0.6936,148,11.765960540728905,7,9,0,4,0,0,0,0,0,0,0,0,0,0,1,0,0,0,0,0,1,0,6,2,5,3,8,0,2,0,3,0,0,0,0,0,0,0,0,0,0,0,6,18,1,1,5,0,0,0,0.44999998807907104
1jd0qnd,0.114,0.44,0.124,0.751,0.125,-0.2144,284,14.696529576185021,1,14,0,3,0,0,0,0,0,0,0,0,0,0,1,1,0,0,0,0,0,6,1,3,3,13,10,0,1,0,1,0,0,0,0,1,0,0,0,0,0,0,31,20,0,1,1,1,0,359,0.6600000262260437
1jd0una,0.057,0.508,0.151,0.734,0.115,-0.9865,552,7.044298764256594,4,46,2,14,0,3,0,0,0,0,0,0,0,0,3,3,0,1,0,0,0,0,16,24,6,18,27,0,1,0,0,4,4,0,0,12,0,0,0,7,0,0,22,18,2,0,5,5,0,0,0.14000000059604645
1jd13ot,0.059,0.376,0.026,0.908,0.066,0.7383,146,15.172626615295595,0,2,0,0,0,0,0,0,0,0,0,0,0,0,1,1,0,0,0,0,0,2,0,0,5,4,3,0,0,0,0,0,2,0,0,1,0,0,0,0,0,0,20,13,0,0,2,0,0,0,0.2199999988079071
1jd1iei,0.641,0.083,0.058,0.81,0.133,0.9922,480,10.570968289372207,6,13,1,6,0,0,0,0,0,0,0,0,0,0,0,4,0,0,0,0,0,2,2,1,14,23,6,0,0,0,0,0,0,0,0,0,0,0,0,1,0,0,61,33,3,7,4,1,0,0,0.4099999964237213
1jd1l6h,0.056,0.165,0.371,0.629,0.0,-0.6486,11,11.20814326018867,0,0,0,0,0,0,0,0,0,0,0,0,0,0,1,0,0,0,0,0,0,0,0,0,1,0,3,0,0,0,0,0,0,0,0,0,0,0,0,0,0,0,0,2,1,1,0,0,0,1,1.0
1jd1opd,0.032,0.021,0.0,1.0,0.0,0.0,8,13.023866798666859,0,0,0,0,0,0,0,0,0,0,0,0,0,0,0,0,0,0,0,0,0,0,0,0,0,0,2,0,0,0,0,0,0,0,0,0,0,0,0,0,0,0,0,1,0,0,0,0,0,1,1.0
1jd1tgu,0.087,0.037,0.008,0.936,0.056,0.8126,148,13.295006501635747,1,8,0,0,0,0,0,0,0,0,0,0,0,0,0,0,0,0,0,1,0,0,0,0,0,3,3,0,0,0,0,0,1,0,0,0,0,0,0,0,0,0,6,14,1,0,2,0,0,19,0.6399999856948853
1jd1tjj,0.032,0.231,0.123,0.82,0.057,-0.9353,239,12.885471636013051,3,11,0,3,0,1,0,0,0,0,0,0,0,0,3,2,0,0,0,0,0,1,2,0,14,6,18,1,0,0,0,0,0,0,0,0,0,0,0,1,0,0,2,20,3,3,1,0,1,0,0.3100000023841858
1jd23d3,0.025,0.035,0.065,0.809,0.126,0.9809,334,11.741389052700956,1,7,0,4,0,0,0,0,0,0,0,0,0,0,0,5,0,0,1,0,0,0,0,7,0,23,15,0,0,0,0,0,0,0,0,0,0,0,0,4,0,0,26,23,3,3,3,0,0,0,0.5
1jd24sm,0.026,0.044,0.054,0.591,0.355,0.8934,32,8.841846274778883,0,1,0,0,0,0,0,0,0,0,0,0,0,0,0,1,0,0,0,0,0,0,1,0,3,1,1,2,0,0,0,0,0,0,0,0,0,0,0,0,0,0,1,12,1,0,1,1,0,1,1.0
1jd2br4,0.018,0.019,0.0,0.877,0.123,0.4215,21,8.841846274778883,0,1,0,0,0,0,0,0,0,0,0,0,0,0,0,0,0,0,0,0,0,0,0,2,0,1,0,0,0,0,0,0,0,0,0,0,0,0,0,0,0,0,0,4,0,0,1,0,0,1,1.0
1jd2z67,0.074,0.285,0.157,0.759,0.084,-0.4215,32,13.81666964889586,0,0,0,0,0,0,0,0,0,0,0,0,0,0,0,0,0,0,0,0,0,0,0,0,0,2,6,0,0,0,0,0,0,0,0,0,0,0,0,0,0,0,4,1,0,0,1,0,0,1,1.0
1jd33ns,0.152,0.248,0.131,0.821,0.049,-0.8588,124,12.457975602129121,1,2,0,0,0,0,0,0,0,0,0,0,0,0,0,1,0,0,0,0,0,0,0,0,0,5,10,0,0,0,0,0,0,0,0,0,0,0,0,0,0,0,6,12,1,1,2,0,0,0,0.47999998927116394
1jd4rdi,0.219,0.28,0.213,0.787,0.0,-0.8253,35,11.855464076750408,2,0,0,0,0,0,0,0,0,0,0,0,0,0,0,0,0,1,0,0,0,1,1,0,0,0,3,0,0,0,0,0,1,0,0,1,0,0,0,0,0,0,3,4,0,1,1,1,0,1,1.0
1jd4t66,0.021,0.199,0.135,0.821,0.044,-0.9858,330,14.138980108339055,6,21,0,2,0,1,0,0,0,0,0,0,0,0,8,1,0,0,0,0,0,0,2,5,1,14,17,1,0,0,1,0,0,0,0,0,0,0,1,3,0,0,7,20,3,3,8,1,0,194,0.75
1jd4tcg,0.024,0.285,0.022,0.831,0.147,0.9694,174,18.243605946275583,1,19,0,3,0,0,0,0,0,0,0,0,0,0,0,0,0,0,0,0,0,0,3,1,0,4,3,1,1,0,2,0,0,0,0,0,0,0,1,0,0,0,7,18,2,2,0,1,0,0,0.4399999976158142
1jd51nv,0.066,0.193,0.088,0.849,0.063,-0.8484,306,10.290406445055957,2,13,0,7,0,0,0,0,0,0,0,0,0,0,1,5,0,0,0,0,0,1,1,1,5,15,12,0,0,1,0,0,0,0,0,0,0,0,1,3,0,0,13,26,3,1,6,1,0,260,0.7300000190734863
1jd5616,0.127,0.067,0.246,0.561,0.193,-0.0591,16,8.841846274778883,0,0,0,0,0,0,0,0,0,0,0,0,0,0,0,0,0,0,0,0,0,0,0,0,0,1,2,0,0,0,0,0,0,0,0,0,0,0,0,0,0,0,0,1,0,0,0,0,0,1,1.0
1jd5ge4,0.034,0.117,0.099,0.753,0.148,0.9843,497,13.082589965836103,7,30,0,11,0,0,0,0,0,0,0,0,0,0,3,8,0,1,0,0,0,2,28,0,12,20,9,0,1,3,4,0,1,0,0,1,0,0,3,4,0,0,32,34,9,2,6,3,2,1,0.5699999928474426
1jd5vdj,0.026,0.047,0.078,0.77,0.152,0.9813,324,9.957137785484202,3,28,2,11,0,0,0,0,0,0,0,0,1,0,3,2,0,1,0,0,0,0,43,2,13,9,9,0,1,0,4,0,0,0,0,0,0,0,0,6,0,0,0,23,4,8,8,3,0,16,0.75
1jd6d4b,0.141,0.448,0.0,1.0,0.0,0.0,7,3.1291,0,0,0,0,0,0,0,0,0,0,0,0,0,0,0,0,0,0,0,0,0,0,0,0,0,0,0,0,0,0,0,0,0,0,0,0,0,0,0,0,0,0,0,1,0,0,0,0,0,1,1.0
1jd6i8m,0.648,0.233,0.0,1.0,0.0,0.0,11,3.1291,0,0,0,0,0,0,0,0,0,0,0,0,0,0,0,0,0,0,0,0,0,0,0,0,1,0,0,0,0,0,0,0,0,0,0,0,0,0,0,0,0,0,0,1,0,0,0,0,0,1,1.0
1jd6x1r,0.045,0.367,0.166,0.688,0.147,-0.9011,614,9.910423181423305,9,38,1,13,0,0,0,0,0,0,0,0,0,0,0,6,0,0,0,0,0,4,13,3,13,38,20,1,1,2,1,0,0,0,0,2,0,0,4,4,0,0,62,31,5,8,14,4,1,0,0.3100000023841858
1jd6z7k,0.04,0.144,0.0,1.0,0.0,0.0,12,13.023866798666859,0,0,0,1,0,0,0,0,0,0,0,0,0,0,0,0,0,0,0,0,0,0,0,0,0,0,0,0,0,0,0,0,0,0,0,0,0,0,0,0,0,0,0,3,0,0,1,0,0,1,1.0
1jd71f8,0.212,0.109,0.063,0.87,0.067,-0.1182,107,11.765960540728905,1,9,0,3,0,0,0,0,0,0,0,0,0,0,0,1,0,0,0,0,0,0,4,0,5,1,2,0,1,0,2,0,0,0,0,0,0,0,0,0,0,0,1,14,0,0,1,2,0,0,0.3499999940395355
1jd7aoy,0.124,0.556,0.412,0.588,0.0,-0.7906,12,8.841846274778883,1,0,0,0,0,0,0,0,0,0,0,0,0,0,0,0,0,0,0,0,0,0,1,0,0,0,2,0,0,0,0,0,0,0,0,0,0,0,0,0,0,0,0,1,0,0,1,0,0,1,1.0
1jd7bga,0.021,0.336,0.0,0.709,0.291,0.5719,10,3.1291,0,0,0,0,0,0,0,0,0,0,0,0,0,0,0,0,0,0,0,0,0,0,0,0,0,1,0,0,0,0,0,0,0,0,0,0,0,0,0,0,0,0,3,1,0,0,1,0,0,1,1.0
1jd7bmp,0.181,0.226,0.0,0.759,0.241,0.5423,12,7.168621630094336,0,0,0,1,0,0,0,0,0,0,0,0,0,0,0,0,0,0,0,0,0,0,0,0,0,1,0,0,0,0,0,0,0,0,0,0,0,0,0,0,0,0,2,1,0,0,0,0,0,1,1.0
1jd84kq,0.404,0.508,0.08,0.81,0.111,0.2558,114,10.504223727775692,2,10,1,2,0,0,0,0,0,0,0,0,0,0,0,1,0,0,0,0,0,0,6,0,1,3,5,0,0,0,1,0,0,0,0,0,0,0,1,1,0,0,2,16,4,1,1,2,0,0,0.28999999165534973
1jd86vc,0.396,0.548,0.107,0.788,0.105,-0.3283,119,10.504223727775692,2,10,1,2,0,0,0,0,0,0,0,0,0,0,0,1,0,0,0,0,0,0,6,0,1,3,7,0,0,0,1,0,0,0,0,0,0,0,1,1,0,0,2,17,4,2,1,2,0,0,0.15000000596046448
1jd88ej,0.129,0.059,0.045,0.83,0.125,0.9258,183,12.091993763477543,3,11,0,4,0,0,0,0,0,0,0,0,0,0,0,2,0,0,0,0,0,3,5,1,1,11,4,0,0,0,1,0,0,0,0,0,1,0,0,1,0,0,14,14,2,1,3,1,0,0,0.49000000953674316
1jd8x4t,0.518,0.321,0.149,0.724,0.127,-0.7676,239,14.005844860021309,2,16,0,7,0,0,0,0,0,0,0,0,0,0,0,2,0,0,0,0,0,0,5,1,6,9,10,0,0,0,0,0,0,0,0,0,0,0,0,0,0,0,16,20,3,1,2,0,0,0,0.38999998569488525
1jd9kp4,0.025,0.427,0.138,0.701,0.161,0.7007,159,14.554592549557764,0,9,1,2,0,0,0,0,0,0,0,0,0,0,1,1,0,0,0,0,0,0,2,0,7,12,7,0,0,0,0,0,0,0,0,0,0,0,0,0,0,0,7,13,0,1,1,0,0,0,0.1899999976158142
1jd9p0g,0.05,0.096,0.149,0.751,0.1,-0.9466,263,11.45678717892309,4,27,0,5,0,0,0,0,0,0,0,0,0,0,0,0,0,0,0,0,0,24,0,0,5,3,17,0,0,0,0,0,0,0,0,0,0,0,0,1,0,0,2,17,2,3,3,3,0,154,0.8899999856948853
1jda0ne,0.042,0.054,0.096,0.831,0.073,-0.6018,238,13.757784519515319,4,6,0,4,0,0,0,0,0,0,0,0,0,0,1,2,0,0,0,0,0,3,7,0,0,8,9,0,1,1,3,0,0,0,0,0,0,0,1,2,0,0,12,23,5,3,9,3,1,0,0.10000000149011612
1jda2rr,0.025,0.074,0.0,0.654,0.346,0.5719,8,8.841846274778883,0,1,0,1,0,0,0,0,0,0,0,0,0,0,0,0,0,0,0,0,0,0,0,0,0,0,1,0,0,0,0,0,0,0,0,0,0,0,0,0,0,0,0,0,0,0,1,0,0,1,1.0
1jda535,0.113,0.152,0.225,0.69,0.085,-0.9966,338,12.214722805548657,4,18,0,7,0,0,0,0,0,0,0,0,0,0,1,5,0,0,0,0,0,6,4,2,1,13,24,0,0,0,0,0,0,0,0,0,0,0,0,1,0,0,4,19,2,2,9,0,0,7,0.6000000238418579
1jdaozn,0.103,0.305,0.033,0.895,0.073,0.637,218,11.538034831475386,4,8,0,7,0,5,0,0,0,0,0,0,0,0,3,1,0,0,0,1,0,0,4,6,5,4,11,0,0,0,1,0,0,0,0,1,0,0,1,1,0,0,3,27,3,0,4,2,0,142,0.6399999856948853
1jdbyh4,0.026,0.132,0.444,0.556,0.0,-0.1531,3,3.1291,0,0,0,0,0,0,0,0,0,0,0,0,0,0,0,0,0,0,0,0,0,0,0,0,0,0,1,0,0,0,0,0,0,0,0,0,0,0,0,0,0,0,0,0,0,0,0,0,0,1,1.0
1jdcjld,0.032,0.013,0.0,1.0,0.0,0.0,12,13.023866798666859,0,0,0,0,0,0,0,0,0,0,0,0,0,0,0,0,0,0,0,0,0,0,0,0,0,1,0,0,0,0,0,0,0,0,0,0,0,0,1,0,0,0,0,2,0,0,0,0,0,1,1.0
1jdehe2,0.066,0.037,0.142,0.722,0.136,0.1551,182,13.023866798666859,3,4,0,4,0,0,0,0,0,0,0,0,0,0,0,0,0,0,0,0,0,1,2,0,0,7,11,0,0,0,0,0,1,0,0,0,0,0,0,0,0,0,10,17,2,1,4,0,0,0,0.3400000035762787
1jdejqr,0.055,0.019,0.018,0.904,0.078,0.891,165,11.792908689023552,2,9,0,4,0,0,0,0,1,0,0,0,0,0,1,0,0,0,0,0,0,1,4,1,1,8,7,0,0,0,2,0,0,0,0,1,0,0,1,3,0,0,3,18,3,0,13,1,0,50,0.800000011920929
1jdet0r,0.044,0.394,0.248,0.752,0.0,-0.5106,11,8.841846274778883,1,0,0,1,0,0,0,0,0,0,0,0,0,0,0,0,0,0,0,0,0,0,0,0,0,1,0,0,0,0,0,0,0,0,0,0,0,0,0,0,0,0,1,0,0,0,1,0,0,1,1.0
1jdf5ru,0.149,0.112,0.087,0.879,0.033,-0.8481,157,13.023866798666859,1,12,0,3,0,0,0,0,0,0,0,0,0,0,1,0,0,0,0,0,0,0,1,0,8,2,7,0,0,0,0,0,0,0,0,0,0,0,0,1,0,0,2,13,1,2,2,1,0,75,0.5699999928474426
1jdfbt4,0.035,0.157,0.08,0.775,0.145,0.9846,489,13.606401829973382,2,18,0,5,0,0,0,0,0,0,0,0,0,0,3,9,0,1,0,0,2,4,25,1,7,16,18,0,0,3,2,0,0,0,0,0,0,0,0,1,0,0,36,37,5,3,3,3,1,36,0.5799999833106995
1jdfd8d,0.054,0.114,0.066,0.827,0.107,0.5927,174,11.855464076750408,2,5,0,1,0,0,0,0,0,0,0,0,0,0,0,2,0,0,0,0,0,1,4,0,2,6,6,0,0,1,3,1,0,0,0,0,0,0,0,1,0,0,23,13,1,0,4,3,1,589,0.8399999737739563
1jdfe89,0.577,0.152,0.0,0.783,0.217,0.3612,10,11.20814326018867,0,0,0,0,0,0,0,0,0,0,0,0,0,0,0,0,0,0,0,0,0,0,0,0,0,1,0,0,0,0,0,0,0,0,0,0,0,0,0,0,0,0,2,2,1,0,1,0,0,1,1.0
1jdfskw,0.06,0.071,0.0,1.0,0.0,0.0,16,11.20814326018867,0,1,0,1,0,0,0,0,0,0,0,0,0,0,0,0,0,0,0,0,0,0,0,0,0,0,0,0,0,0,0,0,0,0,0,0,0,0,0,0,0,0,3,2,0,0,0,0,0,1,1.0
1jdfx7d,0.06,0.071,0.0,1.0,0.0,0.0,16,11.20814326018867,0,1,0,1,0,0,0,0,0,0,0,0,0,0,0,0,0,0,0,0,0,0,0,0,0,0,0,0,0,0,0,0,0,0,0,0,0,0,0,0,0,0,3,2,0,0,0,0,0,1,1.0
1jdfz90,0.027,0.073,0.143,0.753,0.104,-0.8042,187,13.205437297517054,2,10,0,6,0,0,0,0,0,0,0,0,0,0,2,1,0,0,0,0,0,0,2,3,7,8,13,0,0,0,0,0,0,0,0,0,0,0,0,0,0,0,0,16,1,0,4,1,0,0,0.28999999165534973
1jdg3uk,0.151,0.378,0.13,0.82,0.05,-0.9186,122,12.540900571622839,1,6,0,3,0,0,0,0,0,0,0,0,0,0,0,0,0,0,0,0,0,1,4,1,5,6,3,0,0,0,1,0,1,0,0,1,0,0,0,0,0,0,4,8,1,0,3,2,0,0,0.4399999976158142
1jdg8iv,0.027,0.141,0.177,0.787,0.037,-0.9688,124,14.06817628641468,3,5,1,4,0,0,0,0,0,0,0,0,0,0,0,2,0,0,0,0,0,0,7,0,1,7,6,0,0,0,0,0,0,0,0,0,0,0,0,1,0,0,1,12,0,0,2,0,0,0,0.47999998927116394
1jdgsaq,0.019,0.066,0.093,0.824,0.084,-0.7379,311,10.504223727775692,6,24,0,6,0,1,0,0,0,0,0,0,0,0,1,5,0,0,0,0,0,1,18,1,5,11,9,1,1,3,3,0,0,0,0,0,0,0,2,1,0,0,9,21,3,1,11,3,0,0,0.4000000059604645
1jdgtac,0.092,0.022,0.0,0.876,0.124,0.1779,13,11.20814326018867,0,1,0,1,0,0,0,0,0,0,0,0,0,0,0,0,0,0,0,0,0,0,0,0,0,0,0,0,0,0,0,0,0,0,0,0,0,0,0,0,0,0,1,1,0,0,1,0,0,1,1.0
1jdgyae,0.038,0.114,0.116,0.744,0.141,0.9113,385,8.942964678507748,5,35,1,17,1,1,0,0,0,0,0,0,0,0,4,2,0,0,2,0,0,2,8,16,8,20,17,0,0,1,1,0,0,0,0,2,0,1,0,5,0,0,13,30,2,2,8,0,0,0,0.28999999165534973
1jdhe70,0.303,0.049,0.079,0.743,0.178,0.9957,475,12.052694948225742,5,20,0,13,0,3,0,0,0,0,0,0,1,0,3,4,0,0,0,0,0,15,12,1,7,18,13,0,3,0,7,0,0,0,0,2,0,0,3,2,0,0,15,25,4,3,8,7,0,190,0.8100000023841858
1jdhgfa,0.14,0.086,0.064,0.799,0.137,0.9552,295,11.326091736570909,2,11,0,1,0,0,0,0,0,0,0,0,0,0,1,0,0,0,0,0,0,1,4,0,4,12,4,0,0,0,1,0,0,0,0,0,0,0,1,0,0,0,26,20,1,4,6,1,0,0,0.12999999523162842
1jdhgq8,0.058,0.096,0.049,0.858,0.094,0.9956,1101,11.236540687852255,6,65,0,17,0,0,0,0,0,0,0,0,0,0,2,11,0,0,1,0,0,4,14,15,33,26,19,0,1,0,2,3,2,0,0,0,0,0,3,7,0,0,44,37,7,2,14,3,1,428,0.7799999713897705
1jdhlzo,0.051,0.275,0.164,0.736,0.1,-0.9828,354,10.686352973137792,3,23,0,4,0,0,0,0,0,0,0,0,0,0,2,0,0,0,0,0,0,1,10,10,10,18,18,1,0,0,3,0,3,0,0,0,0,0,1,2,0,0,14,17,4,2,7,1,2,0,0.27000001072883606
1jdhpez,0.046,0.032,0.129,0.622,0.249,0.9929,272,12.745084868956482,1,18,0,14,0,0,0,0,0,0,0,0,0,0,2,6,0,0,0,0,0,3,0,0,3,23,13,0,0,0,0,0,0,0,0,0,0,0,0,0,0,0,8,23,2,4,7,1,2,0,0.46000000834465027
1jdhvaf,0.017,0.1,0.178,0.822,0.0,-0.3818,13,14.554592549557764,0,0,0,0,0,0,0,0,0,0,0,0,0,0,0,0,0,0,0,0,0,0,0,0,0,2,1,0,0,0,0,0,0,0,0,0,0,0,0,0,0,0,1,0,0,0,0,0,0,1,1.0
1jdibiu,0.136,0.03,0.0,0.656,0.344,0.6369,9,11.20814326018867,0,0,0,0,0,0,0,0,0,0,0,0,0,0,0,0,0,0,0,0,0,0,0,0,0,1,0,0,0,0,0,0,0,0,0,0,0,0,0,0,0,0,1,1,0,0,0,0,0,1,1.0
1jdibzn,0.244,0.449,0.088,0.797,0.115,0.9452,1156,10.938765700953898,5,86,1,10,0,5,0,0,0,0,0,0,0,0,9,10,0,2,1,0,0,15,12,12,26,29,32,0,0,2,0,0,2,0,0,0,0,0,3,3,0,0,58,43,6,6,10,4,0,0,0.15000000596046448
1jdijil,0.041,0.052,0.085,0.868,0.047,-0.8926,263,12.857556352371635,3,15,0,4,0,0,0,0,0,0,0,0,0,0,3,0,0,0,0,0,0,1,5,2,8,9,9,0,1,0,1,0,3,0,0,2,0,0,0,0,0,0,24,21,2,1,9,1,0,1083,0.949999988079071
1jdiqap,0.043,0.018,0.041,0.841,0.117,0.9959,815,17.175318368462932,7,50,0,8,0,0,0,0,0,0,0,0,0,0,3,3,0,0,0,0,0,12,15,2,5,32,14,4,2,1,8,0,1,0,0,1,0,0,1,0,0,0,47,49,4,4,14,4,1,0,0.36000001430511475
1jdiwib,0.098,0.113,0.109,0.847,0.044,-0.8674,205,11.765960540728905,2,11,0,3,0,0,0,0,0,0,0,0,0,0,0,1,0,0,0,0,0,1,4,0,4,9,8,0,0,1,2,0,0,0,0,0,0,0,0,1,0,0,10,10,1,5,4,0,1,1207,0.8399999737739563
1jdj938,0.024,0.255,0.035,0.918,0.048,0.4786,152,12.745084868956482,0,8,0,5,0,0,0,0,1,0,0,0,0,0,1,2,0,0,0,0,1,1,1,2,4,7,3,0,0,0,0,0,0,0,0,0,0,0,0,2,0,0,13,15,0,2,2,1,0,0,0.2199999988079071
1jdjfje,0.02,0.048,0.283,0.442,0.274,-0.0258,7,8.841846274778883,0,0,0,1,0,0,0,0,0,0,0,0,0,0,0,0,0,0,0,0,0,0,0,0,0,0,2,0,0,0,0,0,0,0,0,0,0,0,0,0,0,0,0,2,0,0,0,0,0,1,1.0
1jdji8c,0.418,0.381,0.07,0.847,0.083,-0.1169,37,13.81666964889586,0,1,0,1,0,0,0,0,0,0,0,0,0,0,0,1,0,0,0,0,0,1,0,0,4,0,1,0,0,0,0,0,0,0,0,0,0,0,1,1,0,0,5,9,2,0,2,0,0,1,1.0
1jdjpc8,0.045,0.401,0.161,0.699,0.14,-0.9565,282,14.314028922438442,3,11,0,4,0,0,0,0,0,0,0,0,0,0,0,0,0,0,0,0,0,4,4,0,4,10,16,0,0,0,1,1,1,0,0,0,0,0,0,0,0,0,9,27,1,2,6,1,0,267,0.6700000166893005
1jdjq2w,0.036,0.298,0.133,0.699,0.168,0.9866,877,16.11434528070225,9,79,0,24,0,0,0,0,0,0,0,0,0,0,1,7,0,0,0,0,0,0,0,0,14,33,53,0,1,0,0,0,0,0,0,0,0,0,3,16,0,0,55,35,6,10,9,1,1,310,0.699999988079071
1jdjzqx,0.028,0.024,0.014,0.864,0.122,0.8907,108,12.340626583579944,2,11,0,2,0,0,0,0,0,0,0,0,0,0,1,1,0,0,1,0,0,0,1,2,0,7,1,0,0,0,0,0,0,0,0,0,0,0,0,3,0,0,6,13,1,0,3,0,0,0,0.4399999976158142
1jdjzun,0.128,0.1,0.2,0.8,0.0,-0.4588,13,11.20814326018867,0,0,0,0,0,0,0,0,0,0,0,0,0,0,0,0,0,0,0,0,0,0,0,0,0,0,0,0,0,0,0,0,0,0,0,0,0,0,0,0,0,0,0,3,0,0,0,0,0,1,1.0
1jdk1kl,0.026,0.056,0.107,0.819,0.073,-0.981,682,20.890749979661237,12,54,0,11,0,0,0,0,0,0,0,0,1,0,4,9,0,0,1,0,1,1,21,1,4,16,31,0,0,1,4,0,1,0,1,0,1,0,2,9,0,0,30,40,7,3,9,3,1,0,0.4699999988079071
1jdka9u,0.034,0.034,0.015,0.958,0.027,0.1027,116,11.765960540728905,4,9,0,6,0,1,0,0,0,0,0,0,0,0,0,1,0,0,0,0,0,0,2,1,9,2,1,0,0,0,0,0,0,0,0,0,0,0,0,0,0,0,5,13,0,0,3,0,0,0,0.46000000834465027
1jdkciz,0.364,0.178,0.33,0.67,0.0,-0.7506,15,13.023866798666859,0,0,0,0,0,0,0,0,0,0,0,0,0,0,0,0,0,0,0,0,0,1,0,0,0,0,1,0,0,0,0,0,0,0,0,0,0,0,0,0,0,0,2,3,1,0,0,0,0,1,1.0
1jdkidn,0.127,0.255,0.346,0.654,0.0,-0.5719,8,3.1291,0,0,0,0,0,0,0,0,0,0,0,0,0,0,0,0,0,0,0,0,0,0,0,0,0,0,1,0,0,0,0,0,0,0,0,0,0,0,0,0,0,0,0,0,0,0,0,0,0,1,1.0
1jdkin2,0.184,0.235,0.214,0.747,0.039,-0.9753,125,18.243605946275583,1,4,0,3,0,0,0,0,0,0,0,0,1,0,1,0,0,0,0,0,0,8,5,0,2,1,10,0,0,0,1,0,0,0,0,1,0,0,1,2,0,0,6,16,2,2,0,0,0,0,0.5
1jdl3gz,0.052,0.361,0.046,0.877,0.077,0.6524,189,10.560738912317856,4,21,0,9,0,0,0,0,0,0,0,0,0,0,3,1,0,0,0,0,0,3,5,3,1,5,5,0,0,0,0,0,6,0,0,0,0,0,0,0,0,0,7,17,2,2,6,0,0,0,0.4699999988079071
1jdl8ny,0.075,0.136,0.164,0.77,0.066,-0.9856,297,11.557038098267885,3,22,0,10,0,0,0,0,0,0,0,0,0,0,1,1,0,0,0,0,0,17,1,2,2,6,19,0,0,0,0,0,0,0,0,0,0,0,1,0,0,0,4,20,1,0,5,0,0,1,1.0
1jdl9i6,0.04,0.237,0.021,0.848,0.13,0.8951,152,13.25671669890799,0,12,0,7,0,1,0,0,0,0,0,0,0,0,2,2,0,0,0,0,0,0,4,4,4,7,1,0,0,0,0,0,0,0,0,0,0,0,0,0,0,0,1,19,0,1,3,0,0,0,0.17000000178813934
1jdlw7o,0.055,0.184,0.048,0.822,0.131,0.7964,109,14.554592549557764,1,6,0,1,0,0,0,0,0,0,0,0,0,0,0,0,0,0,0,0,0,0,5,0,7,4,1,0,0,0,0,0,0,0,0,0,0,0,0,3,0,0,6,15,1,1,1,0,0,1495,0.8700000047683716
1jdm1y3,0.072,0.592,0.58,0.42,0.0,-0.7845,7,8.841846274778883,0,0,1,1,0,0,0,0,0,0,0,0,0,0,0,0,0,0,0,0,0,0,0,0,0,1,1,0,0,0,0,0,0,0,0,0,0,0,0,0,0,0,1,0,0,1,0,0,0,1,1.0
1jdm3e0,0.019,0.112,0.195,0.692,0.114,-0.2738,21,11.20814326018867,0,0,0,0,0,0,0,0,0,0,0,0,0,0,0,0,0,0,0,0,0,0,0,0,0,0,2,0,0,0,0,0,0,0,0,0,0,0,0,0,0,0,0,3,0,1,0,0,0,1,1.0
1jdm64c,0.052,0.202,0.0,1.0,0.0,0.0,15,11.20814326018867,0,1,0,1,0,0,0,0,0,0,0,0,0,0,0,0,0,0,0,0,0,0,0,0,1,1,0,0,0,0,0,0,0,0,0,0,0,0,0,0,0,0,0,4,0,0,0,0,0,1,1.0
1jdmgh2,0.085,0.183,0.059,0.83,0.111,0.5423,112,13.023866798666859,2,2,0,0,0,0,0,0,0,0,0,0,0,0,1,0,0,0,0,0,0,1,1,0,6,3,2,0,0,0,0,0,0,0,0,0,0,0,0,0,0,0,14,8,0,1,3,0,0,39,0.6100000143051147
1jdmk4t,0.027,0.112,0.091,0.76,0.15,0.9449,201,11.765960540728905,3,11,0,4,0,0,0,0,0,0,0,0,1,0,0,5,0,0,0,0,0,0,8,2,4,9,6,0,0,0,1,1,0,0,0,0,0,0,1,0,0,0,6,20,4,2,2,2,0,0,0.23000000417232513
1jdmo98,0.129,0.195,0.0,1.0,0.0,0.0,9,8.841846274778883,0,0,0,0,0,0,0,0,0,0,0,0,0,0,0,0,0,0,0,0,0,0,0,0,0,0,1,0,0,0,0,0,0,0,0,0,0,0,0,0,0,0,1,0,0,1,1,0,0,1,1.0
1jdmsit,0.041,0.202,0.088,0.714,0.198,0.9737,180,13.295006501635747,3,16,0,5,0,0,0,0,0,0,0,0,0,0,2,3,0,0,0,0,0,0,3,4,1,7,9,0,0,0,2,0,2,0,0,0,0,0,0,2,0,0,1,16,1,1,2,3,0,67,0.7400000095367432
1jdmznn,0.139,0.019,0.0,0.818,0.182,0.4588,20,13.023866798666859,1,0,0,0,0,0,0,0,0,0,0,0,0,0,0,0,0,0,0,0,0,0,0,0,0,0,0,0,0,0,0,0,0,0,0,0,0,0,0,2,0,0,1,8,0,0,1,0,0,1,1.0
1jdnlyu,0.127,0.255,0.346,0.654,0.0,-0.5719,8,3.1291,0,0,0,0,0,0,0,0,0,0,0,0,0,0,0,0,0,0,0,0,0,0,0,0,0,0,1,0,0,0,0,0,0,0,0,0,0,0,0,0,0,0,0,0,0,0,0,0,0,1,1.0
1jdnsab,0.022,0.03,0.054,0.708,0.238,0.9996,878,15.128267250517109,19,32,0,13,0,1,0,0,0,0,0,0,0,0,4,6,0,0,2,0,0,7,24,5,4,57,27,0,0,0,3,0,4,0,0,8,0,0,1,3,0,0,30,37,3,11,21,4,0,0,0.4300000071525574
1jdoror,0.033,0.013,0.0,1.0,0.0,0.0,3,3.1291,0,0,0,0,0,0,0,0,0,0,0,0,0,0,0,0,0,0,0,0,0,0,0,0,0,0,0,0,0,0,0,0,0,0,0,0,0,0,0,0,0,0,1,0,0,0,0,0,0,1,1.0
1jdow1m,0.059,0.076,0.167,0.709,0.124,-0.7853,187,12.38480682065935,3,13,0,3,0,0,0,0,0,0,0,0,0,0,0,1,0,0,0,0,0,0,2,0,8,8,7,0,0,0,1,0,0,0,0,0,0,0,0,2,0,0,4,20,1,2,5,1,0,0,0.23999999463558197
1jdp39r,0.018,0.034,0.0,1.0,0.0,0.0,13,13.023866798666859,0,3,0,1,0,0,0,0,0,0,0,0,0,0,0,0,0,0,0,0,0,0,0,0,0,1,2,0,0,0,0,0,0,0,0,0,0,0,0,0,0,0,0,4,0,0,0,0,0,1,1.0
1jdpgpj,0.058,0.202,0.089,0.845,0.065,-0.7677,210,14.836745963215662,4,19,0,4,0,1,1,0,0,0,0,0,0,0,2,2,0,0,0,0,0,0,1,2,7,3,8,1,0,0,0,0,0,0,0,0,0,0,2,0,0,0,6,21,2,2,8,0,0,2,0.6299999952316284
1jdpz5g,0.016,0.052,0.0,0.677,0.323,0.5871,9,3.1291,0,0,0,0,0,0,0,0,0,0,0,0,0,0,0,0,0,0,0,0,0,1,0,0,0,0,0,0,0,0,0,0,0,0,0,0,0,0,0,0,0,0,1,1,0,0,0,0,0,1,1.0
1jdqlgh,0.029,0.024,0.121,0.879,0.0,-0.4404,22,8.841846274778883,1,1,0,0,0,0,0,0,0,0,0,0,0,0,0,0,0,0,0,0,0,3,0,0,1,0,1,0,0,0,0,0,0,0,0,0,0,0,0,0,0,0,0,3,1,0,2,0,0,1,1.0
1jdqxml,0.234,0.092,0.161,0.839,0.0,-0.3612,14,13.023866798666859,0,0,0,1,0,0,0,0,0,0,0,0,0,0,0,0,0,0,0,0,0,0,0,0,2,0,1,0,0,0,0,0,0,0,0,0,0,0,0,0,0,0,0,1,0,0,0,0,0,1,1.0
1jdrkce,0.035,0.082,0.118,0.837,0.045,-0.9952,727,13.07225225492931,9,33,2,16,0,1,0,0,0,0,0,0,0,0,0,1,0,0,0,0,0,5,8,3,13,22,35,0,0,0,1,0,0,0,0,1,0,0,0,2,0,0,48,33,2,8,6,6,0,168,0.9399999976158142
1jdrwcy,0.028,0.241,0.583,0.417,0.0,-0.6369,4,3.1291,0,0,0,0,0,0,0,0,0,0,0,0,0,0,0,0,0,0,0,0,0,0,0,0,0,0,1,0,0,0,0,0,0,0,0,0,0,0,0,0,0,0,0,0,0,0,0,0,0,1,1.0
1jdsi6y,0.086,0.427,0.0,0.714,0.286,0.8225,21,10.125756701596842,0,2,0,1,0,0,0,0,0,0,0,0,0,0,0,0,0,0,0,0,0,0,0,0,0,2,1,0,0,0,0,0,0,0,0,0,0,0,0,0,0,0,1,3,0,0,1,0,0,1,1.0
1jdsizx,0.021,0.244,0.254,0.508,0.237,-0.0516,8,3.1291,1,0,0,0,0,0,0,0,0,0,0,0,0,0,0,0,0,0,0,0,0,0,0,0,0,1,0,0,0,0,0,0,0,0,0,0,0,0,0,0,0,0,1,1,0,0,1,0,0,1,1.0
1jdsvsq,0.023,0.144,0.234,0.547,0.219,-0.0516,9,3.1291,1,0,0,0,0,0,0,0,0,0,0,0,0,0,0,0,0,0,0,0,0,0,0,0,0,1,0,0,0,0,0,0,0,0,0,0,0,0,0,0,0,0,0,1,0,0,1,0,0,1,1.0
1jdtit6,0.135,0.042,0.063,0.86,0.078,0.4129,168,14.554592549557764,0,8,0,7,0,0,0,0,0,0,0,0,0,0,2,0,0,0,0,0,0,0,0,0,3,3,11,0,0,0,0,0,0,0,0,0,0,0,0,1,0,0,12,12,0,0,5,0,0,17,0.8299999833106995
1jdtsu1,0.05,0.052,0.104,0.843,0.053,-0.9509,278,12.236705956012809,0,16,0,5,0,2,0,0,0,0,0,0,0,0,0,3,0,0,0,0,0,3,3,0,4,0,8,0,0,0,1,1,0,0,0,0,0,0,3,0,0,0,16,20,2,0,4,0,0,6,0.6700000166893005
1jdtz0m,0.077,0.016,0.08,0.92,0.0,-0.1027,17,11.20814326018867,1,0,0,1,0,0,0,0,0,0,0,0,0,0,0,0,0,0,0,0,0,1,0,0,0,0,0,0,0,0,0,0,1,0,0,0,0,0,0,0,0,0,0,1,0,1,1,0,0,1,1.0
1jdu1nn,0.073,0.052,0.079,0.83,0.091,-0.366,412,11.45678717892309,5,22,0,18,0,1,0,0,0,0,0,0,0,0,3,3,0,0,0,0,0,12,5,1,2,18,12,0,0,0,0,0,5,0,0,3,0,0,1,1,0,0,15,25,4,5,8,3,1,206,0.699999988079071
1jdu8b8,0.019,0.025,0.0,0.884,0.116,0.2732,17,15.903189008614273,0,1,0,1,0,0,0,0,0,0,0,0,0,0,0,0,0,0,0,0,0,0,0,0,0,0,0,0,0,0,0,0,0,0,0,0,0,0,0,0,0,0,0,3,0,1,1,0,0,1,1.0
1jduikx,0.066,0.237,0.256,0.744,0.0,-0.7351,20,8.841846274778883,0,2,0,1,0,0,0,0,0,0,0,0,0,0,0,0,0,1,0,0,0,0,2,0,0,0,2,0,0,0,0,0,1,0,0,0,0,0,0,1,0,0,0,5,0,1,1,0,0,1,1.0
1jduo9k,0.06,0.04,0.0,1.0,0.0,0.0,16,3.1291,0,0,0,2,0,0,0,0,0,0,0,0,0,0,0,0,0,0,0,0,0,1,0,0,0,0,0,0,0,0,0,0,0,0,0,0,0,0,0,0,0,0,0,2,0,1,0,0,0,1,1.0
1jduxlz,0.042,0.013,0.0,1.0,0.0,0.0,11,13.023866798666859,1,0,0,1,0,0,0,0,0,0,0,0,0,0,0,0,0,0,0,0,0,0,0,0,0,0,0,0,0,0,0,0,0,0,0,0,0,0,0,0,0,0,3,3,0,0,1,0,0,1,1.0
1jdvmse,0.028,0.013,0.0,1.0,0.0,0.0,4,8.841846274778883,0,0,0,0,0,0,0,0,0,0,0,0,0,0,0,0,0,0,0,0,0,0,0,0,0,0,0,0,0,0,0,0,0,0,0,0,0,0,0,0,0,0,0,0,0,0,0,0,0,1,1.0
1jdvnou,0.055,0.375,0.1,0.852,0.047,-0.9661,298,13.471818130807456,6,12,0,5,0,0,0,0,0,0,0,0,1,0,1,5,0,0,0,0,0,3,9,0,3,3,12,0,0,0,2,1,0,0,0,0,0,0,1,1,0,0,30,19,2,1,1,0,2,0,0.23000000417232513
1jdvqpx,0.042,0.054,0.12,0.707,0.172,0.9835,393,11.670169846198839,0,19,0,11,0,0,0,0,0,0,0,0,0,0,3,3,0,0,0,0,0,3,0,2,11,12,16,0,0,0,0,1,2,0,0,1,0,0,0,3,0,0,6,23,1,6,0,0,0,27,0.8700000047683716
1jdw6r9,0.014,0.152,0.17,0.83,0.0,-0.6249,21,14.554592549557764,0,0,0,0,0,0,2,0,0,0,0,0,0,0,0,0,0,0,0,0,0,0,0,0,0,0,1,0,0,0,0,0,0,0,0,0,0,0,0,0,0,0,2,4,0,0,0,0,0,1,1.0
1jdw7tl,0.012,0.041,0.0,0.714,0.286,0.4215,8,11.20814326018867,0,0,0,0,0,0,0,0,0,0,0,0,0,0,0,0,0,0,0,0,0,0,0,0,0,1,1,0,0,0,0,0,0,0,0,0,0,0,0,0,0,0,0,1,0,1,0,0,0,1,1.0
1jdway5,0.385,0.11,0.089,0.843,0.068,-0.539,104,12.457975602129121,0,6,0,7,0,0,0,0,0,0,0,0,0,0,0,0,0,0,0,0,0,7,0,0,3,2,2,0,0,0,0,0,0,0,0,1,0,0,0,0,0,0,2,9,1,2,2,0,0,136,0.75
1jdwofk,0.064,0.043,0.062,0.78,0.158,0.9898,300,12.926379034027164,6,9,0,9,0,0,0,0,0,0,0,0,0,0,5,3,0,0,0,0,0,2,5,0,7,12,6,0,0,0,0,0,0,0,0,0,0,0,2,1,0,0,5,32,6,5,18,2,2,14,0.5799999833106995
1jdx5qa,0.016,0.039,0.0,0.717,0.283,0.7845,23,8.841846274778883,0,1,0,1,0,0,0,0,0,0,0,0,0,0,0,0,0,0,0,0,0,0,0,0,1,2,1,0,0,0,0,0,0,0,0,0,0,0,0,0,0,0,1,4,1,0,0,0,0,1,1.0
1jdxbtv,0.056,0.255,0.169,0.777,0.054,-0.9396,155,15.903189008614273,4,5,0,5,0,0,0,0,0,0,0,0,0,0,2,2,0,0,0,0,0,0,4,0,9,2,6,0,1,0,1,0,0,0,0,0,0,0,0,2,0,0,26,15,2,2,3,1,0,0,0.36000001430511475
1jdxdbt,0.044,0.361,0.256,0.449,0.295,0.1531,11,11.20814326018867,0,0,0,0,0,0,0,0,0,0,0,0,0,0,0,0,0,0,0,0,0,0,0,2,0,1,2,0,0,0,0,0,0,0,0,0,0,0,0,0,0,0,2,3,0,0,0,0,0,1,1.0
1jdxqe1,0.577,0.476,0.154,0.733,0.113,-0.9429,318,10.996428447227288,4,18,6,6,0,0,0,0,0,0,0,0,0,0,1,4,0,0,0,0,0,9,7,2,7,14,23,0,0,0,0,1,3,0,0,2,0,0,1,0,0,0,12,23,4,3,11,1,0,0,0.28999999165534973
1jdy06h,0.053,0.257,0.122,0.785,0.093,-0.8813,428,17.211828456134867,7,39,0,10,0,0,0,0,0,0,0,0,0,0,2,2,0,0,0,0,0,1,5,2,9,16,24,0,0,0,0,0,0,0,0,0,0,0,0,8,0,0,33,31,2,7,4,1,1,0,0.5
1jdy8wh,0.082,0.199,0.191,0.7,0.109,-0.9769,245,12.221763196225844,2,10,0,3,0,0,0,0,0,0,0,0,0,0,1,2,0,0,0,0,0,3,4,0,2,9,11,0,1,0,0,0,0,0,0,0,0,0,0,2,0,0,17,22,0,5,7,1,1,13,0.5400000214576721
1jdyafn,0.018,0.285,0.0,0.839,0.161,0.3612,14,13.81666964889586,2,0,0,0,0,0,0,0,0,0,0,0,0,0,0,0,0,0,0,0,0,0,0,0,0,0,1,0,0,0,0,0,0,0,0,0,0,0,0,0,0,0,2,2,0,1,1,0,0,1,1.0
1jdyd8v,0.039,0.176,0.185,0.78,0.036,-0.9995,1013,13.995611131997158,36,70,0,16,0,2,0,0,0,0,0,0,0,0,2,6,0,0,0,0,0,0,6,0,10,12,55,0,0,0,0,0,0,0,0,4,0,0,2,2,0,0,106,30,4,19,3,4,1,3,0.5099999904632568
1jdydde,0.073,0.327,0.147,0.745,0.108,-0.9671,348,9.516144504307135,1,24,0,15,0,0,0,0,0,0,0,0,0,1,7,3,0,0,0,0,0,0,9,13,6,11,19,0,0,0,1,0,0,0,0,0,0,0,0,1,0,0,6,18,1,2,3,1,1,0,0.23999999463558197
1jdyw2i,0.024,0.019,0.0,0.813,0.187,0.3182,11,11.20814326018867,1,1,0,0,0,0,0,0,0,0,0,0,0,0,0,0,0,0,0,0,0,0,0,0,0,0,0,0,0,0,0,0,0,0,0,0,0,0,1,0,0,0,0,2,0,0,1,0,0,1,1.0
1jdz31j,0.089,0.085,0.0,0.848,0.152,0.3612,15,8.841846274778883,1,0,0,1,0,0,0,0,0,0,0,0,0,0,0,0,0,0,0,0,0,0,0,0,0,1,0,0,0,0,0,0,0,0,0,0,0,0,0,0,0,0,2,6,1,0,1,0,0,1,1.0
1jdz3gk,0.146,0.155,0.173,0.785,0.042,-0.9949,328,14.220115178616776,0,28,0,5,0,0,0,0,0,0,0,0,0,0,0,0,0,0,0,0,0,3,11,4,2,3,12,0,0,0,1,0,0,0,0,1,0,2,0,5,0,0,4,23,2,3,3,3,0,0,0.4699999988079071
1jdzej5,0.088,0.09,0.157,0.707,0.136,-0.8837,471,16.084390811093357,4,22,1,8,0,0,0,0,0,0,0,0,0,0,0,5,0,0,0,0,0,8,13,2,3,17,32,0,0,1,1,0,0,0,0,0,0,0,2,1,0,0,10,26,4,2,12,2,0,0,0.3100000023841858
1jdzh8g,0.075,0.035,0.06,0.739,0.201,0.9801,176,14.06817628641468,6,16,0,6,0,0,0,0,0,0,1,0,0,0,1,5,0,1,0,0,1,1,14,1,1,12,5,0,2,1,5,0,0,0,0,0,0,0,1,0,0,0,1,17,3,4,7,5,0,0,0.20000000298023224
1jdzjm2,0.157,0.725,0.328,0.672,0.0,-0.6597,10,3.1291,0,0,1,0,0,0,0,0,0,0,0,0,0,0,0,0,0,0,0,0,0,0,0,0,0,0,0,0,0,0,0,0,0,0,0,0,0,0,0,0,0,0,0,1,0,0,0,0,0,1,1.0
1jdznql,0.049,0.08,0.07,0.856,0.075,0.3367,250,9.766711354998122,4,16,0,7,0,0,0,0,0,0,0,0,0,0,2,4,0,0,0,0,0,0,6,1,14,9,10,0,1,0,2,0,0,0,0,1,0,0,0,1,0,0,23,21,2,5,3,3,3,187,0.699999988079071
1jdzt57,0.046,0.202,0.0,1.0,0.0,0.0,14,8.841846274778883,1,0,0,0,0,0,0,0,0,0,0,0,0,0,0,0,0,0,0,0,0,1,0,0,0,0,0,0,0,0,0,0,0,0,0,0,0,0,0,0,0,0,0,2,0,0,1,0,0,1,1.0
1je0560,0.149,0.044,0.155,0.845,0.0,-0.296,13,13.023866798666859,0,0,0,1,0,0,0,0,0,0,0,0,0,0,0,0,0,0,0,0,0,0,0,0,0,0,1,0,0,0,0,0,0,0,0,0,0,0,0,0,0,0,1,2,0,1,0,0,0,1,1.0
1je0ikq,0.084,0.025,0.094,0.738,0.168,0.2732,13,11.20814326018867,1,3,0,0,0,0,0,0,0,0,0,0,0,0,0,0,0,0,0,0,0,0,0,0,0,1,2,0,0,0,0,0,0,0,0,0,0,0,0,0,0,0,0,2,1,0,0,0,0,1,1.0
1je0wup,0.02,0.078,0.0,0.789,0.211,0.4939,13,11.20814326018867,1,1,0,1,0,0,0,0,0,0,0,0,0,0,0,0,0,0,0,0,0,1,0,0,0,0,1,0,0,0,0,0,0,0,0,0,0,0,0,0,0,0,0,2,1,0,1,0,0,1,1.0
1je19n5,0.053,0.113,0.434,0.566,0.0,-0.7845,11,13.023866798666859,0,0,0,0,0,0,0,0,0,0,0,0,0,0,0,0,0,0,0,0,0,0,0,0,0,0,2,0,0,0,0,0,0,0,0,1,0,0,1,0,0,0,1,3,1,0,0,0,0,1,1.0
1je1a7m,0.068,0.15,0.263,0.666,0.07,-0.9989,469,13.41204329460199,11,22,0,7,0,1,0,0,0,0,0,0,0,0,1,3,0,0,0,0,0,0,4,1,2,9,43,1,0,0,0,0,2,0,0,2,0,0,1,2,0,0,32,30,3,6,6,0,1,0,0.27000001072883606
1je1mls,0.034,0.037,0.087,0.798,0.115,0.861,296,12.091993763477543,3,16,0,3,0,0,0,0,0,0,0,0,0,2,2,3,1,0,0,0,0,0,9,4,5,13,15,0,0,2,1,0,0,0,0,0,0,0,1,2,0,0,7,25,6,4,4,0,2,0,0.25999999046325684
1je212z,0.056,0.047,0.083,0.719,0.198,0.9924,291,14.44419872828201,3,8,0,4,0,0,0,0,0,0,0,0,1,0,0,3,0,0,0,0,0,2,5,1,1,12,11,0,0,1,1,0,0,0,0,1,0,0,0,2,0,0,5,19,1,3,5,2,0,0,0.36000001430511475
1je28l0,0.036,0.025,0.11,0.816,0.073,-0.2263,22,11.20814326018867,0,0,0,0,0,0,0,0,0,0,0,0,0,0,0,0,0,0,0,0,0,0,0,0,0,0,1,0,0,0,0,0,0,0,0,0,0,0,0,0,0,0,1,6,0,0,0,0,0,1,1.0
1je2918,0.046,0.298,0.165,0.722,0.113,-0.9567,231,13.023866798666859,1,20,0,7,0,1,0,0,0,0,0,0,0,0,2,3,0,0,0,0,0,0,7,3,5,7,10,0,0,1,0,0,1,0,0,0,0,0,0,1,0,0,0,19,1,1,5,0,1,0,0.14000000059604645
1je2a29,0.018,0.067,0.214,0.786,0.0,-0.2924,9,3.1291,0,1,0,1,0,0,0,0,0,0,0,0,0,0,0,0,0,0,0,0,0,0,0,0,0,0,0,0,0,0,0,0,0,0,0,0,0,0,0,0,0,0,1,1,0,0,0,0,0,1,1.0
1je2cuz,0.023,0.305,0.063,0.831,0.106,0.9517,329,9.516144504307135,6,12,0,5,0,0,0,0,0,0,0,0,0,0,4,5,0,0,0,0,0,0,31,1,1,10,9,0,0,0,0,0,0,0,0,0,0,0,1,1,0,0,14,30,3,2,7,1,0,6,0.5400000214576721
1je2vor,0.039,0.029,0.16,0.782,0.057,-0.9681,184,13.023866798666859,2,2,0,1,0,0,0,0,0,0,0,0,0,0,0,1,0,0,0,0,0,0,0,0,0,3,10,0,0,0,0,0,0,0,0,0,0,0,0,3,0,0,25,11,2,0,1,0,1,23,0.6499999761581421
1je2zw1,0.073,0.017,0.0,1.0,0.0,0.0,5,8.841846274778883,0,0,0,0,0,0,0,0,0,0,0,0,0,0,0,0,0,0,0,0,0,0,0,0,0,0,0,0,0,0,0,0,0,0,0,0,0,0,0,0,0,0,1,0,0,0,0,0,0,1,1.0
1je2zyc,0.077,0.099,0.0,1.0,0.0,0.0,18,8.841846274778883,1,0,0,1,0,1,0,0,0,0,0,0,0,0,0,0,0,0,0,0,0,0,0,0,0,0,0,0,0,0,0,0,0,0,0,0,0,0,0,0,0,0,2,3,0,0,1,0,1,1,1.0
1je3wov,0.017,0.069,0.196,0.702,0.102,-0.4337,16,13.023866798666859,1,2,0,1,0,0,0,0,0,0,0,0,0,0,0,0,0,0,0,0,0,0,0,0,0,1,1,0,0,0,0,0,0,0,0,0,0,0,0,0,0,0,0,4,0,0,1,0,0,1,1.0
1je3xw5,0.381,0.054,0.0,0.792,0.208,0.2732,9,11.20814326018867,0,0,0,1,0,0,0,0,0,0,0,0,0,0,0,0,0,0,0,0,0,0,1,0,0,0,0,0,0,0,0,0,0,0,0,0,0,0,0,0,0,0,0,1,0,0,0,0,0,1,1.0
1je45oe,0.042,0.19,0.167,0.771,0.062,-0.9911,341,12.161744961471694,8,17,0,13,0,1,0,0,0,0,0,0,0,0,2,3,0,0,0,0,0,1,2,1,6,6,14,0,0,0,0,0,0,0,0,1,0,0,0,3,0,0,26,29,5,2,5,0,0,704,0.7099999785423279
1je4gcm,0.029,0.04,0.005,0.851,0.144,0.9929,329,10.914260884657427,3,13,0,6,0,0,0,0,0,0,0,0,0,0,0,5,0,0,0,0,0,0,6,11,5,7,3,0,0,1,0,0,0,0,0,1,0,0,0,2,0,0,3,19,3,1,6,0,0,0,0.3100000023841858
1je4yy8,0.022,0.018,0.0,1.0,0.0,0.0,8,13.023866798666859,0,0,0,0,0,0,0,0,0,0,0,0,0,0,0,0,0,0,0,0,0,0,0,0,0,0,0,0,0,0,0,0,0,0,0,0,0,0,0,0,0,0,1,1,0,0,0,0,0,1,1.0
1je53gb,0.025,0.125,0.226,0.774,0.0,-0.4442,11,3.1291,0,0,0,1,0,0,0,0,0,0,0,0,0,0,0,0,0,0,0,0,0,0,0,2,0,0,1,0,0,0,0,0,0,0,0,0,0,0,0,0,0,0,0,3,0,0,1,0,0,1,1.0
1je57kl,0.067,0.523,0.0,1.0,0.0,0.0,7,11.20814326018867,0,0,0,0,0,0,0,0,0,0,0,0,0,0,0,0,0,0,0,0,0,0,0,0,0,0,1,0,0,0,0,0,0,0,0,0,0,0,0,0,0,0,0,1,0,0,0,0,0,1,1.0
1je598q,0.126,0.11,0.074,0.875,0.051,-0.4565,121,12.28987398476788,2,6,0,4,0,0,0,0,0,0,0,0,0,0,2,1,0,0,0,0,0,1,7,0,1,2,2,0,0,0,0,0,0,0,0,0,0,0,1,2,0,0,7,15,1,1,2,0,0,0,0.4099999964237213
1je5pre,0.215,0.28,0.135,0.767,0.097,-0.9688,427,13.348371206891418,4,31,0,6,0,0,0,0,0,0,0,0,0,0,10,2,0,1,1,0,0,0,3,9,12,10,17,0,0,1,0,0,1,0,0,0,0,0,0,3,0,0,16,29,3,3,9,0,0,0,0.3199999928474426
1je5qtd,0.047,0.414,0.143,0.721,0.137,-0.347,196,16.084390811093357,2,12,0,5,0,0,0,0,0,0,0,0,0,0,1,1,0,0,0,0,0,0,2,0,3,11,9,1,0,0,0,0,0,0,0,0,0,0,0,3,0,0,24,22,3,0,6,1,0,558,0.8500000238418579
1je6ain,0.188,0.038,0.116,0.689,0.195,0.983,279,15.688483145680365,3,14,0,9,0,0,0,0,0,0,0,0,0,0,0,3,0,0,0,0,0,2,6,0,6,15,13,0,3,1,1,0,0,0,0,0,0,0,1,1,0,0,8,25,3,2,6,1,0,82,0.7599999904632568
1je6jay,0.032,0.042,0.112,0.735,0.152,0.9641,357,14.50157373656624,0,0,0,0,0,0,0,0,0,0,0,0,0,0,1,1,0,0,0,0,0,1,3,0,1,22,13,0,0,0,0,0,0,0,0,0,0,0,0,0,0,0,61,14,0,1,0,0,0,0,0.10000000149011612
1je6vxb,0.075,0.063,0.166,0.738,0.096,-0.9741,285,13.747043046817236,1,17,0,2,0,0,0,0,0,0,0,0,0,0,1,0,0,0,0,0,0,0,3,10,8,9,10,0,0,0,1,0,0,0,0,0,0,0,0,0,0,0,24,22,0,1,7,1,0,0,0.4099999964237213
1je73if,0.047,0.069,0.152,0.76,0.088,-0.9806,340,15.705129121369687,4,15,0,6,0,0,0,0,0,0,0,0,0,0,2,3,0,1,1,1,0,4,6,1,3,8,23,0,2,2,3,1,1,0,0,0,0,0,0,1,0,0,25,23,2,2,7,3,0,0,0.3799999952316284
1je75xu,0.054,0.186,0.157,0.809,0.034,-0.9945,359,14.464979459706687,2,16,0,10,0,1,0,0,0,0,0,0,0,0,1,4,0,0,0,0,0,0,4,0,3,4,19,0,2,1,0,0,0,0,0,0,0,0,1,2,0,0,33,25,2,2,6,1,1,1751,0.8100000023841858
1je7f3v,0.123,0.201,0.0,1.0,0.0,0.0,10,15.903189008614273,0,0,0,0,0,0,0,0,0,0,0,0,0,0,0,0,0,0,0,0,0,0,0,0,0,0,1,0,0,0,0,0,0,0,0,0,0,0,0,0,0,0,2,2,0,0,0,0,0,1,1.0
1je7g6w,0.576,0.216,0.155,0.717,0.129,-0.9818,680,13.342107478931261,9,36,1,10,0,3,0,0,0,0,0,0,0,0,0,7,0,0,3,0,0,18,2,3,9,34,41,0,0,1,0,2,3,0,0,3,0,0,2,2,0,0,21,30,5,9,7,1,2,0,0.27000001072883606
1je7gb0,0.114,0.169,0.085,0.85,0.065,-0.6838,220,13.023866798666859,5,9,0,2,0,0,0,0,0,0,0,0,0,0,0,2,0,0,0,0,0,3,1,1,8,5,7,0,0,0,0,0,0,0,0,0,0,0,1,2,0,0,14,21,4,2,3,1,1,2,1.0
1je7n2u,0.076,0.216,0.161,0.736,0.103,-0.974,358,19.083932058031824,0,12,1,3,0,0,0,0,0,0,0,0,0,0,1,0,0,0,0,0,0,0,0,6,6,10,24,0,1,0,0,0,0,0,0,0,0,0,1,1,0,0,18,17,1,6,0,0,0,303,0.8899999856948853
1je7nqb,0.052,0.399,0.118,0.751,0.131,-0.0032,127,9.827888789773866,4,11,1,0,0,0,0,0,0,0,0,0,0,0,0,1,0,0,0,0,0,1,2,0,3,6,5,0,0,0,0,0,0,0,0,0,0,0,0,2,0,0,3,15,2,0,4,0,1,0,0.25
1je8u3w,0.024,0.12,0.113,0.789,0.098,-0.6406,366,10.436869588844216,5,28,1,14,0,0,0,0,0,0,1,0,0,0,1,4,0,2,0,0,0,0,8,6,12,12,11,0,3,0,3,0,0,0,0,1,2,0,0,4,0,0,4,24,4,2,8,2,0,0,0.4399999976158142
1je8uht,0.031,0.134,0.162,0.781,0.057,-0.9538,134,9.725611199111238,1,4,0,3,0,0,0,0,0,0,0,0,0,0,0,3,0,0,0,0,0,0,9,1,6,3,8,0,0,5,2,0,0,0,0,0,0,0,1,1,0,0,0,15,3,1,2,3,2,13,0.7099999785423279
1je8wn1,0.032,0.038,0.083,0.805,0.112,0.4329,147,12.857556352371635,1,11,0,1,0,0,0,0,0,0,0,0,0,0,1,1,0,0,0,0,0,3,1,0,0,5,4,0,0,0,0,0,2,0,0,0,0,0,1,0,0,0,1,15,1,2,1,1,0,0,0.4000000059604645
1je8xtd,0.116,0.378,0.085,0.69,0.225,0.9834,182,8.575989854853784,1,12,0,2,0,2,0,0,0,0,0,0,0,0,3,3,0,0,0,0,0,0,11,0,2,10,5,0,1,0,2,0,0,0,0,0,0,0,2,7,0,0,0,15,6,0,5,2,1,0,0.10999999940395355
1je8z44,0.256,0.169,0.171,0.623,0.206,-0.2617,108,13.484332010920856,0,3,0,6,0,0,0,0,0,0,0,0,0,0,1,1,0,0,0,0,0,3,4,0,5,4,8,0,0,0,0,0,1,0,0,0,0,0,0,0,0,0,5,10,0,1,1,1,0,0,0.3799999952316284
1je9410,0.033,0.018,0.0,1.0,0.0,0.0,5,13.023866798666859,0,0,0,0,0,0,0,0,0,0,0,0,0,0,0,0,0,0,0,0,0,0,0,0,0,0,0,0,0,0,0,0,0,0,0,0,0,0,0,0,0,0,0,1,0,0,0,0,0,1,1.0
1je94ey,0.05,0.11,0.1,0.831,0.069,-0.6335,147,16.887214914478655,1,7,0,3,0,0,0,0,0,0,0,0,0,0,0,2,0,0,0,0,1,1,9,0,1,5,5,0,2,0,2,0,0,0,0,0,0,0,1,1,0,0,10,21,2,2,3,0,1,29,0.6200000047683716
1je94ru,0.547,0.132,0.046,0.921,0.033,-0.4939,163,14.554592549557764,1,11,0,4,0,0,0,0,0,0,0,0,0,0,0,0,0,0,0,0,0,2,2,0,12,1,4,0,1,0,1,0,0,0,0,0,0,0,0,2,0,0,12,16,2,1,4,1,0,282,0.7200000286102295
1je9s99,0.031,0.017,0.0,1.0,0.0,0.0,4,3.1291,0,0,0,0,0,0,0,0,0,0,0,0,0,0,0,0,0,0,0,0,0,0,0,0,0,0,0,0,0,0,0,0,0,0,0,0,0,0,0,0,0,0,0,2,0,0,0,0,0,1,1.0
1je9u55,0.032,0.052,0.058,0.835,0.107,0.9948,928,9.43580112360654,14,46,0,19,0,7,0,0,0,0,0,0,1,0,9,6,0,0,1,0,0,8,72,7,32,27,23,0,0,0,1,0,0,0,0,2,0,0,0,3,0,0,32,41,4,2,19,2,2,40,0.6399999856948853
1jea8ih,0.044,0.113,0.052,0.827,0.121,0.8817,217,11.698219412168324,4,13,0,4,0,0,0,0,0,0,0,0,0,0,2,1,0,0,0,0,0,3,11,0,7,14,5,0,2,1,4,0,0,0,0,0,0,0,1,3,0,0,12,18,4,1,8,2,1,0,0.20000000298023224
1jeal6x,0.059,0.017,0.0,1.0,0.0,0.0,4,8.841846274778883,0,0,0,0,0,0,0,0,0,0,0,0,0,0,0,0,0,0,0,0,0,0,0,0,0,0,0,0,0,0,0,0,0,0,0,0,0,0,0,0,0,0,0,1,0,0,0,0,0,1,1.0
1jeanbh,0.183,0.737,0.194,0.667,0.139,-0.8689,97,12.161744961471694,0,5,3,0,0,0,0,0,0,0,0,0,0,0,0,0,0,0,0,0,0,0,2,0,8,6,11,0,0,0,0,1,0,0,0,0,0,0,0,1,0,0,0,7,1,0,0,0,0,0,0.10000000149011612
1jeaphq,0.541,0.481,0.157,0.782,0.061,-0.9625,186,13.187427743715652,3,11,0,5,0,0,0,0,0,0,0,0,0,0,2,1,0,0,0,0,1,0,2,2,4,1,13,0,0,0,0,0,0,0,0,0,0,0,1,0,0,0,9,21,2,0,1,0,0,0,0.12999999523162842
1jearc7,0.015,0.111,0.206,0.794,0.0,-0.3818,11,11.20814326018867,0,0,0,0,0,0,0,0,0,0,0,0,0,0,0,0,0,0,0,0,0,0,0,0,0,0,1,0,0,0,0,0,0,0,0,0,0,0,1,0,0,0,2,2,1,0,0,0,0,1,1.0
1jeaxzq,0.045,0.114,0.093,0.834,0.072,-0.9132,549,12.38480682065935,4,53,0,11,0,3,0,0,0,0,0,0,0,0,2,3,0,0,0,0,1,2,5,1,35,15,19,0,0,0,2,0,0,0,0,0,0,0,0,1,0,0,8,28,4,3,6,2,0,343,0.6700000166893005
1jebcwu,0.124,0.444,0.3,0.7,0.0,-0.4588,8,3.1291,0,0,0,0,0,0,0,0,0,0,0,0,0,0,0,0,0,0,0,0,0,0,0,0,0,0,1,0,0,0,0,0,0,0,0,0,0,0,0,0,0,0,0,1,0,0,0,0,0,24,0.7200000286102295
1jec10s,0.091,0.337,0.071,0.794,0.134,0.9569,234,11.578365685549247,1,12,0,3,0,0,0,0,0,0,0,0,0,0,1,0,1,0,0,0,0,4,6,0,10,7,8,0,0,0,2,1,1,0,0,1,0,0,0,2,0,0,6,16,1,7,8,1,0,122,0.7200000286102295
1jecx0s,0.13,0.024,0.0,1.0,0.0,0.0,7,8.841846274778883,0,0,0,0,0,0,0,0,0,0,0,0,0,0,0,0,0,0,0,0,0,0,0,0,0,0,0,0,0,0,0,0,0,0,0,0,0,0,0,0,0,0,2,0,0,0,0,0,0,1,1.0
1jed2sk,0.023,0.156,0.28,0.628,0.092,-0.7096,15,11.20814326018867,0,1,0,0,0,0,0,0,0,0,0,0,0,0,0,1,0,0,0,0,0,0,0,0,0,1,2,0,0,0,0,0,0,0,0,0,0,0,0,0,0,0,2,3,1,0,0,0,0,1,1.0
1jed9ox,0.03,0.201,0.153,0.806,0.041,-0.9633,129,10.864195022040775,2,8,0,3,0,0,0,0,0,0,0,0,0,1,1,2,0,0,0,0,0,0,5,3,0,5,6,0,0,1,2,0,0,0,0,0,0,0,0,2,0,0,8,15,2,0,1,2,1,0,0.46000000834465027
1jeddva,0.024,0.016,0.318,0.682,0.0,-0.4063,10,8.841846274778883,0,0,0,1,0,0,0,0,0,0,0,0,0,0,0,0,0,0,0,0,0,0,1,0,0,0,0,0,0,0,0,0,0,0,0,0,0,0,0,0,0,0,0,0,0,0,0,0,0,1,1.0
1jede54,0.455,0.711,0.081,0.795,0.124,0.9333,384,10.621296500359556,1,25,6,12,0,3,0,0,0,0,0,0,0,0,1,4,0,0,0,0,2,2,22,5,10,14,13,0,0,0,3,1,0,0,0,0,0,0,5,9,0,0,31,25,2,3,4,2,1,0,0.23000000417232513
1jedeo1,0.026,0.054,0.249,0.683,0.067,-0.9988,495,12.68835289967788,2,42,0,27,0,1,0,0,0,0,0,0,0,0,1,5,0,0,0,0,0,2,8,12,3,16,51,0,0,2,2,0,2,0,0,3,0,0,0,4,0,0,1,18,2,4,8,2,2,0,0.5
1jedfhn,0.056,0.711,0.199,0.68,0.121,-0.9556,166,24.88258972004262,0,10,0,3,0,0,0,0,0,0,0,0,0,0,1,0,0,0,0,0,0,1,1,3,7,7,18,0,1,1,1,0,0,0,0,0,0,0,0,0,0,0,5,17,2,1,2,0,0,1785,0.7200000286102295
1jedrij,0.053,0.023,0.0,1.0,0.0,0.0,6,8.841846274778883,0,0,0,0,0,0,0,0,0,0,0,0,0,0,0,0,0,0,0,0,0,0,0,0,0,0,0,0,0,0,0,0,0,0,0,0,0,0,0,0,0,0,2,1,0,0,0,0,0,1,1.0
1jeeazk,0.071,0.018,0.0,0.714,0.286,0.765,22,19.287186520377343,1,1,0,0,0,0,0,0,0,0,0,0,0,0,0,0,0,0,0,0,0,0,0,0,0,3,0,0,0,0,0,0,0,0,0,0,0,0,0,0,0,0,0,3,1,1,1,0,0,1,1.0
1jeerv5,0.251,0.051,0.124,0.876,0.0,-0.34,18,11.20814326018867,0,2,0,0,0,0,0,0,0,0,0,0,0,0,0,0,0,0,0,0,0,0,0,0,0,0,1,0,0,0,0,0,0,0,0,0,0,0,0,0,0,0,3,2,1,0,0,0,0,1,1.0
1jeey2r,0.564,0.067,0.147,0.853,0.0,-0.6124,31,15.903189008614273,1,0,0,1,0,0,0,0,0,0,0,0,0,0,0,0,0,0,0,0,0,0,0,6,0,0,1,0,0,0,0,0,0,0,0,0,0,0,0,0,0,0,1,4,0,0,1,0,0,1,1.0
1jefakh,0.068,0.022,0.0,1.0,0.0,0.0,6,8.841846274778883,0,0,0,0,0,0,0,0,0,0,0,0,0,0,0,0,0,0,0,0,0,0,0,0,0,0,1,0,0,0,0,0,0,0,0,0,0,0,0,0,0,0,0,1,0,0,0,0,0,1,1.0
1jefd74,0.296,0.11,0.083,0.733,0.184,0.9661,166,13.731508374201276,3,11,0,7,0,0,0,0,0,0,0,0,0,0,0,5,0,0,0,0,0,0,1,0,11,4,9,0,0,1,0,0,0,0,0,0,0,0,1,4,0,0,1,15,2,3,5,1,0,63,0.550000011920929
1jeg8av,0.064,0.094,0.189,0.731,0.08,-0.9994,1075,13.603960422080522,9,50,0,38,0,0,0,0,0,0,0,0,0,0,2,12,0,0,0,0,0,1,0,0,3,31,68,0,0,0,0,0,2,0,0,2,0,0,1,5,0,0,188,41,4,18,10,0,2,545,0.8299999833106995
1jegcr7,0.021,0.123,0.115,0.742,0.143,0.9689,667,15.59284089910409,10,34,0,5,0,3,0,0,0,0,0,0,0,0,2,8,0,0,0,0,0,6,6,3,35,43,28,0,0,1,0,0,0,0,0,1,0,0,0,5,0,0,81,37,4,10,2,3,1,68,0.5799999833106995
1jegkin,0.042,0.485,0.033,0.943,0.024,-0.2952,131,13.023866798666859,0,4,1,2,0,0,0,0,0,0,0,0,0,0,4,1,0,0,0,0,0,0,4,1,5,2,5,0,1,0,3,0,0,0,0,0,0,0,0,0,0,0,14,17,2,0,0,3,0,0,0.4099999964237213
1jegni6,0.02,0.025,0.0,0.813,0.187,0.3182,11,11.20814326018867,0,0,0,0,0,0,0,0,0,0,0,0,0,0,0,0,0,0,0,0,0,0,0,0,0,1,0,0,0,0,0,0,0,0,0,0,0,0,0,0,0,0,0,0,0,0,0,0,0,1,0.6000000238418579
1jegnxq,0.068,0.024,0.0,1.0,0.0,0.0,8,11.20814326018867,0,0,0,0,0,0,0,0,0,0,0,0,0,0,0,0,0,0,0,0,0,0,0,0,0,0,0,0,0,0,0,0,0,0,0,0,0,0,0,0,0,0,1,0,0,0,0,0,0,1,1.0
1jegqro,0.025,0.009,0.0,0.833,0.167,0.8555,56,14.191785591663535,0,2,0,0,0,0,0,0,0,0,0,0,0,0,0,0,0,0,0,0,0,0,0,0,0,1,0,0,0,0,0,0,0,0,0,0,0,0,0,0,0,0,1,7,0,1,2,0,0,0,0.5
1jegxjx,0.053,0.104,0.123,0.756,0.122,-0.3092,335,12.360288348925252,3,17,2,7,0,1,0,0,0,0,0,0,0,0,0,5,0,0,1,0,0,0,2,14,9,13,19,0,0,0,0,0,0,0,0,1,0,0,0,2,0,0,11,18,2,5,7,0,0,0,0.44999998807907104
1jegz2x,0.031,0.031,0.019,0.871,0.11,0.8555,106,13.25671669890799,0,4,0,2,0,0,0,0,0,0,0,0,0,0,0,0,0,0,0,0,0,0,0,0,0,1,0,0,0,0,0,0,0,0,0,0,0,0,0,0,0,0,2,13,0,1,2,0,0,0,0.23000000417232513
1jeh3iy,0.39,0.29,0.157,0.748,0.095,-0.7757,171,12.24349002098031,2,7,0,7,1,1,0,0,0,0,0,0,0,0,0,1,0,0,0,0,0,0,2,3,8,8,8,0,0,1,0,1,0,0,0,1,0,0,0,2,0,0,9,13,2,1,1,0,0,0,0.41999998688697815
1jehj1z,0.018,0.029,0.0,1.0,0.0,0.0,11,11.20814326018867,0,0,0,0,0,0,0,0,0,0,0,0,0,0,0,0,0,0,0,0,0,0,2,0,0,1,0,0,0,0,0,0,0,0,0,0,0,0,0,0,0,0,1,0,0,0,0,0,0,1,1.0
1jehqka,0.032,0.046,0.281,0.629,0.09,-0.9926,184,13.747043046817236,2,11,0,7,0,0,0,0,0,0,0,0,0,0,0,0,0,0,0,0,0,0,0,8,1,9,20,0,1,0,0,0,0,0,0,0,0,0,0,1,0,0,2,16,1,6,2,0,0,0,0.17000000178813934
1jeie0n,0.054,0.378,0.094,0.801,0.106,0.0544,160,31.692831373894414,0,7,0,3,0,0,0,0,0,0,0,0,0,0,0,0,0,0,0,0,0,1,2,1,8,6,4,0,0,0,0,0,0,0,0,1,0,0,0,1,0,0,3,13,0,0,8,0,0,14,0.5899999737739563
1jeilde,0.028,0.111,0.185,0.815,0.0,-0.3612,12,13.023866798666859,0,1,0,1,0,0,0,0,0,0,0,0,0,0,0,0,0,0,0,0,0,0,0,0,0,1,1,0,0,0,0,0,0,0,0,0,0,0,0,0,0,0,0,0,0,0,0,0,0,1,1.0
1jeimag,0.254,0.439,0.231,0.769,0.0,-0.2732,8,3.1291,0,0,0,0,0,0,0,0,0,0,0,0,0,0,0,0,0,0,0,0,0,0,0,0,0,0,1,0,0,0,0,0,0,0,0,0,0,0,0,0,0,0,1,1,0,0,0,0,0,1,1.0
1jeipov,0.051,0.06,0.079,0.777,0.144,0.9646,248,13.81666964889586,0,8,0,6,0,0,0,0,0,0,0,0,0,0,0,6,0,0,0,0,0,1,4,0,10,10,6,0,0,0,1,0,0,0,0,0,0,0,2,2,0,0,3,22,3,0,4,0,1,0,0.23999999463558197
1jekur9,0.275,0.427,0.375,0.625,0.0,-0.5859,10,3.1291,0,0,0,0,0,0,0,0,0,0,0,0,0,0,0,0,0,0,0,0,0,0,0,0,0,0,2,0,0,0,0,0,0,0,0,0,0,0,0,0,0,0,1,2,0,0,0,0,0,1,1.0
1jekv05,0.301,0.099,0.0,0.539,0.461,0.9136,21,13.023866798666859,0,0,0,0,0,0,0,0,0,0,0,0,0,0,0,0,0,0,0,0,0,0,0,0,1,2,0,0,0,0,0,0,0,0,0,0,0,0,0,0,0,0,1,5,1,0,0,0,0,1,1.0
1jel2bq,0.07,0.24,0.153,0.752,0.095,-0.9847,381,10.899274998029323,1,20,0,12,0,0,0,1,0,0,0,0,0,0,2,1,0,1,1,0,0,8,13,9,6,14,13,0,1,0,2,0,1,0,0,3,0,0,1,3,0,0,7,27,3,6,13,2,1,0,0.3100000023841858
1jel395,0.054,0.255,0.266,0.734,0.0,-0.5598,11,11.20814326018867,0,0,0,0,0,0,0,0,0,0,0,0,0,0,0,0,0,0,0,0,0,0,0,0,0,0,1,0,0,0,0,0,0,0,0,0,0,0,0,0,0,0,0,4,0,0,0,0,0,1,1.0
1jelku6,0.042,0.114,0.136,0.705,0.158,0.9746,656,16.854830134578368,6,51,0,24,1,0,0,0,0,0,0,0,0,1,5,3,0,0,0,0,0,15,4,9,1,24,40,0,0,0,0,0,0,0,0,1,0,0,0,4,0,0,12,43,3,12,15,1,0,62,0.8199999928474426
1jelymo,0.083,0.077,0.169,0.725,0.106,-0.7394,108,10.980518767755715,0,7,0,2,0,0,0,0,0,0,0,0,0,0,0,2,0,0,0,0,0,0,2,0,2,6,5,0,0,0,0,0,0,0,0,0,0,0,1,0,0,0,4,15,1,2,0,2,0,0,0.20000000298023224
1jelza4,0.156,0.394,0.099,0.783,0.119,0.5822,120,15.247664890283005,5,8,0,3,0,0,0,0,0,0,0,0,0,0,0,0,0,0,0,0,0,3,0,0,1,6,4,0,0,0,0,0,2,0,0,1,0,0,0,0,0,0,12,8,1,3,5,0,0,87,0.5899999737739563
1jema5b,0.023,0.022,0.0,0.656,0.344,0.6369,9,8.841846274778883,0,0,0,0,0,0,0,0,0,0,0,0,0,0,0,0,0,0,0,0,0,0,0,0,0,1,0,0,0,0,0,0,0,0,0,0,0,0,0,0,0,0,0,3,0,0,0,0,0,1,1.0
1jenaqm,0.031,0.046,0.0,0.892,0.108,0.9562,169,19.287186520377343,2,25,0,4,0,0,0,0,0,0,0,0,0,0,0,0,0,0,0,0,0,0,5,2,0,6,5,0,0,0,3,0,0,0,0,0,0,0,0,0,0,0,1,14,2,3,2,0,0,9,0.5799999833106995
1jenwqs,0.527,0.325,0.102,0.815,0.083,-0.6023,186,12.161744961471694,4,10,0,4,0,0,0,0,0,0,0,0,0,0,0,2,0,0,0,0,0,3,4,0,4,7,8,0,0,0,0,0,0,0,0,0,0,0,0,2,0,0,18,12,5,4,6,1,0,2,1.0
1jeo2bg,0.021,0.048,0.0,1.0,0.0,0.0,12,8.841846274778883,0,0,0,0,0,0,0,0,0,0,0,0,0,0,0,0,0,0,0,0,0,0,0,0,0,2,0,0,0,0,0,0,0,0,0,1,0,0,0,0,0,0,0,3,0,0,0,0,0,1,1.0
1jeodkp,0.205,0.202,0.043,0.771,0.186,0.9985,562,11.362043627235082,16,40,0,21,0,3,0,0,0,0,0,0,1,1,0,9,1,1,0,0,0,0,17,19,9,25,9,0,0,0,4,1,0,0,0,0,0,0,1,4,0,0,3,33,6,7,10,3,0,0,0.3700000047683716
1jeojwh,0.024,0.099,0.0,0.735,0.265,0.5574,11,14.554592549557764,0,0,0,0,0,0,0,0,0,0,0,0,0,0,0,0,0,0,0,0,0,0,0,0,0,1,0,0,0,0,0,0,0,0,0,0,0,0,0,1,0,0,0,2,0,0,0,0,0,1,1.0
1jep0d3,0.024,0.06,0.094,0.785,0.121,0.6819,213,13.023866798666859,0,17,0,2,0,0,0,0,0,0,0,0,0,0,3,3,0,0,0,0,0,0,4,0,11,11,7,0,0,2,0,0,0,0,0,0,0,0,1,0,0,0,12,21,1,2,1,3,0,579,0.949999988079071
1jepko2,0.166,0.603,0.083,0.793,0.124,0.9925,908,15.062637766997835,18,52,2,16,0,0,0,0,0,0,0,0,0,0,10,4,1,0,0,0,0,3,12,2,24,35,63,1,2,3,4,0,1,0,0,0,0,0,3,13,0,0,21,43,8,4,14,3,2,0,0.27000001072883606
1jeplk4,0.026,0.03,0.051,0.781,0.167,0.9648,196,14.138980108339055,0,13,0,10,0,0,0,0,0,0,0,0,0,0,5,1,1,0,0,0,0,0,8,5,3,10,4,0,1,0,0,0,0,0,0,0,0,0,0,1,0,0,1,23,3,1,2,1,0,0,0.12999999523162842
1jeppz5,0.032,0.071,0.129,0.84,0.03,-0.938,140,14.138980108339055,0,6,0,4,0,1,0,0,0,0,0,0,0,0,0,0,0,0,0,0,0,1,1,0,4,2,5,0,0,0,0,0,0,0,0,0,0,0,1,0,0,0,2,19,2,0,0,1,0,21,0.6100000143051147
1jeq5bb,0.615,0.378,0.131,0.777,0.092,-0.9404,262,15.172626615295595,1,11,0,3,0,0,0,0,0,0,0,0,0,0,1,3,0,0,0,0,0,2,7,0,5,7,14,0,1,0,1,0,1,0,0,0,0,0,1,1,0,0,39,21,3,0,3,1,0,3173,0.7900000214576721
1jeq664,0.269,0.098,0.048,0.841,0.112,0.9608,344,10.621296500359556,4,27,0,14,0,1,0,0,0,0,0,0,0,0,1,2,0,0,0,0,1,6,6,4,17,10,7,0,0,0,0,0,0,0,0,0,0,0,1,1,0,0,8,20,4,4,11,0,0,0,0.47999998927116394
1jeq8eh,0.017,0.046,0.167,0.833,0.0,-0.34,13,8.841846274778883,0,0,0,1,0,0,0,0,0,0,0,0,0,0,0,0,0,0,0,0,0,0,0,0,0,0,1,0,0,0,0,0,0,0,0,0,0,0,0,0,0,0,3,3,0,0,0,0,0,1,1.0
1jeqgjg,0.069,0.016,0.038,0.861,0.102,0.8892,194,11.855464076750408,6,9,0,2,0,0,0,0,0,0,0,0,0,0,0,1,0,0,0,0,0,2,0,0,2,5,5,0,0,0,0,0,0,0,0,0,0,0,0,1,0,0,14,22,1,1,7,0,0,2,0.5799999833106995
1jeqk9z,0.022,0.027,0.037,0.765,0.198,0.9873,218,14.005844860021309,0,15,0,11,0,0,0,0,0,0,0,0,0,0,6,1,1,0,0,0,0,0,10,5,4,14,3,0,0,0,1,0,0,0,0,0,0,0,0,1,0,0,1,23,3,2,2,1,0,1,0.5600000023841858
1jeqqci,0.033,0.045,0.0,0.855,0.145,0.1779,11,8.841846274778883,1,0,0,0,0,0,0,0,0,0,0,0,0,0,0,0,0,0,0,0,0,0,1,1,0,0,0,0,0,0,0,0,0,0,0,0,0,0,0,0,0,0,0,2,0,0,1,0,0,1,1.0
1jercbp,0.042,0.15,0.104,0.832,0.064,-0.9327,316,12.214722805548657,9,19,0,3,0,2,0,0,0,0,1,0,0,0,2,3,0,1,0,0,0,1,16,1,10,7,20,0,0,0,0,0,1,0,0,1,0,0,2,1,0,0,11,28,4,1,1,0,3,0,0.41999998688697815
1jere57,0.03,0.044,0.062,0.713,0.225,0.9753,118,11.765960540728905,0,5,0,4,0,0,0,0,0,0,0,0,0,0,1,5,0,0,0,0,0,0,9,0,1,11,3,0,0,0,2,0,0,0,0,0,0,0,0,2,0,0,14,14,3,1,1,1,0,0,0.3499999940395355
1jerfin,0.049,0.05,0.006,0.92,0.074,0.9335,198,14.790194502661404,2,9,0,5,0,0,0,0,0,0,0,0,0,0,0,2,0,0,1,0,0,4,8,1,3,4,1,0,0,0,2,0,0,0,0,0,0,0,1,2,0,0,3,18,2,5,3,0,0,343,0.9300000071525574
1jerm5r,0.055,0.398,0.184,0.746,0.07,-0.9973,544,16.32212239822248,5,37,2,11,0,1,0,0,0,0,0,0,0,0,6,5,0,0,1,0,0,2,2,33,16,10,35,0,0,0,1,0,0,0,0,1,0,0,1,4,0,0,8,28,5,3,4,1,0,0,0.47999998927116394
1jesw2k,0.031,0.661,0.096,0.799,0.105,0.0403,108,8.238735603445708,1,8,1,4,0,0,0,0,0,0,0,0,0,0,0,0,0,0,0,0,0,3,2,0,8,5,3,0,0,1,0,0,0,0,0,0,0,0,1,2,0,0,9,12,3,2,4,2,1,0,0.47999998927116394
1jeswnm,0.124,0.09,0.091,0.826,0.083,-0.0772,30,13.023866798666859,0,1,0,0,0,1,0,0,0,0,0,0,0,0,0,0,0,0,0,0,0,0,0,0,0,0,2,0,0,0,0,0,0,0,0,0,0,0,0,0,0,0,3,2,0,0,0,0,0,1,1.0
1jet5dz,0.139,0.074,0.078,0.893,0.029,-0.8181,163,13.383793397009324,3,12,0,4,0,0,0,0,0,0,0,0,0,0,0,1,0,0,0,0,0,0,1,0,6,1,7,0,0,0,0,0,0,0,0,0,0,0,0,1,0,0,8,14,2,1,1,0,0,0,0.4000000059604645
1jetk98,0.044,0.298,0.065,0.813,0.122,0.9799,390,17.74463917768843,3,19,0,10,0,0,0,0,0,0,0,0,0,0,1,3,0,0,0,0,0,1,9,0,10,24,25,0,1,1,2,0,0,0,0,2,0,0,1,3,0,0,21,27,3,6,4,3,0,0,0.36000001430511475
1jetoy9,0.027,0.061,0.0,0.859,0.141,0.3182,15,3.1291,0,0,0,0,0,1,0,0,0,0,0,0,0,0,0,0,0,0,0,0,1,0,2,1,0,0,0,0,0,0,0,0,0,0,0,0,0,0,0,0,0,0,1,2,0,0,0,0,0,1,1.0
1jeuchm,0.141,0.185,0.21,0.79,0.0,-0.3384,10,3.1291,1,0,0,0,0,0,0,0,0,0,0,0,0,0,0,0,0,0,0,0,0,0,0,0,0,0,1,0,0,0,0,0,0,0,0,0,0,0,0,0,0,0,1,0,0,0,1,0,0,1,1.0
1jeujkt,0.857,0.427,0.212,0.681,0.108,-0.9856,222,10.65027996061788,2,9,3,2,0,1,2,0,0,0,0,0,0,0,0,0,0,0,0,0,0,0,3,6,5,5,22,0,0,0,1,0,0,0,0,0,0,0,1,1,0,0,8,16,3,1,2,1,0,44,0.7300000190734863
1jeuqgi,0.145,0.15,0.1,0.824,0.076,-0.8767,271,13.160352788161607,3,23,1,9,0,0,0,0,0,0,0,0,0,0,4,1,0,0,0,0,0,0,8,4,9,7,21,0,2,0,3,0,0,0,0,0,0,0,1,1,0,0,9,21,4,2,11,1,2,92,0.5400000214576721
1jeux95,0.273,0.237,0.377,0.569,0.053,-0.8126,17,13.023866798666859,1,1,0,2,0,0,0,0,0,0,0,0,0,0,0,0,0,0,0,0,0,0,1,0,0,0,1,0,1,0,1,0,0,0,0,0,0,0,0,0,0,0,1,2,0,0,0,1,0,1,1.0
1jeuy5m,0.185,0.238,0.377,0.569,0.053,-0.8126,17,13.023866798666859,1,1,0,2,0,0,0,0,0,0,0,0,0,0,0,0,0,0,0,0,0,0,1,0,0,1,0,0,0,0,0,0,0,0,0,0,0,0,0,0,0,0,1,2,0,0,0,1,0,1,1.0
1jev97s,0.212,0.152,0.113,0.781,0.107,-0.6974,263,13.518907172268552,1,23,0,2,0,0,0,0,0,0,0,0,0,0,0,2,0,0,0,0,0,2,0,0,7,18,15,0,1,0,0,0,0,0,0,0,0,0,0,4,0,0,1,18,3,4,0,0,0,0,0.30000001192092896
1jexedd,0.034,0.146,0.105,0.723,0.172,0.9828,379,12.457975602129121,14,18,0,8,0,0,0,0,0,0,0,0,1,0,3,5,0,1,0,0,0,2,33,0,23,18,16,0,0,1,2,0,0,0,0,2,0,0,6,2,0,0,12,34,4,1,3,2,1,0,0.18000000715255737
1jexiur,0.022,0.082,0.185,0.697,0.118,-0.2263,23,11.20814326018867,0,2,0,0,0,0,0,0,0,0,0,0,0,0,0,0,0,0,0,0,0,0,1,0,0,1,2,0,0,0,0,0,0,0,0,0,0,0,0,0,0,0,1,3,0,0,0,0,0,1,1.0
1jext29,0.239,0.048,0.235,0.765,0.0,-0.4717,11,3.1291,0,1,0,1,0,0,0,0,0,0,0,0,0,0,0,0,0,0,0,0,0,0,0,0,0,0,1,0,0,0,0,0,0,0,0,0,0,0,0,0,0,0,0,0,0,0,0,0,0,1,1.0
1jeymwc,0.07,0.11,0.026,0.871,0.103,0.9308,180,14.836745963215662,2,12,0,5,0,0,0,0,0,0,0,0,0,2,1,0,0,0,3,0,0,0,3,21,3,5,1,0,0,0,0,0,0,0,0,0,0,0,0,1,0,0,3,18,4,3,6,1,0,0,0.3499999940395355
1jeyuxz,0.016,0.07,0.0,0.78,0.22,0.5423,18,14.554592549557764,1,0,0,0,0,0,0,0,0,0,0,0,0,0,0,0,0,0,0,0,0,0,0,0,1,1,1,0,0,0,0,0,0,0,0,0,0,0,0,0,0,0,1,3,0,0,0,0,0,1,1.0
1jeyymi,0.096,0.102,0.0,1.0,0.0,0.0,8,8.841846274778883,0,0,0,1,0,0,0,0,0,0,0,0,0,0,0,0,0,0,0,0,0,0,0,0,0,0,0,0,0,0,0,0,0,0,0,0,0,0,0,0,0,0,0,3,0,0,0,0,0,1,1.0
1jez04k,0.02,0.017,0.318,0.682,0.0,-0.1027,4,3.1291,0,0,0,0,0,0,0,0,0,0,0,0,0,0,0,0,0,0,0,0,0,0,0,0,0,0,0,0,0,0,0,0,0,0,0,0,0,0,0,0,0,0,0,0,0,0,0,0,0,1,1.0
1jez7gc,0.021,0.044,0.218,0.744,0.038,-0.9984,452,10.163272556057116,3,18,7,9,0,0,0,0,0,0,0,0,0,0,6,1,0,0,0,0,0,2,8,4,10,7,39,1,0,0,2,4,1,0,0,2,0,0,1,2,0,0,35,29,5,4,3,1,1,7,0.5799999833106995
1jezb7i,0.138,0.202,0.079,0.697,0.225,0.9897,202,12.457975602129121,0,13,1,5,0,1,0,0,0,0,0,0,0,0,3,1,0,0,0,0,0,7,4,0,5,19,8,0,1,0,4,0,0,0,0,0,0,0,3,1,0,0,7,18,4,3,3,3,0,237,0.8299999833106995
1jezdo7,0.023,0.113,0.138,0.754,0.108,-0.8802,259,12.38480682065935,5,29,1,11,0,0,0,0,0,0,0,0,0,0,4,4,0,0,0,0,0,0,18,6,9,9,14,0,0,0,5,0,0,0,0,1,0,0,1,1,0,0,1,25,4,0,5,2,1,19,0.7799999713897705
1jezvrd,0.095,0.203,0.158,0.725,0.117,-0.9808,423,12.278803558989836,5,23,0,10,0,0,0,0,0,0,0,0,0,0,3,1,0,0,0,0,0,9,6,0,11,14,22,0,0,0,1,0,0,0,0,2,0,0,1,0,0,0,18,28,5,3,7,1,0,10,0.5600000023841858
1jf1020,0.047,0.051,0.206,0.794,0.0,-0.3875,16,8.841846274778883,0,2,0,3,0,0,0,0,0,0,0,0,0,0,0,0,0,0,0,0,0,0,0,0,1,0,1,0,0,0,0,0,0,0,0,0,0,0,0,0,0,0,0,3,0,0,0,0,0,1,1.0
1jf1d7e,0.026,0.182,0.07,0.848,0.082,0.6598,312,15.021129683784007,0,18,0,7,0,0,0,0,0,0,0,0,0,0,0,3,0,1,0,0,0,1,4,1,14,12,16,0,0,0,2,0,0,0,0,0,0,0,0,4,0,0,19,23,3,2,1,2,0,493,0.8799999952316284
1jf1fl6,0.19,0.427,0.055,0.824,0.122,0.9071,163,10.9516,1,7,0,2,0,0,0,0,0,0,0,0,0,0,0,2,0,0,0,0,0,0,7,0,1,9,4,0,0,0,0,0,0,0,0,0,0,0,0,2,0,0,5,13,2,1,1,3,0,0,0.10999999940395355
1jf1i2k,0.05,0.255,0.256,0.592,0.152,-0.2923,22,14.554592549557764,0,2,0,1,0,0,0,0,0,0,0,0,0,0,0,0,0,0,0,0,0,0,0,0,1,2,1,0,0,0,0,0,0,0,0,0,0,0,0,0,0,0,1,3,0,0,1,0,0,1,1.0
1jf1i6w,0.028,0.153,0.215,0.785,0.0,-0.6269,16,13.023866798666859,0,1,0,0,0,0,0,0,0,0,0,0,0,0,0,0,0,0,0,0,0,0,0,0,0,0,1,0,0,0,0,0,0,0,0,0,0,0,0,0,0,0,1,4,0,0,0,0,0,1,1.0
1jf1q5n,0.026,0.11,0.048,0.817,0.135,0.9923,456,13.023866798666859,2,22,0,8,0,0,0,0,0,0,0,0,0,0,1,2,0,0,0,0,0,0,1,2,28,8,1,0,0,0,1,1,0,0,0,4,0,0,1,0,0,0,25,24,2,0,8,0,0,24,0.6399999856948853
1jf1t0a,0.221,0.028,0.0,0.906,0.094,0.3612,25,12.161744961471694,1,0,0,0,0,0,0,0,0,0,0,0,0,0,0,0,0,0,0,0,0,0,0,0,0,1,0,0,0,0,0,0,0,0,0,0,0,0,0,0,0,0,3,4,1,0,1,0,0,0,0.5
1jf254d,0.174,0.255,0.088,0.768,0.144,0.9468,311,11.578365685549247,3,13,0,7,0,0,0,0,0,0,0,0,0,0,2,3,0,0,0,0,0,34,1,0,0,13,11,0,0,0,1,0,1,0,0,0,0,0,1,0,0,0,7,25,2,4,2,0,0,0,0.20999999344348907
1jf2als,0.068,0.025,0.0,1.0,0.0,0.0,8,11.20814326018867,0,0,0,0,0,0,0,0,0,0,0,0,0,0,0,0,0,0,0,0,0,0,0,0,0,0,0,0,0,0,0,0,0,0,0,0,0,0,0,0,0,0,0,0,0,0,0,0,0,1,1.0
1jf2azo,0.071,0.121,0.152,0.775,0.073,-0.9982,1008,13.205437297517054,15,51,0,21,0,0,0,0,0,0,0,0,0,0,2,3,0,0,0,0,0,3,5,2,32,48,58,0,0,0,0,1,1,0,0,1,0,0,2,3,0,0,96,42,6,5,29,2,1,615,0.800000011920929
1jf2dj8,0.067,0.157,0.159,0.776,0.065,-0.9966,625,13.895352205467052,16,63,0,12,0,0,0,0,0,0,0,0,0,0,10,11,0,0,0,0,1,14,8,3,5,21,31,0,0,0,2,0,0,0,0,0,0,1,3,2,0,0,11,38,8,7,12,2,1,0,0.27000001072883606
1jf2fjw,0.083,0.508,0.164,0.78,0.057,-0.9432,111,11.491704259439757,0,6,0,0,0,2,0,0,0,0,0,0,0,0,0,0,0,0,0,0,0,0,2,0,5,3,10,0,0,0,1,0,1,0,0,0,0,0,0,1,0,0,1,12,3,1,0,1,0,0,0.1599999964237213
1jf3ao1,0.251,0.053,0.124,0.876,0.0,-0.34,18,11.20814326018867,0,2,0,0,0,0,0,0,0,0,0,0,0,0,0,0,0,0,0,0,0,0,0,0,0,0,1,0,0,0,0,0,0,0,0,0,0,0,0,0,0,0,3,2,1,0,0,0,0,1,1.0
1jf3ftl,0.033,0.061,0.03,0.836,0.133,0.9757,294,12.573866699077325,4,17,0,4,0,0,8,0,0,0,0,0,0,0,0,1,0,0,0,0,0,1,11,0,4,6,11,0,0,1,0,0,0,0,0,2,0,0,0,1,0,0,30,18,3,1,4,1,0,0,0.25
1jf3p6p,0.213,0.099,0.134,0.765,0.101,-0.9746,393,13.333152626285301,6,18,0,10,0,0,0,0,0,0,0,0,0,0,3,4,0,1,0,0,0,14,11,1,3,6,21,0,2,2,6,1,0,0,0,0,0,0,0,2,0,0,39,23,2,2,14,2,1,0,0.3100000023841858
1jf3ul8,0.075,0.069,0.05,0.803,0.146,0.9698,235,16.404322709996244,8,17,0,3,0,0,0,0,0,0,0,0,0,0,1,2,1,0,0,0,0,0,8,4,1,14,6,0,1,0,3,0,0,0,0,0,0,0,1,0,0,0,4,24,4,1,2,2,0,0,0.25
1jf49pq,0.111,0.053,0.0,0.804,0.196,0.6808,25,17.122413403193683,0,0,0,0,0,0,0,0,0,0,0,0,0,0,0,0,0,0,0,0,0,1,0,0,1,3,0,0,0,0,0,0,0,0,0,0,0,0,0,0,0,0,1,3,0,0,1,0,0,1,1.0
1jf4f9o,0.018,0.174,0.069,0.795,0.136,0.9332,221,19.287186520377343,0,15,2,4,0,1,0,0,0,0,0,0,0,0,0,1,0,0,0,0,0,0,14,10,4,8,6,0,0,0,0,0,1,0,0,2,0,0,2,1,0,0,0,18,2,2,3,1,0,0,0.10999999940395355
1jf4h9n,0.103,0.185,0.141,0.769,0.09,-0.9901,528,12.627914446148157,6,24,2,6,0,0,0,0,0,0,0,0,0,0,1,6,0,0,0,0,0,10,6,0,7,20,21,0,0,0,0,0,0,0,0,0,0,0,0,1,0,0,48,32,4,2,1,0,0,0,0.46000000834465027
1jf50ho,0.033,0.022,0.0,1.0,0.0,0.0,7,8.841846274778883,0,0,0,0,0,0,0,0,0,0,0,0,0,0,0,0,0,0,0,0,0,0,0,0,0,0,0,0,0,0,0,0,0,0,0,0,0,0,0,1,0,0,1,2,0,0,0,0,0,1,1.0
1jf51ua,0.34,0.255,0.134,0.811,0.055,-0.9571,199,10.63711953065702,2,6,0,1,0,0,0,0,0,0,0,0,0,0,1,0,0,0,0,0,0,1,1,0,5,5,8,0,0,0,0,0,0,0,0,0,0,0,1,0,0,0,27,12,1,1,2,0,0,0,0.28999999165534973
1jf5f2x,0.036,0.179,0.063,0.896,0.041,-0.5499,110,11.20814326018867,2,6,0,3,0,0,0,0,0,0,0,0,0,0,1,2,0,0,0,0,0,1,0,1,2,0,3,0,0,0,0,0,1,0,0,0,0,0,1,2,0,0,14,16,2,0,1,0,1,0,0.3100000023841858
1jf5okm,0.016,0.01,0.0,1.0,0.0,0.0,7,3.1291,0,0,0,0,0,0,0,0,0,0,0,0,0,0,0,0,0,0,0,0,0,0,0,0,0,0,0,0,0,0,0,0,0,0,0,0,0,0,0,0,0,0,2,0,0,0,0,0,0,0,0.5
1jf5vik,0.015,0.112,0.055,0.882,0.063,0.6808,304,16.827784334635936,4,23,0,4,0,0,0,0,0,0,0,0,0,0,2,6,0,0,2,0,0,1,11,2,2,3,4,0,0,4,1,0,0,0,0,0,0,0,0,3,0,0,8,26,1,2,3,6,0,0,0.17000000178813934
1jf5vla,0.037,0.113,0.12,0.718,0.162,0.9755,590,11.379449447144648,11,46,0,28,0,1,0,0,0,0,0,0,0,0,7,6,0,0,0,1,0,3,6,3,29,28,37,0,0,0,0,0,1,0,0,3,0,0,10,4,0,0,10,31,4,8,16,1,1,166,0.8399999737739563
1jf5xto,0.035,0.44,0.047,0.889,0.064,0.2558,112,7.3871296695380915,0,7,2,2,0,0,0,0,0,0,0,0,0,0,0,0,0,0,0,0,0,0,12,0,0,1,1,0,1,0,2,0,0,0,0,0,0,0,0,1,0,0,16,12,0,0,2,2,0,0,0.12999999523162842
1jf5zdr,0.043,0.282,0.174,0.669,0.158,-0.8628,271,22.41755141528993,1,13,0,7,1,1,0,0,0,0,0,0,0,0,0,2,0,0,0,0,0,0,1,0,7,17,18,0,0,0,0,0,0,0,0,0,0,0,0,0,0,0,13,13,1,5,1,0,0,389,0.6800000071525574
1jf6eul,0.06,0.32,0.192,0.701,0.107,-0.9947,399,16.09822454788146,4,29,0,9,0,0,0,0,0,0,0,0,0,0,3,8,0,0,0,0,0,3,1,1,14,9,21,0,0,0,0,1,0,0,0,0,0,0,1,3,0,0,3,29,3,3,3,0,0,0,0.2199999988079071
1jf6otq,0.056,0.046,0.0,1.0,0.0,0.0,7,3.1291,0,0,0,0,0,0,0,0,0,0,0,0,0,0,0,0,0,0,0,0,0,0,0,0,0,1,0,0,0,0,0,0,0,0,0,0,0,0,0,1,0,0,1,1,0,0,0,0,0,1,1.0
1jf76ls,0.148,0.765,0.375,0.625,0.0,-0.5574,7,8.841846274778883,0,0,0,0,0,0,0,0,0,0,0,0,0,0,0,0,0,0,0,0,0,0,0,0,0,1,1,0,0,0,0,0,0,0,0,0,0,0,0,0,0,0,0,2,0,0,0,0,0,1,1.0
1jf77eg,0.039,0.167,0.099,0.827,0.074,-0.8541,390,10.962023055922355,3,27,0,12,0,0,0,0,0,0,0,0,0,0,4,3,0,0,0,0,1,2,2,2,12,11,12,0,0,0,0,0,1,0,0,2,0,0,0,6,0,0,13,23,3,2,2,0,3,40,0.6200000047683716
1jf7bqb,0.148,0.765,0.375,0.625,0.0,-0.5574,7,8.841846274778883,0,0,0,0,0,0,0,0,0,0,0,0,0,0,0,0,0,0,0,0,0,0,0,0,0,1,1,0,0,0,0,0,0,0,0,0,0,0,0,0,0,0,0,2,0,0,0,0,0,1,1.0
1jf7j35,0.041,0.765,0.104,0.856,0.04,-0.9735,370,10.279547748218288,6,9,1,22,0,0,0,0,0,0,0,0,0,0,1,2,0,0,0,0,0,2,9,2,10,5,35,0,0,1,0,0,0,0,0,0,0,0,0,0,0,0,7,17,1,5,1,0,1,0,0.5
1jf7srl,0.039,0.339,0.11,0.73,0.16,0.8936,141,9.994966539143718,0,13,0,4,0,0,0,0,0,0,0,0,1,0,1,2,0,0,0,0,0,1,2,1,0,8,8,0,0,0,0,1,0,0,0,0,0,0,1,1,0,0,5,11,3,1,6,0,2,55,0.75
1jf81jy,0.033,0.157,0.0,0.734,0.266,0.4404,9,8.841846274778883,0,1,0,0,0,0,0,0,0,0,0,0,0,0,0,0,0,0,0,0,0,0,0,0,0,1,1,0,0,0,0,0,0,0,0,0,0,0,0,0,0,0,0,1,0,0,0,0,0,1,1.0
1jf8bqu,0.031,0.427,0.091,0.899,0.01,-0.9183,176,10.203070172399654,0,5,0,10,0,0,0,0,0,0,0,0,0,0,1,1,0,0,0,0,0,0,8,0,0,3,12,0,0,0,0,0,0,0,0,0,0,0,0,0,0,0,2,16,0,1,1,0,1,1,0.6700000166893005
1jf8lpw,0.019,0.019,0.0,0.893,0.107,0.5719,32,14.554592549557764,0,3,0,1,0,0,0,0,0,0,0,0,0,0,0,1,0,0,0,0,0,0,0,0,0,1,0,0,0,0,0,0,0,0,0,0,0,0,1,1,0,0,3,7,1,0,0,0,0,1,1.0
1jf8vym,0.075,0.112,0.035,0.941,0.023,-0.1995,144,15.532846611407376,4,3,0,1,0,0,0,0,0,0,0,0,0,0,0,1,0,0,0,0,0,2,0,0,1,0,10,0,0,0,0,0,0,0,0,0,0,0,0,0,0,0,6,11,2,0,1,1,0,1826,0.8899999856948853
1jf91z0,0.058,0.478,0.15,0.658,0.192,0.1401,29,12.161744961471694,0,1,0,1,0,0,0,0,0,0,0,0,0,0,0,0,0,0,0,0,0,0,0,0,1,3,2,0,0,0,0,0,0,0,0,0,0,0,0,1,0,0,1,4,0,0,0,0,0,1,1.0
1jf9bmm,0.044,0.078,0.133,0.75,0.117,-0.8311,194,12.650343791298138,3,13,0,5,0,0,0,0,0,0,0,0,0,2,1,1,0,0,0,0,0,2,4,2,1,11,10,0,0,0,3,0,0,0,0,0,0,0,1,1,0,0,3,19,4,0,1,1,0,0,0.2800000011920929
1jf9ek6,0.154,0.056,0.07,0.853,0.077,0.8254,616,12.857556352371635,9,57,0,14,0,0,0,0,0,0,0,0,0,0,5,2,0,0,0,0,0,0,3,5,14,12,18,0,0,0,0,1,4,0,0,2,0,0,1,3,0,0,63,37,5,4,6,0,0,124,0.7699999809265137
1jf9g24,0.032,0.162,0.087,0.838,0.076,-0.9169,1064,14.939701818814342,5,13,0,1,0,1,1,0,0,0,0,0,0,0,0,0,0,0,0,0,0,14,0,1,13,109,54,0,0,1,0,1,0,0,0,0,0,0,0,0,0,0,183,33,3,8,2,0,1,3,0.6399999856948853
1jf9lp0,0.032,0.175,0.087,0.838,0.076,-0.9169,1063,14.961964989974646,5,13,0,1,0,1,1,0,0,0,0,0,0,0,0,0,0,0,0,0,0,14,0,1,13,109,54,0,0,1,0,1,0,0,0,0,0,0,0,0,0,0,184,33,3,8,2,0,1,116,0.8399999737739563
1jf9nhx,0.02,0.23,0.063,0.889,0.048,-0.6326,243,17.833180683606166,1,15,0,1,0,2,0,0,0,0,0,0,0,0,0,0,0,0,0,0,0,1,1,1,1,5,6,0,0,0,0,0,0,0,0,0,0,0,0,1,0,0,20,12,1,1,1,0,0,1118,0.8600000143051147
1jfar2c,0.03,0.183,0.095,0.825,0.079,-0.128,28,17.122413403193683,0,0,0,0,0,0,0,0,0,0,0,0,0,0,0,0,0,0,0,0,0,0,0,0,1,1,1,0,0,0,0,0,0,0,0,0,0,0,0,0,0,0,2,5,1,0,1,0,0,1,1.0
1jfbhjr,0.41,0.038,0.0,1.0,0.0,0.0,9,8.841846274778883,1,0,0,1,0,0,0,0,0,0,0,0,0,0,0,0,0,0,0,0,0,1,0,0,0,0,0,0,0,0,0,0,0,0,0,0,0,0,0,0,0,0,3,0,0,0,1,0,0,1,1.0
1jfbnmi,0.081,0.047,0.0,1.0,0.0,0.0,9,3.1291,1,0,0,1,0,0,0,0,0,0,0,0,0,0,0,0,0,0,0,0,0,0,0,0,0,0,0,0,0,0,0,0,0,0,0,0,0,0,0,0,0,0,0,3,0,0,1,0,0,1,1.0
1jfbp6f,0.049,0.246,0.119,0.783,0.098,-0.6629,217,9.673873057562805,2,10,0,11,0,1,0,0,0,0,0,0,0,0,0,1,0,0,0,0,0,0,6,8,13,6,5,0,0,0,2,0,0,0,0,0,2,0,1,1,0,0,5,14,3,0,4,1,0,0,0.3499999940395355
1jfbpev,0.083,0.06,0.071,0.804,0.125,0.9223,181,11.003577315987393,2,15,0,3,0,0,0,0,0,0,0,0,0,0,0,2,0,0,0,0,0,0,7,1,2,8,4,0,0,0,4,0,0,0,0,0,0,0,0,1,0,0,1,15,2,3,7,2,1,9,1.0
1jfcbls,0.022,0.053,0.0,0.538,0.462,0.8834,15,11.20814326018867,0,1,0,0,0,0,0,0,0,0,0,0,0,0,0,0,0,0,0,0,0,0,1,0,0,2,0,0,0,0,0,0,0,0,0,0,0,0,0,0,0,0,0,0,0,0,0,0,0,1,1.0
1jfcckr,0.067,0.03,0.041,0.803,0.156,0.9938,358,12.481268711053069,9,23,0,3,0,0,0,0,0,0,0,0,0,0,0,2,0,0,0,0,0,2,0,5,1,16,9,0,0,0,0,0,0,0,0,0,0,0,0,1,0,0,9,25,3,5,7,0,0,0,0.3799999952316284
1jfcowj,0.046,0.056,0.105,0.756,0.139,0.917,337,11.645159339076184,2,14,0,5,0,0,0,0,0,0,0,0,0,0,1,2,0,0,1,0,0,12,1,3,4,15,14,0,0,0,0,0,1,0,0,1,0,0,0,3,0,0,18,27,2,1,2,0,0,0,0.20000000298023224
1jfcpe5,0.029,0.375,0.369,0.564,0.067,-0.7845,14,11.20814326018867,0,1,0,1,0,0,0,0,0,0,0,0,0,0,0,0,0,0,0,0,0,0,0,0,0,1,2,0,0,0,0,0,0,0,0,0,0,0,0,0,0,0,0,0,0,0,0,0,0,1,1.0
1jfcuwx,0.029,0.375,0.369,0.564,0.067,-0.7845,14,11.20814326018867,0,1,0,1,0,0,0,0,0,0,0,0,0,0,0,0,0,0,0,0,0,0,0,0,0,1,2,0,0,0,0,0,0,0,0,0,0,0,0,0,0,0,0,0,0,0,0,0,0,1,1.0
1jfddnh,0.062,0.139,0.073,0.885,0.043,-0.8562,259,11.899873341045819,3,24,0,4,0,0,0,0,0,0,0,0,0,0,1,1,0,0,0,0,0,0,1,0,3,6,6,0,0,0,0,0,1,0,0,0,0,0,0,2,0,0,6,20,1,5,7,0,0,34,0.6399999856948853
1jfdkve,0.045,0.048,0.0,1.0,0.0,0.0,5,8.841846274778883,0,0,0,1,0,0,0,0,0,0,0,0,0,0,0,0,0,0,0,0,0,0,0,0,0,0,0,0,0,0,0,0,0,0,0,0,0,0,0,0,0,0,0,1,0,0,0,0,0,1,1.0
1jfdq39,0.233,0.378,0.064,0.794,0.142,0.9554,265,14.02287970970757,1,18,0,4,0,0,0,0,0,0,0,0,0,0,0,2,0,0,0,0,1,1,6,0,5,9,7,0,0,0,2,0,0,0,0,1,0,0,0,2,0,0,5,20,3,0,6,1,0,0,0.14000000059604645
1jfdyy7,0.04,0.548,0.0,1.0,0.0,0.0,12,13.023866798666859,0,1,0,0,0,0,0,0,0,0,0,0,0,0,0,0,0,0,0,0,0,0,0,0,0,0,1,0,0,0,0,0,0,0,0,0,0,0,0,0,0,0,0,2,0,0,0,0,0,1,1.0
1jfe3y0,0.148,0.056,0.087,0.8,0.113,0.9548,649,11.491704259439757,7,26,0,10,0,3,0,0,0,0,0,0,1,0,2,4,0,0,0,0,1,12,7,0,12,25,14,1,0,0,1,0,1,0,0,6,0,0,2,2,0,0,57,31,6,2,2,2,0,4,0.5400000214576721
1jfe4rr,0.017,0.064,0.013,0.706,0.281,0.9885,109,21.786851204258245,1,3,0,1,0,0,0,0,0,0,0,0,0,0,0,1,0,0,0,0,0,0,0,0,1,9,0,0,0,0,0,0,0,0,0,0,0,0,0,0,0,0,9,12,0,2,0,1,0,1,1.0
1jfe5p1,0.019,0.151,0.072,0.751,0.178,0.9995,1305,13.760664531631452,15,87,0,20,0,3,0,0,0,0,0,0,0,0,3,21,0,0,1,0,0,0,40,14,44,72,31,0,0,1,10,0,1,0,0,3,0,0,6,6,0,0,72,54,7,12,16,10,2,0,0.10999999940395355
1jfek6e,0.029,0.105,0.057,0.8,0.143,0.9218,144,7.3871296695380915,1,13,0,9,0,1,0,1,0,0,0,0,0,0,0,0,0,0,0,0,0,0,3,7,0,7,3,0,2,0,2,1,1,0,0,2,0,0,0,1,0,0,5,15,3,1,3,1,0,1,0.5299999713897705
1jfelsl,0.293,0.051,0.0,0.919,0.081,0.8294,114,13.023866798666859,0,7,0,3,0,0,0,0,0,0,0,0,0,0,0,2,0,0,0,0,0,1,0,0,3,1,0,1,0,0,0,0,0,0,0,0,0,0,0,1,0,0,10,12,1,0,1,0,0,0,0.28999999165534973
1jfer28,0.033,0.113,0.136,0.733,0.131,-0.6999,277,11.030560184262036,2,8,0,7,0,2,7,0,0,0,0,0,0,0,0,5,0,0,1,0,0,0,2,3,12,8,12,0,0,0,0,0,2,0,0,4,0,0,0,0,0,0,20,18,3,2,6,1,1,0,0.3499999940395355
1jffd9r,0.033,0.146,0.151,0.74,0.109,-0.8982,237,10.411451182825502,4,19,0,6,0,0,0,0,0,0,0,0,0,0,0,1,0,0,0,0,0,0,2,0,7,15,11,0,0,0,2,0,0,0,0,0,0,0,1,0,0,0,12,17,2,3,2,0,0,122,0.7699999809265137
1jfffhk,0.052,0.339,0.0,0.769,0.231,0.6369,15,3.1291,0,0,0,0,0,0,0,0,0,0,0,0,0,0,0,0,0,0,0,0,0,0,0,0,1,1,0,0,0,0,0,0,0,0,0,0,0,0,0,0,0,0,1,1,0,0,0,0,0,1,1.0
1jfflgk,0.032,0.049,0.045,0.889,0.066,0.3804,117,14.314028922438442,1,4,0,2,0,0,0,0,0,0,0,0,0,0,1,1,0,0,0,0,0,0,0,1,2,3,4,0,0,0,0,0,0,0,0,1,0,0,1,0,0,0,13,14,2,0,0,1,0,0,0.46000000834465027
1jffmwi,0.043,0.248,0.095,0.834,0.071,-0.9495,963,12.477719276282532,10,65,0,11,0,1,0,0,0,0,0,0,0,0,1,3,0,0,0,1,0,2,4,2,49,31,45,0,0,0,0,0,1,0,0,3,0,0,2,1,0,0,47,38,6,3,8,2,0,0,0.5
1jffvh1,0.074,0.125,0.101,0.827,0.072,-0.4145,54,12.457975602129121,0,4,0,1,0,0,0,0,0,0,0,0,0,0,1,0,0,0,0,0,0,1,0,0,3,1,1,0,0,0,0,0,0,0,0,0,0,0,0,0,0,0,4,7,0,0,0,0,0,1,1.0
1jffyn6,0.031,0.171,0.266,0.734,0.0,-0.7013,18,8.841846274778883,0,2,0,1,0,0,0,0,0,0,0,0,0,0,0,0,0,0,0,0,0,0,0,0,1,0,1,0,0,0,0,0,0,0,0,0,0,0,0,0,0,0,0,2,0,0,0,0,0,1,1.0
1jfg0of,0.066,0.378,0.093,0.676,0.231,0.9903,211,11.698219412168324,4,13,0,2,0,0,0,0,0,0,0,0,0,1,3,1,0,0,0,0,0,0,8,10,6,16,9,0,0,0,1,0,0,0,0,2,0,0,0,2,0,0,1,22,6,2,6,2,0,0,0.47999998927116394
1jfgp4w,0.059,0.015,0.0,1.0,0.0,0.0,7,13.023866798666859,0,0,0,0,0,0,0,0,0,0,0,0,0,0,0,0,0,0,0,0,0,0,0,0,0,0,0,0,0,0,0,0,0,0,0,0,0,0,0,0,0,0,0,0,0,0,0,0,0,1,1.0
1jfh4xk,0.133,0.107,0.0,1.0,0.0,0.0,11,11.20814326018867,1,0,0,0,0,0,0,0,0,0,0,0,0,0,0,0,0,0,0,0,0,0,0,0,0,2,0,0,0,0,0,0,0,0,0,0,0,0,0,0,0,0,2,1,1,0,0,0,0,1,1.0
1jfhcof,0.034,0.201,0.172,0.725,0.103,-0.8695,130,11.20814326018867,2,7,0,8,0,0,0,0,0,0,0,0,0,0,0,0,0,0,0,0,0,0,6,6,7,4,7,0,0,0,0,0,0,0,0,0,0,0,1,4,0,0,1,12,4,0,1,0,0,19,0.5400000214576721
1jfhqc6,0.031,0.743,0.449,0.551,0.0,-0.6908,9,14.554592549557764,0,0,0,0,0,0,0,0,0,0,0,0,0,0,0,0,0,0,0,0,0,0,0,0,0,1,2,0,0,0,0,0,0,0,0,0,0,0,0,0,0,0,0,3,0,0,0,0,0,1,1.0
1jfieng,0.414,0.049,0.147,0.735,0.118,-0.8226,160,8.841846274778883,1,10,0,2,0,0,0,0,0,0,0,0,0,0,0,0,0,0,0,0,0,3,1,0,4,6,10,0,0,0,0,7,0,0,0,6,0,0,1,0,0,0,2,14,3,2,0,1,0,2,0.5199999809265137
1jfil79,0.098,0.113,0.0,1.0,0.0,0.0,9,11.20814326018867,0,0,0,1,0,0,0,0,0,0,0,0,0,0,0,0,0,0,0,0,0,0,0,0,0,0,0,0,0,0,0,0,0,0,0,0,0,0,0,0,0,0,1,1,0,0,0,0,0,1,1.0
1jfiv0e,0.096,0.071,0.0,0.797,0.203,0.3724,11,3.1291,0,0,0,1,0,0,0,0,0,0,0,0,0,0,0,0,0,0,0,0,0,0,0,0,0,1,1,0,0,0,0,0,0,0,0,0,0,0,0,0,0,0,0,3,0,0,0,0,0,1,1.0
1jfiwd5,0.369,0.085,0.0,0.769,0.231,0.2023,7,3.1291,0,0,0,0,0,0,0,0,0,0,0,0,0,0,0,0,0,0,0,0,0,0,0,0,0,1,0,0,0,0,0,0,0,0,0,0,0,0,0,0,0,0,0,0,0,0,0,0,0,1,1.0
1jfjbyl,0.033,0.113,0.0,0.942,0.058,0.0772,22,15.903189008614273,0,3,0,0,0,0,0,0,0,0,0,0,0,1,0,0,0,0,0,0,0,0,1,2,2,0,2,0,0,0,0,0,0,0,0,1,0,0,0,0,0,0,1,4,0,0,0,0,0,1,1.0
1jfjiuz,0.038,0.047,0.092,0.787,0.121,0.9977,2457,15.713066029147061,44,150,0,41,0,2,0,0,0,1,0,0,0,1,11,23,0,0,0,0,0,45,18,13,31,71,91,2,2,1,0,2,0,0,0,9,0,0,4,12,0,0,44,81,10,27,39,11,3,0,0.36000001430511475
1jfjp9f,0.935,0.388,0.328,0.672,0.0,-0.5994,9,8.841846274778883,0,0,0,0,0,0,0,0,0,0,0,0,0,0,0,0,0,0,0,0,0,0,0,0,0,0,1,0,0,0,0,0,0,0,0,0,0,0,0,0,0,0,1,0,0,0,1,0,0,0,0.5
1jfk1pm,0.911,0.427,0.159,0.769,0.071,-0.4939,31,13.023866798666859,1,1,0,1,0,0,0,0,0,0,0,0,0,0,1,0,0,0,0,0,0,0,1,0,2,0,1,0,0,0,1,0,0,0,0,0,0,0,0,1,0,0,0,10,0,0,2,1,0,1,1.0
1jfkj6z,0.026,0.11,0.467,0.533,0.0,-0.5423,5,3.1291,0,0,0,0,0,0,0,0,0,0,0,0,0,0,0,0,0,0,0,0,0,0,0,0,0,0,1,0,0,0,0,0,0,0,0,0,0,0,0,0,0,0,0,1,0,0,0,0,0,1,1.0
1jfkk9r,0.531,0.427,0.089,0.729,0.182,0.9418,106,12.28987398476788,0,11,0,2,0,0,0,0,0,0,0,0,0,0,0,1,0,0,0,0,0,0,1,0,1,7,6,0,0,0,1,0,0,0,0,0,0,0,0,1,0,0,7,14,1,0,0,2,0,0,0.3700000047683716
1jfl4hm,0.017,0.05,0.071,0.639,0.29,0.7015,21,8.841846274778883,0,0,0,1,0,0,0,0,0,0,0,0,0,0,0,0,0,0,0,0,0,0,1,0,0,0,1,0,0,0,0,0,0,0,0,1,0,0,0,0,0,0,2,3,0,0,0,0,0,1,1.0
1jflq2i,0.052,0.782,0.161,0.839,0.0,-0.7452,35,11.20814326018867,0,0,0,1,0,0,0,0,0,0,0,0,0,0,0,0,0,0,0,0,0,0,2,4,0,0,3,0,0,0,0,0,0,0,0,0,0,0,0,0,0,0,0,5,0,0,0,0,0,1,1.0
1jflu1l,0.037,0.52,0.143,0.762,0.095,-0.9859,447,8.982922981607832,1,23,0,9,0,0,0,0,0,0,0,0,0,0,5,8,0,0,1,0,0,0,51,11,14,8,26,0,0,1,5,0,0,0,0,0,1,0,4,4,0,0,4,28,3,2,9,1,0,0,0.25999999046325684
1jfm92j,0.095,0.536,0.369,0.544,0.088,-0.7684,11,8.841846274778883,0,0,0,0,0,0,0,0,0,0,0,0,0,0,0,1,1,0,0,0,0,0,0,0,0,0,1,0,0,0,0,0,0,0,0,0,0,0,0,0,0,0,0,4,0,0,0,0,0,1,1.0
1jfm973,0.032,0.093,0.042,0.891,0.067,0.8534,383,14.232682905230785,10,21,0,3,0,2,0,0,0,0,0,0,0,0,1,2,0,0,0,0,0,3,5,2,1,9,8,1,0,0,1,0,0,0,0,1,0,0,0,1,0,0,32,30,2,4,11,0,0,0,0.23999999463558197
1jfmkkp,0.032,0.137,0.0,0.787,0.213,0.4019,11,8.841846274778883,0,1,0,0,0,0,0,0,0,0,0,0,0,0,0,0,0,0,0,0,0,0,0,0,0,1,1,0,0,0,0,0,0,0,0,1,0,0,0,0,0,0,2,1,0,0,0,0,0,0,0.33000001311302185
1jfmknz,0.05,0.378,0.047,0.729,0.224,0.9971,303,9.236282656511921,0,22,0,7,0,0,0,0,0,0,0,0,0,0,11,3,0,0,0,0,0,6,4,3,3,25,4,0,0,0,0,0,0,0,0,1,0,0,0,5,0,0,14,21,1,5,6,0,0,0,0.41999998688697815
1jfmlek,0.058,0.088,0.176,0.798,0.027,-0.9804,177,15.719379583869454,0,5,0,3,0,0,0,0,0,0,0,0,0,0,0,0,0,0,0,0,0,1,2,0,1,3,14,0,0,0,0,0,0,0,0,0,0,0,0,0,0,0,21,8,1,1,0,0,0,3806,0.7699999809265137
1jfmsva,0.023,0.105,0.093,0.775,0.132,0.9107,368,16.573440645216312,5,20,0,1,0,0,0,0,0,0,0,0,0,0,1,2,0,0,0,0,0,24,3,0,1,18,19,0,0,1,1,1,1,0,0,2,0,0,0,1,0,0,6,30,3,3,0,1,1,137,0.6899999976158142
1jfmwy0,0.038,0.046,0.056,0.805,0.139,0.9769,332,12.719339214003902,5,10,0,5,0,0,0,0,0,0,0,0,0,0,0,4,0,0,0,0,0,26,0,0,7,12,8,0,1,1,0,1,3,0,0,3,0,0,2,1,0,0,2,29,2,4,9,3,0,42,0.6499999761581421
1jfmz12,0.067,0.311,0.157,0.758,0.085,-0.9893,378,12.273956033585218,4,16,1,12,0,1,0,0,0,0,0,0,1,0,0,6,0,0,0,0,1,4,33,2,0,9,21,0,0,4,3,0,0,0,0,5,0,0,0,1,0,0,14,28,2,0,6,1,0,0,0.5
1jfn23j,0.039,0.01,0.0,1.0,0.0,0.0,3,3.1291,0,0,0,0,0,0,0,0,0,0,0,0,0,0,0,0,0,0,0,0,0,0,0,0,0,0,0,0,0,0,0,0,0,0,0,0,0,0,0,0,0,0,0,0,0,0,0,0,0,1,1.0
1jfna91,0.03,0.05,0.006,0.829,0.164,0.9967,383,12.650343791298138,0,19,0,3,0,0,0,0,0,0,0,0,0,0,1,5,0,0,0,0,0,1,10,1,10,22,2,0,0,0,3,0,0,0,0,0,0,0,0,2,0,0,30,22,2,5,7,4,0,0,0.4699999988079071
1jfno0a,0.101,0.111,0.132,0.806,0.063,-0.9771,337,11.491704259439757,0,22,0,13,0,0,0,0,0,0,0,0,0,0,6,5,0,0,0,0,0,0,8,1,9,10,20,0,0,0,0,0,0,0,0,0,0,0,0,5,0,0,15,24,1,1,4,0,0,2,0.5099999904632568
1jfnoua,0.044,0.024,0.057,0.855,0.088,0.8725,402,16.99912189502313,2,14,0,4,0,2,0,0,0,0,0,0,0,0,1,2,0,0,0,0,0,8,0,0,1,10,12,0,0,0,0,0,1,0,0,0,0,0,1,0,0,0,17,28,4,14,6,1,1,0,0.27000001072883606
1jfo9il,0.029,0.13,0.155,0.794,0.05,-0.9711,178,10.914260884657427,2,9,0,6,0,0,0,0,0,0,0,0,0,0,0,0,0,0,0,0,1,0,8,2,4,4,7,0,0,0,2,0,0,0,0,0,0,0,0,1,0,0,6,16,0,2,1,0,0,1,0.6700000166893005
1jfoi3w,0.059,0.23,0.113,0.799,0.088,-0.8468,211,13.227904075235838,4,20,0,8,0,0,0,0,0,0,0,0,0,0,0,4,0,0,0,0,0,1,3,0,2,4,11,0,0,0,1,0,0,0,0,0,0,0,0,2,0,0,4,18,0,0,5,1,0,0,0.46000000834465027
1jfoqby,0.068,0.154,0.178,0.695,0.128,-0.9485,235,15.719379583869454,2,19,0,2,0,0,0,0,0,0,0,0,0,0,0,2,0,0,0,0,0,3,0,0,7,14,19,1,0,0,0,0,0,0,0,0,0,0,1,1,0,0,11,18,4,0,1,0,0,0,0.25999999046325684
1jfov4d,0.057,0.077,0.154,0.765,0.081,-0.9958,589,15.705129121369687,9,27,0,14,0,0,0,0,0,0,0,0,0,0,4,7,0,0,0,0,0,7,1,0,7,16,39,0,0,0,0,0,2,0,0,1,0,0,1,4,0,0,9,28,1,5,10,1,0,0,0.38999998569488525
1jfpbg9,0.886,0.23,0.247,0.711,0.042,-0.9863,122,12.602617957971052,3,12,0,4,0,0,0,0,0,0,0,0,0,0,0,0,0,0,0,0,0,0,2,0,5,3,13,0,0,0,2,0,1,0,0,0,0,0,0,1,0,0,0,15,0,0,3,0,0,0,0.3700000047683716
1jfpysx,0.049,0.037,0.08,0.806,0.113,0.9596,741,12.238838635109133,8,50,2,16,0,0,0,0,0,0,0,0,0,0,7,7,0,0,0,0,0,9,8,4,10,19,27,0,0,0,1,0,1,0,0,0,0,0,2,11,0,0,30,37,6,5,19,3,0,0,0.23000000417232513
1jfq2jx,0.016,0.05,0.0,1.0,0.0,0.0,9,3.1291,0,0,0,0,0,0,0,0,0,0,0,0,0,0,0,0,0,0,0,0,0,0,0,0,0,0,0,0,0,0,0,0,0,0,0,0,0,0,0,0,0,0,0,2,0,0,0,0,0,0,0.5
1jfqiid,0.025,0.035,0.074,0.881,0.046,-0.5913,158,9.516144504307135,0,9,2,4,0,0,0,0,0,0,0,0,0,0,0,3,0,0,0,0,0,1,3,0,1,3,2,0,0,0,0,0,0,0,0,0,0,0,0,1,0,0,9,13,2,1,0,0,1,0,0.36000001430511475
1jfqrzn,0.305,0.061,0.148,0.784,0.068,-0.986,317,11.491704259439757,1,14,0,4,0,4,0,0,0,0,0,0,0,0,0,3,0,0,0,0,0,1,3,5,6,6,17,0,0,0,1,4,0,0,0,4,0,0,1,1,0,0,15,23,3,3,4,0,1,1,0.5099999904632568
1jfr636,0.296,0.278,0.297,0.665,0.038,-0.997,224,14.232682905230785,5,14,0,6,0,0,0,0,0,0,0,0,0,0,0,3,0,0,0,0,0,0,5,2,2,8,20,0,0,0,3,0,0,0,0,1,0,0,0,3,0,0,2,21,1,0,4,1,0,0,0.4399999976158142
1jfr985,0.033,0.406,0.098,0.757,0.144,0.129,28,14.554592549557764,0,0,1,1,0,0,0,0,0,0,0,0,0,0,1,1,0,0,0,0,0,0,0,0,1,1,3,0,0,0,0,0,0,0,0,0,0,0,0,1,0,0,0,4,0,0,0,0,0,1,1.0
1jfrigi,0.097,0.305,0.102,0.778,0.12,0.6475,213,13.023866798666859,2,16,0,3,0,0,0,0,0,0,0,0,0,0,2,1,0,0,0,0,1,1,2,7,5,17,12,0,0,0,1,1,0,0,0,2,0,0,0,1,0,0,20,20,2,4,4,0,0,0,0.44999998807907104
1jfs32i,0.057,0.046,0.095,0.86,0.045,-0.9119,291,12.214722805548657,5,16,0,4,0,0,0,0,0,0,0,0,0,0,0,2,0,0,0,0,0,0,13,2,0,5,12,0,1,0,4,0,0,0,0,0,0,0,0,1,0,0,4,23,1,2,6,4,0,0,0.5
1jfsel6,0.251,0.039,0.0,1.0,0.0,0.0,10,3.1291,2,0,0,0,0,0,0,0,0,0,0,0,0,0,0,0,0,0,0,0,0,0,0,0,1,0,0,0,0,0,0,0,0,0,0,0,0,0,0,0,0,0,2,1,0,0,1,0,0,1,1.0
1jfsmfj,0.026,0.109,0.0,1.0,0.0,0.0,23,11.20814326018867,0,1,0,1,0,0,0,0,0,0,0,0,0,0,0,0,0,0,0,0,0,0,2,0,1,0,0,0,0,0,2,0,0,0,0,1,0,0,0,0,0,0,0,2,0,0,1,1,0,1,1.0
1jfsoaq,0.064,0.155,0.028,0.899,0.073,0.7795,205,14.554592549557764,2,17,0,5,0,1,0,0,0,0,0,0,0,0,1,1,0,0,0,0,0,0,8,5,5,5,1,0,0,0,5,0,0,0,0,0,0,0,0,2,0,0,6,12,3,1,4,2,1,0,0.1599999964237213
1jfsydb,0.675,0.084,0.0,1.0,0.0,0.0,18,15.903189008614273,0,1,0,0,0,0,0,0,0,0,0,0,0,0,0,0,0,0,0,0,0,0,0,0,0,1,1,0,0,0,0,0,0,0,0,0,0,0,0,0,0,0,1,2,0,0,1,0,0,1,1.0
1jft3dl,0.046,0.026,0.172,0.828,0.0,-0.4404,15,8.841846274778883,0,0,0,1,0,0,0,0,0,0,0,0,0,0,0,0,0,0,0,0,0,0,0,0,0,0,1,0,0,0,0,0,0,0,0,0,0,0,0,0,0,0,1,3,0,0,0,0,0,1,1.0
1jft3xg,0.051,0.064,0.113,0.796,0.091,-0.5583,142,10.63711953065702,2,6,0,2,0,0,0,0,0,0,0,0,0,0,0,0,0,0,0,0,0,2,0,5,1,0,8,0,0,1,0,0,0,0,0,0,0,0,0,2,0,0,6,10,1,0,1,0,1,215,0.9300000071525574
1jft7ua,0.862,0.378,0.15,0.799,0.05,-0.9572,137,11.765960540728905,0,7,0,5,0,0,0,0,0,0,0,0,0,0,1,0,0,0,0,0,1,0,9,2,6,1,5,0,0,0,1,0,0,0,0,0,0,0,0,3,0,0,1,10,1,0,1,1,0,0,0.46000000834465027
1jfthn0,0.064,0.339,0.256,0.692,0.052,-0.9994,565,12.701474735504405,12,29,0,15,0,12,0,0,0,0,0,0,0,0,1,5,0,0,0,0,0,1,11,0,14,4,22,0,1,0,3,0,0,0,0,1,0,0,0,2,0,0,1,32,6,0,9,3,1,0,0.05999999865889549
1jftye4,0.019,0.152,0.248,0.752,0.0,-0.5106,11,13.023866798666859,0,1,0,0,0,0,0,0,0,0,0,0,0,0,0,0,0,0,0,0,0,0,0,0,0,0,1,0,0,0,0,0,0,0,0,0,0,0,0,0,0,0,2,2,0,0,0,0,0,1,1.0
1jfu6zx,0.043,0.375,0.223,0.576,0.201,-0.0772,10,11.20814326018867,0,0,0,0,0,0,0,0,0,0,0,0,0,0,0,0,0,0,0,0,0,0,0,0,0,1,1,0,0,0,0,0,0,0,0,0,0,0,0,0,0,0,0,1,0,0,0,0,0,1,1.0
1jfumpw,0.126,0.16,0.178,0.743,0.079,-0.9973,534,12.823951912226406,7,48,0,11,0,0,0,0,0,0,0,0,0,0,2,8,0,0,0,0,0,1,14,8,3,10,22,0,2,0,3,0,0,0,0,0,0,0,0,4,0,0,16,32,3,15,18,2,0,0,0.23999999463558197
1jfunpn,0.536,0.032,0.0,1.0,0.0,0.0,8,11.20814326018867,0,0,0,0,0,0,0,0,0,0,0,0,0,0,0,0,0,0,0,0,0,0,0,0,0,0,0,0,0,0,0,0,0,0,0,0,0,0,0,0,0,0,1,1,0,0,1,0,0,1,1.0
1jfuv73,0.658,0.397,0.279,0.721,0.0,-0.4767,9,11.20814326018867,0,0,0,0,0,0,0,0,0,0,0,0,0,0,0,0,0,0,0,0,0,0,0,0,0,0,1,0,0,0,0,0,0,0,0,0,0,0,0,0,0,0,1,0,0,0,0,0,0,1,1.0
1jfv3vi,0.06,0.048,0.269,0.731,0.0,-0.5975,19,11.20814326018867,0,2,0,3,0,0,0,0,0,0,0,0,0,0,0,0,0,0,0,0,0,0,0,0,1,0,1,0,0,0,0,0,0,0,0,0,0,0,0,0,0,0,0,4,0,1,0,0,0,1,1.0
1jfvbod,0.101,0.17,0.109,0.891,0.0,-0.296,19,14.554592549557764,1,0,0,0,0,0,0,0,0,0,0,0,0,0,0,0,0,0,0,0,0,2,0,0,0,0,0,0,0,0,0,0,0,0,0,0,0,0,0,0,0,0,3,4,0,1,1,0,0,1,1.0
1jfvky1,0.046,0.107,0.143,0.717,0.141,-0.1655,302,11.299434782280677,2,20,2,11,0,0,0,0,0,0,0,0,0,0,5,5,0,0,0,0,0,1,17,2,3,13,16,0,1,0,0,0,0,0,0,0,0,0,1,2,0,0,15,27,2,1,4,0,0,96,0.550000011920929
1jfw3me,0.123,0.603,0.123,0.807,0.07,-0.9387,277,12.428777171816233,5,12,0,2,0,0,0,0,0,0,0,0,0,0,0,5,0,0,0,0,0,0,10,0,11,10,12,0,2,0,6,0,0,0,0,3,0,0,2,1,0,0,25,22,4,0,10,4,0,0,0.18000000715255737
1jfwlbs,0.051,0.057,0.058,0.823,0.119,0.9613,362,16.084390811093357,2,13,0,6,0,0,0,0,0,0,0,0,0,0,1,2,0,0,0,0,0,0,12,0,7,23,12,0,0,1,2,0,0,0,0,0,0,0,0,0,0,0,28,20,2,3,8,2,0,0,0.33000001311302185
1jfwphe,0.451,0.087,0.141,0.701,0.158,0.3288,17,11.20814326018867,0,2,0,2,0,0,0,0,0,0,0,0,0,0,0,0,0,0,0,0,0,0,0,0,1,1,2,0,0,0,0,0,0,0,0,0,0,0,0,0,0,0,1,2,0,0,1,0,0,1,1.0
1jfxce2,0.158,0.043,0.044,0.857,0.099,0.9846,487,13.304227280403612,7,27,0,4,0,0,0,0,0,0,0,0,0,0,1,3,0,0,0,0,0,8,2,1,3,14,6,0,0,0,0,0,0,0,0,0,0,0,1,4,0,0,38,31,3,8,7,1,0,0,0.15000000596046448
1jfxkbn,0.022,0.173,0.259,0.741,0.0,-0.4215,9,3.1291,0,0,0,0,0,0,0,0,0,0,0,0,0,0,0,0,0,0,0,0,0,0,0,0,0,0,1,0,0,0,0,0,0,0,0,0,0,0,0,0,0,0,0,2,0,0,0,0,0,1,1.0
1jfxlc7,0.075,0.683,0.224,0.701,0.075,-0.998,437,12.583877053449477,3,22,5,11,0,3,0,0,0,0,0,0,0,0,1,4,1,0,0,0,0,11,12,2,26,15,34,0,0,1,0,1,1,0,0,1,0,0,0,5,0,0,16,29,5,2,9,4,0,7,0.6100000143051147
1jfxshp,0.077,0.28,0.214,0.731,0.055,-0.9992,660,12.752725700411546,6,37,0,10,0,1,0,0,0,0,0,0,0,0,2,10,0,0,0,0,0,2,12,5,4,22,35,0,2,3,3,2,0,0,0,0,0,0,2,1,0,0,60,35,4,4,5,2,3,0,0.27000001072883606
1jfyj1u,0.084,0.235,0.121,0.767,0.112,-0.5969,577,14.739383391665452,9,34,1,19,1,0,0,0,0,0,0,0,0,0,12,6,0,1,1,0,0,7,28,2,4,21,32,0,2,0,3,0,0,0,0,1,0,0,0,3,0,0,7,32,2,8,17,2,1,0,0.27000001072883606
1jfylf9,0.171,0.156,0.182,0.818,0.0,-0.25,10,11.20814326018867,0,0,0,1,0,0,0,0,0,0,0,0,0,0,0,0,0,0,0,0,0,0,0,1,0,0,0,0,0,0,0,0,0,0,0,0,0,0,0,0,0,0,0,1,0,0,0,0,0,1,1.0
1jfywum,0.111,0.412,0.13,0.712,0.158,0.8726,343,15.532846611407376,3,26,0,6,0,0,0,0,0,0,0,0,0,0,2,2,0,0,0,0,0,9,10,0,12,21,13,0,0,2,3,0,1,0,0,0,0,0,0,1,0,0,27,24,4,1,7,3,0,171,0.7200000286102295
1jfyz45,0.035,0.333,0.069,0.877,0.054,-0.4588,124,15.021129683784007,1,7,0,3,0,0,0,0,0,0,0,0,0,0,1,1,0,0,0,0,1,0,3,0,4,5,6,0,0,0,2,0,0,0,0,0,0,0,0,1,0,0,10,11,1,2,2,1,0,0,0.30000001192092896
1jfz7p1,0.017,0.03,0.135,0.865,0.0,-0.3612,17,13.023866798666859,0,1,0,0,0,0,0,0,0,0,0,0,0,0,0,0,0,0,0,0,0,0,0,0,0,1,1,0,0,0,0,0,0,0,0,0,0,0,0,0,0,0,1,1,0,0,0,0,0,1,1.0
1jfzig6,0.019,0.095,0.046,0.876,0.078,0.9499,595,14.627599634567712,2,34,1,4,0,1,0,0,1,0,0,0,0,0,3,2,0,0,1,0,0,4,2,4,13,15,11,0,1,0,1,0,0,0,0,0,0,1,0,1,0,0,8,27,3,3,11,2,0,5,0.7799999713897705
1jfzryo,0.03,0.384,0.071,0.761,0.167,0.9891,319,12.773325707644965,6,19,0,5,0,0,0,0,0,0,0,0,0,0,0,2,0,0,0,0,0,2,6,0,12,15,10,0,1,0,4,1,0,0,0,4,0,0,3,0,0,0,26,19,3,1,2,4,0,2,0.75
1jfztgz,0.024,0.069,0.229,0.69,0.081,-0.9988,550,15.035414409274601,4,22,0,8,0,1,0,0,0,0,0,0,0,0,0,8,0,0,0,0,0,1,0,0,20,18,44,0,0,0,0,0,0,0,0,0,0,0,0,3,0,0,88,27,3,5,1,0,1,183,0.8299999833106995
1jfzzgp,0.021,0.1,0.046,0.876,0.077,0.9499,598,14.70014609325828,2,34,1,3,0,1,0,0,1,0,0,0,0,0,3,2,0,0,1,0,0,4,2,4,12,15,11,0,1,0,1,0,0,0,0,0,0,1,0,1,0,0,9,28,3,3,11,2,0,0,0.10000000149011612
1jg08kq,0.708,0.055,0.0,1.0,0.0,0.0,14,11.20814326018867,1,0,0,0,0,0,0,0,0,0,0,0,0,0,0,0,0,0,0,0,0,0,0,0,0,0,0,0,0,0,0,0,0,0,0,0,0,0,0,0,0,0,2,2,2,0,0,0,0,1,1.0
1jg0nvx,0.025,0.023,0.122,0.744,0.133,0.413,285,18.026119701940384,9,14,0,7,0,0,0,0,0,0,0,0,0,0,1,5,0,0,0,0,0,0,2,0,3,3,11,0,0,0,0,0,0,0,0,2,0,0,0,3,0,0,3,24,4,3,7,1,0,0,0.30000001192092896
1jg0q86,0.425,0.112,0.387,0.613,0.0,-0.743,12,14.554592549557764,0,0,0,0,0,0,0,0,0,0,0,0,0,0,0,0,0,0,0,0,0,0,0,0,0,0,4,0,0,0,0,0,0,0,0,0,0,0,0,0,0,0,0,1,0,0,0,0,0,1,1.0
1jg0wl2,0.036,0.27,0.444,0.556,0.0,-0.7506,10,7.168621630094336,0,0,0,0,0,0,0,0,0,0,0,0,0,0,0,0,0,0,0,0,0,0,0,0,0,0,2,0,0,0,0,0,0,0,0,0,0,0,0,0,0,0,0,1,0,0,0,0,0,1,1.0
1jg1bw2,0.039,0.044,0.347,0.653,0.0,-0.7845,15,14.554592549557764,0,2,0,0,0,0,0,0,0,0,0,0,0,0,0,0,0,0,0,0,0,0,0,0,0,0,2,0,0,0,0,0,0,0,0,0,0,0,0,0,0,0,0,0,0,0,1,0,0,1,1.0
1jg1fav,0.05,0.051,0.206,0.733,0.061,-0.9724,126,16.404322709996244,0,9,0,2,0,0,0,0,0,0,0,0,0,0,0,0,0,0,0,0,0,0,0,0,5,5,8,0,0,0,0,0,0,0,0,0,0,0,0,1,0,0,0,11,0,0,5,0,0,11,0.699999988079071
1jg1nk1,0.075,0.303,0.167,0.784,0.049,-0.9906,259,10.820120047756994,2,17,0,6,0,0,0,0,0,0,0,0,0,0,0,4,0,0,0,0,0,3,4,0,7,7,14,0,1,0,2,0,0,0,0,0,0,0,0,3,0,0,15,20,2,0,7,2,0,688,0.7599999904632568
1jg1rb0,0.041,0.1,0.084,0.86,0.055,-0.5867,121,17.122413403193683,1,3,0,2,0,0,0,0,0,0,0,0,0,0,0,2,0,0,0,0,0,0,0,0,2,9,8,0,0,0,0,0,0,0,0,0,0,0,0,1,0,0,10,12,1,2,4,0,0,1520,0.9399999976158142
1jg1w6s,0.02,0.028,0.0,1.0,0.0,0.0,3,8.841846274778883,0,0,0,0,0,0,0,0,0,0,0,0,0,0,0,0,0,0,0,0,0,0,0,0,0,0,0,0,0,0,0,0,0,0,0,1,0,0,0,0,0,0,0,1,0,0,0,0,0,1,1.0
1jg248u,0.241,0.041,0.0,0.77,0.23,0.3384,9,13.023866798666859,0,0,0,0,0,0,0,0,0,0,0,0,0,0,0,0,0,0,0,0,0,0,0,0,0,0,0,0,0,0,0,0,0,0,0,0,0,0,0,0,0,0,0,0,0,0,0,0,0,1,1.0
1jg24y6,0.09,0.028,0.068,0.893,0.038,-0.8926,465,12.851770769729463,5,27,1,7,0,0,0,0,0,0,0,0,0,0,0,3,0,0,1,0,0,2,7,4,3,7,16,0,0,0,0,1,0,0,0,0,0,0,1,0,0,0,13,30,3,5,5,2,0,0,0.4099999964237213
1jg2lii,0.031,0.151,0.107,0.809,0.083,-0.7717,134,15.381575749822971,1,4,0,1,0,0,0,0,0,0,0,0,0,0,1,1,0,0,0,0,0,0,1,0,2,5,6,0,0,0,1,0,0,0,0,0,0,0,0,0,0,0,15,16,2,1,0,1,0,6,0.5600000023841858
1jg302g,0.076,0.195,0.127,0.83,0.044,-0.9739,259,14.867677710551934,2,15,0,6,0,0,0,0,0,0,0,0,0,0,0,1,0,0,0,0,0,5,1,4,4,6,11,0,0,0,1,0,0,0,0,0,0,0,0,0,0,0,21,17,2,0,1,1,0,90,0.6299999952316284
1jg36uq,0.028,0.069,0.13,0.67,0.201,0.9814,394,13.968273953766033,4,28,0,8,0,0,0,0,0,0,0,0,0,0,1,3,0,0,0,0,0,1,10,0,10,31,22,1,1,0,2,0,0,0,0,1,0,0,0,2,0,0,4,24,0,7,9,5,1,0,0.28999999165534973
1jg3e1e,0.173,0.101,0.156,0.775,0.069,-0.9788,228,8.617729084823388,2,17,0,6,0,0,0,0,0,0,0,0,0,0,0,2,0,0,0,0,0,2,5,1,13,6,10,0,0,1,2,0,0,0,0,1,0,0,0,0,0,0,7,19,2,1,6,3,2,0,0.4399999976158142
1jg3nhb,0.033,0.163,0.291,0.53,0.179,-0.1779,11,3.1291,0,0,0,0,0,0,0,0,0,0,0,0,0,0,0,0,0,0,0,0,0,0,0,0,1,0,1,0,0,0,0,0,0,0,0,0,0,0,0,0,0,0,0,0,0,0,0,0,0,1,1.0
1jg3nxz,0.019,0.024,0.076,0.76,0.164,0.3612,15,13.023866798666859,0,0,0,0,0,0,0,0,0,0,0,0,0,0,0,0,0,0,0,0,0,0,0,0,0,1,1,0,0,0,0,0,0,0,0,0,0,0,0,0,0,0,0,2,0,0,0,0,0,1,1.0
1jg3ovq,0.049,0.509,0.452,0.548,0.0,-0.765,10,11.20814326018867,0,0,0,0,0,0,0,0,0,0,0,0,0,0,0,0,0,0,0,0,0,0,0,0,0,0,2,0,0,0,0,0,0,0,0,0,0,0,0,1,0,0,1,3,0,0,0,0,0,1,1.0
1jg3sxz,0.021,0.248,0.0,0.851,0.149,0.2732,13,13.023866798666859,0,0,0,0,0,0,0,0,0,0,0,0,0,0,0,0,0,0,0,0,0,0,0,0,0,0,1,0,0,0,0,0,0,0,0,0,0,0,0,0,0,0,1,6,0,0,0,0,0,1,1.0
1jg3w28,0.047,0.065,0.0,0.631,0.369,0.8934,24,11.20814326018867,0,2,0,1,0,0,0,0,0,0,0,0,0,0,0,0,0,0,0,0,0,1,0,0,0,2,0,0,0,0,0,0,0,0,0,0,0,0,0,0,0,0,1,4,1,0,0,0,0,1,1.0
1jg3wc0,0.128,0.255,0.187,0.813,0.0,-0.3182,11,3.1291,0,0,0,1,0,0,0,0,0,0,0,0,0,0,0,0,0,0,0,0,0,0,0,1,0,0,2,0,0,0,0,0,0,0,0,0,0,0,0,0,0,0,0,1,0,0,1,0,0,1,1.0
1jg3x4l,0.038,0.033,0.0,0.681,0.319,0.8934,29,11.20814326018867,0,2,0,1,0,0,0,0,0,0,0,0,0,0,0,0,0,0,0,0,0,2,0,0,0,2,0,0,0,0,0,0,0,0,0,0,0,0,0,0,0,0,1,5,1,0,0,0,0,1,1.0
1jg46df,0.035,0.255,0.036,0.914,0.051,0.2732,131,10.9516,3,11,0,3,0,0,0,0,0,0,0,0,0,0,0,0,0,0,0,0,0,1,6,4,0,2,1,0,0,0,1,0,1,0,0,0,0,0,0,0,0,0,8,11,1,2,1,0,0,11,0.6399999856948853
1jg4as1,0.036,0.261,0.061,0.813,0.125,0.9266,216,15.774802946060372,0,16,0,1,0,0,0,0,0,0,0,0,0,0,0,1,0,0,0,0,0,1,1,0,15,14,13,0,0,1,0,0,0,0,0,0,0,0,0,1,0,0,9,15,2,2,0,1,0,4286,0.800000011920929
1jg4hot,0.05,0.36,0.078,0.776,0.146,0.8882,169,12.745084868956482,4,12,1,2,0,0,0,0,0,0,0,0,0,0,0,0,0,0,0,0,0,1,4,0,9,7,7,0,0,0,0,0,0,0,0,0,0,0,2,0,0,0,3,21,3,0,1,0,0,14,0.8199999928474426
1jg52oa,0.022,0.377,0.068,0.825,0.107,0.9691,638,14.329215526747927,3,40,0,12,0,0,0,0,0,0,0,0,0,0,7,4,0,0,0,0,0,1,11,1,12,22,17,0,0,0,1,0,1,0,0,4,0,0,2,3,0,0,27,28,3,2,8,2,1,0,0.3100000023841858
1jg5lnn,0.067,0.117,0.132,0.831,0.037,-0.89,110,12.161744961471694,0,5,0,1,0,0,0,0,0,0,0,0,0,0,0,0,0,0,0,0,0,0,3,0,4,3,5,0,0,1,1,0,0,0,0,2,0,0,0,2,0,0,5,13,0,3,3,0,0,325,0.7799999713897705
1jg5qa6,0.033,0.305,0.07,0.857,0.073,0.0258,35,15.903189008614273,0,3,0,1,0,0,0,0,0,0,0,0,0,0,2,0,0,0,0,0,0,0,0,0,0,1,2,0,0,0,0,0,0,0,0,0,0,0,0,0,0,0,4,6,0,0,1,0,0,1,1.0
1jg5shk,0.107,0.195,0.16,0.729,0.111,-0.9801,392,11.792908689023552,2,21,0,6,0,5,0,0,0,0,0,0,0,0,0,5,0,0,0,0,0,1,17,2,12,11,16,0,0,2,4,0,0,0,0,0,0,0,0,3,0,0,11,25,5,1,7,3,1,0,0.4099999964237213
1jg65w0,0.051,0.386,0.217,0.783,0.0,-0.6124,20,19.287186520377343,0,1,0,0,0,0,0,0,0,0,0,0,0,0,0,0,0,0,0,0,0,0,0,0,0,0,2,0,0,0,0,0,0,0,0,0,0,0,0,0,0,0,1,3,0,0,0,0,0,1,1.0
1jg66fg,0.042,0.476,0.087,0.844,0.069,0.0855,286,15.021129683784007,1,17,3,6,0,2,0,0,0,0,0,0,0,0,3,2,0,0,0,0,0,0,3,6,9,12,20,0,0,0,0,0,0,0,0,1,0,0,1,1,0,0,7,22,5,4,5,0,0,4,0.550000011920929
1jg6d3h,0.163,0.129,0.0,0.899,0.101,0.4019,25,10.125756701596842,0,0,0,2,0,0,0,0,0,0,0,0,0,0,0,0,0,0,0,0,0,0,0,2,0,1,0,0,0,0,0,0,0,0,0,0,0,0,0,0,0,0,0,3,0,0,1,0,0,0,0.20000000298023224
1jg6fjm,0.055,0.162,0.219,0.705,0.076,-0.9932,229,15.322241378113624,2,24,0,7,0,0,0,0,0,0,0,0,0,0,0,6,0,0,0,0,0,0,8,0,6,3,16,0,1,3,2,0,0,0,0,0,0,0,2,1,0,0,8,18,2,1,3,5,0,0,0.4699999988079071
1jg6hl8,0.117,0.255,0.108,0.729,0.163,0.9752,284,11.58411153163022,0,16,0,15,0,0,0,0,0,0,0,0,0,0,1,1,0,0,0,0,0,1,3,0,34,13,8,1,0,0,0,0,1,0,0,2,0,0,1,1,0,0,20,16,4,4,18,0,1,5064,0.8899999856948853
1jg6m0b,0.033,0.045,0.112,0.717,0.171,0.9906,536,14.696529576185021,6,34,0,10,0,1,0,0,0,0,0,0,0,0,6,8,0,0,2,0,1,1,34,6,6,34,16,1,0,0,6,0,0,0,0,5,0,0,1,3,0,0,37,29,4,0,13,3,0,111,0.7900000214576721
1jg6tx2,0.09,0.148,0.106,0.787,0.106,0.0,19,14.554592549557764,0,0,0,0,0,0,0,0,0,0,0,0,0,0,0,0,0,0,0,0,0,1,0,0,0,1,3,0,0,0,0,0,0,0,0,0,0,0,0,0,0,0,2,2,0,0,0,0,0,1,1.0
1jg735w,0.19,0.043,0.007,0.828,0.165,0.9901,239,13.731508374201276,1,8,0,4,0,1,0,0,0,0,0,0,0,0,0,1,0,0,0,0,0,2,4,0,4,17,7,0,0,1,2,0,1,0,0,0,0,0,1,2,0,0,17,25,3,0,14,4,0,0,0.17000000178813934
1jg75vi,0.091,0.065,0.124,0.729,0.147,0.5346,129,18.669449996058646,1,11,0,1,0,0,0,0,0,0,0,0,0,0,0,1,0,0,0,0,0,0,3,0,0,8,9,0,0,1,1,0,0,0,0,0,0,0,0,0,0,0,10,16,0,2,5,1,0,0,0.2199999988079071
1jg796e,0.329,0.127,0.009,0.789,0.202,0.9751,112,9.888512548439397,1,5,0,1,0,1,0,0,0,0,0,0,0,0,3,1,0,0,0,0,0,0,9,1,0,8,1,0,0,1,1,0,1,0,0,1,0,0,1,0,0,0,1,13,4,1,1,6,1,0,0.30000001192092896
1jg7ub9,0.054,0.427,0.0,0.857,0.143,0.128,10,11.20814326018867,0,0,0,0,0,0,0,0,0,0,0,0,0,0,0,0,0,0,0,0,0,0,0,0,0,0,0,0,0,0,0,0,0,0,0,0,0,0,0,0,0,0,0,1,0,0,0,0,0,1,1.0
1jg8izn,0.022,0.018,0.0,0.778,0.222,0.5719,14,3.1291,0,0,0,0,0,0,0,0,0,0,0,0,0,0,0,0,0,0,0,0,0,0,0,1,0,1,0,0,0,0,0,0,0,0,0,0,0,0,0,0,0,0,1,2,0,0,0,0,0,1,1.0
1jg8raa,0.024,0.276,0.175,0.677,0.148,-0.9429,277,13.5591,4,30,0,8,0,0,0,0,0,0,0,0,0,0,0,4,0,0,0,0,0,6,3,0,2,14,11,0,0,0,0,0,0,0,0,0,0,0,0,0,0,0,4,15,1,0,3,2,0,0,0.3499999940395355
1jg8sfy,0.019,0.016,0.036,0.707,0.257,0.9867,121,18.7741,1,1,0,0,0,0,0,0,0,0,0,0,0,0,0,0,0,0,0,0,0,0,1,1,0,9,0,0,0,0,1,0,0,0,0,0,0,0,0,0,0,0,7,12,0,1,1,1,0,0,0.3499999940395355
1jg8ucw,0.035,0.2,0.222,0.702,0.076,-0.6113,28,8.841846274778883,1,1,0,0,0,0,0,0,0,0,0,0,0,0,0,0,0,0,0,0,0,0,0,0,2,0,2,0,0,0,0,0,0,0,0,0,0,0,0,0,0,0,0,5,0,0,1,0,0,1,1.0
1jg97t9,0.018,0.032,0.108,0.771,0.122,0.3532,570,12.815532586354998,11,26,0,8,0,1,0,0,0,0,0,0,0,0,1,6,0,0,0,0,2,3,10,1,16,15,22,0,0,3,0,1,0,0,0,2,0,0,0,2,0,0,16,34,4,6,6,0,1,0,0.25999999046325684
1jg9e9m,0.132,0.406,0.279,0.721,0.0,-0.4767,9,3.1291,1,0,0,1,0,0,0,0,0,0,0,0,0,0,0,0,0,0,0,0,0,0,0,0,0,0,1,0,0,0,0,0,0,0,0,0,0,0,0,0,0,0,0,1,0,0,1,0,0,1,1.0
1jg9k54,0.08,0.127,0.086,0.675,0.239,0.9889,227,11.807384569943707,1,5,0,9,0,2,0,0,0,0,0,0,0,0,2,2,0,0,2,0,0,0,4,17,5,26,12,0,1,0,2,1,0,0,0,0,0,0,1,1,0,0,7,14,2,1,10,1,0,0,0.33000001311302185
1jg9lxb,0.019,0.024,0.0,0.778,0.222,0.5319,13,3.1291,0,0,0,0,0,1,0,0,0,0,0,0,0,0,0,0,0,0,0,0,0,0,1,0,0,0,0,0,0,0,0,0,0,0,0,0,0,0,0,0,0,0,1,1,0,0,0,0,0,1,1.0
1jg9zao,0.046,0.046,0.041,0.882,0.077,0.85,364,9.496760409515343,1,23,1,6,0,0,0,0,0,0,0,0,0,0,0,3,0,0,0,0,0,19,0,3,1,13,7,0,0,0,0,0,1,0,0,1,0,0,0,3,0,0,28,22,2,4,5,0,0,0,0.14000000059604645
1jg9zkm,0.262,0.377,0.412,0.588,0.0,-0.5423,6,8.841846274778883,0,0,0,0,0,0,0,0,0,0,0,0,0,0,0,0,0,0,0,0,0,0,0,0,0,0,1,0,0,0,0,0,0,0,0,0,0,0,0,0,0,0,0,1,0,0,0,0,0,1,1.0
1jgaaev,0.104,0.049,0.0,1.0,0.0,0.0,10,11.20814326018867,1,0,0,1,0,0,0,0,0,0,0,0,0,0,0,0,0,0,0,0,0,0,0,0,0,0,0,0,0,0,0,0,0,0,0,0,0,0,0,0,0,0,0,1,0,0,1,0,0,1,1.0
1jgai7t,0.028,0.322,0.231,0.597,0.172,-0.2023,10,13.023866798666859,0,0,0,0,0,0,0,0,0,0,0,0,0,0,0,0,0,0,0,0,0,0,0,0,0,0,2,0,0,0,0,0,0,0,0,0,0,0,0,0,0,0,1,0,0,0,0,0,0,1,1.0
1jgax9a,0.11,0.255,0.195,0.629,0.176,-0.193,32,10.125756701596842,0,1,0,2,0,0,0,0,0,0,0,0,0,0,0,0,0,0,0,0,0,0,0,0,1,1,0,0,0,0,0,0,0,0,0,0,0,0,0,0,0,0,4,9,1,0,0,0,0,0,0.5
1jgaxyn,0.021,0.022,0.065,0.799,0.136,0.6808,69,10.864195022040775,0,2,0,2,0,0,0,0,0,0,0,0,0,0,0,1,0,0,0,0,0,1,0,1,1,3,3,0,0,0,0,1,0,0,0,1,0,0,0,0,0,0,4,8,0,0,1,0,0,2,1.0
1jgbc32,0.017,0.153,0.341,0.659,0.0,-0.4767,7,13.023866798666859,1,0,0,0,0,0,0,0,0,0,0,0,0,0,0,0,0,0,0,0,0,0,0,0,0,0,2,0,0,0,0,0,0,0,0,0,0,0,0,0,0,0,0,1,1,0,0,0,0,1,1.0
1jgcfvk,0.019,0.113,0.43,0.352,0.218,-0.4588,8,13.023866798666859,0,0,0,0,0,0,0,0,0,0,0,0,0,0,0,0,0,0,0,0,0,0,0,0,0,3,1,0,0,0,0,0,0,0,0,0,0,0,0,0,0,0,0,2,0,0,0,0,0,1,1.0
1jgcw6e,0.032,0.272,0.233,0.652,0.114,-0.2946,15,3.1291,0,0,0,2,0,0,0,0,0,0,0,0,0,0,0,0,0,0,0,0,0,0,0,0,2,0,1,0,0,0,0,0,0,0,0,0,0,0,0,0,0,0,0,3,1,0,1,0,0,1,1.0
1jgdbe8,0.077,0.401,0.13,0.87,0.0,-0.34,17,8.841846274778883,0,1,0,0,0,0,0,0,0,0,0,0,0,0,0,0,0,0,0,0,0,0,0,0,1,2,2,0,0,0,0,0,0,0,0,0,0,0,0,0,0,0,3,3,0,0,0,0,0,1,1.0
1jgdf9x,0.086,0.589,0.0,0.781,0.219,0.4215,11,11.20814326018867,0,0,0,0,0,0,0,0,0,0,0,0,0,0,0,0,0,0,0,0,0,0,1,0,0,0,0,0,0,0,0,0,0,0,0,0,0,0,0,0,0,0,1,0,0,0,0,0,0,1,1.0
1jgdgue,0.054,0.427,0.072,0.833,0.095,0.1531,24,8.841846274778883,0,0,0,0,0,0,0,0,0,0,0,0,0,0,0,0,0,0,0,0,0,0,0,2,3,2,1,0,0,0,0,0,0,0,0,0,0,0,0,0,0,0,1,6,1,0,0,0,0,1,1.0
1jgemcr,0.294,0.068,0.248,0.752,0.0,-0.5106,11,8.841846274778883,0,1,0,1,0,0,0,0,0,0,0,0,0,0,0,0,0,0,0,0,0,0,0,0,0,1,0,0,0,0,0,0,0,0,0,0,0,0,0,0,0,0,0,4,0,0,0,0,0,1,1.0
1jgeoux,0.533,0.458,0.209,0.791,0.0,-0.4404,12,11.20814326018867,1,0,0,0,0,0,0,0,0,0,0,0,0,0,0,0,0,0,0,0,0,0,0,0,0,1,1,0,0,0,0,0,0,0,0,0,0,0,0,0,0,0,0,2,0,1,1,0,0,0,0.5
1jgfks5,0.026,0.018,0.0,1.0,0.0,0.0,13,13.023866798666859,1,0,0,0,0,0,0,0,0,0,0,0,0,0,0,0,0,0,0,0,0,1,0,0,0,0,0,0,0,0,0,0,0,0,0,0,0,0,0,0,0,0,1,3,0,0,1,0,0,10,0.6100000143051147
1jgfp76,0.024,0.046,0.0,1.0,0.0,0.0,14,11.20814326018867,0,0,0,1,0,0,0,0,0,0,0,0,0,0,0,0,0,0,0,0,0,0,0,0,0,0,0,0,0,0,0,0,0,0,0,0,0,0,0,0,0,0,1,2,0,0,0,0,0,1,1.0
1jgftd9,0.094,0.255,0.064,0.826,0.11,0.9215,232,14.37465228746014,0,15,0,2,0,1,0,0,0,0,0,0,0,0,1,3,0,0,0,0,0,1,3,0,6,9,6,0,0,0,1,1,0,0,0,0,0,0,0,1,0,0,1,23,3,3,6,2,0,3,0.5099999904632568
1jgfy62,0.045,0.181,0.0,0.724,0.276,0.7269,18,11.20814326018867,0,3,0,0,0,0,0,0,0,0,0,0,0,0,0,0,0,0,0,0,0,0,0,0,0,1,0,0,0,0,0,0,0,0,0,0,0,0,0,0,0,0,1,3,0,0,1,0,0,1,1.0
1jgfyyt,0.05,0.143,0.172,0.828,0.0,-0.4019,14,11.20814326018867,1,1,0,1,0,0,0,0,0,0,0,0,0,0,0,0,0,0,0,0,0,0,0,0,2,0,1,0,0,0,0,0,0,0,0,0,0,0,0,0,0,0,0,0,0,0,1,0,0,1,1.0
1jggafq,0.201,0.044,0.178,0.728,0.093,-0.4449,28,13.023866798666859,0,1,0,1,0,0,0,0,0,0,0,0,0,0,0,0,0,0,0,0,0,2,0,0,0,1,4,0,0,0,0,0,0,0,0,0,0,0,0,0,0,0,0,3,0,1,1,0,0,1,1.0
1jggf66,0.048,0.068,0.083,0.857,0.06,-0.2124,34,13.023866798666859,0,0,0,2,0,0,0,0,0,0,0,0,0,0,0,0,0,0,0,0,0,1,0,0,0,1,3,0,0,0,0,0,0,0,0,0,0,0,0,0,0,0,0,7,0,0,0,0,0,1,1.0
1jggkl4,0.031,0.08,0.0,1.0,0.0,0.0,9,8.841846274778883,0,0,0,0,0,0,0,0,0,0,0,0,0,0,0,0,0,0,0,0,0,1,0,0,0,0,1,0,0,0,0,0,0,0,0,0,0,0,0,0,0,0,1,1,0,0,0,0,0,1,1.0
1jggsu6,0.214,0.119,0.333,0.667,0.0,-0.5423,8,13.023866798666859,0,0,0,0,0,0,0,0,0,0,0,0,0,0,0,0,0,0,0,0,0,0,0,0,0,0,1,0,0,0,0,0,0,0,0,0,0,0,0,0,0,0,0,0,0,0,0,0,0,1,1.0
1jghemq,0.036,0.475,0.399,0.601,0.0,-0.936,23,13.023866798666859,0,0,0,0,0,0,0,0,0,0,0,0,0,0,0,0,0,0,0,0,0,0,0,0,1,1,4,0,0,0,0,0,0,0,0,0,0,0,0,0,0,0,1,5,1,0,0,0,0,1,1.0
1jghnpi,0.089,0.44,0.0,0.674,0.326,0.4404,7,3.1291,0,0,0,0,0,0,0,0,0,0,0,0,0,0,0,0,0,0,0,0,0,0,0,0,0,1,0,0,0,0,0,0,0,0,0,0,0,0,0,0,0,0,0,3,0,0,0,0,0,1,1.0
1jghnz1,0.067,0.196,0.28,0.72,0.0,-0.5423,10,8.841846274778883,0,1,0,0,0,0,0,0,0,0,0,0,0,0,0,0,0,0,0,0,0,0,0,0,0,0,2,0,1,0,0,0,0,0,0,0,0,0,0,0,0,0,0,0,0,0,0,0,0,1,1.0
1jghpek,0.07,0.392,0.0,0.734,0.266,0.4404,9,8.841846274778883,0,0,0,0,0,0,0,0,0,0,0,0,0,0,0,0,0,0,0,0,0,0,0,0,0,1,0,0,0,0,0,0,0,0,0,0,0,0,0,0,0,0,0,3,0,0,0,0,0,1,1.0
1jghyna,0.065,0.057,0.0,0.917,0.083,0.2023,21,14.554592549557764,0,1,0,0,0,0,0,0,0,0,0,0,0,0,0,0,0,0,0,0,0,0,0,0,0,0,0,0,0,0,0,0,0,0,0,0,0,0,0,0,0,0,1,2,0,0,0,0,0,1,1.0
1jgi5x2,0.027,0.298,0.09,0.807,0.104,0.0984,211,16.04434344847333,0,13,0,6,0,0,0,0,0,0,0,0,0,0,0,1,0,0,0,0,0,0,5,0,6,10,13,0,1,0,1,0,0,0,0,0,0,0,0,1,0,0,3,16,2,1,3,0,0,63,0.7200000286102295
1jgidxq,0.05,0.578,0.0,1.0,0.0,0.0,9,8.841846274778883,0,0,0,0,0,0,0,0,0,0,0,0,0,0,0,0,0,0,0,0,0,0,0,0,0,0,1,0,0,0,0,0,0,0,0,0,0,0,0,0,0,0,1,0,0,0,0,0,0,1,1.0
1jgiols,0.082,0.654,0.173,0.777,0.05,-0.7351,43,22.918633597333717,0,2,0,0,0,0,0,0,0,0,0,0,0,0,0,0,0,0,0,0,0,0,0,0,0,2,3,0,0,0,0,0,0,0,0,0,0,0,0,0,0,0,3,7,1,1,0,0,0,1,1.0
1jgis45,0.071,0.049,0.0,1.0,0.0,0.0,11,14.554592549557764,1,0,0,0,0,0,0,0,0,0,0,0,0,0,0,0,0,0,0,0,0,0,0,0,0,0,0,0,0,0,0,0,0,0,0,0,0,0,0,0,0,0,2,1,0,0,1,0,0,1,1.0
1jgjfgg,0.079,0.026,0.0,0.811,0.189,0.4215,13,14.554592549557764,1,0,0,1,0,0,0,0,0,0,0,0,0,0,0,0,0,0,0,0,0,1,0,0,0,1,0,0,0,0,0,0,0,0,0,0,0,0,0,0,0,0,0,1,0,0,1,0,0,1,1.0
1jgjp00,0.044,0.097,0.0,1.0,0.0,0.0,21,14.554592549557764,0,0,0,0,0,0,0,0,0,0,0,0,0,0,0,0,0,0,0,0,0,0,0,0,1,0,0,0,0,0,0,0,0,0,0,0,0,0,0,0,0,0,1,1,0,0,0,0,0,0,0.5
1jgjx1q,0.082,0.361,0.0,0.845,0.155,0.5106,19,11.20814326018867,0,2,0,0,0,0,0,0,0,0,0,0,0,0,0,0,0,0,0,0,0,0,0,1,0,1,1,0,1,0,0,0,0,0,0,0,0,0,0,1,0,0,0,4,0,0,1,0,0,1,1.0
1jgk5df,0.302,0.05,0.059,0.829,0.112,0.9632,372,12.048122262838007,2,13,0,7,0,0,0,0,0,0,0,0,0,0,3,1,0,0,0,0,0,5,0,2,4,8,5,0,0,0,0,0,0,0,0,0,0,0,0,0,0,0,32,29,1,3,11,0,0,0,0.3199999928474426
1jgl130,0.056,0.116,0.109,0.772,0.119,0.0588,19,10.125756701596842,2,0,0,1,0,0,0,0,0,0,0,0,0,0,0,0,0,0,0,0,0,3,1,0,0,1,1,0,0,0,1,0,0,0,0,0,0,0,0,0,0,0,2,3,0,0,2,1,0,1,1.0
1jglb15,0.151,0.02,0.0,1.0,0.0,0.0,32,9.725611199111238,0,1,0,3,0,0,0,0,0,0,0,0,0,0,0,0,0,0,0,0,0,1,0,3,0,0,0,0,0,0,0,0,0,0,0,0,0,0,0,0,0,0,0,1,0,0,1,0,0,1,1.0
1jglmn8,0.022,0.046,0.153,0.847,0.0,-0.4404,17,14.554592549557764,0,0,0,0,0,0,0,0,0,0,0,0,0,0,0,0,0,0,0,0,0,0,1,0,0,1,1,0,0,1,0,0,0,0,0,0,0,0,0,0,0,0,2,2,1,0,0,1,0,1,1.0
1jglmux,0.156,0.255,0.0,0.923,0.077,0.128,19,7.168621630094336,1,1,0,1,0,0,0,0,0,0,0,0,0,0,0,0,0,0,0,0,0,0,0,0,1,0,0,0,0,0,0,0,0,0,0,0,0,0,0,0,0,0,1,2,0,0,1,0,0,1,1.0
1jglqyq,0.076,0.023,0.0,0.845,0.155,0.296,13,8.841846274778883,0,0,0,0,0,0,0,0,0,0,0,0,0,0,0,0,0,0,0,0,0,0,0,0,1,1,0,0,0,0,0,0,0,0,0,0,0,0,0,0,0,0,0,0,0,0,0,0,0,0,0.5
1jglsx6,0.036,0.177,0.0,1.0,0.0,0.0,17,11.20814326018867,0,0,0,0,0,0,0,0,0,0,0,0,0,0,0,0,0,0,0,0,0,0,0,0,0,0,1,0,0,0,0,0,0,0,0,0,0,0,0,0,0,0,0,2,0,0,1,0,0,1,1.0
1jglulr,0.108,0.032,0.0,0.845,0.155,0.296,13,11.20814326018867,0,1,0,0,0,0,0,0,0,0,0,0,0,0,0,0,0,0,0,0,0,0,0,0,1,1,0,0,0,0,0,0,0,0,0,0,0,0,0,0,0,0,0,0,0,0,0,0,0,0,0.3799999952316284
1jgm0j7,0.041,0.036,0.0,1.0,0.0,0.0,21,11.20814326018867,1,0,0,0,0,0,0,0,0,0,0,0,0,0,0,0,0,0,0,0,0,1,0,0,0,0,1,0,0,0,0,0,0,0,0,0,0,0,0,0,0,0,2,0,0,0,1,0,0,1,1.0
1jgm1hw,0.099,0.075,0.0,0.628,0.372,0.836,18,11.20814326018867,0,1,0,0,0,0,0,0,0,0,0,0,0,0,0,0,0,0,0,0,0,0,0,0,0,2,1,0,0,0,0,0,0,0,0,0,0,0,0,0,0,0,0,2,0,0,1,0,0,1,1.0
1jgm539,0.156,0.255,0.0,0.923,0.077,0.128,19,7.168621630094336,1,1,0,1,0,0,0,0,0,0,0,0,0,0,0,0,0,0,0,0,0,0,0,0,1,0,0,0,0,0,0,0,0,0,0,0,0,0,0,0,0,0,1,2,0,0,1,0,0,0,0.23999999463558197
1jgmg4v,0.02,0.032,0.0,0.765,0.235,0.6124,14,11.20814326018867,0,0,0,0,0,0,0,0,0,0,0,0,0,0,0,0,0,0,0,0,0,0,0,0,0,1,0,0,0,0,0,0,0,0,0,0,0,0,0,0,0,0,0,2,0,0,0,0,0,1,1.0
1jgo4h9,0.068,0.047,0.0,0.873,0.127,0.4404,21,10.125756701596842,0,0,0,1,0,0,0,0,0,0,0,0,0,0,0,0,0,0,0,0,0,0,0,1,0,2,0,0,0,0,0,0,1,0,0,0,0,0,0,0,0,0,0,4,0,0,2,0,0,1,1.0
1jgo76q,0.057,0.032,0.052,0.915,0.032,-0.5505,169,10.125756701596842,1,13,0,5,0,0,0,0,0,0,0,0,0,0,0,0,0,0,2,0,0,0,5,5,4,5,4,0,0,0,0,0,3,0,0,1,0,0,0,0,0,0,1,13,1,2,4,2,0,13,0.6700000166893005
1jgoh09,0.154,0.136,0.0,1.0,0.0,0.0,13,3.1291,0,0,0,1,0,0,0,0,0,0,0,0,0,0,0,0,0,0,0,0,0,1,0,0,0,0,0,0,0,0,0,0,0,0,0,0,0,0,0,0,0,0,3,0,0,0,0,0,0,1,1.0
1jgoqbq,0.024,0.039,0.0,1.0,0.0,0.0,10,3.1291,0,0,0,0,0,1,0,0,0,0,0,0,0,0,0,0,0,0,0,0,0,0,1,0,0,0,0,0,0,0,0,0,0,0,0,0,0,0,0,0,0,0,1,2,0,0,0,0,0,1,1.0
1jgozz1,0.03,0.083,0.206,0.794,0.0,-0.5994,16,8.841846274778883,0,0,0,0,0,0,0,0,0,0,0,0,0,0,0,0,0,0,0,0,0,0,0,0,0,1,0,0,0,0,0,0,0,0,0,0,0,0,0,0,0,0,2,1,0,0,1,0,0,1,1.0
1jgp0tm,0.03,0.234,0.0,0.56,0.44,0.6705,9,8.841846274778883,0,0,0,0,0,0,0,0,0,0,0,0,0,0,0,0,0,0,0,0,0,0,0,0,0,2,1,0,0,0,0,0,0,0,0,0,0,0,0,0,0,0,1,1,0,0,0,0,0,1,1.0
1jgpq7i,0.05,0.188,0.0,1.0,0.0,0.0,8,11.20814326018867,0,0,0,0,0,0,0,0,0,0,0,0,0,0,0,0,0,0,0,0,0,0,0,0,0,0,0,0,0,0,0,0,0,0,0,0,0,0,0,0,0,0,2,2,0,0,0,0,0,1,1.0
1jgq8i5,0.425,0.339,0.0,1.0,0.0,0.0,7,8.841846274778883,0,0,0,1,0,0,0,0,0,0,0,0,0,0,0,0,0,0,0,0,0,0,0,0,0,0,0,0,0,0,0,0,0,0,0,0,0,0,0,0,0,0,0,0,0,0,0,0,0,1,1.0
1jgq8wy,0.02,0.03,0.0,1.0,0.0,0.0,14,8.841846274778883,0,2,0,1,0,0,0,0,0,0,0,0,0,0,0,0,0,0,0,0,0,0,0,0,0,1,0,0,0,0,0,0,0,0,0,0,0,0,0,0,0,0,0,1,0,0,0,0,0,1,1.0
1jgqqpr,0.171,0.314,0.0,1.0,0.0,0.0,10,11.20814326018867,0,0,0,0,0,0,0,0,0,0,0,0,0,0,0,0,0,0,0,0,0,0,0,0,0,0,0,0,0,0,0,0,0,0,0,0,0,0,0,0,0,0,0,2,0,0,0,0,0,1,1.0
1jgr94b,0.035,0.016,0.0,1.0,0.0,0.0,9,8.841846274778883,0,0,0,0,0,0,0,0,0,0,0,0,0,0,0,0,0,0,0,0,0,0,0,0,0,0,0,0,0,0,0,0,0,0,0,0,0,0,0,0,0,0,0,1,0,0,0,0,0,1,1.0
1jgrem8,0.116,0.435,0.0,0.732,0.268,0.296,7,3.1291,0,0,0,0,0,0,0,0,0,0,0,0,0,0,0,0,0,0,0,0,0,0,0,0,0,0,0,0,0,0,0,0,0,0,0,0,0,0,0,0,0,0,1,2,0,0,0,0,0,1,1.0
1jgrjgo,0.029,0.199,0.058,0.808,0.134,0.2635,25,11.20814326018867,1,1,0,1,0,0,0,0,0,0,0,0,0,0,0,1,0,0,0,0,0,1,0,0,2,0,0,0,0,0,0,0,0,0,0,0,0,0,0,0,0,0,0,4,0,1,0,0,0,0,0.27000001072883606
1jgs13r,0.042,0.082,0.183,0.648,0.17,-0.0571,13,8.841846274778883,0,0,0,0,0,0,0,0,0,0,0,0,0,0,0,0,0,0,0,0,0,0,0,0,1,0,2,0,0,0,0,0,0,0,0,0,0,0,0,0,0,0,1,3,0,0,0,0,0,1,1.0
1jgs6vi,0.043,0.08,0.138,0.862,0.0,-0.3412,16,13.023866798666859,0,0,0,1,0,0,0,0,0,0,0,0,0,0,0,0,0,0,0,0,0,0,0,0,0,0,1,0,0,0,0,0,0,0,0,0,0,0,0,0,0,0,0,2,0,0,0,0,0,1,1.0
1jgsf51,0.702,0.066,0.0,1.0,0.0,0.0,8,3.1291,0,0,0,2,0,0,0,0,0,0,0,0,0,0,0,0,0,0,0,0,0,0,0,0,0,0,0,0,0,0,0,0,0,0,0,0,0,0,0,0,0,0,2,0,0,0,1,0,0,1,1.0
1jgsmbx,0.019,0.04,0.0,1.0,0.0,0.0,8,11.20814326018867,0,0,0,0,0,1,0,0,0,0,0,0,0,0,0,0,0,0,0,0,0,0,0,0,0,1,0,0,0,0,0,0,0,0,0,0,0,0,0,0,0,0,2,2,0,0,0,0,0,1,1.0
1jgssau,0.037,0.132,0.122,0.782,0.095,-0.2023,25,15.903189008614273,0,1,0,0,0,0,0,0,0,0,0,0,1,0,0,0,0,0,0,0,0,2,0,0,0,1,2,0,0,0,0,0,0,0,0,0,0,0,0,0,0,0,0,4,0,1,0,0,0,1,1.0
1jgsxk8,0.172,0.111,0.0,1.0,0.0,0.0,5,8.841846274778883,0,0,0,0,0,0,0,0,0,0,0,0,0,0,0,0,0,0,0,0,0,0,0,0,0,0,0,0,0,0,0,0,0,0,0,0,0,0,0,0,0,0,0,0,0,0,0,0,0,1,1.0
1jgsyhz,0.025,0.18,0.193,0.807,0.0,-0.4767,14,8.841846274778883,0,1,0,0,0,0,0,0,0,0,0,0,0,0,0,0,0,0,0,0,0,0,2,0,0,0,1,0,0,0,0,0,0,0,0,0,0,0,0,0,0,0,0,1,1,0,0,0,0,1,1.0
1jgt7wx,0.078,0.401,0.24,0.76,0.0,-0.802,29,18.243605946275583,0,0,0,0,0,0,0,0,0,0,0,0,0,0,0,0,0,0,0,0,0,0,0,0,1,2,3,0,0,0,0,0,0,0,0,0,0,0,0,0,0,0,0,4,0,1,0,0,0,1,1.0
1jgtfbq,0.074,0.612,0.446,0.554,0.0,-0.7937,13,8.841846274778883,0,0,0,1,0,1,0,0,0,0,0,0,0,0,0,0,0,0,0,0,0,0,0,0,0,0,2,0,0,0,0,0,0,0,0,0,0,0,0,0,0,0,0,2,0,0,1,0,0,1,1.0
1jgthha,0.017,0.03,0.0,0.51,0.49,0.5859,7,8.841846274778883,0,0,0,0,0,0,0,0,0,0,0,0,0,0,0,0,0,0,0,0,0,0,1,0,0,1,0,0,0,0,0,0,0,0,0,0,0,0,0,0,0,0,0,1,0,0,0,0,0,1,1.0
1jgtqy7,0.037,0.098,0.0,1.0,0.0,0.0,22,11.20814326018867,1,1,0,0,0,0,0,0,0,0,0,0,0,0,0,0,0,0,0,0,0,1,0,0,0,0,1,0,0,0,0,0,0,0,0,0,0,0,0,0,0,0,3,4,0,0,1,0,0,1,1.0
1jgtsg7,0.048,0.012,0.0,0.904,0.096,0.1779,17,11.20814326018867,0,1,0,1,0,0,0,0,0,0,0,0,0,0,0,1,0,0,0,0,0,0,0,0,0,0,0,0,0,0,0,0,0,0,0,0,0,0,0,0,0,0,0,3,0,1,0,0,0,1,1.0
1jgtunn,0.027,0.203,0.098,0.78,0.121,0.7679,173,11.855464076750408,1,10,0,1,0,0,0,0,0,0,0,0,0,0,0,2,0,0,0,0,0,0,4,4,1,11,3,0,0,1,0,0,0,0,0,0,0,0,1,2,0,0,3,18,3,0,0,0,0,81,0.7400000095367432
1jgucwn,0.024,0.047,0.153,0.486,0.361,0.4588,10,8.841846274778883,0,0,0,1,0,0,0,0,0,0,0,0,0,0,0,0,0,0,0,0,0,0,0,0,0,0,1,0,0,0,0,0,0,0,0,0,0,0,0,0,0,0,1,1,0,0,0,0,0,1,1.0
1jguobh,0.033,0.045,0.142,0.645,0.213,0.2732,12,8.841846274778883,0,0,0,1,0,0,0,0,0,0,0,0,0,0,0,0,0,0,0,0,0,0,0,0,0,1,0,0,0,0,0,0,0,0,0,0,0,0,0,0,0,0,1,3,0,0,0,0,0,1,1.0
1jgv7qk,0.02,0.04,0.0,0.373,0.627,0.8126,8,3.1291,0,0,0,0,0,0,0,0,0,0,0,0,0,0,0,0,0,0,0,0,0,0,0,0,0,3,1,0,0,0,0,0,0,0,0,0,0,0,0,0,0,0,0,1,0,0,0,0,0,1,0.6700000166893005
1jgvjeg,0.026,0.028,0.04,0.85,0.11,0.9418,163,9.928628108626363,1,12,0,3,0,0,0,0,0,0,0,0,0,0,0,1,0,0,0,0,0,0,5,0,0,5,1,0,1,0,3,0,0,0,0,0,0,0,0,0,0,0,9,15,1,3,1,2,0,625,0.8799999952316284
1jgvsvw,0.033,0.027,0.054,0.868,0.078,0.8908,367,10.078955797065145,4,21,0,9,0,0,0,0,0,0,0,0,1,0,0,1,0,0,0,0,0,1,3,2,3,16,7,0,0,0,1,0,0,0,0,0,0,0,2,0,0,0,14,24,3,0,5,0,0,0,0.36000001430511475
1jgvvl0,0.03,0.032,0.211,0.789,0.0,-0.3412,10,8.841846274778883,0,0,0,1,0,0,0,0,0,0,0,0,0,0,0,0,0,0,0,0,0,0,0,0,0,0,1,0,0,0,0,0,0,0,0,0,0,0,0,0,0,0,0,1,0,0,1,0,0,1,1.0
1jgw131,0.333,0.274,0.0,0.848,0.152,0.3612,15,11.20814326018867,0,0,0,1,0,1,0,0,0,0,0,0,0,0,0,0,0,0,0,0,0,0,0,0,1,1,0,0,0,0,0,0,0,0,0,0,0,0,0,0,0,0,0,3,1,0,0,0,0,1,1.0
1jgwdti,0.042,0.02,0.0,1.0,0.0,0.0,12,11.20814326018867,0,0,0,1,0,0,0,0,0,0,0,0,0,0,1,0,0,0,0,0,0,0,0,0,0,0,0,0,0,0,0,0,0,0,0,0,0,0,0,0,0,0,1,3,0,0,0,0,0,1,1.0
1jgwm1e,0.248,0.119,0.0,1.0,0.0,0.0,6,11.20814326018867,1,0,0,0,0,0,0,0,0,0,0,0,0,0,0,0,0,0,0,0,0,0,0,0,0,0,0,0,0,0,0,0,0,0,0,0,0,0,0,0,0,0,0,0,0,0,1,0,0,1,1.0
1jgwngv,0.027,0.016,0.0,1.0,0.0,0.0,13,13.023866798666859,0,0,0,1,0,0,0,0,0,0,0,0,0,0,0,0,0,0,0,0,0,0,0,0,0,0,0,0,0,0,0,0,0,0,0,0,0,0,0,0,0,0,0,3,0,0,0,0,0,1,1.0
1jgwoku,0.197,0.123,0.462,0.538,0.0,-0.7184,9,13.023866798666859,1,0,0,0,0,0,0,0,0,0,0,0,0,0,0,0,0,0,0,0,0,0,0,0,0,0,0,0,0,0,0,0,0,0,0,0,0,0,0,0,0,0,0,1,0,0,1,0,0,1,1.0
1jgwugy,0.292,0.137,0.0,1.0,0.0,0.0,6,11.20814326018867,1,0,0,0,0,0,0,0,0,0,0,0,0,0,0,0,0,0,0,0,0,0,0,0,0,0,0,0,0,0,0,0,0,0,0,0,0,0,0,0,0,0,0,0,0,0,1,0,0,1,1.0
1jgwuui,0.015,0.13,0.173,0.743,0.084,-0.5267,41,19.287186520377343,0,1,0,1,0,0,0,0,0,0,0,0,0,0,0,0,0,0,0,0,0,1,0,0,1,2,2,0,0,0,0,0,0,0,0,0,0,0,0,0,0,0,2,4,0,0,0,0,0,1,1.0
1jgx9i3,0.02,0.03,0.0,1.0,0.0,0.0,14,8.841846274778883,0,2,0,1,0,0,0,0,0,0,0,0,0,0,0,0,0,0,0,0,0,0,0,0,0,1,0,0,0,0,0,0,0,0,0,0,0,0,0,0,0,0,0,1,0,0,0,0,0,0,0.4000000059604645
1jgxgrw,0.062,0.193,0.074,0.801,0.125,0.1911,31,10.125756701596842,0,1,0,1,0,0,0,0,0,0,0,0,0,0,0,0,0,0,0,0,0,0,0,0,0,1,2,0,0,0,0,0,0,0,0,0,0,0,0,0,0,0,1,4,0,0,0,0,0,0,0.5
1jgxljg,0.02,0.233,0.342,0.548,0.11,-0.7778,20,10.125756701596842,0,0,0,0,0,0,0,0,0,0,0,0,0,0,1,0,0,0,0,0,0,0,3,0,0,0,3,0,0,0,0,0,0,0,0,0,0,0,0,0,0,0,0,4,0,1,0,0,0,1,1.0
1jgxpcu,0.016,0.011,0.0,1.0,0.0,0.0,10,8.841846274778883,0,2,0,0,0,0,0,0,0,0,0,0,0,0,0,0,0,0,0,0,0,0,0,0,0,0,0,0,0,0,0,0,0,0,0,0,0,0,0,0,0,0,1,0,0,0,0,0,0,1,1.0
1jgy4pd,0.4,0.627,0.272,0.728,0.0,-0.6249,12,8.841846274778883,0,0,0,0,0,0,0,0,0,0,0,0,0,0,0,0,0,0,0,0,0,0,0,0,0,0,1,0,0,0,0,0,0,0,0,0,0,0,0,0,0,0,1,3,0,0,0,0,0,1,1.0
1jgycew,0.039,0.339,0.381,0.619,0.0,-0.5719,7,8.841846274778883,0,0,0,0,0,0,0,0,0,0,0,0,0,0,0,0,0,0,0,0,0,0,1,0,0,0,1,0,0,0,0,0,0,0,0,0,0,0,0,0,0,0,1,0,0,0,0,0,0,1,1.0
1jgydyp,0.045,0.03,0.0,0.715,0.285,0.7163,17,8.841846274778883,1,0,0,1,0,0,0,0,0,0,0,0,0,0,0,0,0,0,0,0,0,0,0,0,0,2,0,0,0,0,0,0,0,0,0,0,0,0,0,0,0,0,0,1,0,0,1,0,0,1,1.0
1jgyk57,0.476,0.148,0.0,0.843,0.157,0.4215,16,13.023866798666859,0,0,0,1,0,0,0,0,0,0,0,0,0,0,0,0,0,0,0,0,0,0,0,0,0,0,0,0,0,0,0,0,0,0,0,0,0,0,0,0,0,0,3,3,0,0,1,0,0,1,1.0
1jgytfl,0.05,0.267,0.524,0.476,0.0,-0.6597,5,3.1291,0,0,0,0,0,0,0,0,0,0,0,0,0,0,0,0,0,0,0,0,0,1,0,0,0,0,1,0,0,0,0,0,0,0,0,0,0,0,0,0,0,0,0,0,0,0,0,0,0,0,0.5
1jgyu9h,0.175,0.035,0.0,1.0,0.0,0.0,13,14.554592549557764,1,0,0,1,0,0,0,0,0,0,0,0,0,0,0,0,0,0,0,0,0,0,0,0,0,0,0,0,0,0,0,0,0,0,0,0,0,0,0,0,0,0,0,3,0,0,1,0,0,1,1.0
1jgzm4c,0.141,0.136,0.0,0.769,0.231,0.5423,17,13.023866798666859,0,1,0,1,0,0,0,0,0,0,0,0,0,0,0,0,0,0,0,0,0,0,0,0,1,0,1,0,0,0,0,0,0,0,0,0,0,0,1,1,0,0,3,1,2,0,0,0,0,1,1.0
1jgznt5,0.028,0.249,0.066,0.741,0.193,0.7003,31,15.903189008614273,0,5,0,1,0,0,0,0,0,0,0,0,0,0,0,0,0,0,0,0,0,0,0,0,1,2,1,0,0,0,0,0,0,0,0,0,0,0,0,0,0,0,0,3,0,0,0,0,0,0,0.33000001311302185
1jh01et,0.023,0.039,0.0,1.0,0.0,0.0,6,3.1291,0,0,0,1,0,0,0,0,0,0,0,0,0,0,0,0,0,0,0,0,0,0,0,0,0,0,0,0,0,0,0,0,0,0,0,0,0,0,0,0,0,0,0,0,0,0,0,0,0,0,0.1899999976158142
1jh0agj,0.039,0.021,0.0,0.718,0.282,0.6249,15,11.20814326018867,0,0,0,0,0,0,0,0,0,0,0,0,0,0,0,0,0,0,0,0,0,0,0,0,0,1,0,0,0,0,0,0,0,0,0,0,0,0,0,0,0,0,0,2,0,0,0,0,0,1,1.0
1jh0fq6,0.114,0.036,0.133,0.718,0.149,0.0772,16,13.023866798666859,0,0,0,0,0,0,0,0,0,0,0,0,0,0,0,0,0,0,0,0,0,1,0,0,0,2,0,0,0,0,0,0,0,0,0,0,0,0,1,0,0,0,2,4,1,0,0,0,0,1,1.0
1jh0fw6,0.028,0.031,0.149,0.851,0.0,-0.2732,13,13.023866798666859,0,0,0,1,0,0,0,0,0,0,0,0,0,0,0,0,0,0,0,0,0,0,0,0,0,1,0,0,0,0,0,0,0,0,0,0,0,0,0,0,0,0,0,2,0,0,0,0,0,1,1.0
1jh0gsx,0.035,0.022,0.0,1.0,0.0,0.0,8,11.20814326018867,0,0,0,1,0,0,0,0,0,0,0,0,0,0,0,0,0,0,0,0,0,0,0,0,0,1,0,0,0,0,0,0,0,0,0,0,0,0,0,0,0,0,0,0,0,0,0,0,0,1,1.0
1jh129p,0.028,0.211,0.0,0.828,0.172,0.4019,14,8.841846274778883,1,0,0,1,0,0,0,0,0,0,0,0,0,0,0,0,0,0,0,0,0,0,0,1,0,1,0,0,0,0,0,0,0,0,0,0,0,0,0,0,0,0,1,2,0,1,1,1,0,1,1.0
1jh1csi,0.051,0.028,0.0,0.927,0.073,0.9127,192,11.20814326018867,3,11,0,2,0,1,0,0,0,0,0,0,0,0,0,2,0,0,0,0,0,1,5,4,3,2,2,0,0,0,2,1,0,0,0,0,0,0,0,3,0,0,3,17,1,2,5,0,1,0,0.41999998688697815
1jh1o19,0.017,0.12,0.341,0.659,0.0,-0.4767,7,13.023866798666859,1,0,0,0,0,0,0,0,0,0,0,0,0,0,0,0,0,0,0,0,0,0,0,0,0,0,2,0,0,0,0,0,0,0,0,0,0,0,0,0,0,0,0,1,1,0,0,0,0,1,1.0
1jh223k,0.121,0.412,0.209,0.791,0.0,-0.6705,18,11.20814326018867,0,0,0,0,0,0,0,0,0,0,0,0,0,0,1,0,0,0,0,0,0,1,0,0,0,0,1,0,0,0,0,0,0,0,0,0,0,0,0,0,0,0,0,5,0,0,0,0,0,1,1.0
1jh22qc,0.034,0.252,0.179,0.652,0.168,-0.0516,14,3.1291,0,1,0,1,0,0,0,0,0,0,0,0,0,0,0,0,0,0,0,0,0,0,0,0,0,0,2,0,0,0,0,0,0,0,0,0,0,0,0,0,0,0,0,1,0,0,0,0,0,1,1.0
1jh2c4n,0.029,0.026,0.0,0.922,0.078,0.34,42,22.076135915942103,0,0,0,0,0,0,0,0,0,0,0,0,0,0,0,0,0,0,0,0,0,0,0,0,0,3,0,0,0,0,0,0,0,0,0,1,0,0,0,0,0,0,3,5,1,0,1,0,0,1,1.0
1jh2i5s,0.023,0.17,0.267,0.733,0.0,-0.3724,8,8.841846274778883,0,0,0,1,0,0,0,0,0,0,0,0,0,0,0,0,0,0,0,0,0,0,0,1,0,0,0,0,0,0,0,0,0,0,0,0,0,0,0,0,0,0,0,0,0,0,0,0,0,1,1.0
1jh2mmr,0.03,0.111,0.167,0.833,0.0,-0.4215,15,3.1291,0,1,0,1,0,0,0,0,0,0,0,0,0,0,0,0,0,0,0,0,0,1,0,0,0,0,0,0,0,0,0,0,0,0,0,0,0,0,0,1,0,0,1,0,0,0,0,0,0,173,0.8100000023841858
1jh2pw9,0.171,0.216,0.516,0.484,0.0,-0.7506,8,8.841846274778883,0,0,0,0,0,0,0,0,0,0,0,0,0,0,0,0,0,0,0,0,0,0,0,0,0,0,2,0,0,0,0,0,0,0,0,0,0,0,0,0,0,0,0,1,0,0,0,0,0,1,0.9900000095367432
1jh2syp,0.551,0.199,0.242,0.695,0.063,-0.9231,50,18.243605946275583,0,2,0,2,0,0,0,0,0,0,0,0,0,0,0,0,0,0,0,0,0,2,0,0,0,0,1,0,0,0,0,0,0,0,0,0,0,0,0,0,0,0,2,7,0,0,1,0,0,1,1.0
1jh2tya,0.05,0.196,0.0,1.0,0.0,0.0,11,11.20814326018867,0,0,0,1,0,0,0,0,0,0,0,0,0,0,0,0,0,0,0,0,0,0,0,0,0,1,0,0,0,0,0,0,0,0,0,0,0,0,0,0,0,0,1,1,0,0,0,0,0,1,1.0
1jh3io7,0.072,0.043,0.0,1.0,0.0,0.0,13,8.841846274778883,0,1,0,1,0,0,0,0,0,0,0,0,0,0,0,0,0,0,0,0,0,0,0,0,0,0,0,0,0,0,0,0,0,0,0,0,0,0,0,0,0,0,0,1,0,0,0,0,0,1,1.0
1jh3j9r,0.048,0.234,0.0,1.0,0.0,0.0,12,11.20814326018867,0,2,0,0,0,0,0,0,0,0,0,0,0,0,0,0,0,0,0,0,0,0,0,0,0,0,0,0,0,0,0,0,0,0,0,0,0,0,0,0,0,0,1,1,0,0,1,0,0,1,1.0
1jh4c8p,0.29,0.102,0.096,0.847,0.057,-0.9242,279,10.727762888450027,1,24,0,6,0,0,0,0,0,0,0,0,0,0,2,1,0,0,0,0,0,0,3,5,3,4,9,0,2,0,2,1,1,0,0,0,0,0,1,1,0,0,18,15,2,1,8,2,0,0,0.33000001311302185
1jh4kb0,0.05,0.03,0.0,0.819,0.181,0.9862,165,12.602617957971052,3,4,0,4,0,0,0,0,0,0,0,0,0,0,0,3,0,0,0,0,0,2,1,3,0,6,3,0,0,0,1,0,0,0,0,0,0,0,0,1,0,0,10,14,1,1,0,0,0,54,0.8500000238418579
1jh4n2n,0.038,0.1,0.156,0.726,0.119,-0.994,898,11.326091736570909,11,50,0,22,0,1,0,0,0,0,0,0,0,0,4,8,0,0,1,0,0,3,20,5,36,34,45,0,1,4,4,0,2,0,2,6,0,0,2,7,0,0,60,40,3,5,13,6,2,0,0.4099999964237213
1jh4o6y,0.024,0.016,0.0,1.0,0.0,0.0,6,8.841846274778883,0,0,0,0,0,0,0,0,0,0,0,0,0,0,0,0,0,0,0,0,0,0,0,0,0,0,0,0,0,0,0,0,0,0,0,0,0,0,0,0,0,0,1,2,0,0,0,0,0,1,1.0
1jh5g7k,0.246,0.427,0.0,1.0,0.0,0.0,6,8.841846274778883,0,0,0,0,0,0,0,0,0,0,0,0,0,0,0,0,0,0,0,0,0,0,0,0,0,0,0,0,0,0,0,0,0,0,0,0,0,0,0,0,0,0,1,0,0,0,0,0,0,1,1.0
1jh61go,0.33,0.612,0.0,0.775,0.225,0.5413,13,3.1291,0,0,0,0,0,0,0,0,0,0,0,0,0,0,0,0,0,0,0,0,0,0,0,0,0,1,0,0,0,0,0,0,0,0,0,0,0,0,0,0,0,0,0,3,0,0,1,0,0,1,1.0
1jh642w,0.036,0.371,0.099,0.807,0.093,-0.5888,559,15.195765016291148,10,25,1,5,0,0,0,0,0,0,0,0,0,0,0,8,0,0,0,0,0,2,0,0,10,25,17,0,0,1,1,1,0,0,0,0,0,0,0,3,0,0,39,30,3,7,2,0,0,0,0.25
1jh6hjb,0.044,0.055,0.058,0.853,0.089,0.9652,505,17.971250198000288,2,16,0,7,0,0,0,0,0,0,0,0,0,0,2,7,0,0,0,0,0,1,0,0,3,19,12,1,0,0,0,0,1,0,0,1,0,0,0,0,0,0,12,37,2,3,3,1,0,164,0.6700000166893005
1jh6im7,0.153,0.305,0.0,0.893,0.107,0.4973,28,15.903189008614273,0,2,0,1,0,0,0,0,0,0,0,0,0,0,0,0,0,0,0,0,0,0,0,0,0,0,1,0,0,0,0,0,0,0,0,0,0,0,0,0,0,0,1,4,0,0,0,0,0,1,1.0
1jh6q9p,0.202,0.144,0.085,0.769,0.146,0.9263,324,12.913307274991674,6,15,0,3,0,0,0,0,0,0,0,0,0,0,2,2,0,0,0,0,0,4,3,0,11,21,13,0,0,0,1,0,0,0,0,0,0,0,0,0,0,0,36,24,3,4,6,3,0,0,0.4099999964237213
1jh7a9y,0.184,0.11,0.034,0.9,0.066,0.7508,185,7.3011,1,8,0,2,0,3,0,0,0,0,0,0,0,0,1,2,0,0,0,0,0,1,5,1,3,6,4,0,0,0,0,2,0,0,0,0,0,0,0,0,0,0,31,18,2,0,0,0,0,0,0.38999998569488525
1jh7bb1,0.035,0.041,0.064,0.812,0.124,0.949,258,13.023866798666859,4,20,0,7,0,0,0,0,0,0,0,0,0,0,1,3,0,0,0,0,0,0,6,1,3,4,6,0,0,0,0,0,0,0,0,0,0,0,1,0,0,0,2,28,4,2,7,1,1,419,0.6899999976158142
1jh7mn0,0.048,0.685,0.275,0.725,0.0,-0.5859,11,8.841846274778883,0,0,0,0,0,1,0,0,0,0,0,0,0,0,0,0,0,0,0,0,0,0,0,0,0,1,1,0,0,0,0,0,0,0,0,0,0,0,0,0,0,0,0,0,0,0,0,0,0,1,1.0
1jh7ugm,0.028,0.206,0.0,0.714,0.286,0.4939,9,3.1291,0,0,0,0,0,0,0,0,0,0,0,0,0,0,0,0,0,0,0,0,0,0,0,2,0,0,0,0,0,0,0,0,0,0,0,0,0,0,0,1,0,0,1,1,1,0,0,1,0,1,1.0
1jh88lt,0.074,0.075,0.295,0.705,0.0,-0.6632,15,8.841846274778883,0,0,0,1,0,0,0,0,0,0,0,0,0,0,0,0,0,0,0,0,0,0,0,0,0,0,2,0,0,0,0,0,0,0,0,0,0,0,0,0,0,0,0,1,0,0,0,0,0,1,1.0
1jh8dhz,0.024,0.255,0.08,0.805,0.114,0.8754,334,16.001076179640435,11,20,0,7,0,0,0,0,0,0,0,0,0,0,1,3,0,0,0,0,0,0,8,0,9,13,15,0,0,0,3,0,0,0,0,2,0,0,0,3,0,0,1,28,5,3,8,1,0,0,0.27000001072883606
1jh8eik,0.021,0.09,0.159,0.692,0.148,0.0865,182,16.404322709996244,3,8,0,4,0,0,0,0,0,0,0,0,0,0,2,2,0,0,0,0,0,0,4,1,3,6,8,0,0,0,1,0,0,0,0,0,0,0,2,0,0,0,11,16,1,1,1,2,0,0,0.3799999952316284
1jh9bb7,0.019,0.095,0.04,0.768,0.192,0.9976,388,12.367839424501923,5,40,0,8,0,1,0,0,0,0,0,0,0,0,4,4,0,0,1,0,0,3,8,16,9,16,7,0,0,2,4,0,0,0,0,0,0,0,3,0,0,0,4,34,9,2,4,4,0,132,0.6200000047683716
1jh9pkj,0.059,0.226,0.124,0.794,0.082,-0.807,172,14.836745963215662,0,3,0,3,0,0,0,0,0,0,0,0,0,0,0,3,0,0,0,0,0,1,19,0,2,5,4,0,0,0,0,0,0,0,0,0,0,0,0,0,0,0,13,18,1,1,4,1,0,0,0.3100000023841858
1jh9q47,0.041,0.192,0.0,1.0,0.0,0.0,10,13.023866798666859,0,0,0,0,0,0,0,0,0,0,0,0,0,0,1,0,0,0,0,0,0,0,0,0,0,0,1,0,0,0,0,0,0,0,0,0,0,0,0,0,0,0,0,1,0,0,0,0,0,1,1.0
1jh9yr3,0.028,0.203,0.134,0.866,0.0,-0.5267,23,8.841846274778883,0,1,0,0,0,0,0,0,0,0,0,0,0,0,0,0,0,0,0,0,0,0,0,2,0,1,1,0,0,0,0,0,0,0,0,0,0,0,0,0,0,0,0,5,0,0,0,0,0,1,1.0
1jha2uk,0.034,0.275,0.178,0.691,0.131,-0.9519,173,14.836745963215662,3,19,0,3,0,0,0,0,0,0,0,0,0,0,5,0,0,0,0,0,0,0,0,8,2,11,10,1,0,0,0,0,0,0,0,0,0,0,0,0,0,0,0,19,1,3,3,0,0,0,0.1899999976158142
1jha9ug,0.066,0.557,0.381,0.619,0.0,-0.5719,7,8.841846274778883,0,0,0,0,0,0,0,0,0,0,0,0,0,0,0,0,0,0,0,0,0,0,1,0,0,0,1,0,0,0,0,0,0,0,0,0,0,0,0,0,0,0,0,1,0,0,0,0,0,1,1.0
1jhajhj,0.099,0.079,0.101,0.808,0.092,-0.6817,252,16.03029750255766,1,6,0,3,0,0,0,0,0,0,0,0,0,0,1,1,0,0,0,0,0,2,2,1,5,1,12,0,0,0,1,0,0,0,0,1,0,0,0,1,0,0,11,17,1,1,6,0,0,0,0.11999999731779099
1jhbdif,0.057,0.158,0.23,0.77,0.0,-0.5096,12,3.1291,0,1,0,1,0,0,0,0,0,0,0,0,0,0,0,0,0,0,0,0,0,0,0,0,0,0,1,0,0,0,0,0,0,0,0,0,0,0,0,0,0,0,1,2,0,0,0,0,0,1,1.0
1jhbfx2,0.068,0.094,0.0,0.793,0.207,0.5267,14,11.20814326018867,0,0,0,1,0,0,0,0,0,0,0,0,0,0,0,0,0,0,0,0,0,0,0,0,0,1,1,0,0,0,0,0,0,0,0,0,0,0,0,0,0,0,0,3,0,0,1,0,0,1,1.0
1jhbpfc,0.036,0.052,0.077,0.873,0.05,-0.6486,147,11.20814326018867,1,8,0,6,0,0,0,0,0,0,0,0,0,0,0,0,0,0,0,0,0,1,3,0,4,3,4,0,0,0,2,0,0,0,0,0,0,0,1,2,0,0,9,13,0,0,6,2,1,0,0.3400000035762787
1jhbsg4,0.052,0.028,0.041,0.921,0.038,-0.1504,174,11.45678717892309,4,10,0,4,0,0,0,0,0,0,0,0,0,0,1,1,1,0,0,0,0,1,9,0,3,6,4,0,0,0,1,0,0,0,0,0,0,0,1,2,0,0,10,22,1,3,4,1,0,0,0.28999999165534973
1jhbth6,0.092,0.078,0.11,0.694,0.197,0.9986,920,13.936533991178674,10,60,0,16,0,2,0,0,0,0,0,0,0,0,6,10,0,0,0,0,0,16,26,2,13,40,45,0,1,1,9,0,0,0,0,0,0,0,0,5,0,0,8,39,2,5,18,4,2,1512,0.8899999856948853
1jhbwbq,0.058,0.083,0.121,0.807,0.072,-0.8758,181,11.20814326018867,3,9,0,4,0,0,0,0,0,0,0,0,0,0,2,2,0,0,0,0,0,1,12,1,7,2,9,0,0,0,2,0,0,0,0,0,0,0,1,2,0,0,5,14,1,0,5,2,0,0,0.28999999165534973
1jhby9v,0.024,0.369,0.141,0.641,0.218,0.999,1088,11.4696683732869,18,110,1,36,0,3,0,0,0,0,0,0,0,1,9,11,0,0,5,0,0,6,0,27,30,89,55,0,0,0,0,2,1,0,0,3,34,0,4,11,0,0,4,33,9,6,25,1,1,6,0.800000011920929
1jhckqv,0.063,0.536,0.0,1.0,0.0,0.0,15,11.20814326018867,0,0,0,0,0,0,0,0,0,0,0,0,0,0,0,0,0,0,0,0,0,0,0,0,0,1,0,0,0,0,0,0,0,0,0,0,0,0,0,0,0,0,3,2,0,0,0,0,0,1,1.0
1jhd8h8,0.027,0.33,0.065,0.865,0.07,0.8295,472,14.474971422386794,6,24,1,13,0,0,0,0,0,0,0,0,0,0,2,1,0,0,0,0,0,22,21,2,1,9,24,0,1,2,4,0,0,0,0,0,1,0,0,1,0,0,16,28,4,7,8,4,0,0,0.27000001072883606
1jhdp42,0.029,0.243,0.127,0.822,0.051,-0.9719,233,11.491704259439757,0,13,0,14,0,1,0,0,0,0,0,0,0,0,1,3,0,0,0,0,0,1,6,0,8,1,11,0,2,1,4,0,0,0,0,0,0,0,0,3,0,0,2,17,2,2,1,1,1,399,0.6600000262260437
1jhdvi2,0.05,0.199,0.211,0.709,0.08,-0.9995,911,13.023866798666859,9,47,0,20,0,1,0,0,0,0,0,0,0,0,3,11,0,0,0,0,0,8,3,0,22,25,63,0,0,0,0,0,0,0,0,3,0,0,0,4,0,0,15,33,1,6,5,0,0,1501,0.8500000238418579
1jhdzw8,0.037,0.046,0.045,0.83,0.125,0.9934,575,19.354372201106518,5,25,0,10,0,0,0,0,0,0,0,0,0,0,5,0,0,0,0,0,0,5,7,1,8,20,8,0,0,1,5,0,0,0,0,0,0,0,1,3,0,0,35,28,2,4,8,3,0,55,0.7300000190734863
1jhe1de,0.02,0.049,0.0,0.64,0.36,0.7351,13,13.023866798666859,0,0,0,0,0,0,0,0,0,0,0,0,0,0,0,0,0,0,0,0,0,0,0,0,0,2,1,0,0,0,0,0,0,0,0,0,0,0,0,0,0,0,0,1,0,1,0,0,0,1,1.0
1jhe2br,0.042,0.051,0.0,1.0,0.0,0.0,6,8.841846274778883,0,1,0,1,0,0,0,0,0,0,0,0,0,0,0,0,0,0,0,0,0,0,0,0,0,0,0,0,0,0,0,0,0,0,0,0,0,0,0,0,0,0,0,0,0,0,1,0,0,1,1.0
1jhecgz,0.02,0.048,0.0,0.64,0.36,0.7351,13,13.023866798666859,0,0,0,0,0,0,0,0,0,0,0,0,0,0,0,0,0,0,0,0,0,0,0,0,0,2,1,0,0,0,0,0,0,0,0,0,0,0,0,0,0,0,0,1,0,1,0,0,0,1,1.0
1jhejmy,0.531,0.099,0.0,0.663,0.337,0.8799,29,18.243605946275583,1,2,0,1,0,0,0,0,0,0,0,0,0,0,1,0,0,0,0,0,0,0,0,0,0,3,0,0,0,0,0,0,0,0,0,0,0,0,0,1,0,0,2,5,1,0,3,0,0,1,1.0
1jhejys,0.531,0.097,0.0,0.663,0.337,0.8799,29,18.243605946275583,1,2,0,1,0,0,0,0,0,0,0,0,0,0,1,0,0,0,0,0,0,0,0,0,0,3,0,0,0,0,0,0,0,0,0,0,0,0,0,1,0,0,2,5,1,0,3,0,0,1,1.0
1jherba,0.027,0.111,0.087,0.634,0.279,0.9762,102,13.023866798666859,3,4,0,4,0,0,0,0,0,0,0,0,0,0,1,2,0,0,0,0,0,2,5,3,2,12,3,0,0,0,2,0,0,0,0,0,0,0,0,0,0,0,0,12,3,0,3,2,0,325,0.7099999785423279
1jhf2xo,0.022,0.105,0.161,0.704,0.135,-0.9713,446,11.356394951697197,10,30,0,16,0,1,0,0,0,0,0,0,0,0,2,4,0,0,0,0,0,7,19,7,10,15,23,0,0,0,3,0,3,0,0,2,0,0,2,2,0,0,9,35,7,4,11,5,1,0,0.4300000071525574
1jhfxlq,0.063,0.401,0.033,0.786,0.181,0.9852,200,13.295006501635747,0,19,0,4,0,6,0,0,0,0,0,0,0,0,3,1,0,0,0,0,0,0,5,0,15,13,1,0,0,0,3,0,0,0,0,0,0,0,0,2,0,0,3,16,1,2,4,2,0,0,0.14000000059604645
1jhg6lp,0.023,0.326,0.14,0.787,0.073,-0.9962,742,13.41718862556926,2,35,1,5,0,4,0,0,0,0,0,0,0,0,0,1,0,0,0,0,0,3,17,11,8,46,45,0,0,0,4,1,1,0,0,3,0,0,4,2,0,0,44,32,4,4,6,2,2,1,0.6000000238418579
1jhggrp,0.452,0.035,0.0,1.0,0.0,0.0,11,14.554592549557764,0,1,0,1,0,0,0,0,0,0,0,0,0,0,0,0,0,0,0,0,0,0,0,0,0,0,0,0,0,0,0,0,0,0,0,0,0,0,0,0,0,0,0,0,0,0,0,0,0,1,1.0
1jhghnc,0.055,0.111,0.104,0.746,0.149,0.9939,965,18.821437475804725,6,17,0,11,0,0,0,0,0,0,0,0,0,0,1,6,0,0,0,0,0,5,0,0,26,28,34,0,0,0,0,0,0,0,0,0,0,0,0,1,0,0,124,38,0,14,12,0,1,0,0.10000000149011612
1jhgpqt,0.023,0.023,0.0,1.0,0.0,0.0,5,8.841846274778883,0,0,0,0,0,0,0,0,0,0,0,0,0,0,0,0,0,0,0,0,0,0,0,0,0,0,0,0,0,0,0,0,0,0,0,0,0,0,0,0,0,0,0,0,0,0,0,0,0,1,1.0
1jhgvsf,0.081,0.015,0.0,1.0,0.0,0.0,3,8.841846274778883,0,0,0,0,0,0,0,0,0,0,0,0,0,0,0,0,0,0,0,0,0,0,0,0,0,0,0,0,0,0,0,0,0,0,0,0,0,0,0,0,0,0,0,1,0,0,0,0,0,1,1.0
1jhh58h,0.039,0.659,0.17,0.65,0.18,0.0516,15,8.841846274778883,0,0,0,0,0,0,0,0,0,0,0,0,0,0,0,0,0,0,0,0,0,0,0,0,0,1,2,0,0,0,0,0,0,0,0,0,0,0,0,0,0,0,2,2,0,0,0,0,0,0,0.5
1jhh5bp,0.054,0.06,0.117,0.839,0.044,-0.9499,250,15.091289759661642,4,14,0,5,0,0,0,0,0,0,0,0,0,0,3,2,0,0,0,0,0,0,11,0,8,3,12,0,0,1,1,0,0,0,0,0,0,0,1,1,0,0,3,20,1,3,5,3,0,1,1.0
1jhh7cn,0.065,0.113,0.122,0.835,0.044,-0.9576,255,14.879552855430394,5,14,0,5,0,0,0,0,0,0,0,0,0,0,3,2,0,0,0,0,0,0,11,0,9,4,11,0,0,1,1,0,0,0,0,0,0,0,1,1,0,0,6,21,2,3,6,3,0,0,0.28999999165534973
1jhhn9v,0.038,0.116,0.205,0.795,0.0,-0.6597,23,11.20814326018867,0,0,0,0,0,0,0,0,0,0,0,0,0,0,0,0,0,0,0,0,0,0,0,1,1,0,2,0,0,0,0,0,0,0,0,0,0,0,0,0,0,0,0,4,0,0,0,0,0,1,1.0
1jhim4q,0.031,0.168,0.133,0.785,0.082,-0.9011,189,12.815532586354998,2,15,0,3,0,1,0,0,0,0,0,0,0,0,0,1,0,0,0,0,0,1,0,0,8,6,12,0,0,0,0,0,1,0,0,2,0,0,0,0,0,0,16,17,1,0,1,0,0,0,0.38999998569488525
1jhizuw,0.077,0.371,0.0,0.857,0.143,0.4588,19,15.903189008614273,0,1,0,0,0,0,0,0,0,0,0,0,0,0,0,0,0,0,0,0,0,0,0,0,1,2,1,0,0,0,0,0,0,0,0,0,0,0,0,0,0,0,1,5,0,1,0,0,0,1,1.0
1jhj9bi,0.09,0.339,0.3,0.7,0.0,-0.4588,8,11.20814326018867,1,0,0,0,0,0,0,0,0,0,0,0,0,0,0,0,0,0,0,0,0,0,0,0,0,0,0,0,0,0,0,0,0,0,0,0,0,0,0,0,0,0,0,0,0,0,1,0,0,1,1.0
1jhjh6q,0.051,0.113,0.205,0.744,0.051,-0.9976,370,10.832165505486643,4,24,0,14,0,1,0,0,0,0,0,0,0,0,2,5,0,0,0,0,0,0,0,0,47,20,20,0,1,0,0,0,0,0,0,0,0,0,1,8,0,0,10,23,3,1,2,0,0,389,0.8100000023841858
1jhjsvs,0.04,0.132,0.094,0.782,0.124,0.3776,102,13.968273953766033,1,2,0,1,0,0,0,0,0,0,0,0,0,0,0,0,0,0,0,0,0,2,0,0,1,6,5,0,0,0,0,0,0,0,0,1,0,0,0,0,0,0,3,11,1,0,2,0,0,6,0.5400000214576721
1jhjzfn,0.233,0.157,0.02,0.87,0.11,0.9826,275,9.668497473035632,4,16,1,10,0,0,16,0,0,0,0,0,0,0,0,4,0,0,1,0,1,0,6,6,2,4,3,0,0,0,2,2,0,0,1,4,0,0,0,2,0,0,22,23,1,3,12,2,0,0,0.17000000178813934
1jhjzsj,0.016,0.109,0.0,1.0,0.0,0.0,8,3.1291,0,0,0,0,0,0,0,0,0,0,0,0,0,0,0,0,0,0,0,0,0,0,2,0,0,0,0,0,0,0,0,0,0,0,0,0,0,0,0,0,0,0,0,1,0,0,0,0,0,1,1.0
1jhk356,0.04,0.044,0.161,0.671,0.168,0.0258,12,10.125756701596842,1,0,0,0,0,0,0,0,0,0,0,0,0,0,0,0,0,0,0,0,0,0,0,0,0,1,0,0,0,0,0,0,0,0,0,0,0,0,0,0,0,0,2,4,1,0,1,0,0,1,1.0
1jhk56g,0.038,0.224,0.505,0.495,0.0,-0.6259,7,13.023866798666859,0,0,0,1,0,0,0,0,0,0,0,0,0,0,0,0,0,0,0,0,0,0,0,0,0,0,2,0,0,0,0,0,0,0,0,0,0,0,0,0,0,0,0,1,0,0,0,0,0,1,1.0
1jhk8dy,0.038,0.112,0.245,0.612,0.143,-0.3591,11,11.20814326018867,0,0,0,1,0,0,0,0,0,0,0,0,0,0,0,0,0,0,0,0,0,0,1,1,0,0,0,0,0,0,0,0,0,0,0,0,0,0,0,0,0,0,0,2,0,0,0,0,0,1,1.0
1jhkez0,0.021,0.034,0.054,0.841,0.105,0.8902,169,13.348371206891418,2,7,0,3,0,0,0,0,0,0,0,0,0,0,0,4,0,0,0,0,0,3,1,0,3,5,6,0,0,0,1,0,0,0,0,0,0,0,0,1,0,0,8,15,1,1,4,1,1,0,0.09000000357627869
1jhkidn,0.257,0.301,0.033,0.792,0.175,0.9356,99,13.81666964889586,2,4,0,2,0,1,0,0,0,0,0,0,0,0,1,0,0,0,0,0,0,0,7,0,2,3,1,0,0,0,3,0,0,0,0,0,0,0,0,1,0,0,0,15,3,0,2,0,0,0,0.25999999046325684
1jhlnl4,0.048,0.365,0.21,0.611,0.179,-0.8773,191,10.194018383442646,6,15,0,7,0,0,0,0,0,0,0,0,0,0,0,4,0,0,1,0,0,7,4,3,10,11,16,0,0,0,1,0,0,0,0,1,0,0,1,0,0,0,1,21,5,1,8,0,1,46,0.5899999737739563
1jhmgxh,0.03,0.207,0.231,0.591,0.177,-0.9914,377,10.018931242160765,11,22,0,9,0,6,0,0,0,0,0,0,0,0,3,6,0,0,0,0,0,1,6,2,18,15,17,0,1,0,2,0,0,0,0,4,0,0,0,4,0,0,12,26,2,2,5,3,0,0,0.28999999165534973
1jhmuw3,0.018,0.092,0.073,0.896,0.031,-0.7574,145,10.686352973137792,2,11,0,2,0,0,0,0,0,0,0,0,1,1,0,4,0,0,0,0,0,0,2,1,0,3,6,0,0,0,0,0,0,0,0,1,0,0,0,0,0,0,10,15,2,0,1,0,0,2,0.5199999809265137
1jhmxyt,0.478,0.115,0.036,0.852,0.112,0.8655,154,8.841846274778883,4,5,0,0,0,2,0,0,0,0,1,0,0,0,2,1,0,1,0,0,0,3,13,1,3,8,3,0,0,0,1,0,0,0,0,0,0,0,1,3,0,0,3,15,4,0,4,0,0,0,0.25999999046325684
1jhn77e,0.068,0.039,0.078,0.763,0.159,0.9925,416,15.163213931860543,13,31,0,3,0,0,0,0,0,0,0,0,0,0,1,5,0,0,0,0,0,10,1,0,10,21,7,0,0,1,0,0,1,0,0,1,0,0,1,1,0,0,11,27,5,3,16,0,0,14,0.6200000047683716
1jhnd7e,0.051,0.305,0.135,0.814,0.051,-0.5106,35,13.023866798666859,1,2,0,0,0,0,0,0,0,0,0,0,0,0,0,0,0,0,0,0,0,1,0,0,0,1,1,0,0,0,0,0,0,0,0,0,0,0,1,1,0,0,1,7,1,1,1,0,0,1,1.0
1jhnimt,0.022,0.378,0.326,0.674,0.0,-0.4404,7,8.841846274778883,0,0,0,0,0,0,0,0,0,0,0,0,0,0,0,0,0,0,0,0,0,0,1,0,0,0,1,0,0,0,0,0,0,0,0,0,0,0,0,0,0,0,0,0,0,0,0,0,0,1,0.5299999713897705
1jhnvi3,0.74,0.112,0.164,0.772,0.064,-0.9473,125,9.642632912329528,0,3,0,3,0,0,0,0,0,0,0,0,0,0,0,1,0,0,0,0,0,0,0,0,4,3,12,0,0,0,0,0,0,0,0,0,0,0,0,0,0,0,7,15,0,0,2,0,0,0,0.4300000071525574
1jhny3y,0.037,0.259,0.425,0.575,0.0,-0.5719,6,3.1291,0,0,0,0,0,0,0,0,0,0,0,0,0,0,0,0,0,0,0,0,0,0,0,0,0,0,1,0,0,0,0,0,0,0,0,0,0,0,0,0,0,0,0,0,0,0,0,0,0,1,1.0
1jho12c,0.131,0.199,0.149,0.735,0.116,-0.7018,98,10.504223727775692,0,11,0,2,0,0,0,0,0,0,0,0,0,0,1,0,0,0,0,0,0,0,1,6,1,2,6,0,0,0,1,0,0,0,0,0,0,0,1,0,0,0,0,14,2,1,2,0,0,43,0.699999988079071
1jho31z,0.117,0.334,0.0,0.84,0.16,0.2716,12,8.841846274778883,0,0,0,0,0,0,0,0,0,0,0,0,0,0,0,0,0,0,0,0,0,0,0,2,0,1,0,0,0,0,0,0,0,0,0,0,0,0,0,0,0,0,0,4,0,0,0,0,0,1,1.0
1jho40y,0.117,0.337,0.0,0.84,0.16,0.2716,12,8.841846274778883,0,0,0,0,0,0,0,0,0,0,0,0,0,0,0,0,0,0,0,0,0,0,0,2,0,1,0,0,0,0,0,0,0,0,0,0,0,0,0,0,0,0,0,4,0,0,0,0,0,1,1.0
1jho494,0.039,0.113,0.072,0.811,0.117,0.9365,308,12.031772070788634,7,14,0,3,0,0,0,0,0,0,0,0,0,0,3,2,0,0,0,0,0,2,7,0,25,13,20,0,0,0,3,0,0,0,0,1,0,0,1,1,0,0,10,27,4,3,6,3,0,384,0.9100000262260437
1jhoadr,0.03,0.035,0.158,0.706,0.136,-0.8454,296,10.940254816364696,1,32,0,13,0,0,0,0,0,0,0,0,0,0,2,1,0,0,0,0,0,6,0,0,9,9,15,0,0,0,0,0,0,0,0,1,0,0,0,4,0,0,3,18,1,2,1,0,1,6,0.6100000143051147
1jhotdz,0.106,0.321,0.102,0.79,0.108,0.3095,200,13.707050652182112,3,15,2,6,0,0,0,0,0,0,0,0,0,0,1,5,0,0,0,0,0,2,5,1,4,5,11,0,0,0,3,1,0,0,0,0,0,0,1,0,0,0,1,27,4,2,8,3,1,0,0.5
1jhotzg,0.037,0.153,0.081,0.799,0.121,0.7917,175,12.516099999999998,1,9,0,3,0,0,0,0,0,0,0,0,0,0,0,0,0,0,0,0,0,1,0,0,2,12,5,0,0,0,0,0,1,0,0,2,0,0,0,1,0,0,34,11,2,0,2,0,0,0,0.4099999964237213
1jhovkx,0.166,0.325,0.104,0.878,0.018,-0.8648,104,14.554592549557764,1,4,0,5,0,0,0,0,0,0,0,0,0,0,0,0,0,0,0,0,0,0,0,0,12,3,6,0,0,0,0,0,0,0,0,0,0,0,0,0,0,0,2,13,1,3,2,1,0,0,0.4099999964237213
1jhp0i1,0.025,0.111,0.252,0.504,0.244,-0.0258,8,3.1291,1,0,0,0,0,0,0,0,0,0,0,0,0,0,0,0,0,0,0,0,0,0,0,0,0,1,0,0,0,0,0,0,0,0,0,0,0,0,0,0,0,0,0,2,0,0,1,0,0,1,1.0
1jhp8a4,0.034,0.103,0.028,0.807,0.164,0.966,171,12.261556223090622,1,12,0,2,0,0,0,0,0,0,0,0,0,0,0,1,0,0,0,0,1,2,7,3,8,5,5,0,0,1,0,0,1,0,0,0,1,0,0,0,0,0,6,17,1,0,4,1,0,49,0.7799999713897705
1jhph3e,0.031,0.166,0.153,0.726,0.121,-0.3182,34,15.247664890283005,1,3,0,1,0,0,0,0,0,0,0,0,0,0,0,0,0,0,0,0,0,0,0,0,0,1,2,0,0,0,0,0,0,0,0,0,0,0,0,0,0,0,1,6,1,0,0,0,0,1,1.0
1jhpiqd,0.021,0.252,0.0,1.0,0.0,0.0,15,8.841846274778883,0,0,0,1,0,0,0,0,0,0,0,0,0,0,0,0,0,0,0,0,0,0,2,0,0,0,0,0,0,0,0,0,0,0,0,0,0,0,0,0,0,0,1,3,1,0,0,1,0,1,1.0
1jhqajz,0.123,0.318,0.0,0.621,0.379,0.6908,14,3.1291,0,0,0,0,0,0,0,0,0,0,0,0,0,0,0,0,0,0,0,0,0,0,0,0,0,0,0,0,0,0,0,0,0,0,0,0,0,0,0,0,0,0,1,1,0,0,0,0,0,1,1.0
1jhqn1d,0.15,0.093,0.29,0.66,0.05,-0.9987,323,12.457975602129121,2,9,0,8,0,0,0,0,0,0,0,0,0,0,0,3,0,0,1,0,0,0,1,1,4,5,17,0,0,0,1,1,1,0,0,0,0,0,0,3,0,0,12,17,1,3,14,0,0,0,0.3799999952316284
1jhqtco,0.224,0.452,0.258,0.561,0.181,-0.2006,16,11.20814326018867,0,1,0,0,0,0,0,0,0,0,0,0,0,0,0,0,0,0,0,0,0,0,0,0,2,1,1,0,0,0,0,0,0,0,0,0,0,0,0,0,0,0,1,2,0,0,0,0,0,1,1.0
1jhqudm,0.034,0.202,0.071,0.889,0.04,-0.6249,123,12.457975602129121,1,4,0,1,0,0,0,0,0,0,0,0,0,0,0,0,0,0,0,0,0,0,1,0,3,1,5,0,0,0,0,0,0,0,0,1,0,0,0,0,0,0,12,16,1,0,1,0,0,35,0.8100000023841858
1jhr0cu,0.105,0.112,0.163,0.751,0.086,-0.9993,1404,10.92785942931718,6,58,0,27,0,7,0,0,3,0,0,0,0,0,3,5,0,0,1,0,0,2,42,33,77,32,73,1,1,2,8,2,6,0,0,12,0,0,2,5,0,0,62,43,6,5,24,11,4,0,0.4699999988079071
1jhr31x,0.037,0.305,0.116,0.773,0.112,-0.7486,724,49.18673291789972,13,58,0,20,0,2,0,0,0,0,0,0,0,0,3,18,0,0,0,0,0,1,40,5,29,21,23,0,2,0,7,0,0,0,0,0,0,0,4,0,0,0,15,27,4,8,18,4,0,0,0.1899999976158142
1jhrpua,0.044,0.39,0.111,0.889,0.0,-0.128,13,15.903189008614273,0,0,0,1,0,0,0,0,0,0,0,0,0,0,0,0,0,0,0,0,0,0,0,0,0,0,0,0,0,0,0,0,0,0,0,0,0,0,0,0,0,0,0,2,0,0,1,0,0,1,1.0
1jhs4oe,0.067,0.063,0.0,1.0,0.0,0.0,12,8.841846274778883,0,1,0,0,0,0,0,0,0,0,0,0,0,0,0,0,0,0,0,0,0,0,0,0,0,0,0,0,0,0,0,0,1,0,0,0,0,0,0,0,0,0,0,1,0,0,0,0,0,1,1.0
1jhsh16,0.036,0.284,0.444,0.556,0.0,-0.7506,10,7.168621630094336,0,0,0,0,0,0,0,0,0,0,0,0,0,0,0,0,0,0,0,0,0,0,0,0,0,0,2,0,0,0,0,0,0,0,0,0,0,0,0,0,0,0,2,1,0,0,0,0,0,1,1.0
1jhsoz3,0.505,0.157,0.138,0.769,0.093,-0.927,180,10.355215969177355,0,9,2,4,0,0,0,0,0,0,0,0,0,0,1,2,0,0,0,0,1,8,2,2,7,6,8,0,0,0,0,0,1,0,0,1,0,0,4,3,0,0,10,21,4,0,3,3,2,0,0.3199999928474426
1jhulah,0.058,0.031,0.048,0.877,0.074,0.0067,253,14.554592549557764,7,23,0,6,0,0,0,0,0,0,1,0,0,0,0,3,0,1,0,0,1,0,9,0,1,6,5,0,0,0,2,1,0,0,0,0,0,0,1,3,0,0,2,16,4,3,11,0,1,0,0.28999999165534973
1jhun9q,0.022,0.02,0.0,0.881,0.119,0.3182,18,15.903189008614273,0,1,0,0,0,0,0,0,0,0,0,0,0,0,0,0,0,0,0,0,0,0,0,0,0,0,0,0,0,0,0,0,0,0,0,0,0,0,0,0,0,0,1,5,0,1,0,0,0,1,1.0
1jhuqjs,0.146,0.169,0.157,0.735,0.108,-0.8045,268,13.463846863241148,1,12,0,7,0,0,0,0,0,0,0,0,0,0,2,1,0,0,0,0,0,3,1,6,5,9,13,0,0,0,1,1,0,0,0,0,0,0,4,2,0,0,16,21,6,2,0,0,0,0,0.46000000834465027
1jhuqzh,0.052,0.33,0.134,0.798,0.068,-0.9799,350,12.324508414480071,2,25,2,11,0,0,0,0,0,0,0,0,0,0,1,2,0,0,0,0,0,9,6,0,3,15,20,0,0,0,2,0,0,0,0,3,0,0,1,4,0,0,33,20,3,1,5,4,0,0,0.30000001192092896
1jhuyp2,0.055,0.2,0.0,0.651,0.349,0.4973,7,8.841846274778883,0,0,0,1,0,0,0,0,0,0,0,0,0,0,0,0,0,0,0,0,0,0,0,0,0,1,0,0,0,0,0,0,0,0,0,0,0,0,0,0,0,0,0,2,0,0,1,0,0,1,1.0
1jhvkxc,0.062,0.058,0.087,0.799,0.115,0.8122,170,12.161744961471694,2,17,0,2,0,2,0,0,0,0,0,0,1,0,1,2,0,0,0,0,0,0,3,5,0,7,5,1,0,1,1,0,0,0,0,0,0,0,1,2,0,0,1,21,4,0,5,1,1,317,0.6700000166893005
1jhwgtm,0.015,0.024,0.0,1.0,0.0,0.0,5,13.023866798666859,0,0,0,0,0,0,0,0,0,0,0,0,0,0,0,0,0,0,0,0,0,0,0,0,0,0,0,0,0,0,0,0,0,0,0,0,0,0,0,0,0,0,0,0,0,0,0,0,0,1,1.0
1jhwhza,0.019,0.013,0.0,0.362,0.638,0.7935,6,3.1291,0,0,0,0,0,0,0,0,0,0,0,0,0,0,0,0,0,0,0,0,1,0,0,0,0,0,0,0,0,0,0,0,0,0,0,0,0,0,0,0,0,0,0,1,0,0,0,0,0,1,1.0
1jhwlta,0.378,0.401,0.115,0.833,0.053,-0.9714,299,16.218646115125612,2,14,0,5,0,0,0,0,0,0,0,0,0,0,1,3,0,0,0,0,0,1,2,1,4,2,12,0,0,1,0,0,0,0,0,1,0,0,0,2,0,0,13,21,2,0,5,0,0,0,0.1599999964237213
1jhwmfm,0.202,0.08,0.0,0.846,0.154,0.25,12,11.20814326018867,0,0,0,0,0,0,0,0,0,0,0,0,0,0,0,0,0,0,0,0,0,1,0,0,0,0,1,0,0,0,0,0,0,0,0,0,0,0,0,0,0,0,0,1,0,0,0,0,0,1,1.0
1jhx3zg,0.097,0.035,0.01,0.786,0.204,0.9873,181,12.68835289967788,1,14,0,4,0,0,0,0,0,0,0,0,0,0,0,0,0,0,0,0,0,8,1,0,2,8,2,0,0,0,2,0,1,0,0,0,0,0,0,1,0,0,6,12,1,7,3,0,0,0,0.1899999976158142
1jhxhhc,0.045,0.621,0.098,0.792,0.11,0.4423,467,10.718039707386858,5,25,0,14,0,1,0,0,0,0,0,0,0,0,6,2,0,0,0,0,0,0,1,5,22,18,19,0,0,0,0,0,3,0,0,2,0,0,1,5,0,0,27,22,6,1,4,2,0,0,0.46000000834465027
1jhz9s9,0.199,0.343,0.236,0.764,0.0,-0.7774,24,14.554592549557764,0,0,0,0,0,0,0,0,0,0,0,0,0,0,0,0,0,0,0,0,0,0,0,0,0,1,2,0,0,0,0,0,0,0,0,0,0,0,0,0,0,0,3,6,0,0,0,0,0,1,1.0
1jhzk85,0.019,0.077,0.099,0.85,0.051,-0.9215,215,16.52667757954773,1,19,1,4,0,0,0,0,0,0,0,0,0,0,1,0,0,0,0,0,0,0,6,1,9,3,6,0,0,1,2,0,0,0,0,0,0,0,0,6,0,0,2,19,3,2,2,2,0,0,0.4000000059604645
1jhztia,0.03,0.115,0.064,0.837,0.099,0.8519,213,11.429527900616531,0,7,0,3,0,0,0,0,0,0,0,0,0,0,2,2,0,0,0,0,0,0,1,2,5,6,5,0,0,0,0,1,0,0,0,1,0,0,1,2,0,0,22,11,1,4,0,0,0,0,0.3199999928474426
1ji0btv,0.053,0.378,0.13,0.784,0.087,-0.9743,520,15.247664890283005,2,17,0,6,0,1,0,0,0,1,0,0,0,0,1,2,0,0,0,0,0,4,15,2,4,15,29,0,0,1,0,0,1,0,0,1,0,0,0,0,0,0,42,31,1,4,4,2,2,0,0.3499999940395355
1ji0iyv,0.075,0.186,0.123,0.729,0.148,0.9479,706,12.798443894564478,6,36,0,16,0,1,0,0,0,0,0,0,0,0,0,12,0,0,3,1,1,3,19,43,9,28,33,1,0,0,1,0,0,0,0,5,0,0,0,3,0,0,18,42,4,6,11,3,1,0,0.1899999976158142
1ji0kzw,0.037,0.43,0.009,0.881,0.11,0.9136,137,12.602617957971052,0,13,1,5,0,0,0,0,0,0,0,0,0,0,2,1,0,0,0,0,0,0,5,0,1,7,1,0,0,0,2,0,0,0,0,0,0,0,1,4,0,0,12,14,4,0,0,0,0,0,0.3799999952316284
1ji16x9,0.275,0.553,0.163,0.772,0.065,-0.9824,235,12.457975602129121,0,18,5,15,0,5,0,0,0,0,0,0,0,0,0,3,0,0,2,0,0,0,3,14,2,8,7,0,0,0,0,0,0,0,0,0,0,0,1,1,0,0,3,16,3,0,3,1,0,0,0.33000001311302185
1ji1bdm,0.17,0.031,0.0,0.787,0.213,0.2263,8,8.841846274778883,1,0,0,0,0,0,0,0,0,0,0,0,0,0,0,0,0,0,0,0,0,0,0,0,0,0,0,0,0,0,0,0,0,0,0,0,0,0,0,0,0,0,0,0,0,0,1,0,0,1,1.0
1ji1d98,0.75,0.471,0.0,0.925,0.075,0.1779,22,8.841846274778883,0,1,0,0,0,0,0,0,0,0,0,0,0,0,0,0,0,0,0,0,0,0,0,0,1,0,0,0,0,0,0,0,0,0,0,0,0,0,0,0,0,0,0,3,0,0,0,0,0,1,1.0
1ji1jz8,0.026,0.323,0.177,0.823,0.0,-0.4215,14,13.023866798666859,1,1,0,0,0,0,0,0,0,0,0,0,0,0,0,0,0,0,0,0,0,0,0,0,0,0,2,0,0,0,0,0,0,0,0,0,0,0,0,0,0,0,0,3,0,0,0,0,0,1,1.0
1ji1k8g,0.043,0.089,0.24,0.644,0.116,-0.9986,519,15.218357556230224,5,40,0,14,0,0,0,0,0,0,0,0,0,0,0,4,0,0,0,0,0,2,7,4,21,22,20,0,3,0,5,0,0,0,0,4,0,1,1,5,0,0,16,32,4,10,8,3,2,65,0.6600000262260437
1ji1uac,0.341,0.169,0.268,0.732,0.0,-0.5106,10,14.554592549557764,0,0,0,0,0,0,0,0,0,0,0,0,0,0,0,0,0,0,0,0,0,0,0,0,0,0,1,0,0,0,0,0,0,0,0,0,0,0,0,0,0,0,0,1,0,0,0,0,0,1,1.0
1ji24q8,0.187,0.036,0.167,0.833,0.0,-0.34,13,8.841846274778883,0,0,0,1,0,0,0,0,0,0,0,0,0,0,0,0,0,0,0,0,0,0,0,0,0,0,1,0,0,0,0,0,0,0,0,0,0,0,0,0,0,0,3,0,0,0,0,0,0,1,1.0
1ji2j8w,0.045,0.022,0.062,0.781,0.157,0.9924,452,12.848724342968254,8,30,0,4,0,0,0,0,0,0,0,0,0,0,2,4,0,0,0,0,0,0,7,1,5,19,17,0,0,0,3,0,0,0,0,0,0,0,0,0,0,0,16,39,3,2,5,3,0,20,0.6100000143051147
1ji361w,0.034,0.2,0.0,0.92,0.08,0.8047,98,10.125756701596842,1,7,0,0,0,0,0,0,0,0,0,0,0,0,0,1,0,0,0,0,0,0,3,0,3,5,0,1,0,0,0,0,0,0,0,0,0,0,0,1,0,0,4,18,1,0,1,1,0,618,0.7200000286102295
1ji3967,0.019,0.02,0.205,0.795,0.0,-0.4767,13,8.841846274778883,0,0,0,0,0,0,0,0,0,0,0,0,0,0,0,0,0,0,0,0,0,0,0,0,0,0,1,0,0,0,0,0,0,0,0,0,0,0,0,0,0,0,3,0,0,0,0,0,0,1,1.0
1ji3qur,0.074,0.074,0.127,0.803,0.07,-0.9129,231,12.340626583579944,3,15,0,5,0,0,0,0,0,0,0,0,0,0,5,3,0,0,0,0,0,0,3,1,7,4,6,0,0,0,0,0,0,0,0,0,0,0,0,2,0,0,2,18,2,3,1,0,0,42,0.7799999713897705
1ji3vl9,0.049,0.111,0.0,1.0,0.0,0.0,18,13.023866798666859,0,1,0,1,0,0,0,0,0,0,0,0,0,0,0,0,0,0,0,0,0,0,0,0,1,1,0,0,0,0,0,0,0,0,0,0,0,0,0,0,0,0,0,2,0,0,0,0,0,1,1.0
1ji437i,0.114,0.417,0.35,0.583,0.067,-0.8807,23,13.023866798666859,0,2,0,0,0,0,0,0,0,0,0,0,0,0,0,0,0,0,0,0,0,0,0,0,1,1,3,0,0,0,0,0,0,0,0,0,0,0,0,0,0,0,0,3,0,1,0,0,0,1,1.0
1ji43jc,0.056,0.086,0.0,1.0,0.0,0.0,9,11.20814326018867,0,0,0,0,0,0,0,0,0,0,0,0,0,0,0,0,0,0,0,0,0,0,0,0,0,0,0,0,0,0,0,0,0,0,0,0,0,0,0,0,0,0,0,0,0,0,0,0,0,1,1.0
1ji44qc,0.189,0.255,0.138,0.789,0.072,-0.4588,26,13.023866798666859,0,3,0,0,0,0,0,0,0,0,0,0,0,0,0,0,0,0,0,0,0,0,0,0,2,1,1,0,0,0,0,0,0,0,0,0,0,0,0,0,0,0,0,3,0,1,0,0,0,1,1.0
1ji45md,0.113,0.201,0.0,0.891,0.109,0.296,19,11.20814326018867,0,3,0,0,0,0,0,0,0,0,0,0,0,0,1,0,0,0,0,0,0,0,0,0,1,1,0,0,0,0,0,0,0,0,0,0,0,0,0,0,0,0,0,3,0,1,0,0,0,1,1.0
1ji47f4,0.045,0.193,0.114,0.789,0.096,-0.1027,20,11.20814326018867,0,3,0,0,0,0,0,0,0,0,0,0,0,0,1,0,0,0,0,0,0,0,1,0,1,1,1,0,0,0,0,0,0,0,0,0,0,0,0,1,0,0,0,4,1,1,0,0,0,1,1.0
1ji49ol,0.034,0.361,0.255,0.604,0.142,-0.6486,28,13.023866798666859,1,2,0,0,0,0,0,0,0,0,0,0,0,0,1,0,0,0,0,0,0,0,2,0,1,3,3,0,0,0,0,0,0,0,0,0,0,0,0,0,0,0,1,3,1,0,1,0,0,1,1.0
1ji4f96,0.026,0.272,0.14,0.695,0.165,0.3663,179,11.491704259439757,11,17,0,7,0,0,0,0,0,0,0,0,0,0,1,1,0,0,0,0,0,0,11,0,7,5,9,0,0,0,2,0,0,0,0,0,0,0,0,3,0,0,1,14,2,2,6,2,1,1,1.0
1ji4g52,0.026,0.275,0.14,0.695,0.165,0.3663,179,11.491704259439757,10,17,0,7,0,0,0,0,0,0,0,0,0,0,1,1,0,0,0,0,0,0,11,0,7,5,9,0,0,0,2,0,0,0,0,0,0,0,0,3,0,0,1,14,2,2,6,2,1,0,0.2199999988079071
1ji4guk,0.027,0.096,0.0,0.943,0.057,0.7184,137,19.032712561301913,2,5,0,0,0,0,0,0,0,0,0,0,0,0,0,0,0,0,0,0,0,1,1,0,2,3,2,0,0,0,1,1,0,0,0,0,0,0,2,0,0,0,6,9,3,0,0,0,0,0,0.41999998688697815
1ji4mql,0.073,0.338,0.045,0.83,0.124,0.9584,201,10.389873798559362,3,15,0,9,0,0,0,0,0,0,0,0,0,0,1,2,1,0,0,0,0,2,15,6,7,6,5,0,2,1,2,0,1,0,0,0,0,0,0,0,0,0,2,18,2,0,5,3,0,304,0.7699999809265137
1ji4orw,0.073,0.104,0.054,0.946,0.0,-0.7983,127,9.095868883498916,6,7,0,2,0,0,0,0,0,0,0,0,0,0,1,1,0,0,0,0,0,0,0,0,0,2,2,0,0,0,0,1,0,0,0,0,0,0,0,0,0,0,12,11,0,0,4,0,0,19,0.5600000023841858
1ji4r6j,0.14,0.283,0.145,0.784,0.07,-0.9362,180,10.035473477838034,1,12,0,5,0,2,0,0,0,0,0,0,0,0,1,1,0,0,0,0,0,4,1,0,4,6,9,0,0,0,2,0,1,0,0,2,0,0,0,1,0,0,15,16,2,2,3,1,0,3,0.5199999809265137
1ji55iy,0.22,0.38,0.201,0.67,0.128,-0.3182,14,13.023866798666859,0,0,0,0,0,0,0,0,0,0,0,0,0,0,0,0,0,0,0,0,0,0,0,0,0,1,0,0,0,0,0,0,0,0,0,1,0,0,0,0,0,0,0,4,0,0,0,0,0,1,1.0
1ji5cor,0.033,0.035,0.0,0.869,0.131,0.3089,16,8.841846274778883,0,0,0,1,0,0,0,0,0,0,0,0,0,0,0,0,0,0,0,0,0,0,1,0,0,1,0,0,0,0,0,0,0,0,0,0,0,0,0,0,0,0,0,2,0,0,0,0,1,1,1.0
1ji5n0c,0.112,0.201,0.0,1.0,0.0,0.0,6,11.20814326018867,0,0,0,0,0,0,0,0,0,0,0,0,0,0,0,0,0,0,0,0,0,0,1,0,0,0,1,0,0,0,0,0,0,0,0,0,0,0,0,0,0,0,0,0,0,0,0,0,0,1,1.0
1ji67zl,0.084,0.163,0.188,0.744,0.068,-0.979,193,8.548686976883017,1,9,0,8,0,1,0,0,0,0,0,0,0,0,0,0,0,0,0,0,0,0,1,3,13,4,15,0,0,0,0,0,1,0,0,2,0,0,1,1,0,0,9,16,2,1,1,1,0,2525,0.8600000143051147
1ji6f34,0.02,0.021,0.026,0.894,0.08,0.9394,288,13.74005525859948,1,12,0,3,0,0,0,0,0,0,0,0,0,0,0,4,0,0,0,0,0,7,4,1,0,12,4,0,0,0,3,0,0,0,0,2,0,0,0,3,0,0,12,21,1,2,1,2,2,13,0.8299999833106995
1ji6gc1,0.365,0.343,0.169,0.815,0.016,-0.9901,226,11.698219412168324,6,15,0,14,0,0,0,0,0,0,0,0,0,0,1,2,0,0,0,0,0,1,0,2,1,6,12,0,0,0,0,0,1,0,0,1,0,0,0,4,0,0,1,25,3,3,7,1,0,0,0.28999999165534973
1ji742p,0.083,0.024,0.032,0.863,0.105,0.8455,127,20.736966565827903,2,5,0,5,0,0,0,0,0,0,0,0,0,0,1,0,0,0,0,0,0,0,2,4,0,7,0,0,0,0,1,0,0,0,0,0,0,0,0,2,0,0,1,16,1,0,0,1,0,53,0.7900000214576721
1ji7cw1,0.22,0.467,0.0,0.737,0.263,0.3612,8,11.20814326018867,1,0,0,0,0,0,0,0,0,0,0,0,0,0,0,0,0,0,0,0,0,0,0,0,0,1,0,0,0,0,0,0,0,0,0,0,0,0,0,0,0,0,1,1,1,0,1,0,0,1,1.0
1ji7e3z,0.122,0.372,0.168,0.753,0.079,-0.9586,149,12.261556223090622,9,4,0,3,0,0,0,0,0,0,0,0,0,0,2,3,0,0,0,0,0,0,8,0,1,5,7,0,0,0,2,1,0,0,0,0,0,0,0,1,0,0,22,13,1,2,2,1,0,0,0.4300000071525574
1mjnml0,0.032,0.454,0.163,0.717,0.12,-0.9694,382,9.753983421225431,2,28,1,7,0,0,0,0,0,0,0,0,0,0,2,3,1,0,0,0,0,2,8,2,21,14,28,1,3,0,3,1,2,0,0,0,0,0,1,8,0,0,13,27,4,2,4,4,2,0,0.5
1mjnmph,0.077,0.176,0.215,0.785,0.0,-0.6249,16,3.1291,0,1,0,0,0,0,0,0,0,0,0,0,0,0,0,0,0,0,1,0,0,0,0,1,0,0,1,0,0,0,0,0,0,0,0,0,0,0,0,0,0,0,1,3,0,0,1,0,0,1,1.0
1mjnucd,0.021,0.028,0.0,0.8,0.2,0.3612,11,8.841846274778883,0,1,0,0,0,0,0,0,0,0,0,0,0,0,0,0,0,0,0,0,0,0,0,1,0,1,0,0,0,0,0,0,0,0,0,0,1,0,0,0,0,0,0,3,0,0,0,0,0,1,1.0
1mjo2m7,0.124,0.071,0.11,0.726,0.164,0.9863,430,10.718039707386858,6,36,0,16,0,3,0,0,0,0,0,0,1,0,1,0,0,0,0,0,0,6,6,7,5,24,24,0,1,0,2,0,1,0,0,3,0,0,1,1,0,0,1,33,4,3,8,2,1,163,0.8600000143051147
1mjodxi,0.28,0.141,0.178,0.79,0.033,-0.978,200,8.841846274778883,1,8,0,7,0,0,0,0,0,0,0,0,0,0,0,1,0,0,0,0,0,1,4,5,9,3,12,0,0,0,1,0,2,0,1,4,0,0,0,1,0,0,6,22,2,1,5,2,0,0,0.28999999165534973
1mjoie2,0.05,0.509,0.122,0.822,0.056,-0.983,380,10.460712293590639,2,20,1,12,0,2,0,0,0,0,0,0,0,1,2,4,0,0,0,0,0,0,2,2,8,6,16,0,0,0,0,0,1,0,0,0,0,0,2,6,0,0,4,25,2,3,6,0,1,0,0.25
1mjoxqt,0.103,0.181,0.069,0.869,0.062,-0.2532,425,14.314028922438442,4,24,0,18,0,0,0,0,0,0,0,0,0,0,1,3,0,0,0,0,0,3,2,0,10,7,12,0,0,0,0,0,0,0,0,0,0,0,2,0,0,0,53,24,2,2,12,1,1,0,0.4300000071525574
1mjp2kj,0.037,0.363,0.4,0.6,0.0,-0.7184,11,8.841846274778883,0,0,0,0,0,0,0,0,0,0,0,0,0,0,0,0,0,0,0,0,0,0,0,2,0,0,3,0,0,0,0,0,0,0,0,0,0,0,0,0,0,0,0,0,0,0,0,0,0,1,1.0
1mjp6yz,0.018,0.043,0.201,0.677,0.122,-0.3612,15,13.023866798666859,1,0,0,0,0,0,0,0,0,0,0,0,0,0,0,1,0,0,0,0,0,0,0,0,0,2,1,0,0,0,0,0,0,0,0,0,0,0,0,0,0,0,1,3,0,0,0,0,0,1,1.0
1mjpkd7,0.026,0.386,0.344,0.656,0.0,-0.6369,9,3.1291,0,0,0,0,0,0,0,0,0,0,0,0,0,0,0,0,0,0,0,0,0,0,0,0,0,0,1,0,0,0,0,0,0,0,0,0,0,0,0,0,0,0,0,1,0,0,0,0,0,1,1.0
1mjpkpg,0.041,0.123,0.113,0.843,0.044,-0.9572,287,15.903189008614273,4,16,0,3,0,0,0,0,0,0,0,0,0,0,2,2,0,0,0,0,0,0,14,0,5,5,11,0,0,1,2,0,0,0,0,0,0,0,0,1,0,0,20,27,3,0,1,1,0,1,1.0
1mjprmd,0.099,0.602,0.133,0.723,0.143,-0.2177,96,20.267338824336647,0,9,1,5,0,0,0,0,0,0,0,0,0,0,1,0,0,0,0,0,0,0,0,3,1,4,8,0,0,0,0,0,0,0,0,0,0,0,1,0,0,0,1,13,1,1,2,0,0,0,0.3799999952316284
1mjptjf,0.082,0.252,0.032,0.912,0.056,0.4515,119,14.554592549557764,4,6,0,3,0,0,0,0,0,0,0,0,0,0,0,1,0,0,0,0,0,0,2,0,3,0,3,0,0,0,0,0,1,0,0,1,0,0,1,0,0,0,19,15,1,3,2,1,1,0,0.3499999940395355
1mjpv8d,0.06,0.318,0.0,0.693,0.307,0.4767,8,8.841846274778883,0,0,0,1,0,0,0,0,0,0,0,0,0,0,0,0,0,0,0,0,0,0,0,0,0,0,1,0,0,0,0,0,0,0,0,0,0,0,0,0,0,0,0,0,0,0,0,0,0,1,1.0
1mjpxz2,0.041,0.039,0.033,0.939,0.028,-0.3299,233,12.766815935922704,1,13,0,1,0,0,0,0,0,0,0,0,0,0,0,2,0,0,0,0,0,0,3,0,2,8,7,0,0,0,2,0,1,0,0,0,0,0,0,0,0,0,7,21,1,3,5,1,0,0,0.20000000298023224
1mjq5un,0.023,0.021,0.0,1.0,0.0,0.0,9,3.1291,0,0,0,0,0,0,0,0,0,0,0,0,0,0,0,0,0,0,0,0,0,0,0,0,0,0,0,0,0,0,0,0,0,0,0,0,0,0,0,0,0,0,0,2,0,0,0,0,0,1,1.0
1mjq79v,0.029,0.223,0.088,0.785,0.127,0.955,327,12.360288348925252,5,38,0,7,0,0,0,0,0,0,0,0,0,0,0,2,0,0,0,0,0,3,10,8,3,11,14,0,0,0,0,0,1,0,0,0,0,0,2,0,0,0,18,25,5,7,5,1,1,0,0.4399999976158142
1mjqaa5,0.085,0.042,0.0,1.0,0.0,0.0,8,11.20814326018867,0,0,0,1,0,0,0,0,0,0,0,0,0,0,0,0,0,0,0,0,0,1,0,0,0,0,0,0,0,0,0,0,0,0,0,0,0,0,0,0,0,0,0,1,0,0,1,0,1,1,1.0
1mjqc2c,0.114,0.462,0.0,1.0,0.0,0.0,11,11.20814326018867,0,0,0,0,0,0,0,0,0,0,0,0,0,0,0,0,0,0,0,0,0,0,0,0,0,1,1,0,0,0,0,0,0,0,0,0,0,0,0,0,0,0,2,1,0,0,0,0,0,1,1.0
1mjqg9c,0.148,0.237,0.099,0.833,0.067,-0.9765,886,13.546965033703646,12,40,0,26,0,0,0,0,0,0,0,0,0,0,4,4,0,0,0,0,0,9,11,0,10,40,36,0,0,2,6,1,0,0,0,0,0,0,1,0,0,0,44,40,5,11,16,3,3,0,0.1899999976158142
1mjqhcx,0.037,0.091,0.0,1.0,0.0,0.0,13,8.841846274778883,0,0,0,0,0,0,0,0,0,0,0,0,0,0,0,0,0,0,0,0,0,0,0,0,0,0,0,0,0,0,0,0,0,0,0,0,0,0,0,0,0,0,3,3,0,0,0,0,0,1,1.0
1mjqz3y,0.024,0.026,0.096,0.782,0.121,0.926,293,15.903189008614273,3,18,0,9,0,0,0,0,0,0,0,0,0,0,0,5,0,0,2,0,0,0,1,3,3,8,10,0,0,0,1,0,0,0,0,0,0,0,1,2,0,0,3,23,4,1,5,0,0,0,0.41999998688697815
1mjr9rs,0.021,0.104,0.061,0.879,0.06,-0.029,175,15.903189008614273,3,9,0,3,0,0,0,0,0,0,0,0,0,0,0,3,0,0,0,0,0,1,5,0,4,4,10,0,0,0,1,0,0,0,0,0,0,0,0,0,0,0,1,19,3,0,1,1,1,0,0.2800000011920929
1mjrfm9,0.223,0.181,0.0,1.0,0.0,0.0,10,13.023866798666859,0,0,0,0,0,0,0,0,0,0,0,0,0,0,0,0,0,0,0,0,0,0,0,0,0,0,1,0,0,0,0,0,0,0,0,0,0,0,0,0,0,0,0,3,0,0,0,0,0,1,1.0
1mjrplh,0.089,0.08,0.117,0.747,0.136,-0.1481,20,14.554592549557764,0,2,0,3,0,0,0,0,0,0,0,0,0,0,0,1,0,0,0,0,0,0,0,0,0,0,1,0,0,0,0,0,0,0,0,0,0,0,0,0,0,0,1,3,1,0,0,0,0,0,0.17000000178813934
1mjrzxw,0.056,0.332,0.084,0.824,0.092,0.4667,474,16.218646115125612,5,26,1,13,0,0,0,0,0,0,0,0,0,0,3,3,0,0,1,0,0,2,8,2,5,12,12,0,0,0,0,0,0,0,0,0,0,0,1,7,0,0,6,28,3,5,4,3,0,0,0.10000000149011612
1mjs18x,0.11,0.024,0.0,1.0,0.0,0.0,10,8.841846274778883,0,0,0,0,0,0,0,0,0,0,0,0,0,0,0,0,0,0,0,0,0,0,0,0,0,0,1,0,0,0,0,0,0,0,0,0,0,0,0,0,0,0,0,1,0,0,0,0,0,1,1.0
1mjs95y,0.11,0.024,0.0,1.0,0.0,0.0,10,8.841846274778883,0,0,0,0,0,0,0,0,0,0,0,0,0,0,0,0,0,0,0,0,0,0,0,0,0,0,1,0,0,0,0,0,0,0,0,0,0,0,0,0,0,0,0,1,0,0,0,0,0,1,1.0
1mjszvf,0.174,0.508,0.207,0.793,0.0,-0.4364,12,8.841846274778883,0,0,0,0,0,0,0,0,0,0,0,0,0,0,0,0,0,0,0,0,0,0,0,0,0,0,1,0,0,0,0,0,0,0,0,0,0,0,0,0,0,0,2,1,0,0,0,0,0,1,1.0
1mjt5p2,0.06,0.254,0.128,0.76,0.112,-0.9651,702,13.336081038636102,6,36,0,24,0,0,0,0,0,0,0,0,0,0,2,5,0,0,0,0,1,6,4,1,4,17,38,0,1,0,2,1,2,0,0,0,0,0,0,3,0,0,67,34,3,5,7,2,0,0,0.38999998569488525
1mjt9ek,0.024,0.169,0.073,0.825,0.102,0.799,337,11.20814326018867,6,18,0,8,0,0,0,0,0,0,0,0,0,0,0,0,0,0,0,2,0,1,29,2,1,15,9,0,0,0,0,0,0,0,0,0,0,0,4,6,0,0,9,27,7,4,5,1,0,0,0.4000000059604645
1mjtkin,0.127,0.113,0.273,0.727,0.0,-0.4588,9,8.841846274778883,0,1,0,0,0,0,0,0,0,0,0,0,0,0,0,0,0,0,0,0,0,0,0,0,0,0,1,0,0,0,0,0,0,0,0,0,0,0,0,0,0,0,0,1,0,0,0,0,0,0,0.5
1mjtqv0,0.114,0.11,0.09,0.828,0.081,-0.9322,498,13.579138443065101,6,20,0,10,0,0,0,0,0,0,0,0,0,0,3,3,0,0,0,1,1,3,21,0,4,11,20,0,3,2,6,0,2,0,0,0,0,0,1,0,0,0,33,34,5,1,22,4,0,595,0.9200000166893005
1mjtu1a,0.04,0.048,0.287,0.603,0.11,-0.9743,120,7.048011613610866,1,5,0,3,0,2,0,0,0,0,0,0,0,0,3,2,0,0,1,0,0,3,0,1,2,9,15,0,0,0,0,3,0,0,0,1,0,0,0,1,0,0,2,12,1,0,4,0,0,0,0.5
1mjtx69,0.021,0.036,0.0,1.0,0.0,0.0,11,14.554592549557764,0,0,0,0,0,0,0,0,0,0,0,0,0,0,0,0,0,0,0,0,0,0,0,0,0,0,0,0,0,0,0,0,0,0,0,0,0,0,0,0,0,0,1,2,0,0,0,0,0,2,0.75
1mju7kl,0.023,0.043,0.24,0.64,0.12,-0.9641,160,8.021203637495837,4,13,0,6,0,0,0,0,0,0,0,0,0,0,1,3,0,0,0,0,0,3,9,0,1,7,16,0,0,2,1,0,0,0,0,1,0,0,0,1,0,0,0,17,1,1,3,1,0,0,0.33000001311302185
1mjuptg,0.037,0.233,0.137,0.709,0.154,0.8416,145,10.864195022040775,0,8,0,4,0,0,0,0,0,0,0,0,0,0,0,2,0,0,0,0,0,2,2,6,2,5,10,0,0,0,1,0,0,0,0,2,0,0,2,1,0,0,4,13,3,0,0,1,0,0,0.11999999731779099
1mjuq2m,0.035,0.162,0.245,0.642,0.112,-0.5399,14,11.20814326018867,0,1,0,0,0,0,0,0,0,0,0,0,0,0,0,0,0,0,0,0,0,0,0,0,0,0,1,0,0,0,0,0,0,0,0,0,0,0,0,0,0,0,2,4,0,0,0,0,0,1,1.0
1mjuusi,0.034,0.644,0.345,0.357,0.298,-0.1027,5,8.841846274778883,0,0,1,0,0,0,0,0,0,0,0,0,0,0,0,0,0,0,0,0,0,0,0,0,0,0,1,0,0,0,0,0,0,0,0,0,0,0,0,0,0,0,0,0,0,0,0,0,0,1,1.0
1mjwcbv,0.145,0.243,0.076,0.821,0.103,0.8861,266,10.411451182825502,4,19,0,8,0,0,0,0,0,0,0,0,0,0,0,3,0,0,1,0,0,0,0,7,15,9,7,0,0,0,0,0,0,0,0,0,0,0,1,3,0,0,18,20,3,1,4,3,1,0,0.4000000059604645
1mjx5ic,0.05,0.165,0.174,0.679,0.147,-0.4769,175,9.265573868473778,1,10,1,7,0,0,0,0,0,0,0,0,0,0,3,0,0,0,0,0,0,0,5,0,3,10,16,0,0,0,0,0,0,0,0,0,0,0,0,2,0,0,11,12,1,2,3,1,0,0,0.05999999865889549
1mjxc28,0.021,0.059,0.0,0.803,0.197,0.4927,14,11.20814326018867,0,2,0,0,0,0,0,0,0,0,0,0,0,0,1,0,0,0,0,0,0,0,0,0,0,1,0,0,0,0,0,0,0,0,0,0,0,0,0,0,0,0,1,3,0,0,0,0,0,1,1.0
1mjxgsa,0.042,0.321,0.108,0.622,0.27,0.9914,196,11.855464076750408,1,13,0,5,0,0,0,0,0,0,0,0,0,0,3,0,0,0,0,0,0,0,0,1,7,24,14,0,0,0,0,1,0,0,0,0,0,0,0,3,0,0,11,19,1,0,3,0,0,0,0.3499999940395355
1mjxsdt,0.034,0.118,0.038,0.77,0.193,0.9831,169,15.742502247213078,0,2,1,0,0,1,0,0,0,0,0,0,0,0,0,0,0,0,0,0,0,0,0,0,2,12,2,0,0,0,0,0,0,0,0,0,0,0,0,0,0,0,19,10,0,1,0,0,0,20,0.6600000262260437
1mjxvb4,0.036,0.322,0.01,0.899,0.091,0.9628,275,15.616094167265928,4,21,0,4,0,0,0,0,0,0,0,0,0,0,4,0,0,0,1,0,0,0,3,6,7,7,3,0,0,0,0,0,0,0,0,0,0,0,0,0,0,0,6,24,3,3,5,0,0,0,0.4300000071525574
1mjxx1t,0.188,0.361,0.203,0.714,0.084,-0.9934,305,14.106358169646779,3,26,6,12,0,0,0,0,0,0,0,0,0,0,2,1,0,0,0,0,0,1,7,2,4,6,24,0,0,0,0,1,0,0,0,0,0,0,2,1,0,0,4,24,5,1,5,5,0,0,0.33000001311302185
1mjyt9j,0.061,0.081,0.171,0.829,0.0,-0.3566,13,13.023866798666859,1,1,0,0,0,0,0,0,0,0,0,0,0,0,0,0,0,0,0,0,0,1,0,0,0,0,1,0,0,0,0,0,0,0,0,0,0,0,0,0,0,0,0,2,0,0,1,0,0,1,1.0
1mjyvga,0.06,0.148,0.045,0.775,0.18,0.6351,27,3.1291,0,0,0,0,0,0,0,0,0,0,0,0,0,0,1,0,0,0,0,0,0,1,1,0,0,1,0,0,0,0,1,0,0,0,0,0,0,0,0,0,0,0,0,5,0,0,0,1,0,1,1.0
1mjyzdi,0.055,0.183,0.167,0.833,0.0,-0.3818,14,8.841846274778883,0,0,0,0,0,0,0,0,0,0,0,0,0,0,0,0,0,0,0,0,0,0,3,0,0,0,1,0,0,0,0,0,0,0,0,0,0,0,0,0,0,0,1,3,0,0,0,0,0,1,1.0
1mjz65p,0.028,0.592,0.0,1.0,0.0,0.0,9,14.554592549557764,0,1,0,0,0,0,0,0,0,0,0,0,0,0,0,0,0,0,0,0,0,0,0,0,0,0,0,0,0,0,0,0,0,0,0,0,0,0,0,0,0,0,0,0,1,0,0,0,0,1,1.0
1mjz7s4,0.036,0.204,0.158,0.66,0.182,0.8095,258,12.24349002098031,1,15,0,1,0,1,0,0,0,0,0,0,0,0,1,3,0,0,0,0,0,0,6,4,2,16,19,0,0,0,4,0,0,0,0,0,0,0,1,0,0,0,7,19,4,0,0,3,1,251,0.699999988079071
1mjz8vu,0.028,0.597,0.0,1.0,0.0,0.0,9,14.554592549557764,0,1,0,0,0,0,0,0,0,0,0,0,0,0,0,0,0,0,0,0,0,0,0,0,0,0,0,0,0,0,0,0,0,0,0,0,0,0,0,0,0,0,0,0,1,0,0,0,0,1,1.0
1mjzgmu,0.016,0.063,0.552,0.448,0.0,-0.5719,4,8.841846274778883,0,0,0,0,0,0,0,0,0,0,0,0,0,0,0,0,0,0,0,0,0,0,0,0,0,0,1,0,0,0,0,0,0,0,0,0,0,0,0,0,0,0,0,0,0,0,0,0,0,1,1.0
1mk0435,0.061,0.255,0.144,0.692,0.164,0.844,271,9.606745405546679,5,16,0,9,0,1,0,0,0,0,0,0,0,0,1,6,0,0,0,0,0,1,2,6,9,11,14,0,1,0,1,0,0,0,0,1,0,0,1,2,0,0,2,22,2,0,6,0,0,0,0.1899999976158142
1mk07i0,0.083,0.339,0.419,0.581,0.0,-0.5574,6,8.841846274778883,0,0,0,0,0,0,0,0,0,0,0,0,0,0,0,0,0,0,0,0,0,0,0,0,0,0,0,0,0,0,0,0,0,0,0,0,0,0,0,0,0,0,0,1,0,0,0,0,0,1,1.0
1mk0eko,0.078,0.475,0.199,0.662,0.139,-0.9493,167,8.139509932561175,0,8,0,1,0,2,0,0,0,0,0,0,0,0,1,0,0,0,0,0,0,0,3,0,12,13,10,0,0,0,0,0,0,0,0,0,0,0,1,0,0,0,3,12,1,0,1,1,0,45,0.6899999976158142
1mk0w8q,0.178,0.107,0.064,0.728,0.208,0.9987,621,10.281603360665013,6,55,0,22,0,0,0,0,0,0,0,0,0,0,4,7,0,1,0,0,0,6,44,0,12,35,15,0,0,0,2,0,3,0,0,4,0,0,2,4,0,0,20,38,5,1,17,3,3,21,0.75
1mk172v,0.059,0.296,0.0,0.791,0.209,0.7783,23,8.841846274778883,0,2,0,0,0,0,0,0,0,0,0,0,0,0,0,1,0,0,0,0,0,0,1,0,0,1,2,0,0,0,0,0,0,0,0,0,0,0,0,0,0,0,0,3,0,0,1,0,0,1,1.0
1mk19f5,0.076,0.203,0.32,0.68,0.0,-0.765,16,14.554592549557764,0,0,0,0,0,0,0,0,0,0,0,0,0,0,0,0,0,0,0,0,0,0,0,0,0,0,2,0,1,0,0,0,0,0,0,0,0,0,0,0,0,0,0,3,0,0,0,0,0,1,1.0
1mk1ffm,0.032,0.057,0.069,0.767,0.164,0.9268,157,15.343465313023842,2,8,0,5,0,0,0,0,0,0,0,0,0,0,1,2,0,0,0,0,0,0,1,11,1,6,4,0,0,0,0,0,0,0,0,0,0,0,0,0,0,0,0,15,3,2,7,0,0,28,0.6200000047683716
1mk1zz8,0.071,0.146,0.038,0.787,0.175,0.9868,200,9.784248007369934,1,18,0,13,0,1,0,0,0,0,0,0,0,0,2,3,0,0,0,0,1,1,5,0,3,11,9,0,0,0,1,0,0,0,0,0,0,0,1,1,0,0,2,14,4,0,6,1,0,0,0.38999998569488525
1mk27hg,0.12,0.046,0.039,0.867,0.093,0.9394,374,13.133204557630332,5,19,0,4,0,0,0,0,0,0,0,0,0,0,0,1,0,0,0,0,0,6,4,4,10,12,3,0,0,0,2,0,0,0,0,2,0,0,1,2,0,0,6,29,5,5,7,2,0,0,0.10999999940395355
1mk2irl,0.026,0.158,0.165,0.576,0.259,0.3182,10,8.841846274778883,0,0,0,0,0,0,0,0,0,0,0,0,0,0,1,0,0,0,0,0,0,0,0,0,1,1,1,0,0,0,0,0,0,0,0,0,0,0,0,0,0,0,0,1,0,1,0,0,0,0,0.5
1mk2t2u,0.04,0.426,0.066,0.83,0.104,0.9776,591,13.88009791879805,5,41,2,9,0,0,0,0,0,0,0,0,0,0,3,6,0,0,0,0,0,11,7,0,3,12,9,1,0,0,0,0,0,0,0,2,0,0,2,7,0,0,30,30,6,11,10,0,1,0,0.3700000047683716
1mk3cqi,0.08,0.171,0.068,0.736,0.196,0.5046,15,11.20814326018867,0,0,0,1,0,0,0,0,0,0,0,0,0,0,0,0,0,0,0,0,0,1,0,0,0,0,1,0,0,0,0,0,0,0,0,0,0,0,0,1,0,0,1,0,1,0,1,0,0,1,1.0
1mk3kki,0.13,0.096,0.059,0.901,0.041,-0.2732,111,14.554592549557764,1,8,0,3,0,0,0,0,0,0,0,0,0,0,0,0,0,0,0,0,0,2,6,0,0,2,1,0,0,0,0,0,0,0,0,0,0,0,0,0,0,0,2,9,0,0,1,1,0,0,0.28999999165534973
1mk3uwh,0.149,0.141,0.018,0.863,0.12,0.9951,480,12.964793036080376,6,20,1,6,0,1,0,0,0,0,0,0,0,0,0,5,0,0,0,0,0,6,11,0,17,15,5,0,0,0,5,1,0,0,0,0,0,0,0,0,0,0,25,22,4,2,5,3,0,0,0.20000000298023224
1mk3xov,0.032,0.025,0.0,1.0,0.0,0.0,9,3.1291,0,0,0,0,0,0,0,0,0,0,0,0,0,0,0,0,0,0,0,0,0,0,0,0,0,0,0,0,0,0,0,0,0,0,0,0,0,0,0,1,0,0,0,0,0,0,0,0,0,1,1.0
1mk3zas,0.135,0.156,0.0,1.0,0.0,0.0,17,8.841846274778883,1,1,0,0,0,0,0,0,0,0,0,0,0,0,0,0,0,0,0,0,0,0,0,0,0,0,1,0,0,0,0,0,0,0,0,0,0,0,0,0,0,0,0,4,0,0,1,0,0,0,0.5
1mk424w,0.029,0.023,0.0,0.741,0.259,0.5423,11,15.903189008614273,0,0,0,0,0,0,0,0,0,0,0,0,0,0,0,0,0,0,0,0,0,0,0,0,0,1,0,0,0,0,0,0,0,0,0,0,0,0,0,0,0,0,1,2,0,0,0,0,0,1,1.0
1mk45at,0.02,0.021,0.164,0.727,0.109,-0.2263,14,11.20814326018867,0,0,0,0,0,0,0,0,0,0,0,0,0,0,0,0,0,0,0,0,0,1,1,0,0,0,2,0,0,0,1,0,0,0,0,0,0,0,0,0,0,0,0,2,0,0,0,1,0,1,0.9900000095367432
1mk46um,0.02,0.021,0.164,0.727,0.109,-0.2263,14,11.20814326018867,0,0,0,0,0,0,0,0,0,0,0,0,0,0,0,0,0,0,0,0,0,1,1,0,0,0,2,0,0,0,1,0,0,0,0,0,0,0,0,0,0,0,0,2,0,0,0,1,0,1,0.9900000095367432
1mk46xx,0.04,0.231,0.029,0.857,0.114,0.9042,118,11.20814326018867,2,4,0,2,0,1,0,0,0,0,0,0,0,0,1,1,0,0,0,0,1,0,4,0,4,2,3,0,0,0,0,0,1,0,0,0,0,0,0,0,0,0,1,17,1,1,3,0,0,79,0.699999988079071
1mk4b2v,0.032,0.022,0.0,1.0,0.0,0.0,9,3.1291,0,0,0,1,0,0,0,0,0,0,0,0,0,0,0,0,0,0,0,0,0,0,0,0,0,0,0,0,0,0,0,0,0,0,0,1,0,0,0,1,0,0,0,0,0,0,0,0,0,1,1.0
1mk4dsy,0.035,0.026,0.037,0.803,0.16,0.9362,139,11.20814326018867,1,5,0,4,0,0,0,0,0,0,0,0,0,0,0,0,0,0,0,0,1,0,7,4,0,5,7,0,0,0,0,0,0,0,0,2,0,0,1,2,0,0,3,11,1,1,1,0,0,1,1.0
1mk4h56,0.023,0.029,0.098,0.801,0.101,-0.7639,310,12.052694948225742,0,24,0,4,0,1,0,0,0,0,0,0,0,0,1,1,0,0,1,0,0,1,14,2,3,10,18,0,0,0,1,0,0,0,0,4,0,0,0,3,0,0,1,22,2,3,4,0,0,0,0.20000000298023224
1mk4y7b,0.029,0.04,0.128,0.739,0.133,0.0258,17,3.1291,0,1,0,3,0,0,0,0,0,0,0,0,0,0,1,0,0,0,0,0,0,0,0,0,1,0,1,0,0,0,0,0,0,0,0,0,0,0,0,0,0,0,0,4,0,0,0,0,0,1,1.0
1mk58cd,0.025,0.107,0.107,0.798,0.095,-0.547,309,11.20814326018867,2,31,0,8,0,0,0,0,0,0,0,0,0,0,5,6,0,0,0,0,0,0,14,1,4,14,12,0,1,0,2,0,2,0,0,1,0,0,3,2,0,0,9,29,5,1,0,2,3,0,0.49000000953674316
1mk5gz4,0.023,0.113,0.097,0.903,0.0,-0.4019,26,15.903189008614273,0,0,0,0,0,0,0,0,0,0,0,0,0,0,0,0,0,0,0,0,0,0,1,0,0,0,3,0,0,0,1,0,0,0,0,0,0,0,0,0,0,0,1,4,0,0,0,1,0,1,1.0
1mk5ru2,0.029,0.061,0.086,0.781,0.133,0.9606,315,13.427899808715576,2,16,0,2,0,0,0,0,0,0,0,0,0,0,0,2,0,0,1,0,0,4,18,3,1,13,7,0,0,0,0,0,0,0,0,3,0,0,0,1,0,0,16,28,5,0,6,0,0,0,0.36000001430511475
1mk5xis,0.03,0.285,0.02,0.897,0.082,0.8946,191,10.436869588844216,1,24,1,2,0,1,0,0,0,0,0,0,0,0,1,1,0,0,1,0,0,0,7,5,0,2,3,0,0,0,2,0,1,0,1,3,0,0,1,1,0,0,5,17,2,1,3,1,0,0,0.44999998807907104
1mk7kki,0.061,0.081,0.171,0.829,0.0,-0.3566,13,13.023866798666859,1,1,0,0,0,0,0,0,0,0,0,0,0,0,0,0,0,0,0,0,0,1,0,0,0,0,1,0,0,0,0,0,0,0,0,0,0,0,0,0,0,0,0,2,0,0,1,0,0,1,1.0
1mk88w8,0.031,0.085,0.256,0.513,0.232,-0.0847,9,8.841846274778883,0,0,0,0,0,0,0,0,0,0,0,0,0,0,0,0,0,0,0,0,0,0,0,0,0,1,1,0,0,0,0,0,0,0,0,0,0,0,0,0,0,0,0,2,0,0,0,0,0,1,1.0
1mk8l3q,0.061,0.159,0.138,0.731,0.13,-0.5702,176,12.340626583579944,1,14,0,8,0,0,0,0,0,0,0,0,0,0,1,1,0,0,0,0,0,1,1,0,20,7,9,0,0,1,0,0,0,0,0,0,0,0,0,1,0,0,8,16,1,0,2,0,0,4586,0.8100000023841858
1mk8oxa,0.02,0.057,0.067,0.812,0.12,0.9355,253,15.579741850924794,7,21,1,4,0,1,0,0,0,0,0,0,0,0,0,4,0,0,0,0,0,5,10,4,4,4,6,0,0,2,1,0,0,0,0,0,0,0,0,3,0,0,1,24,5,2,7,2,0,0,0.3799999952316284
1mk9ge3,0.032,0.06,0.062,0.835,0.103,0.923,575,12.793724455304456,11,42,3,8,0,0,0,0,0,0,0,0,0,0,2,4,0,0,0,0,0,1,15,3,4,20,31,0,2,0,1,0,0,0,0,0,0,0,0,2,0,0,14,42,3,5,6,1,1,5,0.5299999713897705
1mk9rdd,0.023,0.098,0.131,0.568,0.301,0.4588,13,11.20814326018867,0,0,0,0,0,0,0,0,0,0,0,0,0,0,0,0,0,0,0,0,0,0,0,0,0,0,1,0,0,0,0,0,0,0,0,0,0,0,0,0,0,0,1,3,0,0,1,0,0,1,1.0
1mk9smj,0.024,0.193,0.157,0.558,0.284,0.3612,14,13.023866798666859,0,0,0,1,0,0,0,0,0,0,0,0,0,0,0,0,0,0,0,0,0,0,0,0,0,0,2,0,0,0,0,0,0,0,0,0,0,0,0,0,0,0,2,2,0,0,0,0,0,1,1.0
1mka2sj,0.034,0.109,0.173,0.662,0.165,-0.1793,178,10.504223727775692,9,11,0,6,0,0,0,0,0,0,0,0,0,0,0,3,0,0,0,0,0,1,5,0,15,5,3,0,0,0,1,0,0,0,0,0,0,0,3,1,0,0,1,16,3,0,8,0,0,0,0.25999999046325684
1mka4a8,0.04,0.111,0.15,0.85,0.0,-0.3182,14,11.20814326018867,1,0,0,0,0,0,0,0,0,0,0,0,0,0,0,0,0,0,0,0,0,1,0,0,0,0,1,0,0,0,0,0,0,0,0,0,0,0,0,0,0,0,2,2,0,0,1,0,0,1,1.0
1mka4zu,0.023,0.111,0.182,0.705,0.113,-0.8037,133,8.841846274778883,1,5,0,4,0,0,0,0,0,0,0,0,0,0,2,2,0,0,1,0,0,4,2,4,6,5,11,0,0,0,2,0,0,0,0,1,0,0,0,0,0,0,2,16,2,1,1,3,0,5,0.6899999976158142
1mkaa7p,0.05,0.053,0.0,1.0,0.0,0.0,9,3.1291,0,0,0,0,0,0,0,0,0,0,0,0,0,0,0,0,0,0,0,0,0,0,0,0,0,0,0,0,0,0,0,0,0,0,0,0,0,0,0,0,0,0,2,3,0,0,0,0,0,1,1.0
1mkaps2,0.043,0.403,0.047,0.921,0.032,-0.0202,136,11.698219412168324,3,11,2,6,0,0,0,0,0,0,0,0,0,0,0,2,0,0,0,0,0,0,6,1,0,2,7,0,0,0,1,1,0,0,0,0,0,0,0,1,0,0,5,15,2,0,4,0,1,81,0.8199999928474426
1mkar9e,0.024,0.155,0.116,0.741,0.143,0.128,16,13.023866798666859,0,0,0,0,0,0,0,0,0,0,0,0,0,0,0,0,0,0,0,0,0,0,0,0,0,0,1,0,0,0,0,0,0,0,0,0,0,0,0,0,0,0,2,4,0,0,1,0,0,1,1.0
1mkbr0a,0.085,0.064,0.0,1.0,0.0,0.0,8,8.841846274778883,0,0,0,0,0,0,0,0,0,0,0,0,0,0,0,0,0,0,0,0,0,0,0,0,0,0,0,0,0,0,0,0,0,0,0,0,0,0,0,0,0,0,2,0,0,0,0,0,0,1,1.0
1mkdkpi,0.025,0.018,0.0,0.656,0.344,0.2732,5,11.20814326018867,0,0,0,0,0,0,0,0,0,0,0,0,0,0,0,0,0,0,0,0,0,0,0,0,0,0,0,0,0,0,0,0,0,0,0,0,0,0,0,0,0,0,0,0,0,0,0,0,0,0,0.5
1mkdnne,0.032,0.186,0.084,0.785,0.131,0.5574,103,10.74609503303851,2,9,0,3,0,0,0,0,0,0,0,0,0,0,2,1,0,0,0,0,0,0,10,0,0,4,2,0,0,0,4,1,0,0,0,0,0,0,0,1,0,0,2,13,1,0,4,0,0,2,0.75
1mkdvww,0.079,0.117,0.231,0.702,0.067,-0.9763,112,13.023866798666859,3,6,0,2,0,0,0,0,0,0,0,0,0,0,0,2,0,0,0,0,0,0,1,0,1,5,10,0,0,1,0,0,0,0,0,0,0,0,0,1,0,0,2,13,3,1,2,0,0,0,0.5
1mke104,0.058,0.318,0.069,0.931,0.0,-0.875,123,11.855464076750408,1,11,0,3,0,0,0,0,0,0,0,0,0,0,0,0,0,0,0,0,0,1,3,0,4,2,4,0,0,0,1,0,1,0,0,0,0,0,0,0,0,0,3,14,1,0,2,1,0,28,0.7200000286102295
1mkeeaa,0.042,0.058,0.151,0.69,0.159,0.3962,277,11.602472056035307,1,8,0,4,0,0,0,0,0,0,0,0,0,0,0,5,0,0,0,0,0,1,1,0,4,14,12,0,0,0,0,0,0,0,0,2,0,0,0,1,0,0,16,20,2,1,0,0,1,2012,0.8999999761581421
1mkef57,0.164,0.054,0.0,0.791,0.209,0.4404,12,8.841846274778883,0,0,0,0,0,0,0,0,0,0,0,0,0,0,0,0,0,0,0,0,0,0,0,0,0,1,0,0,0,0,0,0,0,0,0,0,0,0,0,0,0,0,0,3,0,0,0,0,0,1,1.0
1mkeki7,0.064,0.305,0.0,1.0,0.0,0.0,8,11.20814326018867,0,0,0,0,0,0,0,0,0,0,0,0,0,0,0,0,0,0,0,0,0,0,0,0,0,0,0,0,0,0,0,0,0,0,0,0,0,0,0,0,0,0,0,0,0,0,0,0,0,1,1.0
1mkf6t3,0.028,0.162,0.071,0.801,0.127,0.6908,122,11.855464076750408,2,10,0,3,0,0,0,0,0,0,0,0,0,0,2,1,0,0,0,0,0,0,11,0,0,5,3,0,0,0,4,1,0,0,0,0,0,0,0,1,0,0,2,13,1,1,4,0,0,0,0.25
1mkf8qb,0.019,0.067,0.341,0.659,0.0,-0.8519,21,8.841846274778883,0,0,0,0,0,0,0,0,0,0,0,0,0,0,0,0,0,0,0,0,0,0,0,0,0,0,2,0,0,0,0,0,0,0,0,0,0,0,0,1,0,0,0,3,0,0,0,0,0,1,1.0
1mkfm4y,0.046,0.052,0.057,0.804,0.139,0.8885,167,9.928628108626363,3,5,2,0,0,0,0,0,0,0,0,0,0,0,0,1,0,0,0,0,0,0,8,4,1,8,6,0,0,2,1,0,1,0,0,0,0,0,0,0,0,0,14,17,1,1,1,2,0,302,0.75
1mkfnja,0.149,0.27,0.0,1.0,0.0,0.0,10,8.841846274778883,0,0,0,0,0,0,0,0,0,0,0,0,0,0,0,0,0,0,0,0,0,0,0,0,0,1,2,0,0,0,0,0,0,0,0,0,0,0,0,0,0,0,0,3,0,0,0,0,0,1,1.0
1mkfx59,0.021,0.255,0.0,1.0,0.0,0.0,15,8.841846274778883,0,0,0,1,0,1,0,0,0,0,0,0,0,0,0,0,0,0,0,0,0,0,2,0,0,0,0,0,0,0,0,0,0,0,0,0,0,0,0,0,0,0,0,3,1,0,0,1,0,1,1.0
1mkgckq,0.033,0.238,0.299,0.701,0.0,-0.5719,13,11.20814326018867,1,1,0,0,0,0,0,0,0,0,0,0,0,0,0,0,0,0,0,0,0,0,0,0,0,0,1,0,0,0,0,0,0,0,0,0,0,0,0,0,0,0,0,1,0,0,1,0,0,1,1.0
1mkggp8,0.045,0.039,0.045,0.888,0.068,0.6445,256,15.247664890283005,2,10,0,2,0,0,0,0,0,0,0,0,0,0,1,3,0,0,0,0,0,1,1,0,3,9,7,0,0,0,1,0,0,0,0,0,0,0,1,3,0,0,2,23,1,1,3,1,0,158,0.8100000023841858
1mkh5bw,0.034,0.035,0.287,0.396,0.317,0.0772,6,3.1291,0,0,0,1,0,0,0,0,0,0,0,0,0,0,0,0,0,0,0,0,0,0,0,0,0,0,0,0,0,0,0,0,0,0,0,0,0,0,0,0,0,0,0,0,0,0,0,0,0,1,1.0
1mkh69r,0.029,0.061,0.08,0.787,0.133,0.903,163,13.731508374201276,4,9,0,3,0,0,0,0,0,0,0,0,0,0,0,1,0,0,0,0,1,0,8,2,4,6,9,0,0,0,2,1,0,0,0,0,0,0,0,0,0,0,8,17,1,1,3,1,0,82,0.7200000286102295
1mkil2p,0.044,0.104,0.299,0.701,0.0,-0.7506,17,13.023866798666859,1,0,0,0,0,0,0,0,0,0,0,0,0,0,0,1,0,1,0,0,0,0,1,0,0,0,2,0,0,0,0,0,0,0,0,0,0,0,0,0,0,0,1,4,0,0,1,0,0,1,1.0
1mkj158,0.012,0.631,0.0,0.78,0.22,0.81,28,11.20814326018867,0,1,1,0,0,0,0,0,0,0,0,0,0,0,0,1,0,0,0,0,0,0,3,0,0,1,0,0,0,0,0,0,0,0,0,0,0,0,0,2,0,0,0,6,0,1,2,0,0,1,1.0
1mkjhbe,0.572,0.899,0.472,0.451,0.077,-0.9419,23,8.841846274778883,0,1,3,0,0,0,0,0,0,0,0,0,0,0,0,0,0,0,0,0,0,0,1,0,0,0,7,0,0,0,0,0,0,0,0,0,0,0,0,0,0,0,1,3,0,0,0,0,0,1,1.0
1mkjmnq,0.14,0.025,0.0,1.0,0.0,0.0,11,8.841846274778883,0,0,0,1,0,0,0,0,0,0,0,0,0,0,0,0,0,0,0,0,0,0,0,0,0,0,1,0,0,0,0,0,0,0,0,0,0,0,0,0,0,0,0,1,0,0,0,0,0,1,1.0
1mkjrdg,0.14,0.025,0.0,1.0,0.0,0.0,11,8.841846274778883,0,0,0,1,0,0,0,0,0,0,0,0,0,0,0,0,0,0,0,0,0,0,0,0,0,0,1,0,0,0,0,0,0,0,0,0,0,0,0,0,0,0,0,1,0,0,0,0,0,0,0.5
1mkjw72,0.075,0.372,0.042,0.811,0.147,0.9132,108,9.516144504307135,0,10,0,5,0,0,0,0,0,0,0,0,0,0,0,1,0,0,0,0,0,0,5,5,4,6,3,0,0,0,1,1,0,0,0,0,0,0,0,0,0,0,4,16,1,0,4,2,0,0,0.3100000023841858
1mkjy6j,0.061,0.021,0.073,0.845,0.082,0.0599,23,14.554592549557764,0,1,0,2,0,0,0,0,0,0,0,0,0,0,0,1,0,0,0,0,0,0,0,0,0,0,1,0,0,0,0,0,0,0,0,0,0,0,0,0,0,0,0,4,0,0,0,0,0,1,1.0
1mkjyln,0.035,0.037,0.0,1.0,0.0,0.0,9,11.20814326018867,1,0,0,1,0,0,0,0,0,0,0,0,0,0,0,0,0,0,0,0,0,0,0,0,0,0,0,0,0,0,0,0,0,0,0,0,0,0,0,0,0,0,0,1,0,0,1,0,0,1,1.0
1mkk7y8,0.035,0.026,0.1,0.763,0.136,0.9556,491,15.454834852542156,13,10,0,11,0,1,0,0,0,0,0,0,0,0,0,4,0,0,0,0,0,0,2,0,3,24,28,0,0,0,0,0,0,0,0,0,0,0,1,1,0,0,38,32,3,10,3,0,2,188,0.8799999952316284
1mkkexk,0.073,0.031,0.047,0.887,0.066,0.2998,157,12.457975602129121,6,8,0,4,0,0,0,0,0,0,0,0,0,0,0,1,0,0,0,0,0,0,1,0,3,3,7,0,0,0,0,1,0,0,0,0,0,0,0,0,0,0,3,18,1,1,8,0,0,0,0.18000000715255737
1mkkjhp,0.106,0.454,0.321,0.6,0.079,-0.8719,33,8.841846274778883,0,0,0,3,0,0,0,0,0,0,0,0,0,0,0,0,0,0,0,0,0,0,0,0,0,3,4,0,0,0,0,1,0,0,0,0,0,0,0,0,0,0,1,5,0,0,2,0,0,1,1.0
1mkl39f,0.23,0.409,0.133,0.792,0.075,-0.9128,175,9.3871,1,11,0,2,0,1,0,0,0,0,0,0,0,0,0,4,0,0,1,0,0,0,4,1,10,4,10,0,0,0,1,0,1,0,0,4,0,0,1,2,0,0,12,17,1,0,2,0,0,0,0.10999999940395355
1mklg2g,0.032,0.096,0.084,0.879,0.037,-0.4019,53,10.125756701596842,2,5,0,0,0,1,0,0,0,0,0,0,0,0,0,0,0,0,0,0,0,0,1,0,1,2,2,0,0,0,0,0,0,0,0,0,0,0,0,0,0,0,4,7,0,1,0,0,0,1,1.0
1mkllj9,0.033,0.457,0.147,0.718,0.136,-0.8304,281,13.023866798666859,4,24,5,1,0,1,0,0,0,0,0,0,0,0,4,4,0,0,1,0,0,1,7,2,8,17,15,0,0,0,0,0,1,0,0,2,0,0,3,6,0,0,2,22,5,2,4,0,2,0,0.36000001430511475
1mklw79,0.041,0.079,0.067,0.722,0.211,0.995,355,13.310731037718625,2,23,0,9,0,0,0,0,0,0,0,0,0,0,2,0,0,0,0,0,0,8,4,2,9,16,12,0,0,0,3,1,2,0,0,1,1,0,1,0,0,0,3,20,4,2,15,2,0,0,0.18000000715255737
1mkm0e9,0.028,0.026,0.0,1.0,0.0,0.0,10,11.20814326018867,0,0,0,0,0,0,0,0,0,0,0,0,0,0,0,0,0,0,0,0,0,0,0,0,0,1,0,0,0,0,0,0,0,0,0,0,0,0,0,0,0,0,1,1,0,0,0,0,0,1,1.0
1mkmk91,0.032,0.107,0.0,1.0,0.0,0.0,6,3.1291,0,0,0,0,0,0,0,0,0,0,0,0,0,0,0,0,0,0,0,0,0,0,0,0,0,0,0,0,0,0,0,0,0,0,0,0,0,0,0,0,0,0,1,0,0,0,0,0,0,1,1.0
1mkml9n,0.046,0.171,0.094,0.768,0.139,0.6428,204,14.232682905230785,3,9,0,1,0,0,0,0,0,0,0,0,0,0,1,2,0,0,0,0,0,0,7,0,3,10,14,0,0,0,2,0,0,0,0,1,0,0,1,1,0,0,9,14,5,3,2,2,0,17,0.7300000190734863
1mkmrpx,0.04,0.041,0.126,0.787,0.088,-0.8879,213,14.554592549557764,0,17,0,4,0,0,0,0,0,0,0,0,0,0,3,1,0,0,1,0,0,1,3,2,3,9,11,0,1,0,0,0,0,0,0,0,0,0,0,1,0,0,18,19,1,0,4,0,1,0,0.4000000059604645
1mkn29m,0.179,0.24,0.167,0.636,0.197,0.389,187,12.10132525352546,2,10,0,1,0,0,0,0,0,0,0,0,0,0,0,3,0,0,0,0,0,1,0,2,6,14,14,1,0,0,0,0,0,0,0,0,0,0,0,1,0,0,4,15,0,2,3,0,0,0,0.3100000023841858
1mkn4pq,0.022,0.023,0.057,0.779,0.164,0.9979,681,10.864195022040775,4,35,0,12,0,1,0,0,0,0,0,0,1,0,3,9,0,0,0,0,0,4,48,10,7,41,17,0,0,1,4,0,0,0,0,0,0,0,1,6,0,0,29,37,4,3,11,2,1,0,0.28999999165534973
1mkn82w,0.278,0.081,0.368,0.632,0.0,-0.7506,13,3.1291,0,0,0,0,0,0,0,0,0,0,0,0,0,0,0,0,0,0,0,0,0,0,0,0,0,0,0,0,0,0,0,0,0,0,0,0,0,0,0,0,0,0,0,4,0,0,1,0,0,0,0.41999998688697815
1mknh0w,0.02,0.038,0.0,1.0,0.0,0.0,10,8.841846274778883,0,0,0,0,0,0,0,0,0,0,0,0,0,0,0,0,0,0,0,0,0,0,0,0,0,0,0,0,0,0,0,0,0,0,0,0,0,0,0,0,0,0,0,1,0,0,0,0,0,1,1.0
1mkny98,0.52,0.435,0.144,0.856,0.0,-0.4019,17,11.20814326018867,0,0,0,0,0,0,0,0,0,0,0,0,0,0,0,0,0,0,0,0,0,0,0,0,0,1,1,0,0,0,0,0,0,0,0,0,0,0,0,0,0,0,2,3,0,0,0,0,0,1,1.0
1mkodfs,0.021,0.022,0.065,0.799,0.136,0.6808,69,10.864195022040775,0,2,0,2,0,0,0,0,0,0,0,0,0,0,0,1,0,0,0,0,0,1,0,1,1,3,3,0,0,0,0,1,0,0,0,1,0,0,0,0,0,0,4,8,0,0,1,0,0,2,0.7599999904632568
1mkorjg,0.044,0.398,0.106,0.556,0.338,0.6808,14,8.841846274778883,0,0,0,1,0,0,0,0,0,0,0,0,0,0,0,0,0,0,0,0,0,0,0,0,0,3,0,0,0,0,0,0,0,0,0,0,0,0,0,0,0,0,0,3,1,0,0,0,0,1,1.0
1mkpa2k,0.032,0.046,0.174,0.826,0.0,-0.2247,10,8.841846274778883,0,0,0,0,0,0,0,0,0,0,0,0,0,0,0,0,0,0,0,0,0,0,0,0,0,0,0,0,0,0,0,0,0,0,0,0,0,0,0,0,0,0,0,3,0,0,0,0,0,1,1.0
1mkpp0q,0.082,0.053,0.155,0.674,0.171,0.0772,15,11.20814326018867,0,0,0,1,0,0,0,0,0,0,0,0,0,0,0,0,0,0,0,0,0,0,0,0,0,1,1,0,0,0,0,0,0,0,0,0,0,0,0,0,0,0,1,4,0,0,0,0,0,1,1.0
1mkqcv4,0.019,0.103,0.126,0.874,0.0,-0.5574,26,14.554592549557764,0,0,0,0,0,0,0,0,0,0,0,0,0,0,0,0,0,0,0,0,0,0,0,0,0,0,0,0,0,0,0,0,0,0,0,0,0,0,0,0,0,0,4,3,0,0,0,0,0,1,1.0
1mkqdj4,0.089,0.725,0.0,1.0,0.0,0.0,15,3.1291,0,1,0,0,0,0,0,0,0,0,0,0,0,0,0,0,0,0,0,0,0,0,0,0,0,0,0,0,0,0,0,0,0,0,0,0,0,0,0,0,0,0,0,1,0,0,0,0,0,1,1.0
1mkqf2z,0.213,0.452,0.205,0.795,0.0,-0.4767,13,3.1291,0,0,0,0,0,0,0,0,0,0,0,0,0,0,0,0,0,0,0,0,0,0,0,2,0,0,1,0,0,0,0,0,0,0,0,0,0,0,0,0,0,0,0,1,0,0,0,0,0,1,1.0
1mkqj41,0.028,0.042,0.113,0.887,0.0,-0.3182,19,13.023866798666859,0,3,0,0,0,0,0,0,0,0,0,0,0,0,0,0,0,0,0,0,0,0,0,2,0,0,1,0,0,0,0,0,0,0,0,1,0,0,1,0,0,0,0,4,1,0,1,0,0,1,1.0
1mkqk6b,0.069,0.427,0.227,0.773,0.0,-0.6249,15,3.1291,0,1,0,0,0,1,0,0,0,0,0,0,0,0,0,0,0,0,1,0,0,0,0,1,0,0,1,0,0,0,0,0,0,0,0,0,0,0,0,0,0,0,0,1,0,0,1,0,0,1,1.0
1mkqxpt,0.155,0.113,0.087,0.746,0.167,0.4072,18,8.841846274778883,0,2,0,0,0,0,0,0,0,0,0,0,0,0,0,0,0,0,0,0,0,0,0,2,0,1,1,0,0,0,0,0,0,0,0,1,0,0,0,0,0,0,1,2,0,0,0,0,0,1,1.0
1mkr297,0.053,0.02,0.1,0.722,0.178,0.34,15,11.20814326018867,1,0,0,0,0,0,0,0,0,0,0,0,0,0,0,0,0,0,0,0,0,0,0,0,0,0,1,0,0,0,0,0,0,0,0,0,0,0,0,0,0,0,0,4,0,0,1,0,0,1,1.0
1mkrx65,0.206,0.401,0.245,0.617,0.138,-0.3086,16,11.20814326018867,0,0,0,0,0,0,0,0,0,0,0,0,0,0,0,0,0,0,0,0,0,0,0,0,0,1,2,0,0,0,0,0,0,0,0,0,0,0,1,0,0,0,0,2,0,0,0,0,0,1,1.0
1mks6my,0.061,0.023,0.0,1.0,0.0,0.0,9,8.841846274778883,0,0,0,1,0,0,0,0,0,0,0,0,0,0,0,0,0,0,0,0,0,0,0,0,0,1,0,0,0,0,0,0,0,0,0,0,0,0,0,0,0,0,0,0,0,0,1,0,0,13,0.6800000071525574
1mkt1v7,0.036,0.232,0.208,0.636,0.156,-0.2247,13,8.841846274778883,0,0,0,0,0,0,0,0,0,0,0,0,0,0,0,0,0,0,0,0,0,0,0,0,0,0,1,0,0,0,0,0,0,0,0,0,0,0,0,0,0,0,0,2,0,0,0,0,0,1,1.0
1mktsll,0.025,0.548,0.171,0.78,0.049,-0.6808,25,8.841846274778883,0,1,0,0,0,0,0,0,0,0,0,0,0,0,0,1,0,0,0,0,0,0,1,1,0,1,2,0,0,0,0,0,0,0,0,0,0,0,0,0,0,0,2,4,1,0,0,0,0,0,0.07999999821186066
1mkuflm,0.192,0.681,0.399,0.601,0.0,-0.8074,13,11.20814326018867,1,0,0,0,0,0,0,0,0,0,0,0,0,0,0,0,0,0,0,0,0,0,0,0,0,0,1,0,0,0,0,0,0,0,0,0,0,0,0,0,0,0,0,2,0,0,1,0,0,1,1.0
1mkyjfx,0.028,0.305,0.161,0.784,0.054,-0.9781,192,29.92425515909546,1,12,0,3,0,0,0,0,0,0,0,0,0,0,2,2,0,0,0,0,0,1,5,3,1,8,16,0,0,1,3,0,0,0,0,0,0,0,0,4,0,0,11,18,4,0,0,0,0,0,0.25999999046325684
1mkyy0m,0.816,0.686,0.182,0.818,0.0,-0.25,10,13.023866798666859,0,0,0,0,0,0,0,0,0,0,0,0,0,0,0,0,0,0,0,0,0,0,0,0,0,0,1,0,0,0,0,0,0,0,0,0,0,0,0,0,0,0,0,1,0,0,0,0,0,1,1.0
1mkz25m,0.95,0.508,0.154,0.846,0.0,-0.25,12,14.554592549557764,0,0,0,0,0,0,0,0,0,0,0,0,0,0,0,0,0,0,0,0,0,0,0,0,0,0,2,0,0,0,0,0,0,0,0,0,0,0,0,0,0,0,1,1,0,0,0,0,0,1,1.0
1mkz3xs,0.857,0.457,0.256,0.744,0.0,-0.4767,10,13.023866798666859,0,0,0,0,0,0,0,0,0,0,0,0,0,0,0,0,0,0,0,0,0,0,0,0,0,0,2,0,0,0,0,0,0,0,0,0,0,0,0,0,0,0,1,1,0,0,0,0,0,1,1.0
1mkzaci,0.03,0.016,0.0,1.0,0.0,0.0,5,3.1291,0,0,0,0,0,0,0,0,0,0,0,0,0,0,0,0,0,0,0,0,0,0,1,0,0,0,0,0,0,0,1,0,0,0,0,0,0,0,0,0,0,0,0,0,0,0,0,0,0,1,1.0
1mkzi4p,0.022,0.255,0.0,1.0,0.0,0.0,34,18.243605946275583,0,4,0,2,0,0,0,0,0,0,0,0,0,0,0,0,0,0,0,0,0,0,1,0,0,0,1,0,0,0,0,0,0,0,0,0,0,0,1,0,0,0,2,5,1,1,0,1,0,1,1.0
1mkzim7,0.054,0.602,0.177,0.789,0.034,-0.9918,244,9.725611199111238,1,5,3,5,0,0,0,0,0,0,0,0,0,0,3,2,0,0,1,0,0,0,7,13,5,2,15,0,1,1,3,1,0,0,0,0,0,0,0,1,0,0,2,19,1,0,4,3,0,0,0.10999999940395355
1mkziy1,0.026,0.115,0.114,0.771,0.115,-0.3743,711,12.709666756460706,7,42,0,9,0,0,0,0,0,0,0,0,0,0,4,5,0,0,1,1,5,22,0,5,11,15,18,0,0,0,1,0,0,0,0,0,0,0,0,1,0,0,11,41,3,10,18,1,0,55,0.5899999737739563
1mkzwu3,0.029,0.052,0.065,0.876,0.059,-0.422,416,12.221763196225844,5,40,0,10,0,0,0,0,0,0,0,0,0,0,0,5,0,0,0,0,0,2,14,2,13,9,14,0,0,1,3,0,0,0,0,1,0,0,1,1,0,0,3,25,5,3,7,2,1,8,0.6299999952316284
1ml026y,0.039,0.215,0.155,0.7,0.145,-0.0516,16,11.20814326018867,0,1,0,1,0,0,0,0,0,0,0,0,0,0,0,0,0,0,0,0,0,0,0,0,1,1,2,0,0,0,0,0,0,0,0,0,0,0,0,0,0,0,0,4,0,0,0,0,0,0,0.5
1ml0bf6,0.105,0.29,0.137,0.791,0.072,-0.9706,276,10.914260884657427,2,19,3,5,0,0,0,0,0,0,0,0,0,0,0,3,0,1,0,0,0,13,7,0,5,7,17,0,0,0,0,0,0,0,0,1,0,0,0,2,0,0,16,21,1,0,3,3,0,0,0.44999998807907104
1ml13ad,0.017,0.119,0.097,0.675,0.228,0.4767,19,15.903189008614273,0,0,0,0,0,0,0,0,0,0,0,0,0,0,0,0,0,0,0,0,0,0,0,0,0,1,0,0,0,0,0,0,0,0,0,0,0,0,0,0,0,0,1,5,0,0,0,0,0,0,0.5
1ml27k5,0.039,0.03,0.0,1.0,0.0,0.0,20,14.554592549557764,1,1,0,1,0,0,0,0,0,0,0,0,0,0,0,0,0,0,0,0,0,0,0,0,0,0,0,0,0,0,0,0,0,0,0,0,0,0,0,0,0,0,2,2,0,1,1,0,0,0,0.5
1ml2jkb,0.432,0.16,0.155,0.845,0.0,-0.296,13,13.023866798666859,0,0,0,0,0,0,0,0,0,0,0,0,0,0,0,0,0,0,0,0,0,0,0,0,0,0,0,0,0,0,0,0,0,0,0,0,0,0,0,0,0,0,0,5,0,0,1,0,0,1,1.0
1ml2knz,0.028,0.028,0.053,0.712,0.234,0.9978,361,11.729898335038438,0,34,0,8,0,0,0,0,0,0,0,0,0,0,2,6,0,0,0,0,0,0,9,5,7,32,9,1,0,0,5,0,0,0,0,1,0,0,2,5,0,0,1,26,2,0,18,4,1,11,0.7599999904632568
1ml2s95,0.072,0.22,0.293,0.611,0.096,-0.891,40,19.78447435784618,2,0,0,0,0,0,0,0,0,0,0,0,0,0,0,0,0,0,0,0,0,0,0,0,0,1,2,0,0,0,0,0,0,0,0,0,0,0,0,0,0,0,2,6,0,0,0,0,0,1,1.0
1ml3je6,0.081,0.014,0.0,0.802,0.198,0.4939,14,3.1291,0,0,0,1,0,0,0,0,0,0,0,0,0,0,0,0,0,0,0,0,0,0,1,0,0,1,0,0,1,0,1,0,0,0,0,0,0,0,0,0,0,0,0,3,0,0,0,1,0,1,1.0
1ml3jrl,0.109,0.317,0.136,0.696,0.168,-0.0108,24,14.554592549557764,0,1,0,1,0,0,0,0,0,0,0,0,0,0,0,0,0,0,0,0,0,0,0,0,1,0,4,0,0,0,0,0,0,0,0,0,0,0,0,0,0,0,2,2,0,0,1,0,0,1,1.0
1ml3o4k,0.032,0.137,0.485,0.515,0.0,-0.765,9,3.1291,1,0,0,1,0,0,0,0,0,0,0,0,0,0,0,0,0,0,0,0,0,0,0,0,0,1,0,0,0,0,0,0,0,0,0,0,0,0,0,0,0,0,0,2,0,0,1,0,0,1,1.0
1ml3p45,0.028,0.039,0.0,0.741,0.259,0.6808,18,17.122413403193683,0,1,0,0,0,0,0,0,0,0,0,0,0,0,0,0,0,0,0,0,0,0,0,0,0,1,0,0,0,0,0,0,0,0,0,0,0,0,0,0,0,0,0,0,0,2,1,0,0,1,1.0
1ml3p9f,0.038,0.049,0.118,0.774,0.108,-0.7984,178,11.003577315987393,3,7,0,2,0,0,0,0,0,0,0,0,0,0,2,2,0,0,0,0,0,2,1,0,3,4,8,0,0,0,0,0,0,0,0,0,0,0,0,0,0,0,4,16,2,2,3,0,0,205,0.7799999713897705
1ml527f,0.016,0.029,0.0,1.0,0.0,0.0,13,8.841846274778883,1,0,0,1,0,0,0,0,0,0,0,0,0,0,0,0,0,0,0,0,0,0,0,0,1,0,0,0,0,0,0,0,0,0,0,0,0,0,0,0,0,0,2,1,0,0,1,0,0,0,0.15000000596046448
1ml57mb,0.232,0.185,0.091,0.909,0.0,-0.2263,20,17.122413403193683,0,0,0,0,0,0,0,0,0,0,0,0,0,0,0,0,0,0,0,0,0,0,0,0,0,0,1,0,0,0,0,0,0,0,0,0,0,0,0,0,0,0,4,3,0,0,1,0,0,1,1.0
1ml5elf,0.097,0.014,0.0,1.0,0.0,0.0,16,11.20814326018867,2,1,0,1,0,0,0,0,0,0,0,0,0,0,0,0,0,0,0,0,0,0,0,0,0,0,0,0,0,0,0,0,0,0,0,0,0,0,0,0,0,0,0,1,0,0,2,0,0,0,0.46000000834465027
1ml5lid,0.032,0.023,0.0,0.778,0.222,0.431,11,8.841846274778883,0,1,0,1,0,0,0,0,0,0,0,0,0,0,0,0,0,0,0,0,0,0,0,0,0,1,0,0,0,0,0,0,0,0,0,0,0,0,1,0,0,0,0,2,1,0,0,0,0,0,0.3499999940395355
1ml5ryg,0.058,0.051,0.0,0.517,0.483,0.6808,8,13.023866798666859,0,0,0,0,0,0,0,0,0,0,0,0,0,0,0,0,0,0,0,0,0,0,0,0,0,1,0,0,0,0,0,0,0,0,0,0,0,0,0,0,0,0,1,1,0,0,0,0,0,1,1.0
1ml5w0g,0.022,0.066,0.358,0.398,0.243,-0.3818,14,11.20814326018867,0,1,0,0,0,0,0,0,0,0,0,0,0,0,0,0,0,0,0,0,0,1,0,0,0,2,2,0,0,0,0,0,0,0,0,0,0,0,0,0,0,0,0,1,0,0,0,0,0,1,1.0
1ml66q3,0.027,0.035,0.131,0.754,0.115,-0.5634,187,12.340626583579944,0,6,0,6,0,0,0,0,0,0,0,0,0,0,0,2,0,0,0,0,0,0,5,1,1,9,12,0,0,2,0,0,0,0,0,0,0,0,0,0,0,0,9,18,2,0,3,3,0,0,0.44999998807907104
1ml6aj7,0.929,0.44,0.0,1.0,0.0,0.0,7,8.841846274778883,0,0,0,0,0,0,0,0,0,0,0,0,0,0,0,0,0,0,0,0,0,0,0,0,0,0,1,0,0,0,0,0,0,0,0,0,0,0,0,0,0,0,0,0,0,0,0,0,0,1,0.9900000095367432
1ml6ef8,0.027,0.401,0.0,0.746,0.254,0.7003,19,15.903189008614273,0,0,0,0,0,0,0,0,0,0,0,0,0,0,0,0,0,0,0,0,0,0,0,0,0,2,0,0,0,0,0,0,0,0,0,0,0,0,0,0,0,0,0,6,1,0,0,0,0,1,1.0
1ml6jvs,0.019,0.028,0.139,0.657,0.204,0.2263,11,13.023866798666859,0,0,0,0,0,0,0,0,0,0,0,0,0,0,0,0,0,0,0,0,0,0,0,0,0,0,1,0,0,0,0,0,0,0,0,0,0,0,0,0,0,0,0,2,0,0,0,0,0,0,0.33000001311302185
1ml6tvr,0.018,0.049,0.029,0.777,0.194,0.9964,321,11.979248473330827,3,24,0,7,0,0,0,0,0,0,0,0,0,0,0,2,0,0,0,0,1,1,9,3,1,18,3,0,0,0,2,0,0,0,0,0,0,0,0,0,0,0,9,21,1,3,3,2,0,55,0.7799999713897705
1ml7bc7,0.017,0.11,0.0,0.741,0.259,0.6369,13,8.841846274778883,0,0,0,0,0,0,0,0,0,0,0,0,0,0,0,0,0,0,0,0,0,0,0,0,0,1,0,0,0,0,0,0,0,0,0,0,0,0,0,1,0,0,0,3,0,0,0,0,0,0,0.4699999988079071
1ml7bn3,0.155,0.589,0.0,1.0,0.0,0.0,12,11.20814326018867,1,0,0,0,0,0,0,0,0,0,0,0,0,0,0,0,0,0,0,0,0,0,1,0,0,1,0,0,0,0,1,0,0,0,0,0,0,0,0,0,0,0,0,2,0,0,1,1,0,1,1.0
1ml7byo,0.028,0.105,0.352,0.648,0.0,-0.9099,27,19.287186520377343,0,2,0,0,0,0,0,0,0,0,0,0,0,0,0,0,0,0,0,0,0,0,0,0,0,1,4,0,0,0,0,0,0,0,0,0,0,0,0,0,0,0,4,3,0,0,0,0,0,1,1.0
1ml8nhx,0.016,0.021,0.0,0.781,0.219,0.4754,12,11.20814326018867,0,0,0,0,0,0,0,0,0,0,0,0,0,0,0,0,0,0,0,0,0,0,0,0,0,1,0,0,0,0,0,0,0,0,0,0,0,0,0,1,0,0,1,3,0,0,0,0,0,1,1.0
1ml90zq,0.026,0.401,0.0,0.745,0.255,0.474,10,8.841846274778883,0,0,1,0,0,0,0,0,0,0,0,0,0,0,0,1,0,0,0,0,0,0,0,0,0,1,0,0,0,0,0,0,0,0,0,0,0,0,0,0,0,0,2,4,1,0,0,0,0,1,1.0
1ml9f44,0.018,0.022,0.0,0.734,0.266,0.7845,21,18.243605946275583,0,1,0,0,0,0,0,0,0,0,0,0,0,0,0,0,0,0,0,0,0,0,0,0,0,3,0,0,0,0,0,0,0,0,0,0,0,0,0,0,0,0,1,4,0,0,0,0,0,1,1.0
1ml9gz6,0.185,0.091,0.0,1.0,0.0,0.0,14,8.841846274778883,0,0,0,1,0,0,0,0,0,0,0,0,0,0,0,0,0,0,0,0,0,0,0,2,0,0,1,0,0,0,0,0,0,0,0,0,0,0,0,0,0,0,0,4,0,0,0,0,0,1,1.0
1ml9nrz,0.014,0.035,0.161,0.604,0.235,0.3525,14,13.023866798666859,0,1,0,0,0,0,0,0,0,0,0,0,0,0,0,0,0,0,0,0,0,0,0,0,0,1,2,0,0,0,0,0,0,0,0,0,0,0,1,0,0,0,1,2,1,0,0,0,0,1,1.0
1mla7jl,0.029,0.199,0.0,0.901,0.099,0.0258,11,8.841846274778883,0,0,0,1,0,0,0,0,0,0,0,0,0,0,1,0,0,0,0,0,0,0,0,1,0,0,0,0,0,0,0,0,0,0,0,0,0,0,0,0,0,0,1,2,0,0,0,0,0,1,1.0
1mlbuz4,0.033,0.031,0.0,1.0,0.0,0.0,4,3.1291,0,1,0,0,0,0,0,0,0,0,0,0,0,0,0,0,0,0,0,0,0,0,0,0,0,0,0,0,0,0,0,0,0,0,0,0,0,0,0,0,0,0,0,0,0,0,0,0,0,1,1.0
1mlbvfh,0.03,0.383,0.0,0.687,0.313,0.6249,10,8.841846274778883,0,1,0,0,0,0,0,0,0,0,0,0,0,0,0,0,0,0,0,0,0,0,0,0,0,1,0,0,0,0,0,0,0,0,0,0,0,0,0,0,0,0,0,1,0,0,1,0,0,82,0.8500000238418579
1mlbvx4,0.024,0.21,0.0,0.682,0.318,0.6369,10,11.20814326018867,0,0,0,1,0,0,0,0,0,0,0,0,0,0,0,0,0,0,0,0,0,0,0,0,0,1,0,0,0,0,0,0,0,0,0,0,0,0,0,0,0,0,0,0,0,0,0,0,0,1,1.0
1mlcobg,0.031,0.035,0.0,1.0,0.0,0.0,15,8.841846274778883,0,1,0,0,0,0,0,0,0,0,0,0,0,0,0,1,0,0,0,0,0,0,0,0,0,0,0,0,0,0,0,0,0,0,0,0,0,0,0,0,0,0,0,4,0,0,0,0,0,1,1.0
1mlcwes,0.03,0.228,0.265,0.596,0.139,-0.4404,11,11.20814326018867,0,0,0,0,0,0,0,0,0,0,0,0,0,0,0,0,0,0,0,0,0,0,0,0,0,0,2,0,0,0,0,0,0,0,0,1,0,0,0,0,0,0,0,0,0,0,0,0,0,1,1.0
1mlcxdu,0.035,0.058,0.0,0.858,0.142,0.5859,24,18.243605946275583,2,0,0,0,0,0,0,0,0,0,0,0,0,0,0,0,0,0,0,0,0,0,0,0,1,1,0,0,0,0,0,0,0,0,0,0,0,0,0,1,0,0,2,7,0,0,1,0,0,1,1.0
1mld46w,0.028,0.309,0.412,0.588,0.0,-0.5423,6,8.841846274778883,0,0,0,0,0,0,0,0,0,0,0,0,0,0,0,0,0,0,0,0,0,0,0,0,0,1,1,0,0,0,0,0,0,0,0,0,0,0,0,0,0,0,0,1,0,0,0,0,0,0,0.5
1mld71u,0.025,0.047,0.0,1.0,0.0,0.0,21,14.554592549557764,1,0,0,0,0,0,0,0,0,0,0,0,0,0,0,0,0,0,0,0,0,0,0,0,0,0,0,0,0,0,0,0,0,0,0,0,0,0,0,0,0,0,2,4,0,0,1,0,0,1,1.0
1mldkss,0.032,0.038,0.167,0.833,0.0,-0.3412,13,11.20814326018867,0,0,0,0,0,0,0,0,0,0,0,0,0,0,0,0,0,0,0,0,0,0,0,0,0,1,0,0,0,0,0,0,0,0,0,0,0,0,0,0,0,0,1,2,0,0,0,0,0,0,0.3799999952316284
1mle6ao,0.054,0.437,0.0,1.0,0.0,0.0,7,8.841846274778883,0,0,0,0,0,0,0,0,0,0,0,0,0,0,0,0,0,0,0,0,0,0,0,0,0,0,0,0,0,0,0,0,0,0,0,0,0,0,0,0,0,0,1,0,0,0,0,0,0,0,0.5
1mlebgv,0.103,0.654,0.111,0.889,0.0,-0.25,17,13.023866798666859,0,1,0,1,0,0,0,0,0,0,0,0,0,0,0,0,0,0,0,0,0,0,0,0,0,0,1,0,0,0,0,0,0,0,0,0,0,0,0,0,0,0,2,2,1,0,0,0,0,1,1.0
1mlecw8,0.208,0.252,0.156,0.844,0.0,-0.5719,21,13.023866798666859,0,0,0,0,0,0,0,0,0,0,0,0,0,0,0,0,0,0,0,0,0,0,0,0,0,1,1,0,0,0,0,0,0,0,0,0,0,0,0,1,0,0,3,3,0,1,0,0,0,1,0.6600000262260437
1mlecz1,0.021,0.039,0.0,0.906,0.094,0.3818,26,11.20814326018867,0,1,0,1,0,0,0,0,0,0,0,0,0,0,0,0,0,0,0,0,0,0,0,0,1,1,1,0,0,0,0,0,0,0,0,0,0,0,0,0,0,0,2,0,0,0,0,0,0,1,1.0
1mlefsz,0.208,0.252,0.156,0.844,0.0,-0.5719,21,13.023866798666859,0,0,0,0,0,0,0,0,0,0,0,0,0,0,0,0,0,0,0,0,0,0,0,0,0,1,1,0,0,0,0,0,0,0,0,0,0,0,0,1,0,0,3,3,0,1,0,0,0,1,0.6600000262260437
1mlenjk,0.208,0.252,0.156,0.844,0.0,-0.5719,21,13.023866798666859,0,0,0,0,0,0,0,0,0,0,0,0,0,0,0,0,0,0,0,0,0,0,0,0,0,1,1,0,0,0,0,0,0,0,0,0,0,0,0,1,0,0,3,3,0,1,0,0,0,54,0.8399999737739563
1mlep8u,0.071,0.667,0.367,0.633,0.0,-0.7964,17,14.554592549557764,0,1,0,1,0,0,0,0,0,0,0,0,0,0,0,0,0,0,0,0,0,0,0,0,0,0,3,0,0,0,0,0,0,0,0,0,0,0,0,0,0,0,2,4,0,0,0,0,0,1,1.0
1mlevgp,0.153,0.348,0.297,0.703,0.0,-0.2755,6,3.1291,0,0,0,1,0,0,0,0,0,0,0,0,0,0,0,0,0,0,0,0,0,0,1,0,0,0,1,0,0,0,0,0,0,0,0,0,0,0,0,0,0,0,1,1,1,0,0,0,0,1,1.0
1mlgbz2,0.069,0.078,0.148,0.852,0.0,-0.3089,14,8.841846274778883,0,0,0,1,0,0,0,0,0,0,0,0,0,0,0,0,0,0,0,0,0,0,0,1,0,0,1,0,0,0,0,0,0,0,0,0,0,0,0,0,0,0,1,0,0,0,0,0,0,0,0.36000001430511475
1mlgf6y,0.056,0.471,0.15,0.85,0.0,-0.2755,13,8.841846274778883,0,0,0,2,0,0,0,0,0,0,0,0,0,0,0,0,0,0,0,0,0,0,0,0,0,0,1,0,0,0,0,0,0,0,0,0,0,0,0,0,0,0,0,2,1,0,0,0,0,0,0.23000000417232513
1mlh7fm,0.05,0.043,0.262,0.738,0.0,-0.5994,12,3.1291,0,0,0,0,0,0,0,0,0,0,0,0,0,0,0,0,0,0,0,0,0,0,0,0,0,1,0,0,0,0,0,0,0,0,0,0,0,0,0,0,0,0,2,2,0,0,0,0,0,1,1.0
1mliin1,0.017,0.043,0.351,0.649,0.0,-0.596,11,8.841846274778883,0,0,0,1,0,0,0,0,0,0,0,0,0,0,0,0,0,0,0,0,0,0,0,0,0,0,1,0,0,0,0,0,0,0,0,0,0,0,0,0,0,0,0,3,0,1,0,0,0,1,1.0
1mlinan,0.188,0.112,0.182,0.701,0.117,-0.3415,17,8.841846274778883,0,0,0,1,0,0,0,0,0,0,0,0,0,0,0,0,0,0,0,0,0,0,0,0,1,0,0,0,0,0,0,0,1,0,0,0,0,0,0,1,0,0,2,1,0,0,0,0,0,1,1.0
1mlirmr,0.03,0.032,0.0,1.0,0.0,0.0,7,8.841846274778883,0,0,0,0,0,0,0,0,0,0,0,0,0,0,0,0,0,0,0,0,0,0,0,0,0,0,0,0,0,0,0,0,0,0,0,0,0,0,0,0,0,0,0,1,0,0,0,0,0,1,1.0
1mljoqy,0.022,0.024,0.0,0.909,0.091,0.296,23,8.841846274778883,0,2,0,0,0,0,0,0,0,0,0,0,0,0,1,0,0,0,0,0,0,0,0,1,1,0,0,0,0,0,0,0,0,0,0,1,0,0,0,1,0,0,0,5,0,0,0,0,0,1,1.0
1mljrzj,0.025,0.018,0.121,0.651,0.228,0.3182,17,15.903189008614273,0,0,0,0,0,0,0,0,0,0,0,0,0,0,0,0,0,0,0,0,0,0,2,0,1,1,1,0,1,0,0,0,0,0,0,0,0,0,0,0,0,0,0,3,0,0,0,0,0,1,1.0
1mlk0cw,0.048,0.235,0.0,1.0,0.0,0.0,12,11.20814326018867,0,2,0,0,0,0,0,0,0,0,0,0,0,0,0,0,0,0,0,0,0,0,0,0,0,0,0,0,0,0,0,0,0,0,0,0,0,0,0,0,0,0,1,1,0,0,1,0,0,1,1.0
1mlkbld,0.035,0.218,0.0,1.0,0.0,0.0,16,8.841846274778883,0,0,0,0,0,0,0,0,0,0,0,0,0,0,0,0,0,0,0,0,0,0,0,0,1,0,0,0,0,0,0,0,0,0,0,1,0,0,0,0,0,0,3,5,0,0,0,0,0,1,1.0
1mlkv77,0.098,0.563,0.122,0.878,0.0,-0.3612,19,3.1291,0,0,0,2,0,0,0,0,0,0,0,0,0,0,0,1,0,0,0,0,0,0,4,0,0,1,0,0,1,0,1,0,0,0,0,0,0,0,0,0,0,0,0,4,0,0,1,1,0,1,1.0
1mlkvm2,0.098,0.563,0.122,0.878,0.0,-0.3612,19,3.1291,0,0,0,2,0,0,0,0,0,0,0,0,0,0,0,1,0,0,0,0,0,0,4,0,0,1,0,0,1,0,1,0,0,0,0,0,0,0,0,0,0,0,0,4,0,0,1,1,0,1,1.0
1mll977,0.067,0.015,0.235,0.765,0.0,-0.5996,18,13.023866798666859,0,0,0,2,0,0,0,0,0,0,0,0,0,0,0,0,0,0,0,0,0,0,0,0,0,2,1,0,0,0,0,0,0,0,0,0,0,0,0,0,0,0,0,7,0,0,1,0,0,1,1.0
1mllaju,0.024,0.109,0.154,0.556,0.291,0.296,17,13.023866798666859,0,1,0,0,0,0,0,0,0,0,0,0,0,0,0,0,0,0,0,0,0,0,0,0,0,0,2,0,0,0,0,0,0,0,0,0,0,0,0,1,0,0,0,1,0,1,0,0,0,0,0.4300000071525574
1mlleyv,0.034,0.017,0.1,0.878,0.021,-0.8441,118,13.023866798666859,0,5,0,5,0,0,0,0,0,0,0,0,0,0,0,1,0,0,0,0,0,0,2,0,0,6,6,0,0,0,1,0,0,0,0,0,0,0,0,0,0,0,1,16,1,0,5,0,0,0,0.1599999964237213
1mllf8o,0.188,0.112,0.182,0.701,0.117,-0.3415,17,8.841846274778883,0,0,0,1,0,0,0,0,0,0,0,0,0,0,0,0,0,0,0,0,0,0,0,0,1,0,0,0,0,0,0,0,1,0,0,0,0,0,0,1,0,0,2,1,0,0,0,0,0,1,1.0
1mllgf4,0.08,0.094,0.0,1.0,0.0,0.0,5,8.841846274778883,0,0,0,1,0,0,0,0,0,0,0,0,0,0,0,0,0,0,0,0,0,0,0,0,0,0,0,0,0,0,0,0,0,0,0,0,0,0,0,0,0,0,0,0,0,0,0,0,0,0,0.5
1mlli5r,0.023,0.255,0.185,0.763,0.052,-0.9996,1037,16.59062819392321,7,35,0,6,0,0,0,0,0,0,0,0,0,0,3,4,0,0,0,0,0,1,4,1,25,15,72,0,0,0,0,1,0,0,0,0,0,0,0,1,0,0,125,52,4,13,9,0,0,82,0.7799999713897705
1mlllbf,0.03,0.111,0.144,0.679,0.176,0.9496,506,11.602472056035307,3,35,0,16,0,0,0,0,1,0,0,0,0,0,3,1,0,0,0,0,0,20,3,4,4,39,25,0,0,0,3,1,1,0,0,2,1,0,0,2,0,0,1,25,2,0,10,5,0,0,0.20999999344348907
1mllwqe,0.056,0.157,0.151,0.681,0.168,0.5164,113,10.793553405168563,1,6,0,5,0,0,0,0,0,0,0,0,0,0,0,0,0,0,0,0,0,0,0,0,7,6,4,0,0,0,0,0,1,0,0,3,0,0,0,0,0,0,8,13,2,3,2,0,0,0,0.30000001192092896
1mlmal1,0.053,0.399,0.081,0.849,0.07,-0.4196,237,13.925175675911131,3,11,0,4,0,0,0,0,0,0,0,0,0,0,0,3,0,0,0,0,1,2,3,2,7,4,7,0,0,1,0,0,0,0,0,0,0,0,0,0,0,0,5,19,0,0,10,1,0,0,0.25
1mlmiuv,0.047,0.572,0.361,0.639,0.0,-0.8625,20,3.1291,0,1,0,1,0,0,0,0,0,0,0,0,0,0,0,0,0,0,0,0,0,0,0,1,0,1,2,0,0,0,0,0,0,0,0,0,0,0,0,0,0,0,0,1,0,0,0,0,0,1,1.0
1mlmkyt,0.017,0.042,0.0,0.769,0.231,0.34,9,8.841846274778883,0,0,0,1,0,0,0,0,0,0,0,0,0,0,0,0,0,0,0,0,0,0,1,0,0,1,1,0,0,0,0,0,0,0,0,0,0,0,0,0,0,0,0,0,0,0,0,0,0,1,1.0
1mlmsbr,0.099,0.2,0.163,0.465,0.372,0.5574,11,11.20814326018867,1,1,0,0,0,0,0,0,0,0,0,0,0,0,0,0,0,0,0,0,0,1,0,0,0,0,1,0,0,0,0,0,0,0,0,0,0,0,0,0,0,0,1,2,0,0,1,0,0,1,1.0
1mlmwyn,0.104,0.233,0.107,0.782,0.112,0.0927,431,9.69254577184881,3,24,0,11,0,14,0,0,0,0,0,0,0,0,1,3,0,0,3,0,0,0,1,13,13,11,13,0,0,0,0,1,0,0,0,0,0,0,1,0,0,0,9,29,3,4,18,1,0,0,0.20000000298023224
1mlmyqh,0.181,0.118,0.181,0.819,0.0,-0.4767,15,13.023866798666859,0,0,0,1,0,0,0,0,0,0,0,0,0,0,0,0,0,0,0,0,0,0,0,0,0,0,1,0,0,0,0,0,0,0,0,0,0,0,0,0,0,0,1,4,0,0,0,0,0,1,1.0
1mln13u,0.029,0.027,0.0,0.492,0.508,0.7351,8,3.1291,0,0,0,0,0,0,0,0,0,0,0,0,0,0,0,0,0,0,0,0,0,0,1,0,0,1,0,0,0,0,0,0,0,0,0,0,0,0,0,0,0,0,0,0,0,0,0,0,0,1,1.0
1mln1mn,0.068,0.548,0.142,0.759,0.099,-0.7528,123,13.968273953766033,0,6,1,4,0,0,0,0,0,0,0,0,0,0,2,0,0,0,0,0,0,0,5,0,2,6,2,0,0,0,1,0,0,0,0,0,0,0,2,1,0,0,4,15,3,0,1,0,2,511,0.5799999833106995
1mlnc84,0.056,0.086,0.029,0.806,0.165,0.9859,225,16.061879428645646,3,19,0,2,0,0,0,0,0,0,0,0,0,0,1,0,0,0,2,0,0,3,0,10,4,15,6,0,0,0,0,0,0,0,0,0,0,0,0,1,0,0,2,19,1,1,7,0,0,0,0.17000000178813934
1mlofgj,0.101,0.061,0.286,0.573,0.141,-0.4199,14,11.20814326018867,0,1,0,1,0,0,0,0,0,0,0,0,0,0,0,0,0,0,0,0,0,0,0,0,0,0,1,0,0,0,0,0,0,0,0,0,0,0,0,0,0,0,2,3,0,0,0,0,0,1,1.0
1mlofyf,0.101,0.061,0.286,0.573,0.141,-0.4199,14,11.20814326018867,0,1,0,1,0,0,0,0,0,0,0,0,0,0,0,0,0,0,0,0,0,0,0,0,0,0,1,0,0,0,0,0,0,0,0,0,0,0,0,0,0,0,2,3,0,0,0,0,0,1,1.0
1mloha5,0.082,0.281,0.0,0.774,0.226,0.5423,13,8.841846274778883,0,0,0,1,0,0,0,0,0,0,0,0,0,0,0,0,0,0,0,0,0,0,0,0,0,0,1,0,0,0,0,0,0,0,0,0,0,0,0,0,0,0,2,3,0,0,1,0,0,1,1.0
1mloni0,0.087,0.091,0.103,0.769,0.128,0.9456,438,10.7630783206399,2,27,0,10,0,0,0,0,0,0,0,0,0,0,2,4,0,0,0,0,0,10,0,11,12,27,18,0,0,0,0,1,0,0,0,0,0,0,0,1,0,0,7,22,2,2,3,1,0,77,0.800000011920929
1mloni2,0.024,0.018,0.0,0.845,0.155,0.296,13,15.903189008614273,0,0,0,0,0,0,0,0,0,0,0,0,0,0,0,0,0,0,0,0,0,0,0,0,0,0,0,0,0,0,0,0,0,0,0,0,0,0,0,0,0,0,1,5,0,0,0,0,0,1,1.0
1mloovj,0.101,0.061,0.286,0.573,0.141,-0.4199,14,11.20814326018867,0,1,0,1,0,0,0,0,0,0,0,0,0,0,0,0,0,0,0,0,0,0,0,0,0,0,1,0,0,0,0,0,0,0,0,0,0,0,0,0,0,0,2,3,0,0,0,0,0,1,1.0
1mlp9q7,0.025,0.112,0.136,0.637,0.227,0.9999,2815,12.387228195931815,17,163,0,47,0,0,0,0,1,0,0,0,0,2,16,4,0,0,0,0,2,41,30,49,40,208,145,0,0,0,4,2,11,0,0,3,2,0,1,8,0,0,14,55,6,28,22,6,7,0,0.14000000059604645
1mlp9sv,0.056,0.033,0.141,0.777,0.082,-0.9974,969,11.64882926354693,13,73,4,17,0,0,0,1,0,0,0,0,0,0,3,3,0,0,3,0,0,6,17,13,12,16,40,0,0,2,2,0,5,0,0,7,0,0,1,8,0,0,11,54,5,6,16,2,1,0,0.20999999344348907
1mlpds3,0.102,0.255,0.341,0.659,0.0,-0.4767,7,8.841846274778883,0,1,0,0,0,0,0,0,0,0,0,0,0,0,0,0,0,0,0,0,0,0,0,0,0,0,1,0,0,0,0,0,0,0,0,0,0,0,0,0,0,0,0,1,0,0,0,0,0,1,1.0
1mlpvai,0.093,0.352,0.113,0.81,0.077,-0.9226,339,10.585719281625629,3,27,1,2,0,1,0,0,0,2,0,0,0,0,0,2,0,0,0,0,0,2,22,1,5,5,17,0,0,1,1,1,0,0,0,1,0,0,0,0,0,0,14,22,3,1,3,4,1,0,0.1899999976158142
1mlpxne,0.071,0.022,0.064,0.936,0.0,-0.0572,19,12.161744961471694,0,1,0,1,0,0,0,0,0,0,0,0,0,0,0,0,0,0,0,0,0,0,0,0,0,0,0,0,0,0,0,0,0,0,0,0,0,0,0,0,0,0,1,3,0,0,1,0,0,1,1.0
1mls1cw,0.052,0.169,0.171,0.829,0.0,-0.4767,16,8.841846274778883,0,0,0,0,0,0,0,0,0,0,0,0,0,0,0,0,0,0,0,0,0,0,0,0,0,0,1,0,0,0,0,0,0,0,0,0,0,0,0,0,0,0,0,3,0,0,0,0,0,1,1.0
1mls1ss,0.055,0.203,0.207,0.735,0.057,-0.9522,126,10.577609850970193,0,9,0,1,0,2,0,0,0,0,0,0,0,0,0,1,0,0,0,0,0,1,3,1,8,5,12,0,1,1,0,0,0,0,0,0,0,1,0,1,0,0,9,9,1,0,0,2,0,0,0.3400000035762787
1mls2tf,0.045,0.152,0.127,0.795,0.078,-0.8364,175,10.74609503303851,0,16,2,8,0,0,0,0,0,0,0,0,0,0,1,2,0,0,0,0,0,1,10,0,3,3,8,0,0,0,1,0,0,0,0,0,0,0,4,0,0,0,2,17,2,0,2,1,0,0,0.25999999046325684
1mlsii4,0.029,0.023,0.0,0.741,0.259,0.5423,11,15.903189008614273,0,0,0,0,0,0,0,0,0,0,0,0,0,0,0,0,0,0,0,0,0,0,0,0,0,1,0,0,0,0,0,0,0,0,0,0,0,0,0,0,0,0,1,2,0,0,0,0,0,1,1.0
1mlsiim,0.028,0.169,0.192,0.727,0.081,-0.9912,279,11.313756151347437,2,37,0,8,0,1,0,0,0,0,0,0,0,0,2,6,0,0,1,0,0,2,0,1,4,6,20,0,0,0,0,0,0,0,0,1,0,0,2,5,0,0,2,28,4,3,4,0,0,0,0.2800000011920929
1mlsx0d,0.122,0.255,0.283,0.639,0.078,-0.9964,257,11.20814326018867,0,14,0,3,0,0,0,0,0,0,0,0,0,0,2,1,0,0,0,1,1,0,5,0,7,9,27,0,1,0,1,0,0,0,0,0,0,0,2,0,0,0,20,18,3,2,5,2,2,296,0.5899999737739563
1mlsxj2,0.028,0.458,0.19,0.765,0.046,-0.9909,199,11.20814326018867,5,19,2,4,0,0,0,0,0,0,0,0,0,0,0,2,0,0,0,0,0,0,8,1,1,6,11,0,0,0,1,0,1,0,0,0,0,0,0,4,0,0,2,18,1,2,3,0,0,0,0.3700000047683716
1mltsfy,0.056,0.05,0.095,0.865,0.04,-0.971,347,16.001076179640435,0,27,0,11,0,1,0,0,0,0,0,0,0,0,0,2,0,0,0,0,0,0,6,2,5,3,18,0,1,0,3,0,1,0,0,2,0,0,0,3,0,0,9,26,1,1,4,4,0,88,0.800000011920929
1mltvdk,0.047,0.05,0.267,0.733,0.0,-0.5764,15,8.841846274778883,0,0,0,1,0,0,0,0,0,0,0,0,0,0,0,0,0,0,0,0,0,0,0,0,0,2,0,0,0,0,0,0,0,0,0,0,0,0,0,0,0,0,0,3,0,0,1,0,0,1,1.0
1mlum2w,0.029,0.093,0.0,1.0,0.0,0.0,15,13.023866798666859,0,1,0,0,0,0,0,0,0,0,0,0,0,0,0,0,0,0,0,0,0,0,0,0,0,0,2,0,0,0,0,0,0,0,0,0,0,0,0,0,0,0,0,2,0,0,0,0,0,1,1.0
1mluo8x,0.021,0.038,0.06,0.921,0.019,-0.7179,139,12.340626583579944,0,4,0,4,0,0,0,1,0,0,0,0,0,0,0,0,0,0,1,0,0,0,2,12,0,2,3,0,0,0,0,0,0,0,0,1,0,0,0,0,0,0,1,10,1,1,7,0,0,0,0.25
1mluod8,0.051,0.164,0.227,0.701,0.072,-0.9943,244,11.362043627235082,5,15,1,7,0,0,0,0,0,0,0,0,0,0,1,2,0,0,0,0,0,0,16,2,3,6,13,0,1,1,4,0,1,0,0,1,0,0,3,2,0,0,7,23,5,0,4,3,0,3,0.5099999904632568
1mluxbf,0.017,0.154,0.0,0.755,0.245,0.7579,22,14.554592549557764,0,1,0,0,0,0,0,0,0,0,0,0,0,0,0,2,0,0,0,0,0,0,0,0,1,2,4,0,0,0,0,0,0,0,0,0,0,0,0,0,0,0,0,8,0,0,1,0,0,1,1.0
1mlv6wc,0.142,0.201,0.126,0.776,0.098,-0.9793,695,17.165536196952242,6,22,0,12,0,0,0,0,0,0,0,0,0,0,1,1,0,0,0,0,0,1,6,1,5,16,34,0,0,0,2,1,0,0,0,0,0,0,0,2,0,0,104,33,4,6,7,1,0,1803,0.8600000143051147
1mlv7so,0.021,0.018,0.0,1.0,0.0,0.0,23,11.20814326018867,0,2,0,0,0,0,0,0,0,0,0,0,0,0,0,1,0,0,0,0,0,0,0,0,0,1,0,0,0,0,0,0,1,1,0,0,0,0,0,0,0,0,2,7,0,0,0,0,0,1,1.0
1mlva9c,0.026,0.12,0.189,0.738,0.074,-0.9771,176,12.161744961471694,3,8,0,2,0,0,0,0,0,0,0,0,0,0,2,2,0,0,0,0,0,0,0,0,2,7,14,0,0,0,0,0,0,0,0,0,0,0,0,0,0,0,17,17,3,1,1,0,1,0,0.10999999940395355
1mlvhxh,0.135,0.071,0.067,0.813,0.119,0.9509,300,13.149919865122353,3,15,1,11,0,1,0,0,0,0,0,0,0,0,1,0,0,0,1,0,1,0,0,6,6,16,5,0,0,0,0,0,0,0,0,0,0,0,1,2,0,0,40,28,3,1,5,1,0,0,0.4699999988079071
1mlvyq8,0.08,0.098,0.0,0.886,0.114,0.4019,22,3.1291,0,0,0,0,0,0,0,0,0,0,0,0,0,0,0,0,0,0,0,0,0,0,0,0,0,0,0,0,0,0,0,0,0,0,0,0,0,0,0,0,0,0,0,3,0,0,0,0,0,1,1.0
1mlwcex,0.127,0.041,0.141,0.7,0.159,0.7351,220,14.348710955821954,4,13,0,10,0,0,0,0,0,0,0,0,0,0,2,5,0,0,1,0,0,0,6,13,7,6,11,0,0,0,2,0,1,0,0,1,0,0,0,1,0,0,4,19,3,3,5,0,0,0,0.25
1mlwhtl,0.04,0.02,0.089,0.855,0.055,-0.7625,255,16.11434528070225,4,11,0,4,0,0,0,0,0,0,0,0,0,0,3,1,0,0,0,0,0,6,1,1,5,8,7,0,0,0,1,0,0,0,0,0,0,0,0,0,0,0,3,24,1,1,6,0,0,219,0.8600000143051147
1mlwqk5,0.019,0.015,0.0,1.0,0.0,0.0,5,3.1291,0,0,0,0,0,0,0,0,0,0,0,0,0,0,0,0,0,0,0,0,0,0,0,0,0,0,0,0,0,0,0,0,0,0,0,0,0,0,0,0,0,0,0,0,0,0,0,0,0,1,1.0
1mlwyrj,0.054,0.048,0.0,0.87,0.13,0.2732,15,15.903189008614273,0,0,0,0,0,0,0,0,0,0,0,0,0,0,0,0,0,0,0,0,0,0,0,0,0,0,0,0,0,0,0,0,0,0,0,1,0,0,0,0,0,0,2,1,0,0,0,0,0,1,1.0
1mlxaju,0.04,0.067,0.094,0.749,0.157,0.9421,210,15.021129683784007,2,14,0,2,0,0,0,0,0,0,0,0,0,0,0,3,0,0,0,0,0,4,4,1,1,18,5,0,0,0,0,0,1,0,0,1,0,0,0,0,0,0,17,23,2,2,2,0,0,0,0.28999999165534973
1mlxe0l,0.022,0.285,0.11,0.739,0.151,0.9863,798,13.103987675875928,12,49,1,11,0,1,0,0,0,0,1,0,1,0,4,4,0,2,1,0,0,14,35,22,5,32,37,0,2,1,2,0,1,0,0,0,0,0,4,9,0,0,1,43,6,5,14,4,0,0,0.14000000059604645
1mlxf42,0.097,0.103,0.0,1.0,0.0,0.0,9,3.1291,0,0,0,0,0,0,0,0,0,0,0,0,0,0,0,0,0,0,0,0,0,0,1,0,0,0,1,0,0,0,1,0,0,0,0,0,0,0,0,0,0,0,0,0,0,0,0,1,0,1,1.0
1mlxy2v,0.08,0.146,0.047,0.903,0.05,0.3795,215,9.516144504307135,1,8,0,3,0,1,0,0,0,0,0,0,0,0,0,4,0,0,0,0,0,0,14,2,5,4,14,0,0,0,2,0,2,0,0,0,0,0,1,1,0,0,2,15,2,0,5,2,0,0,0.3799999952316284
1mlxyif,0.029,0.041,0.073,0.855,0.072,-0.3408,299,13.397384779245865,2,30,0,9,0,0,0,0,0,0,0,0,0,0,2,1,0,0,0,0,0,3,7,6,6,12,11,0,0,0,4,0,0,0,0,0,0,0,0,2,0,0,11,22,3,2,6,1,0,0,0.3100000023841858
1mlxz6e,0.016,0.023,0.0,0.721,0.279,0.7003,17,11.20814326018867,0,0,0,0,0,0,0,0,0,0,0,0,0,0,0,0,0,0,0,0,0,1,0,0,0,1,0,0,0,0,0,0,0,0,0,0,0,0,0,0,0,0,0,0,0,1,0,0,0,1,1.0
1mly7hv,0.025,0.107,0.067,0.825,0.109,0.9291,229,11.911945987284739,2,13,0,3,0,0,0,0,0,0,0,0,0,0,0,1,0,0,0,0,0,1,4,0,6,7,10,0,0,1,1,0,0,0,0,0,0,0,0,1,0,0,7,17,1,1,3,1,0,422,0.9399999976158142
1mlyeqo,0.09,0.051,0.0,1.0,0.0,0.0,14,14.554592549557764,0,0,0,1,0,0,0,0,0,0,0,0,0,0,1,0,0,0,0,0,0,0,0,0,0,0,1,0,0,0,0,0,0,0,0,0,0,0,0,0,0,0,0,3,0,0,0,0,0,1,1.0
1mlyki6,0.036,0.427,0.035,0.87,0.095,0.8537,129,15.579741850924794,0,5,0,1,0,0,0,0,0,0,0,0,0,0,0,2,0,0,0,0,0,0,0,0,11,1,3,0,0,0,0,0,0,0,0,0,0,0,0,2,0,0,14,8,0,0,0,0,0,0,0.2199999988079071
1mlyrps,0.029,0.201,0.199,0.667,0.135,-0.9757,229,11.20814326018867,1,16,0,3,0,0,0,0,0,0,0,0,0,0,0,3,0,0,0,0,0,6,8,0,4,13,15,0,0,1,1,0,2,0,0,1,0,0,1,2,0,0,2,21,5,0,5,1,1,0,0.3100000023841858
1mlysq7,0.058,0.043,0.0,0.48,0.52,0.8264,11,9.725611199111238,0,1,0,0,0,0,0,0,0,0,0,0,0,0,0,0,0,0,0,0,0,0,0,0,0,1,0,0,0,0,0,0,0,0,0,0,0,0,0,0,0,0,0,1,0,0,0,0,0,1,1.0
1mlyzwh,0.051,0.038,0.028,0.876,0.096,0.9141,218,15.062637766997835,3,12,0,3,0,0,0,0,0,0,0,0,0,0,0,2,0,0,0,0,0,0,9,0,3,5,4,0,0,0,0,0,0,0,0,1,0,0,0,2,0,0,13,17,1,2,1,1,0,3,0.5199999809265137
1mlz2nm,0.032,0.042,0.12,0.711,0.169,0.8242,143,11.429527900616531,2,7,0,9,0,0,0,0,0,0,0,0,0,0,2,2,0,0,0,0,0,0,1,0,12,6,5,0,0,0,0,0,0,0,0,1,0,0,0,2,0,0,4,17,1,1,3,1,0,867,0.8799999952316284
1mlz7ap,0.031,0.013,0.0,1.0,0.0,0.0,5,8.841846274778883,0,0,0,0,0,0,0,0,0,0,0,0,0,0,0,0,0,0,0,0,0,0,0,0,0,0,0,0,0,0,0,0,0,0,0,0,0,0,0,0,0,0,0,0,0,0,0,0,0,1,1.0
1mlz88o,0.036,0.231,0.087,0.773,0.141,0.9755,423,12.195137478168483,5,22,0,14,0,2,0,0,0,0,0,0,0,0,9,3,0,0,0,0,0,2,6,0,14,13,26,0,0,1,2,3,0,0,0,3,0,0,1,0,0,0,21,23,4,1,3,1,1,661,0.7300000190734863
1mlzh4h,0.787,0.47,0.351,0.532,0.117,-0.6597,13,8.841846274778883,1,1,0,0,0,0,0,0,0,0,0,0,0,0,0,0,0,0,0,0,0,0,0,0,0,0,2,0,0,0,0,0,0,0,0,0,0,0,0,0,0,0,0,0,0,0,1,0,0,1,1.0
1mlzke2,0.138,0.095,0.012,0.959,0.029,0.2568,179,10.891193690592665,4,9,0,3,0,0,0,0,0,0,0,0,0,0,0,1,0,0,0,0,0,6,2,2,1,3,3,0,0,0,0,1,0,0,0,1,0,0,1,0,0,0,26,15,1,0,6,1,0,499,0.7699999809265137
1mlzt9p,0.048,0.112,0.211,0.613,0.176,-0.1604,13,13.023866798666859,0,0,0,0,0,0,0,0,0,0,0,0,0,0,0,0,0,0,0,0,0,0,0,0,0,2,1,0,0,0,0,0,0,0,0,0,0,0,0,0,0,0,0,3,0,0,0,0,0,1,1.0
1mlzuyy,0.017,0.03,0.096,0.616,0.288,0.5859,11,11.20814326018867,0,0,0,0,0,0,0,0,0,0,0,0,0,0,0,0,0,0,0,0,0,0,0,0,0,1,1,0,0,0,0,0,0,0,0,0,0,0,0,0,0,0,0,1,0,0,0,0,0,0,0.5
1mm02wt,0.024,0.059,0.072,0.822,0.106,0.9897,784,11.538034831475386,10,42,0,9,0,3,0,0,0,0,0,0,0,0,1,2,0,0,0,0,0,21,24,1,11,27,29,0,0,0,3,3,4,0,0,4,0,0,0,3,0,0,46,41,2,7,5,1,3,0,0.33000001311302185
1mm0bm4,0.05,0.039,0.0,1.0,0.0,0.0,13,8.841846274778883,1,0,0,1,0,0,0,0,0,0,0,0,0,0,0,0,0,0,0,0,0,0,0,0,1,0,0,0,0,0,0,0,0,0,0,0,0,0,0,0,0,0,0,1,0,0,1,0,0,1,1.0
1mm0dgl,0.734,0.044,0.095,0.787,0.119,0.9432,507,12.261556223090622,7,25,1,15,0,0,0,0,1,0,0,0,0,0,1,3,0,0,1,0,0,0,8,14,14,15,14,0,1,0,3,1,0,0,0,0,0,0,1,2,0,0,18,31,3,1,17,2,0,0,0.28999999165534973
1mm0hnp,0.047,0.141,0.0,1.0,0.0,0.0,24,14.554592549557764,1,2,0,1,0,0,0,0,0,0,0,0,0,0,0,0,0,0,0,0,0,0,0,0,0,0,0,0,0,0,0,0,0,0,0,0,0,0,0,0,0,0,1,5,0,0,1,0,0,1,1.0
1mm0s6z,0.023,0.146,0.276,0.618,0.107,-0.9935,184,11.538034831475386,4,10,0,3,0,0,0,0,0,0,0,0,0,0,1,4,0,0,0,0,0,5,6,0,2,6,15,0,0,0,1,1,0,0,0,0,0,0,2,1,0,0,0,20,5,1,1,0,2,6,0.6899999976158142
1mm174k,0.054,0.16,0.184,0.746,0.07,-0.9858,262,11.899873341045819,2,22,0,9,0,1,0,0,0,0,0,0,0,0,1,4,0,0,0,0,0,0,12,4,4,3,15,0,0,0,5,0,0,0,0,0,0,0,1,2,0,0,0,27,4,1,2,4,1,0,0.33000001311302185
1mm1uv3,0.032,0.112,0.057,0.849,0.094,0.7691,211,9.325443323948027,0,14,0,4,0,0,0,0,0,0,0,0,0,0,2,0,0,0,0,0,0,4,8,7,2,8,3,0,0,0,2,1,2,0,0,0,0,0,2,3,0,0,8,23,4,0,3,1,1,263,0.8700000047683716
1mm26uf,0.091,0.427,0.0,1.0,0.0,0.0,19,15.903189008614273,0,1,0,0,0,0,0,0,0,0,0,0,0,0,0,0,0,0,0,0,0,0,0,0,1,0,1,0,0,0,0,0,0,0,0,0,0,0,0,0,0,0,1,2,0,0,0,0,0,1,1.0
1mm28vu,0.024,0.154,0.0,0.793,0.207,0.5667,15,3.1291,1,0,0,1,0,0,0,0,0,0,0,0,0,0,0,1,0,0,0,0,0,0,2,0,0,1,1,0,0,0,0,0,0,0,0,0,0,0,0,0,0,0,0,5,0,0,2,0,0,1,1.0
1mm29fh,0.091,0.427,0.0,1.0,0.0,0.0,19,15.903189008614273,0,1,0,0,0,0,0,0,0,0,0,0,0,0,0,0,0,0,0,0,0,0,0,0,1,0,1,0,0,0,0,0,0,0,0,0,0,0,0,0,0,0,1,2,0,0,0,0,0,1,1.0
1mm2fsy,0.027,0.064,0.125,0.764,0.11,-0.8904,812,12.885471636013051,15,34,0,19,0,0,0,0,0,0,0,0,0,0,1,11,0,1,0,0,0,4,20,5,3,39,50,0,0,0,1,0,0,0,0,14,0,0,1,4,0,0,46,36,5,13,12,3,0,354,0.7699999809265137
1mm2hu9,0.066,0.027,0.043,0.891,0.066,0.7433,332,16.52667757954773,6,16,0,3,0,0,0,0,0,0,0,0,0,0,3,3,0,0,0,0,0,3,2,2,13,6,4,0,0,0,2,0,0,0,0,0,0,0,2,4,0,0,3,24,1,5,8,4,0,70,0.7599999904632568
1mm2j1v,0.037,0.113,0.131,0.754,0.115,-0.895,676,13.691664533998534,9,34,0,8,0,0,1,0,0,0,0,0,0,0,1,8,0,0,0,0,0,7,3,5,7,29,39,1,1,1,0,0,1,0,0,1,0,0,0,0,0,0,74,34,3,2,5,3,1,0,0.41999998688697815
1mm2l08,0.502,0.046,0.126,0.81,0.064,-0.976,604,12.031772070788634,3,19,0,11,0,0,0,0,0,0,0,0,0,0,5,5,0,0,0,0,0,0,2,3,30,14,31,0,0,0,0,0,1,0,0,1,0,0,2,3,0,0,10,30,4,1,13,1,0,4,0.5299999713897705
1mm2n1h,0.101,0.255,0.029,0.835,0.135,0.9788,212,9.606745405546679,2,16,0,8,0,5,0,0,0,0,0,0,0,0,0,1,0,1,0,0,0,3,5,0,2,10,2,0,0,0,1,0,0,0,1,1,0,0,0,8,0,0,1,14,2,1,4,1,0,0,0.25999999046325684
1mm2pz8,0.039,0.372,0.051,0.824,0.124,0.9205,175,12.785403640627713,1,15,0,0,0,0,0,0,0,0,0,0,0,0,1,1,0,0,0,0,0,0,8,3,3,7,7,0,0,0,2,0,0,0,0,2,0,0,2,0,0,0,11,18,4,3,2,1,1,0,0.3499999940395355
1mm3bx3,0.023,0.105,0.067,0.669,0.264,0.7579,26,11.20814326018867,0,0,0,1,0,0,0,0,0,0,0,0,0,0,0,0,0,0,0,0,0,0,2,0,1,2,0,0,0,0,0,0,0,0,0,0,0,0,0,0,0,0,0,5,0,0,1,0,0,1,1.0
1mm3iwd,0.019,0.015,0.0,1.0,0.0,0.0,11,3.1291,0,0,0,0,0,0,0,1,0,0,0,0,0,0,0,0,0,0,0,0,0,0,0,1,0,0,0,0,0,0,0,0,0,0,0,1,0,0,0,0,0,0,1,2,0,0,1,0,0,1,1.0
1mm3kcy,0.127,0.159,0.154,0.733,0.113,-0.9662,289,13.120403394923592,3,10,1,11,0,0,0,0,0,0,0,0,0,0,2,7,0,0,1,0,0,8,2,4,11,7,13,0,0,0,0,0,0,0,0,2,0,0,0,1,0,0,25,23,2,3,5,0,0,0,0.4699999988079071
1mm3v4v,0.025,0.033,0.0,0.667,0.333,0.9325,32,8.841846274778883,0,2,0,0,0,0,0,0,0,0,0,0,0,0,0,0,0,0,0,0,0,0,0,0,2,5,0,0,0,0,0,0,0,0,0,0,0,0,0,0,0,0,8,1,0,0,0,0,0,1,1.0
1mm3xx0,0.022,0.305,0.11,0.776,0.114,0.0258,19,21.19438992294339,0,0,0,0,0,0,0,0,0,0,0,0,0,0,0,0,0,0,0,0,0,0,0,0,0,0,1,0,0,0,0,0,0,0,0,0,0,0,0,0,0,0,1,2,0,1,0,0,0,1,1.0
1mm4ao8,0.087,0.166,0.15,0.808,0.042,-0.998,683,14.82775045980284,3,35,0,24,0,0,0,0,0,0,0,0,0,0,0,9,0,0,0,0,0,4,1,2,16,12,23,0,0,0,0,0,0,0,0,0,0,0,3,0,0,0,88,38,4,10,4,1,0,0,0.2800000011920929
1mm4ezn,0.05,0.286,0.118,0.764,0.118,-0.6478,494,16.553128893708863,11,28,0,4,0,0,0,0,1,0,0,0,0,0,1,3,0,1,0,0,0,0,12,3,11,17,24,0,3,1,3,0,1,0,0,0,0,0,1,0,0,0,42,29,4,5,5,1,1,0,0.36000001430511475
1mm5e2r,0.197,0.479,0.041,0.828,0.131,0.983,361,7.554174236665414,0,6,0,17,0,2,0,0,0,0,0,0,2,0,0,3,1,0,1,0,0,40,4,2,1,19,5,0,2,2,3,0,0,0,0,0,0,0,0,2,0,0,1,20,4,1,11,1,1,0,0.3799999952316284
1mm5ify,0.191,0.478,0.041,0.83,0.129,0.9828,361,7.695328111545312,0,7,0,16,0,2,0,0,0,0,0,0,2,0,0,2,1,0,1,0,0,41,5,2,1,18,5,0,1,2,2,0,0,0,0,0,0,0,0,2,0,0,2,20,4,1,10,0,1,0,0.15000000596046448
1mm5nwp,0.171,0.106,0.113,0.794,0.094,-0.7089,266,13.484332010920856,1,12,0,14,0,0,0,0,1,0,0,0,0,0,3,2,0,0,0,0,0,5,0,8,3,9,8,0,0,0,0,0,0,0,0,3,0,0,1,3,0,0,8,26,4,2,13,1,0,0,0.36000001430511475
1mm5uwb,0.022,0.045,0.013,0.836,0.151,0.9865,258,11.491704259439757,3,15,0,7,0,2,1,0,0,0,0,0,0,0,1,0,0,0,0,0,0,0,6,0,12,11,2,0,0,0,1,0,2,0,0,1,0,0,2,1,0,0,3,16,4,3,3,1,0,0,0.41999998688697815
1mm61e2,0.031,0.047,0.099,0.777,0.124,0.9481,720,10.451354775682146,17,39,0,35,0,1,0,0,0,0,0,0,0,0,3,10,0,1,2,0,0,4,55,9,20,24,19,1,7,1,8,1,1,0,0,1,0,0,3,7,0,0,14,43,5,3,24,9,1,0,0.3799999952316284
1mm7kk8,0.027,0.063,0.04,0.855,0.105,0.8807,204,10.7630783206399,0,6,0,2,0,0,0,0,0,0,0,0,0,0,0,1,1,0,0,0,0,0,0,0,10,15,3,0,0,0,0,1,0,0,0,0,0,0,0,0,0,0,22,19,1,1,1,0,0,0,0.07999999821186066
1mm7lae,0.034,0.363,0.386,0.614,0.0,-0.6597,8,3.1291,0,0,0,0,0,0,0,0,0,0,0,0,0,0,0,0,0,0,0,0,0,0,0,0,0,2,1,0,0,0,0,0,0,0,0,0,0,0,0,0,0,0,1,0,0,0,0,0,0,1,1.0
1mm7mkf,0.045,0.48,0.143,0.757,0.1,-0.8503,180,11.20814326018867,1,7,1,6,0,1,0,0,0,0,0,0,0,0,2,3,0,0,0,0,0,0,0,1,12,8,8,0,0,0,0,0,0,0,0,1,0,0,1,2,0,0,20,19,2,2,3,2,0,0,0.4000000059604645
1mm85gh,0.018,0.026,0.0,0.802,0.198,0.4939,14,3.1291,0,0,0,0,0,0,0,0,0,0,0,0,0,0,0,0,0,0,0,0,0,1,0,0,0,2,0,0,0,0,0,0,0,0,0,0,0,0,0,0,0,0,1,0,0,0,0,0,0,1,1.0
1mm8ddm,0.017,0.051,0.0,1.0,0.0,0.0,8,8.841846274778883,0,0,0,1,0,0,0,0,0,0,0,0,0,0,0,0,0,0,0,0,0,0,0,0,0,0,0,0,0,0,0,0,0,0,0,0,0,0,0,0,0,0,2,2,0,0,0,0,0,1,0.9900000095367432
1mm8sqz,0.021,0.101,0.0,1.0,0.0,0.0,17,8.841846274778883,0,0,0,1,0,0,0,0,0,0,0,0,0,0,0,0,0,0,0,0,0,0,0,0,2,0,0,0,0,0,0,0,0,0,0,0,0,0,0,0,0,0,0,2,0,0,0,0,0,1,1.0
1mm8vd3,0.08,0.097,0.137,0.863,0.0,-0.5423,23,14.554592549557764,0,1,0,0,0,0,0,0,0,0,0,0,0,0,0,0,0,0,0,0,0,0,0,0,1,0,1,0,0,0,0,0,0,0,0,0,0,0,0,0,0,0,2,4,0,0,0,0,0,1,1.0
1mm98zm,0.022,0.098,0.138,0.735,0.126,-0.8632,652,13.078685870778742,6,47,1,9,0,1,1,0,0,0,0,0,0,0,6,8,0,0,0,0,1,5,3,1,4,28,43,0,0,0,0,0,0,0,0,0,0,0,2,2,0,0,7,42,4,3,9,0,1,10,0.75
1mm9go1,0.04,0.059,0.0,1.0,0.0,0.0,12,11.20814326018867,0,0,0,1,0,0,0,0,0,0,0,0,0,0,0,0,0,0,0,0,0,0,0,0,0,0,1,0,0,0,0,0,0,0,0,0,0,0,0,0,0,0,2,1,0,0,0,0,0,1,1.0
1mm9go9,0.124,0.144,0.055,0.847,0.098,0.9684,454,16.218646115125612,19,39,0,7,0,0,0,0,0,0,0,0,0,0,2,3,0,1,0,0,0,4,7,0,3,10,9,0,0,0,0,0,0,0,0,3,0,0,1,3,0,0,39,26,3,2,13,2,0,0,0.25999999046325684
1mm9ukp,0.074,0.03,0.0,1.0,0.0,0.0,9,8.841846274778883,0,0,0,1,0,0,0,0,0,0,0,0,0,0,0,0,0,0,0,0,0,0,0,0,0,0,1,0,0,0,0,0,0,0,0,0,0,0,0,0,0,0,1,0,0,0,0,0,0,1,1.0
1mma1o1,0.027,0.292,0.349,0.449,0.201,-0.2422,13,12.161744961471694,0,0,0,0,0,0,0,0,0,0,0,0,0,0,0,0,0,0,0,0,0,0,0,0,0,1,1,0,0,0,0,0,0,0,0,0,0,0,0,0,0,0,0,2,0,0,0,0,0,1,1.0
1mma6z3,0.02,0.191,0.056,0.796,0.149,0.9951,545,13.336081038636102,5,31,0,12,0,0,0,0,0,0,0,0,0,0,2,1,0,0,0,0,0,4,20,25,5,30,13,0,2,0,2,1,0,0,0,0,0,0,1,5,0,0,11,22,2,4,10,2,0,0,0.4300000071525574
1mma9qk,0.151,0.255,0.115,0.796,0.089,-0.4635,198,12.060818386365153,2,14,0,4,0,0,0,0,0,0,0,0,0,0,4,2,0,0,0,0,0,1,3,2,7,4,8,0,0,0,1,0,0,0,0,0,0,0,1,6,0,0,5,19,2,4,2,1,0,0,0.4099999964237213
1mmb0m1,0.094,0.024,0.0,1.0,0.0,0.0,13,8.841846274778883,0,0,0,0,0,0,0,0,0,0,0,0,0,0,0,0,0,0,0,0,0,0,0,0,0,2,0,0,0,0,0,0,0,0,0,0,0,0,0,0,0,0,0,1,0,0,0,0,0,1,1.0
1mmb916,0.052,0.034,0.091,0.774,0.135,0.9474,340,10.078955797065145,1,18,0,8,0,1,0,0,0,0,0,0,0,0,1,5,0,0,0,0,0,3,2,2,1,17,13,0,0,0,0,1,0,0,0,2,0,0,2,1,0,0,27,19,4,0,4,0,0,8,0.6000000238418579
1mmbak3,0.076,0.201,0.038,0.747,0.215,0.9881,195,10.125756701596842,0,20,0,6,0,0,0,0,0,0,0,0,0,1,2,0,0,0,0,0,0,8,4,7,5,6,5,0,0,0,1,0,2,0,0,4,0,0,1,0,0,0,0,20,3,1,6,0,0,0,0.4399999976158142
1mmbppy,0.216,0.325,0.076,0.755,0.169,0.9564,191,10.504223727775692,3,22,0,5,0,1,0,0,0,0,0,0,0,0,0,1,0,0,0,0,0,0,8,0,10,10,5,0,0,0,1,0,1,0,0,0,0,0,5,1,0,0,6,21,3,2,0,1,1,1699,0.7599999904632568
1mmc13b,0.053,0.141,0.11,0.759,0.131,0.8887,340,10.686352973137792,3,23,1,21,0,2,0,0,0,0,0,0,0,0,2,1,0,0,0,1,0,2,10,11,8,8,12,0,1,1,0,0,2,1,0,3,0,0,0,4,0,0,2,26,3,0,4,2,1,0,0.17000000178813934
1mmc6d1,0.079,0.152,0.091,0.796,0.113,0.6578,372,14.348710955821954,4,24,0,7,0,0,0,0,0,0,0,0,0,0,2,3,0,0,0,0,0,2,11,2,8,10,14,0,0,0,1,0,0,0,0,1,0,0,0,4,0,0,25,29,2,2,9,0,0,1022,0.8100000023841858
1mmc8vx,0.086,0.285,0.133,0.867,0.0,-0.3182,16,8.841846274778883,1,1,0,0,0,0,0,0,0,0,0,0,0,0,0,0,0,0,0,0,0,0,0,0,1,0,0,0,0,0,0,0,0,0,0,0,0,0,0,0,0,0,1,4,0,0,0,0,0,1,1.0
1mmcbmp,0.086,0.285,0.133,0.867,0.0,-0.3182,16,8.841846274778883,1,1,0,0,0,0,0,0,0,0,0,0,0,0,0,0,0,0,0,0,0,0,0,0,1,0,0,0,0,0,0,0,0,0,0,0,0,0,0,0,0,0,1,4,0,0,0,0,0,1,1.0
1mmctt7,0.022,0.062,0.113,0.661,0.225,0.9927,276,11.35114627814755,2,15,0,9,0,0,0,0,0,0,0,0,0,1,0,7,0,0,0,0,0,0,19,6,0,17,19,0,0,0,2,0,0,0,0,0,1,0,1,5,0,0,3,21,2,0,2,1,1,0,0.5
1mmdnde,0.03,0.191,0.0,0.906,0.094,0.4019,27,15.903189008614273,1,1,0,2,0,0,0,0,0,0,0,0,0,0,0,0,0,0,0,0,0,0,1,0,1,0,1,0,1,0,1,0,0,0,0,0,0,0,0,0,0,0,0,5,0,0,2,1,0,1,1.0
1mme40a,0.022,0.321,0.242,0.644,0.115,-0.9919,238,11.629938488055164,4,11,0,12,0,0,0,0,0,0,0,0,0,0,2,3,0,0,0,0,1,1,22,2,6,7,30,0,0,3,2,0,1,0,0,0,0,0,0,3,0,0,4,17,3,5,2,1,0,235,0.6000000238418579
1mmf1ks,0.022,0.093,0.045,0.888,0.066,0.8529,413,13.8614814582182,4,17,0,4,0,1,0,0,0,0,0,0,0,0,1,3,0,0,0,0,0,2,7,1,15,18,8,0,1,0,2,0,0,0,0,1,0,0,0,0,0,0,33,30,3,1,5,1,0,651,0.6600000262260437
1mmfwje,0.12,0.521,0.111,0.768,0.121,-0.6014,191,8.021203637495837,0,13,4,4,0,0,0,0,0,0,0,0,0,0,2,2,0,0,1,0,1,2,17,2,3,2,7,0,0,2,1,0,0,0,0,1,0,0,0,0,0,0,6,16,2,1,3,1,1,3,0.5299999713897705
1mmg7kg,0.391,0.454,0.17,0.763,0.067,-0.9875,291,12.161744961471694,2,12,0,2,0,3,0,0,0,0,0,0,0,0,3,3,0,0,0,0,0,0,2,5,12,8,22,0,0,0,0,0,2,0,0,0,0,0,0,1,0,0,3,28,2,1,7,0,1,0,0.25999999046325684
1mmgc3s,0.018,0.112,0.103,0.795,0.102,-0.5286,247,10.389873798559362,0,3,0,4,0,1,0,0,0,0,0,0,0,0,0,3,0,0,0,0,0,10,5,2,12,3,10,0,0,0,0,0,0,0,0,0,1,0,0,0,0,0,13,17,0,0,3,0,0,0,0.12999999523162842
1mmgs6c,0.289,0.378,0.088,0.848,0.064,-0.6265,199,13.295006501635747,1,11,0,5,0,1,0,0,0,0,0,0,0,0,0,2,0,0,0,1,0,7,1,1,4,8,11,0,0,0,0,0,1,0,0,0,0,0,0,2,0,0,8,18,1,0,4,0,0,0,0.14000000059604645
1mmhdt9,0.031,0.098,0.054,0.824,0.122,0.9057,175,13.81666964889586,0,13,1,3,0,1,0,0,0,0,0,0,0,0,1,2,1,0,0,0,0,0,7,0,18,5,1,0,0,0,0,0,0,0,0,0,0,0,1,2,0,0,6,20,2,0,4,0,1,0,0.25
1mmho4q,0.022,0.096,0.183,0.664,0.153,-0.8609,164,10.608840637214634,1,4,0,2,0,0,0,0,0,0,0,0,0,0,0,2,0,0,0,0,0,1,0,0,4,6,10,0,0,0,0,0,0,0,0,0,0,0,0,1,0,0,4,17,1,0,1,0,0,0,0.2199999988079071
1mmi88v,0.019,0.026,0.061,0.702,0.237,0.9983,407,15.6451,6,26,0,6,0,0,0,0,0,0,0,0,0,0,2,5,0,0,0,0,0,3,10,7,2,24,9,0,0,0,2,0,0,0,0,0,0,0,0,1,0,0,10,25,3,3,6,2,1,0,0.3199999928474426
1mmicqt,0.106,0.335,0.132,0.702,0.166,0.6832,109,11.855464076750408,0,6,0,2,0,0,0,0,0,0,0,0,0,0,0,0,0,0,0,0,0,2,8,2,2,9,4,0,0,0,0,0,0,0,0,0,0,0,1,0,0,0,2,16,2,0,1,0,0,1,0.5600000023841858
1mmitm2,0.083,0.113,0.335,0.582,0.084,-0.7845,20,14.554592549557764,1,0,0,1,0,0,0,0,0,0,0,0,0,0,0,0,0,0,0,0,0,0,0,0,0,0,2,0,0,0,0,0,0,0,0,0,0,0,0,1,0,0,0,4,0,0,1,0,0,1,1.0
1mmj0e1,0.03,0.057,0.068,0.828,0.105,0.9885,1002,12.81877165435603,15,89,0,9,1,0,0,0,0,0,0,0,0,0,6,7,0,0,0,0,0,14,6,1,16,33,28,0,0,0,1,0,10,0,0,8,0,0,4,2,0,0,14,43,7,13,12,3,1,0,0.4399999976158142
1mmjmlj,0.039,0.016,0.0,1.0,0.0,0.0,24,15.903189008614273,1,0,0,0,0,0,0,0,0,0,0,0,0,0,0,0,0,0,0,0,0,0,0,1,0,0,0,0,0,0,0,0,0,0,0,0,0,0,0,0,0,0,0,4,0,2,1,0,0,1,1.0
1mmjr7u,0.148,0.233,0.193,0.723,0.084,-0.9898,235,15.247664890283005,2,5,0,2,0,1,0,0,0,0,0,0,0,0,3,3,0,0,0,0,0,5,4,0,2,7,14,0,0,0,2,0,0,0,0,0,0,0,0,1,0,0,13,16,0,2,3,2,1,0,0.46000000834465027
1mmjw1f,0.016,0.034,0.0,0.493,0.507,0.802,9,8.841846274778883,0,0,0,0,0,0,0,0,0,0,0,0,0,0,0,0,0,0,0,0,0,0,0,0,0,3,0,0,0,0,0,0,0,0,0,0,0,0,0,0,0,0,1,0,0,0,0,0,0,1,1.0
1mmkyid,0.035,0.084,0.05,0.811,0.138,0.9742,235,11.20814326018867,2,15,0,5,0,0,0,0,0,0,0,0,0,0,1,0,1,0,0,0,0,0,9,2,3,14,8,0,0,0,0,0,0,0,0,0,0,0,1,1,0,0,13,27,5,1,5,0,0,0,0.30000001192092896
1mmkysq,0.077,0.061,0.143,0.755,0.102,-0.855,111,9.150863307647796,1,7,0,0,0,0,0,0,0,0,0,0,0,0,0,0,0,0,0,0,0,3,1,0,0,4,0,0,0,0,1,0,2,0,0,3,0,0,0,1,0,0,9,9,1,0,7,1,0,0,0.4399999976158142
1mmla0o,0.168,0.226,0.0,1.0,0.0,0.0,8,11.20814326018867,0,0,0,1,0,0,0,0,0,0,0,0,0,0,0,0,0,0,0,0,0,0,0,0,0,0,0,0,0,0,0,0,0,0,0,0,0,0,0,0,0,0,0,1,0,0,1,0,0,1,1.0
1mmlnlb,0.046,0.031,0.017,0.917,0.066,0.9484,315,10.398101306919678,3,12,0,4,0,1,0,0,0,0,0,0,1,0,1,1,0,0,0,0,0,0,17,7,4,6,2,0,0,1,0,0,0,0,0,0,0,0,0,1,0,0,16,25,2,1,3,0,2,729,0.8600000143051147
1mmlubn,0.037,0.053,0.188,0.812,0.0,-0.5277,21,12.161744961471694,0,2,0,2,0,0,0,0,0,0,0,0,0,0,0,0,0,0,0,0,0,1,0,0,0,1,2,0,0,0,0,0,0,0,0,0,0,0,0,1,0,0,0,6,0,0,0,0,0,1,1.0
1mmmbei,0.035,0.031,0.0,1.0,0.0,0.0,9,8.841846274778883,0,0,0,0,0,0,0,0,0,0,0,0,0,0,0,1,0,0,0,0,0,0,0,0,0,0,0,0,0,0,0,0,0,0,0,0,0,0,1,0,0,0,0,3,1,0,0,0,0,1,1.0
1mmmdtn,0.099,0.255,0.0,0.82,0.18,0.5106,16,13.023866798666859,0,0,0,0,0,0,0,0,0,0,0,0,0,0,0,0,0,0,0,0,0,0,0,0,0,0,1,0,0,0,0,0,0,0,0,0,0,0,0,0,0,0,0,3,0,0,0,0,0,1,1.0
1mmmesz,0.099,0.255,0.0,0.82,0.18,0.5106,16,13.023866798666859,0,0,0,0,0,0,0,0,0,0,0,0,0,0,0,0,0,0,0,0,0,0,0,0,0,0,1,0,0,0,0,0,0,0,0,0,0,0,0,0,0,0,0,3,0,0,0,0,0,1,1.0
1mmmrjy,0.05,0.026,0.009,0.879,0.112,0.9801,259,16.52667757954773,5,9,0,4,0,0,0,0,0,0,0,0,0,0,2,1,0,0,0,0,0,2,4,7,4,9,4,0,0,0,0,0,0,0,0,0,0,0,0,1,0,0,1,18,1,0,11,1,0,1,1.0
1mmn0cb,0.031,0.372,0.073,0.706,0.221,0.9863,171,16.061879428645646,7,9,1,2,0,0,0,0,0,0,0,0,0,0,0,3,0,0,0,0,0,0,0,2,3,11,12,1,0,0,0,0,0,0,0,1,0,0,1,0,0,0,6,20,2,4,4,2,0,0,0.2800000011920929
1mmoci0,0.044,0.105,0.102,0.765,0.134,0.9537,457,12.72843380041369,3,41,0,10,0,0,0,0,0,0,0,0,0,0,3,3,0,0,0,0,0,2,10,7,6,25,21,0,0,2,0,0,1,0,0,0,0,0,4,1,0,0,4,35,5,2,9,1,1,2,0.5199999809265137
1mmoq6v,0.326,0.177,0.094,0.778,0.128,0.8028,231,14.37465228746014,5,11,1,8,0,0,0,0,0,0,0,0,0,0,0,3,0,0,0,0,0,1,7,0,2,7,18,0,0,1,0,0,0,0,0,0,0,0,1,1,0,0,8,25,4,2,6,0,0,0,0.4300000071525574
1mmpgk1,0.021,0.2,0.305,0.496,0.199,-0.3612,9,3.1291,0,0,0,1,0,0,0,0,0,0,0,0,0,0,0,0,0,0,0,0,0,0,0,0,0,1,0,0,0,0,0,0,0,0,0,0,0,0,0,0,0,0,1,0,0,0,0,0,0,1,1.0
1mmpo2f,0.022,0.078,0.17,0.737,0.093,-0.9975,725,10.672499152188008,5,41,1,25,0,0,1,0,0,0,0,0,2,0,7,8,0,0,0,0,1,0,90,0,8,15,41,0,2,0,5,1,0,0,0,0,0,0,2,4,0,0,14,29,6,4,14,6,2,3,0.5199999809265137
1mmpr94,0.03,0.026,0.0,1.0,0.0,0.0,12,3.1291,0,0,0,0,0,0,0,0,0,0,0,0,0,0,0,0,0,0,0,0,0,0,0,0,0,0,0,0,0,0,0,0,0,0,0,0,0,0,0,0,0,0,0,1,1,0,0,0,0,1,1.0
1mmpx7h,0.126,0.44,0.39,0.61,0.0,-0.8885,22,8.841846274778883,0,0,0,0,0,0,0,0,0,0,0,0,0,0,0,0,0,0,0,0,0,0,0,0,1,0,3,0,0,0,0,0,0,0,0,1,0,0,0,0,0,0,0,1,1,0,0,0,0,1,1.0
1mmq778,0.142,0.097,0.158,0.842,0.0,-0.4588,17,13.023866798666859,3,0,0,0,0,0,0,0,0,0,0,0,0,0,0,0,0,0,0,0,0,0,0,0,0,0,0,0,0,0,0,0,0,0,0,0,0,0,0,0,0,0,0,1,0,0,3,0,0,1,1.0
1mmqdrk,0.027,0.019,0.0,1.0,0.0,0.0,6,3.1291,0,1,0,0,0,0,0,0,0,0,0,0,0,0,0,0,0,0,0,0,0,1,0,0,0,0,0,0,0,0,0,0,0,0,0,0,0,0,0,0,0,0,0,0,0,0,0,0,0,1,1.0
1mmqkc7,0.026,0.112,0.0,1.0,0.0,0.0,21,15.903189008614273,0,2,0,0,0,0,0,0,0,0,0,0,0,0,0,0,0,0,0,0,0,0,0,0,0,1,1,0,0,0,0,0,0,0,0,0,0,0,0,0,0,0,0,1,0,0,0,0,0,1,1.0
1mmqz3j,0.03,0.117,0.0,1.0,0.0,0.0,29,14.554592549557764,0,2,0,0,0,0,0,0,0,0,0,0,0,0,0,0,0,0,0,0,0,0,0,0,1,0,0,0,0,0,0,0,0,0,0,0,0,0,0,0,0,0,1,7,0,0,1,0,0,1,1.0
1mmqzvd,0.031,0.077,0.081,0.867,0.051,-0.7434,193,14.424011203321125,3,17,0,5,0,0,0,0,0,0,0,0,0,0,0,1,0,0,0,0,0,1,0,0,2,7,3,0,0,0,0,0,0,0,0,0,0,0,0,1,0,0,1,17,2,1,3,0,0,486,0.75
1mmrexx,0.075,0.134,0.067,0.717,0.216,0.9912,235,9.725611199111238,5,12,0,10,0,0,0,0,0,0,0,0,1,0,0,3,0,1,0,0,0,2,27,1,6,21,9,0,0,1,2,0,1,0,0,3,0,0,0,2,0,0,1,19,4,1,6,0,2,0,0.49000000953674316
1mmrkfy,0.027,0.102,0.314,0.686,0.0,-0.8843,32,14.554592549557764,0,3,0,1,0,1,0,0,0,0,0,0,0,0,0,0,0,0,0,0,0,0,2,0,1,0,2,0,0,2,0,0,0,0,0,0,0,0,0,0,0,0,0,6,2,0,0,1,0,1,1.0
1mms2kn,0.037,0.051,0.144,0.673,0.183,0.1027,9,3.1291,1,0,0,0,0,0,0,0,0,0,0,0,0,0,0,0,0,0,0,0,0,0,0,0,0,0,0,0,0,0,0,0,0,0,0,0,0,0,0,0,0,0,0,0,0,0,1,0,0,1,1.0
1mmsdud,0.023,0.085,0.008,0.895,0.097,0.9487,208,11.429527900616531,5,17,0,10,0,0,0,0,0,0,0,0,0,0,5,3,0,0,0,0,0,4,5,5,16,5,3,0,3,0,5,0,0,0,0,0,0,0,3,0,0,0,2,22,3,1,6,2,0,10,0.5
1mmse0p,0.229,0.339,0.297,0.703,0.0,-0.2755,6,3.1291,0,0,0,1,0,0,0,0,0,0,0,0,0,0,0,0,0,0,0,0,0,0,0,0,0,1,0,0,0,0,0,0,0,0,0,0,0,0,0,0,0,0,0,1,1,0,0,0,0,1,1.0
1mmsf4x,0.024,0.578,0.144,0.589,0.267,0.2197,12,13.023866798666859,0,0,0,1,0,0,0,0,0,0,0,0,0,0,0,0,0,0,0,0,0,0,1,0,0,1,1,0,0,0,0,0,0,0,0,0,0,0,0,0,0,0,0,3,0,0,0,0,0,1,1.0
1mmsijb,0.229,0.339,0.297,0.703,0.0,-0.2755,6,3.1291,0,0,0,1,0,0,0,0,0,0,0,0,0,0,0,0,0,0,0,0,0,0,0,0,0,1,0,0,0,0,0,0,0,0,0,0,0,0,0,0,0,0,0,1,1,0,0,0,0,1,1.0
1mmsjls,0.062,0.187,0.142,0.76,0.098,-0.9191,321,12.516099999999998,2,18,0,7,0,0,0,0,0,0,0,0,0,0,5,2,0,0,0,0,0,2,0,1,6,5,13,0,0,0,0,0,0,0,0,0,0,0,0,2,0,0,37,19,2,0,2,1,1,207,0.6899999976158142
1mmtcl5,0.028,0.33,0.058,0.711,0.231,0.9973,327,11.319583603955667,5,21,0,11,0,0,0,0,0,0,0,0,0,0,0,3,0,0,0,0,0,5,15,8,11,14,17,0,3,1,4,1,1,0,0,3,0,0,2,0,0,0,2,21,5,1,9,4,0,29,0.6800000071525574
1mmtzjh,0.033,0.082,0.0,0.791,0.209,0.6597,32,21.19438992294339,1,0,0,1,0,0,0,0,0,0,0,0,0,0,0,0,0,0,0,0,0,0,1,0,0,1,0,0,0,0,1,0,0,0,0,0,0,0,0,0,0,0,4,8,0,2,2,1,0,1,1.0
1mmu3po,0.031,0.113,0.041,0.822,0.137,0.9098,154,16.52667757954773,2,8,0,2,0,0,0,0,0,0,0,0,0,0,0,0,0,0,0,0,0,0,10,0,0,7,3,0,0,0,3,0,1,0,0,0,0,0,0,0,0,0,12,13,1,4,7,1,0,0,0.44999998807907104
1mmubci,0.035,0.15,0.333,0.667,0.0,-0.5423,8,3.1291,0,0,0,0,0,0,0,0,0,0,0,0,0,0,0,0,0,0,0,0,0,0,0,0,0,0,1,0,0,0,0,0,0,0,0,0,0,0,0,0,0,0,0,1,0,0,0,0,0,1,1.0
1mmuh8o,0.172,0.255,0.0,1.0,0.0,0.0,21,8.841846274778883,0,1,0,1,0,0,0,0,0,0,0,0,0,0,0,1,0,0,0,0,0,0,0,0,0,0,0,0,0,0,0,0,0,0,0,0,0,0,1,0,0,0,2,4,1,0,0,0,0,1,1.0
1mmuhan,0.117,0.305,0.141,0.738,0.12,-0.9471,437,11.622719091009316,2,35,0,12,0,4,0,0,0,0,0,0,0,0,1,2,1,0,0,0,0,1,6,4,12,20,17,0,1,0,0,1,1,0,0,0,0,0,0,0,0,0,19,26,2,1,11,0,5,0,0.25999999046325684
1mmuobv,0.087,0.199,0.051,0.874,0.075,0.6693,133,10.125756701596842,1,8,0,5,0,0,0,0,0,0,0,0,0,0,1,2,0,0,1,0,1,0,8,6,0,2,4,0,0,0,0,0,0,0,0,0,1,0,1,0,0,0,7,14,1,0,1,2,0,0,0.11999999731779099
1mmvkug,0.036,0.053,0.038,0.755,0.207,0.9779,118,8.841846274778883,2,8,0,2,0,0,0,0,0,0,0,0,0,0,0,1,0,0,0,0,0,7,2,1,0,10,1,0,0,0,2,0,0,0,0,0,0,0,2,2,0,0,7,24,4,1,2,3,0,0,0.27000001072883606
1mmvoed,0.047,0.113,0.156,0.844,0.0,-0.3412,14,8.841846274778883,1,1,0,1,0,0,0,0,0,0,0,0,0,0,0,0,0,0,0,0,0,0,0,0,0,0,1,0,0,0,0,0,0,0,0,0,0,0,0,0,0,0,0,3,0,0,1,0,0,1,1.0
1mmvsfu,0.059,0.363,0.14,0.762,0.098,-0.7471,131,11.20814326018867,0,9,0,6,1,0,0,0,0,0,0,0,0,0,1,0,0,0,0,0,0,3,5,0,0,2,6,0,1,0,3,1,0,0,0,0,0,0,0,2,0,0,3,15,1,1,4,1,2,0,0.46000000834465027
1mmvu5d,0.045,0.035,0.023,0.814,0.163,0.9829,220,12.40481918309499,0,9,0,2,0,0,0,0,0,0,0,0,0,0,0,1,0,0,0,0,1,1,3,0,3,4,2,0,0,0,0,0,0,0,0,0,0,0,1,0,0,0,13,12,1,1,6,2,0,0,0.3199999928474426
1mmwuvv,0.028,0.038,0.057,0.867,0.077,0.7541,533,12.195137478168483,5,46,0,10,0,0,0,0,0,0,0,0,0,0,4,3,0,0,0,0,0,4,9,8,4,17,10,0,0,0,2,0,0,0,0,0,0,0,1,3,0,0,18,25,2,1,6,3,1,0,0.25
1mmwx0j,0.022,0.028,0.029,0.914,0.057,0.8074,208,12.457975602129121,4,4,0,4,0,0,0,0,0,0,0,0,0,0,2,2,0,0,0,0,0,0,7,0,5,8,3,0,0,0,2,0,0,0,0,2,0,0,1,2,0,0,13,20,2,0,1,2,0,0,0.20999999344348907
1mmwx4o,0.075,0.114,0.0,0.94,0.06,0.357,40,11.20814326018867,0,1,0,4,0,0,0,0,0,0,0,0,0,0,0,0,0,0,0,0,0,0,0,2,0,1,2,0,0,0,0,0,0,0,0,0,0,0,0,0,0,0,1,8,0,0,2,0,0,1,1.0
1mmwyvt,0.019,0.02,0.0,1.0,0.0,0.0,8,3.1291,0,0,0,0,0,0,0,0,0,0,0,0,0,0,0,0,0,0,0,0,0,0,0,0,0,0,0,0,0,0,0,0,0,0,0,0,0,0,0,0,0,0,0,2,0,0,0,0,0,0,0.5
1mmx0o4,0.028,0.114,0.072,0.837,0.09,0.6605,521,11.044913438933486,4,47,0,11,0,4,0,0,0,0,0,0,0,0,3,8,0,0,0,0,0,2,18,4,22,15,14,0,0,0,2,0,1,0,0,0,0,0,3,2,0,0,4,36,5,4,7,1,2,534,0.6700000166893005
1mmx5ue,0.069,0.202,0.0,0.719,0.281,0.6681,16,13.023866798666859,0,0,0,1,0,0,0,0,0,0,0,0,0,0,0,0,0,0,0,0,0,0,0,0,0,0,0,0,0,0,0,0,0,0,0,0,0,0,0,0,0,0,1,2,0,0,1,0,0,1,1.0
1mmx85y,0.174,0.096,0.066,0.839,0.095,0.705,277,13.943154165760404,1,12,1,9,0,0,0,0,0,0,0,0,0,0,1,4,0,0,2,0,0,0,0,5,21,9,11,0,0,0,0,0,0,0,0,0,2,0,0,2,0,0,13,17,2,1,6,0,0,0,0.3199999928474426
1mmxapv,0.025,0.116,0.09,0.781,0.129,0.8628,325,18.001758247042904,7,21,0,7,0,0,0,0,0,0,0,0,0,0,2,4,0,0,0,0,0,1,1,0,11,13,10,0,0,0,0,0,0,0,0,0,0,0,0,1,0,0,9,23,1,3,8,0,0,0,0.41999998688697815
1mmxgkz,0.041,0.026,0.032,0.855,0.113,0.9666,324,10.411451182825502,6,17,0,7,0,0,0,0,0,0,0,0,1,0,1,2,1,0,0,0,0,0,16,1,17,13,3,0,0,0,2,0,0,0,0,1,0,0,1,0,0,0,10,27,2,0,3,2,2,70,0.7900000214576721
1mmxwpp,0.025,0.103,0.053,0.821,0.127,0.9716,321,12.214722805548657,5,18,0,4,0,0,0,0,0,0,0,0,0,0,3,4,0,0,0,0,0,5,11,0,6,11,8,0,0,0,2,0,0,0,0,1,0,0,0,2,0,0,8,32,3,2,9,3,1,0,0.3700000047683716
1mmyeej,0.071,0.044,0.104,0.794,0.101,-0.4313,242,13.662883650711645,6,11,0,10,0,0,0,0,0,0,0,0,0,0,0,0,0,0,0,0,0,2,1,0,7,9,9,0,0,1,0,0,1,0,0,0,0,0,0,0,0,0,8,17,1,1,7,1,0,78,0.7900000214576721
1mmz0mv,0.03,0.15,0.12,0.88,0.0,-0.5848,37,14.554592549557764,0,2,0,2,0,0,0,0,0,0,0,0,0,0,2,0,0,0,0,0,0,1,0,0,4,1,2,0,0,0,0,0,0,0,0,0,0,0,0,0,0,0,1,7,0,1,0,0,0,1,1.0
1mmz0ty,0.028,0.439,0.254,0.746,0.0,-0.5267,11,14.554592549557764,0,0,0,0,0,0,0,0,0,0,0,0,0,0,0,0,0,0,0,0,0,0,0,0,0,0,2,0,0,0,0,0,0,0,0,0,0,0,0,0,0,0,0,3,1,0,0,0,0,1,0.9900000095367432
1mmz1b3,0.022,0.201,0.259,0.741,0.0,-0.5423,11,11.20814326018867,0,0,0,1,0,1,0,0,0,0,0,0,0,0,0,0,0,0,0,0,0,0,0,0,0,0,1,0,0,0,0,0,0,0,0,0,0,0,0,0,0,0,2,2,0,0,0,0,0,1,1.0
1mmz9wn,0.031,0.026,0.035,0.903,0.063,0.5574,120,14.554592549557764,2,4,0,4,0,0,0,0,0,0,0,0,0,0,1,0,0,0,0,0,0,1,0,0,0,2,0,0,0,0,0,0,0,0,0,0,0,0,0,1,0,0,1,8,0,1,0,0,1,0,0.1599999964237213
1mmzpwv,0.057,0.024,0.0,1.0,0.0,0.0,7,8.841846274778883,0,0,0,0,0,0,0,0,0,0,0,0,0,0,0,0,0,0,0,0,0,1,0,0,0,0,0,0,0,0,0,0,0,0,0,0,0,0,0,0,0,0,0,2,0,0,0,0,0,0,0.5
1mmztu7,0.691,0.462,0.0,0.782,0.218,0.4201,11,3.1291,0,0,0,0,0,0,0,0,0,0,0,0,0,0,0,0,0,0,0,0,0,0,0,0,0,1,0,0,0,0,0,0,0,0,0,0,0,0,0,0,0,0,0,3,0,0,1,0,0,1,1.0
1mmzymo,0.023,0.27,0.129,0.871,0.0,-0.5267,24,14.554592549557764,1,1,0,2,0,0,0,0,0,0,0,0,0,0,0,0,0,0,0,0,0,0,0,0,1,0,1,0,0,0,0,0,0,0,0,0,0,0,0,0,0,0,1,3,0,0,1,0,0,1,1.0
1mn03mw,0.101,0.356,0.187,0.813,0.0,-0.5994,18,13.023866798666859,0,2,0,0,0,0,0,0,0,0,0,0,0,0,1,0,0,0,0,0,0,0,0,0,0,0,2,0,0,0,0,0,0,0,0,0,0,0,0,1,0,0,1,4,0,0,1,0,0,1,1.0
1mn0abr,0.024,0.02,0.0,1.0,0.0,0.0,8,8.841846274778883,0,0,0,0,0,0,0,0,0,0,0,0,0,0,0,0,0,0,0,0,0,0,0,0,0,1,0,0,0,0,0,0,0,0,0,0,0,0,0,0,0,0,2,0,0,0,0,0,0,1,1.0
1mn0baa,0.101,0.356,0.187,0.813,0.0,-0.5994,18,13.023866798666859,0,2,0,0,0,0,0,0,0,0,0,0,0,0,1,0,0,0,0,0,0,0,0,0,0,0,2,0,0,0,0,0,0,0,0,0,0,0,0,1,0,0,1,4,0,0,1,0,0,1,1.0
1mn0bdb,0.471,0.75,0.112,0.797,0.091,-0.8762,305,9.766711354998122,3,24,4,6,0,0,0,0,0,0,0,0,0,0,4,2,0,0,0,0,0,0,2,0,7,9,15,0,0,0,1,0,5,0,0,3,0,0,0,2,0,0,6,16,1,3,5,2,0,0,0.10999999940395355
1mn0c2v,0.071,0.301,0.129,0.831,0.04,-0.9804,333,18.903936251131103,2,7,0,8,0,0,0,0,0,0,0,0,0,0,0,6,0,0,0,0,0,3,0,0,5,8,14,0,0,0,0,0,1,0,0,0,0,0,0,1,0,0,48,19,2,3,1,0,0,0,0.41999998688697815
1mn0qlt,0.022,0.062,0.061,0.802,0.137,0.9679,226,14.554592549557764,6,18,0,11,0,0,0,0,0,0,0,0,0,0,0,2,0,0,1,0,0,1,3,3,0,6,7,0,0,0,1,0,1,0,0,0,0,0,0,1,0,0,7,18,0,5,8,3,0,0,0.49000000953674316
1mn13ub,0.035,0.193,0.0,0.734,0.266,0.4404,9,15.903189008614273,0,0,0,0,0,0,0,0,0,0,0,0,0,0,0,0,0,0,0,0,0,0,0,0,0,1,1,0,0,0,0,0,0,0,0,0,0,0,0,0,0,0,2,2,0,0,0,0,0,1,1.0
1mn16os,0.03,0.095,0.082,0.826,0.092,0.5998,426,12.261556223090622,3,22,2,10,0,1,0,0,0,0,0,0,0,0,0,6,0,0,1,0,0,9,8,5,7,27,19,0,2,2,4,0,0,0,0,1,0,0,2,0,0,0,15,35,5,1,5,4,0,2,0.6299999952316284
1mn1m4t,0.06,0.44,0.0,1.0,0.0,0.0,17,8.841846274778883,0,2,0,0,0,0,0,0,0,0,0,0,0,0,0,1,0,0,0,0,0,0,2,0,0,0,0,0,0,0,0,0,0,0,0,0,0,0,0,0,0,0,0,2,0,0,2,0,0,1,1.0
1mn28tl,0.087,0.36,0.158,0.767,0.075,-0.998,787,12.491233731153383,5,34,0,15,0,0,0,0,0,0,0,0,0,0,5,1,0,0,0,0,0,14,5,3,14,13,44,0,1,0,1,0,0,0,0,0,0,0,1,3,0,0,15,35,6,1,13,2,0,140,0.7799999713897705
1mn2az6,0.103,0.401,0.0,1.0,0.0,0.0,10,10.125756701596842,0,0,0,0,0,0,0,0,0,0,0,0,0,0,0,0,0,0,0,0,0,1,0,0,0,0,1,0,0,0,0,1,0,0,0,1,0,0,0,0,0,0,3,0,0,0,0,0,0,1,1.0
1mn2e84,0.051,0.214,0.358,0.642,0.0,-0.7717,14,8.841846274778883,0,1,0,0,0,0,0,0,0,0,0,0,0,0,0,0,0,0,0,0,0,0,0,0,0,0,2,0,0,0,0,0,0,0,0,0,0,0,0,0,0,0,2,3,0,0,0,0,0,1,1.0
1mn2esn,0.03,0.013,0.0,1.0,0.0,0.0,3,3.1291,0,0,0,0,0,0,0,0,0,0,0,0,0,0,0,0,0,0,0,0,0,0,0,0,0,0,0,0,0,0,0,0,0,0,0,1,0,0,0,0,0,0,1,0,0,0,0,0,0,1,1.0
1mn2h60,0.141,0.196,0.073,0.763,0.164,0.992,415,11.20814326018867,4,17,0,10,0,1,0,0,0,0,0,0,0,0,3,12,0,0,0,0,0,1,37,0,12,13,12,0,0,3,3,0,0,0,0,0,0,0,0,7,0,0,9,28,2,0,1,0,1,0,0.18000000715255737
1mn335k,0.11,0.04,0.079,0.841,0.08,-0.2023,167,17.122413403193683,5,11,0,3,0,0,0,0,0,0,0,0,0,0,0,1,0,0,0,0,0,0,2,1,5,3,2,0,0,1,1,0,0,0,0,0,0,0,0,0,0,0,3,14,2,4,4,2,0,0,0.30000001192092896
1mn35l9,0.055,0.137,0.0,1.0,0.0,0.0,21,14.554592549557764,2,0,0,0,0,0,0,0,0,0,0,0,0,0,0,0,0,0,0,0,0,0,0,0,0,0,1,0,0,0,0,0,0,0,0,0,0,0,0,0,0,0,0,2,0,0,1,0,0,1,1.0
1mn37dl,0.042,0.255,0.309,0.598,0.093,-0.9984,287,9.627879704456738,1,21,1,6,0,0,0,0,0,0,0,0,0,0,4,4,0,0,0,0,0,0,18,0,1,7,29,0,2,2,2,0,0,0,0,0,0,0,1,5,0,0,7,22,3,0,7,0,1,0,0.27000001072883606
1mn38e9,0.139,0.105,0.219,0.59,0.191,-0.9688,535,16.41549244079856,3,29,0,7,0,0,0,0,0,0,0,0,0,0,2,4,0,0,0,0,0,0,3,9,2,34,27,1,0,0,0,0,0,0,0,0,0,0,0,2,0,0,6,25,2,5,6,1,0,0,0.5
1mn3d99,0.022,0.48,0.286,0.714,0.0,-0.5574,10,3.1291,1,0,0,0,0,0,0,0,0,0,0,0,0,0,0,0,0,0,0,0,0,0,0,0,0,0,1,0,0,0,0,0,0,0,0,0,0,0,0,0,0,0,1,2,0,0,1,0,0,1,1.0
1mn3jdv,0.045,0.058,0.091,0.792,0.117,0.9077,490,12.230961643895458,11,34,2,13,0,0,0,0,0,0,2,0,0,0,1,3,0,3,2,0,1,15,18,2,17,12,10,1,0,2,1,0,0,0,0,1,0,0,1,1,0,0,17,25,5,4,11,4,1,2629,0.949999988079071
1mn3kcq,0.025,0.414,0.194,0.806,0.0,-0.5574,16,3.1291,1,1,0,0,0,0,0,0,0,0,0,0,0,0,0,0,0,0,0,0,0,0,0,0,1,0,1,0,0,0,0,0,0,0,0,0,0,0,0,0,0,0,0,2,0,0,1,0,0,1,1.0
1mn3xxi,0.046,0.015,0.043,0.857,0.1,0.9878,602,13.07526853051968,18,41,0,8,0,0,0,0,0,0,0,0,0,0,2,3,0,0,0,0,0,6,9,0,14,21,12,0,0,0,3,1,0,0,0,0,0,0,0,2,0,0,36,32,4,12,14,1,1,0,0.5
1mn4cvx,0.035,0.035,0.0,1.0,0.0,0.0,8,3.1291,0,0,0,0,0,0,0,0,0,0,0,0,0,0,0,0,0,0,0,0,0,0,1,0,0,0,0,0,0,0,0,0,0,0,0,0,0,0,0,0,0,0,0,0,0,0,0,0,0,1,1.0
1mn4emo,0.031,0.305,0.076,0.849,0.075,-0.0365,135,19.287186520377343,3,4,0,2,0,0,0,0,0,0,0,0,0,0,3,0,0,0,0,0,0,1,1,0,3,5,2,0,0,0,0,0,0,0,0,0,0,0,0,1,0,0,4,9,1,2,4,0,0,11,0.5799999833106995
1mn4g4d,0.171,0.029,0.184,0.644,0.172,-0.1027,25,8.841846274778883,2,2,0,0,0,0,0,0,0,0,0,0,0,0,0,0,0,0,0,0,0,0,0,0,0,0,1,0,0,0,0,0,0,0,0,0,0,0,0,0,0,0,4,1,0,0,2,0,0,1,1.0
1mn4pm2,0.025,0.137,0.122,0.751,0.127,0.1792,479,13.484332010920856,3,33,1,12,0,1,0,0,0,0,0,0,0,0,0,3,0,0,0,0,0,3,4,7,7,12,30,0,3,0,1,0,0,0,0,0,0,0,2,2,0,0,9,33,5,2,10,1,1,0,0.4000000059604645
1mn4pt5,0.19,0.479,0.143,0.691,0.167,0.717,262,15.195765016291148,2,18,0,5,0,0,0,0,0,0,0,0,0,0,0,2,0,0,0,0,0,1,0,1,5,13,18,0,0,0,0,0,0,0,0,1,0,0,0,2,0,0,17,21,1,3,1,0,0,0,0.36000001430511475
1mn58ln,0.028,0.179,0.147,0.714,0.139,-0.4799,110,12.457975602129121,0,11,0,0,0,0,0,0,0,0,0,0,0,0,0,0,0,0,0,0,0,0,5,5,2,6,6,0,0,1,1,0,0,0,0,0,1,0,0,0,0,0,2,13,2,0,1,0,0,13,0.6700000166893005
1mn6bay,0.064,0.285,0.019,0.88,0.101,0.8645,108,13.5591,0,6,0,1,0,0,0,0,0,0,0,0,0,0,0,0,0,0,0,0,0,0,1,0,5,4,0,1,0,0,0,0,1,0,0,1,0,0,2,1,0,0,16,11,1,1,2,0,0,0,0.3400000035762787
1mn6dzv,0.076,0.44,0.168,0.742,0.09,-0.9953,579,12.865540314611906,3,25,0,22,0,0,0,0,0,0,0,0,0,0,3,6,0,0,1,0,0,7,3,6,4,13,24,0,0,0,1,0,3,0,0,0,0,0,2,2,0,0,56,28,3,4,5,1,2,0,0.30000001192092896
1mn6k0d,0.031,0.381,0.127,0.763,0.11,-0.569,350,13.968273953766033,7,29,3,5,0,0,0,0,0,0,0,0,0,0,0,3,1,0,0,0,0,2,3,2,5,12,28,2,0,0,0,0,0,0,0,0,0,0,0,1,0,0,5,37,5,0,0,0,1,12,0.699999988079071
1mn6y1r,0.032,0.019,0.0,1.0,0.0,0.0,7,8.841846274778883,0,0,0,0,0,0,0,0,0,0,0,0,0,0,0,0,0,0,0,0,0,0,0,0,0,0,0,0,0,0,0,0,0,0,0,0,0,0,0,0,0,0,0,0,0,0,0,0,0,1,1.0
1mn6yj1,0.016,0.097,0.11,0.81,0.08,-0.7821,203,12.602617957971052,6,13,0,6,0,3,0,0,0,0,0,0,0,0,1,1,0,0,0,0,0,0,2,1,8,6,6,0,0,0,1,0,0,0,0,0,0,0,1,1,0,0,6,22,5,1,3,0,0,177,0.9100000262260437
1mn74xy,0.152,0.397,0.0,1.0,0.0,0.0,14,11.20814326018867,0,1,0,0,0,0,0,0,0,0,0,0,0,0,0,0,0,0,0,0,0,0,0,0,0,1,0,0,0,0,0,0,0,0,0,0,0,0,0,0,0,0,2,0,0,0,1,0,0,1,1.0
1mn79o6,0.071,0.109,0.0,0.719,0.281,0.5448,10,13.023866798666859,0,0,0,1,0,0,0,0,0,0,0,0,0,0,0,0,0,0,0,0,0,0,0,0,0,1,0,0,0,0,0,0,0,0,0,0,0,0,0,0,0,0,1,2,1,0,0,0,0,1,1.0
1mn7cmt,0.069,0.111,0.0,0.719,0.281,0.5448,10,14.554592549557764,0,0,0,1,0,0,0,0,0,0,0,0,0,0,0,0,0,0,0,0,0,0,0,0,0,1,0,0,0,0,0,0,0,0,0,0,0,0,0,0,0,0,1,2,1,0,0,0,0,1,1.0
1mn7t4l,0.064,0.077,0.234,0.688,0.078,-0.5267,18,11.20814326018867,0,0,0,0,0,0,0,0,0,0,0,0,0,0,0,0,0,0,0,0,0,0,0,0,1,0,1,0,0,0,0,0,0,0,0,0,0,0,0,0,0,0,1,5,0,0,0,0,0,1,1.0
1mn8dbv,0.032,0.216,0.556,0.444,0.0,-0.6124,6,3.1291,0,0,0,1,0,0,0,0,0,0,0,0,0,0,0,0,0,0,0,0,0,0,0,0,0,1,0,0,0,0,0,0,0,0,0,0,0,0,0,0,0,0,0,0,0,0,0,0,0,1,1.0
1mn8fsf,0.042,0.09,0.212,0.788,0.0,-0.5106,18,3.1291,0,0,0,1,0,0,0,0,0,0,0,0,0,0,0,0,0,0,1,0,0,0,0,2,1,0,0,0,0,0,0,0,0,0,0,0,0,0,0,0,0,0,0,2,0,0,1,0,0,1,1.0
1mn8hnw,0.181,0.44,0.2,0.747,0.053,-0.9973,425,11.882522634951826,7,30,1,8,0,2,0,0,0,0,0,0,1,0,7,0,0,0,0,0,0,1,16,0,4,9,26,0,0,2,1,0,2,0,0,1,0,0,0,1,0,0,11,29,5,4,5,1,0,0,0.12999999523162842
1mn8xh5,0.113,0.339,0.358,0.642,0.0,-0.5994,8,13.023866798666859,0,0,0,0,0,0,0,0,0,0,0,0,0,0,0,0,0,0,0,0,0,0,0,0,0,0,0,0,0,0,0,0,0,0,0,0,0,0,0,0,0,0,1,0,0,0,0,0,0,1,1.0
1mn91c5,0.047,0.28,0.19,0.686,0.124,-0.936,123,9.725611199111238,1,11,1,2,0,0,0,0,0,0,0,0,0,0,1,0,0,0,0,0,0,3,8,1,3,4,4,0,0,0,1,0,0,0,0,0,1,0,0,0,0,0,3,11,0,0,2,1,0,0,0.47999998927116394
1mn9cym,0.038,0.378,0.055,0.853,0.092,0.9843,1011,13.05614997350525,9,51,1,24,0,5,0,0,0,0,0,0,0,0,3,3,0,1,3,1,0,7,25,8,16,34,28,0,0,1,1,0,0,0,0,1,0,0,1,5,0,0,39,45,4,5,20,3,0,0,0.10999999940395355
1mn9l6y,0.039,0.287,0.148,0.744,0.108,-0.7717,124,11.602472056035307,1,11,1,2,0,0,0,0,0,0,0,0,0,0,1,1,0,0,0,0,0,3,7,0,3,4,4,0,0,0,0,0,0,0,0,0,1,0,0,0,0,0,4,11,0,0,2,1,0,0,0.38999998569488525
1mn9opn,0.026,0.022,0.018,0.882,0.1,0.9917,589,11.907253042259704,10,50,0,9,0,0,0,0,0,0,0,0,0,0,3,5,0,0,0,0,0,26,14,0,9,8,9,0,0,4,6,0,0,0,0,0,0,0,0,2,0,0,4,39,3,8,8,5,2,33,0.800000011920929
1mn9wv2,0.025,0.026,0.0,0.66,0.34,0.5574,8,11.20814326018867,0,0,0,0,0,0,0,0,0,0,0,0,0,0,0,0,0,0,0,0,0,0,0,0,0,1,0,0,0,0,0,0,0,0,0,0,0,0,0,0,0,0,1,2,0,0,0,0,0,1,1.0
1mnaoa1,0.057,0.328,0.156,0.705,0.139,-0.4924,203,14.554592549557764,1,12,0,3,0,0,0,0,0,0,0,0,0,0,0,3,0,0,0,0,0,0,0,0,15,8,16,0,0,0,0,0,0,0,0,0,0,0,0,2,0,0,2,15,0,4,1,2,0,129,0.8600000143051147
1mnasy6,0.016,0.012,0.0,0.819,0.181,0.6844,33,11.20814326018867,1,1,0,1,0,0,0,0,0,0,0,0,0,0,0,0,0,0,0,0,0,0,1,0,0,3,3,0,0,0,1,0,0,0,0,1,0,0,0,1,0,0,2,7,0,0,1,1,0,1,1.0
1mnb99c,0.048,0.378,0.069,0.806,0.125,0.7335,127,10.504223727775692,1,6,1,2,0,1,0,0,0,0,0,0,0,0,1,2,0,0,0,0,0,0,1,0,4,4,1,0,0,0,1,1,0,0,0,0,0,0,0,1,0,0,13,14,2,1,1,1,0,0,0.20000000298023224
1mnbdce,0.026,0.035,0.0,0.746,0.254,0.6249,17,13.023866798666859,0,1,0,0,0,0,0,0,1,0,0,0,0,0,0,0,0,0,0,0,0,0,1,2,0,0,0,0,0,0,0,0,0,0,0,1,0,0,0,0,0,0,1,1,1,0,1,0,0,1,1.0
1mnbvk5,0.038,0.101,0.355,0.645,0.0,-0.5106,7,11.20814326018867,0,0,0,0,0,0,0,0,0,0,0,0,0,0,0,0,0,0,0,0,0,0,0,0,0,0,1,0,0,0,0,0,0,0,0,0,0,0,0,0,0,0,0,1,0,0,0,0,0,1,1.0
1mnby4j,0.039,0.083,0.206,0.686,0.108,-0.9627,153,11.45678717892309,2,13,0,6,0,0,0,0,0,0,0,0,0,0,0,0,0,0,0,0,0,0,4,1,1,7,13,0,1,0,3,0,0,0,0,0,0,0,2,1,0,0,2,14,3,1,2,2,0,0,0.23000000417232513
1mnc0fd,0.603,0.29,0.0,1.0,0.0,0.0,19,3.1291,0,0,0,0,0,0,0,0,0,0,0,0,0,0,0,0,0,0,0,0,0,0,0,0,0,0,0,0,0,0,0,0,0,0,0,0,0,0,0,0,0,0,0,3,0,0,0,0,0,1,1.0
1mnc90a,0.111,0.038,0.116,0.814,0.07,-0.9833,535,13.600736892100489,6,38,0,12,0,13,0,0,0,0,0,0,0,0,4,4,0,0,0,0,0,0,8,3,20,10,17,0,0,0,5,0,0,0,0,1,0,0,2,4,0,0,9,30,2,2,24,1,1,0,0.20000000298023224
1mndc2s,0.105,0.026,0.065,0.791,0.143,0.7906,101,15.247664890283005,1,6,0,0,0,0,0,0,0,0,0,0,0,0,0,0,0,0,0,0,0,0,0,0,0,6,2,0,0,0,0,0,0,0,0,0,0,0,0,0,0,0,1,8,0,1,2,0,0,475,0.8299999833106995
1mndzs2,0.478,0.644,0.0,1.0,0.0,0.0,8,8.841846274778883,1,0,1,0,0,0,0,0,0,0,0,0,0,0,0,0,0,0,0,0,0,0,0,0,0,0,0,0,0,0,0,0,0,0,0,0,0,0,0,0,0,0,1,0,0,0,0,0,0,0,0.5
1mne423,0.045,0.028,0.112,0.658,0.23,0.4215,12,14.554592549557764,0,0,0,0,0,0,0,0,0,0,0,0,0,0,0,0,0,0,0,0,0,0,0,0,0,1,1,0,0,0,0,0,0,0,0,0,0,0,1,0,0,0,1,2,1,0,0,0,0,1,1.0
1mnefzs,0.111,0.396,0.39,0.61,0.0,-0.7506,12,13.023866798666859,0,1,0,0,0,0,0,0,0,0,0,0,0,0,0,0,0,0,0,0,0,0,0,0,0,0,2,0,0,0,0,0,0,0,0,0,0,0,0,0,0,0,1,3,0,0,0,0,0,1,1.0
1mnehav,0.066,0.047,0.167,0.69,0.144,-0.1027,14,8.841846274778883,0,1,0,1,0,0,0,0,0,0,0,0,0,0,0,0,0,0,0,0,0,0,0,0,0,2,1,0,0,0,0,0,0,0,0,0,0,0,0,0,0,0,2,2,1,0,1,0,0,1,0.9900000095367432
1mnewlo,0.056,0.219,0.123,0.737,0.14,0.614,522,18.080787847865203,9,30,0,6,0,0,0,0,0,0,0,0,0,0,0,4,0,0,0,0,3,0,7,4,8,21,19,0,0,0,2,0,0,0,0,1,0,0,0,2,0,0,28,30,2,12,6,2,0,0,0.28999999165534973
1mnf0e8,0.087,0.112,0.0,1.0,0.0,0.0,7,3.1291,0,0,0,0,0,0,0,0,0,0,0,0,0,0,0,0,0,0,0,0,0,0,0,0,0,0,0,0,0,0,0,0,0,0,0,0,0,0,0,1,0,0,1,2,0,0,0,0,0,1,1.0
1mnf3h8,0.058,0.215,0.164,0.564,0.272,0.6249,41,23.72669961743115,1,0,0,0,0,0,0,0,0,0,0,0,0,0,0,0,0,0,0,0,1,0,1,0,1,2,4,0,0,0,0,0,0,0,0,0,0,0,0,0,0,0,3,7,0,1,0,0,0,1,1.0
1mnfbcz,0.048,0.027,0.065,0.915,0.02,-0.8894,399,12.502718667466524,2,42,0,18,0,0,0,0,0,0,0,0,0,0,4,5,0,0,0,0,0,0,8,8,11,3,13,0,0,0,5,0,0,0,0,0,0,0,3,5,0,0,2,34,8,0,0,4,1,0,0.33000001311302185
1mnfq0g,0.024,0.034,0.036,0.843,0.121,0.9817,328,11.765960540728905,3,19,0,5,0,0,0,0,0,0,0,0,0,0,1,1,0,0,0,0,0,3,6,4,11,9,5,0,0,1,1,0,0,0,0,0,0,0,3,4,0,0,10,24,4,4,9,0,0,0,0.28999999165534973
1mnfrwq,0.026,0.081,0.137,0.758,0.105,-0.992,1190,12.39110107968035,14,64,0,38,0,6,0,0,0,1,0,0,0,0,6,12,0,0,0,0,0,5,54,1,35,33,67,0,1,1,3,1,5,0,0,3,1,0,1,3,0,0,4,44,9,9,21,0,0,0,0.36000001430511475
1mnfxmg,0.038,0.667,0.116,0.744,0.14,0.9297,295,9.627879704456738,3,10,4,9,0,2,0,0,0,0,0,0,0,0,5,2,0,0,0,0,0,0,5,1,15,11,18,0,1,0,2,1,0,0,0,0,0,0,1,2,0,0,4,28,3,5,3,3,2,0,0.2199999988079071
1mng5pl,0.038,0.019,0.0,0.869,0.131,0.3412,17,11.20814326018867,0,1,0,1,0,0,0,0,0,0,0,0,0,0,0,0,0,0,0,0,0,0,0,0,0,1,1,0,0,0,0,0,0,0,0,0,0,0,0,0,0,0,0,1,0,0,0,0,0,1,1.0
1mngo38,0.041,0.012,0.0,1.0,0.0,0.0,12,11.20814326018867,0,0,0,1,0,0,0,0,0,0,0,0,0,0,0,0,0,0,0,0,0,0,0,0,1,1,0,0,0,0,0,0,0,0,0,0,0,0,0,0,0,0,0,1,0,0,0,0,0,1,1.0
1mnh63v,0.063,0.191,0.223,0.599,0.178,-0.9712,235,11.911945987284739,3,20,0,5,0,0,0,0,0,0,0,0,0,0,0,4,0,0,0,0,0,2,11,0,6,9,16,0,0,1,4,1,1,0,0,0,0,0,2,1,0,0,1,24,4,1,3,2,0,0,0.18000000715255737
1mnha50,0.038,0.021,0.057,0.859,0.084,0.7506,151,11.407655852321103,3,5,0,4,0,0,0,0,0,0,0,0,0,0,3,0,0,0,0,0,0,0,5,0,1,8,0,0,0,0,0,0,0,0,0,0,0,0,0,1,0,0,10,18,1,0,4,0,1,0,0.4099999964237213
1mnhbkn,0.297,0.033,0.088,0.799,0.113,0.6515,149,12.161744961471694,1,8,0,4,0,0,0,0,0,0,0,0,0,0,0,0,0,0,0,0,0,2,0,0,1,6,7,0,0,0,0,0,0,0,0,0,0,0,0,0,0,0,8,9,0,1,3,0,0,256,0.8600000143051147
1mnhbv6,0.037,0.035,0.111,0.815,0.073,-0.9796,660,12.367839424501923,8,69,0,19,0,0,0,0,0,0,0,0,0,0,3,8,0,0,1,0,0,0,30,13,15,17,16,0,1,3,8,0,0,0,0,1,0,0,2,5,0,0,4,38,6,2,13,10,0,0,0.3400000035762787
1mnhhmx,0.03,0.183,0.124,0.745,0.131,-0.3357,728,12.745084868956482,10,56,1,23,0,4,0,0,0,0,0,0,0,0,4,3,0,0,0,0,0,4,16,7,32,26,31,1,0,0,2,0,0,0,0,0,0,0,2,1,0,0,28,38,4,11,19,5,0,0,0.44999998807907104
1mnhlwr,0.052,0.068,0.07,0.809,0.121,0.8765,189,10.74609503303851,2,15,0,2,0,0,0,0,0,0,0,0,0,0,0,3,0,0,2,0,0,0,0,3,3,8,6,0,0,0,0,0,0,0,0,0,0,0,0,0,0,0,5,16,3,2,10,0,0,32,0.8799999952316284
1mni7r4,0.03,0.182,0.246,0.672,0.082,-0.996,243,8.841846274778883,6,14,0,13,0,2,0,0,0,0,0,0,0,0,2,3,0,1,0,0,0,0,5,0,27,8,18,0,1,0,2,0,0,0,0,0,0,0,2,1,0,0,10,17,3,2,3,1,0,0,0.36000001430511475
1mnice4,0.016,0.059,0.0,1.0,0.0,0.0,13,11.20814326018867,0,0,0,0,0,0,0,0,0,0,0,0,0,0,0,0,0,0,0,0,0,0,1,0,0,0,1,0,0,0,1,0,0,0,0,0,0,0,0,0,0,0,0,0,0,0,0,1,0,1,1.0
1mnix28,0.213,0.191,0.097,0.789,0.114,0.6679,234,14.554592549557764,1,8,0,4,0,0,0,0,0,0,0,0,0,0,3,2,0,0,0,0,0,0,1,1,7,14,8,1,0,0,0,1,1,0,0,0,0,0,1,0,0,0,14,17,5,2,8,0,0,419,0.8399999737739563
1mnjhdj,0.205,0.406,0.113,0.777,0.11,0.164,367,10.899274998029323,3,16,0,9,0,1,0,0,0,0,0,0,0,0,1,2,0,0,0,0,0,0,7,2,14,7,10,0,2,1,3,0,0,0,0,0,0,0,2,1,0,0,2,35,4,2,4,4,2,0,0.09000000357627869
1mnktw3,0.028,0.427,0.088,0.795,0.118,0.7334,150,12.650343791298138,1,6,1,3,0,0,0,0,0,0,0,0,0,0,1,2,0,0,0,0,0,0,10,1,10,8,5,0,0,0,1,0,0,0,0,0,0,0,0,1,0,0,0,12,1,0,1,1,0,0,0.3700000047683716
1mnku1a,0.032,0.096,0.042,0.783,0.175,0.9879,249,15.021129683784007,0,9,0,5,0,0,0,0,0,0,0,0,0,0,0,2,0,0,0,0,0,0,3,0,5,9,7,0,0,1,1,0,0,0,0,0,0,0,0,3,0,0,13,20,2,1,0,1,1,1,1.0
1mnkvb0,0.051,0.073,0.211,0.789,0.0,-0.3412,10,11.20814326018867,0,0,0,1,0,0,0,0,0,0,0,0,0,0,0,0,0,0,0,0,0,1,0,0,0,0,0,0,0,0,0,0,0,0,0,0,0,0,0,0,0,0,0,4,1,0,1,0,0,1,1.0
1mnkyp9,0.033,0.096,0.042,0.783,0.175,0.9879,249,15.021129683784007,0,9,0,5,0,0,0,0,0,0,0,0,0,0,0,2,0,0,0,0,0,0,3,0,5,9,7,0,0,1,1,0,0,0,0,0,0,0,0,3,0,0,13,20,2,1,0,1,1,1,1.0
1mnl0ru,0.033,0.046,0.042,0.783,0.175,0.9879,249,15.021129683784007,0,9,0,5,0,0,0,0,0,0,0,0,0,0,0,2,0,0,0,0,0,0,3,0,5,9,7,0,0,1,1,0,0,0,0,0,0,0,0,3,0,0,13,20,2,1,0,1,1,2,0.5899999737739563
1mnl4tn,0.055,0.015,0.0,0.732,0.268,0.0258,4,3.1291,0,0,0,0,0,0,0,0,0,0,0,0,0,0,0,0,0,0,0,0,0,0,0,0,0,0,0,0,0,0,0,0,0,0,0,0,0,0,0,0,0,0,0,0,0,0,0,0,0,1,1.0
1mnl7j6,0.122,0.338,0.09,0.851,0.059,-0.7945,301,12.896187039172386,2,11,0,12,0,1,0,0,0,0,0,0,0,0,3,2,0,0,1,0,0,11,3,7,13,5,8,0,0,1,0,0,1,0,0,0,0,0,0,5,0,0,17,21,2,4,1,0,1,0,0.10999999940395355
1mnl8em,0.082,0.04,0.009,0.808,0.183,0.9755,144,14.06817628641468,2,12,0,2,0,0,0,0,0,0,0,0,0,0,1,2,0,0,0,0,0,1,4,4,2,3,2,0,0,0,0,0,0,0,0,0,0,0,1,0,0,0,4,26,5,0,0,0,0,0,0.20999999344348907
1mnlaso,0.116,0.12,0.123,0.83,0.047,-0.8104,98,13.81666964889586,2,7,0,4,0,0,0,0,0,0,0,0,0,0,0,0,0,0,0,0,0,2,0,3,0,2,5,0,0,0,0,0,0,0,0,0,0,0,0,0,0,0,7,9,1,0,2,0,0,1437,0.7799999713897705
1mnllgf,0.023,0.417,0.396,0.604,0.0,-0.7096,11,13.023866798666859,0,0,0,0,0,0,0,0,0,0,0,0,0,0,0,0,0,0,0,0,0,0,0,0,0,0,2,0,0,0,0,0,0,0,0,0,0,0,0,0,0,0,0,0,0,0,0,0,0,1,1.0
1mnm1z9,0.045,0.584,0.573,0.427,0.0,-0.7717,7,3.1291,0,0,0,0,0,0,0,0,0,0,0,0,0,0,0,0,0,0,0,0,0,0,0,0,0,0,2,0,0,0,0,0,0,0,0,0,0,0,0,0,0,0,0,0,0,0,0,0,0,1,1.0
1mnman3,0.071,0.1,0.084,0.809,0.107,0.6052,146,14.554592549557764,0,15,0,7,0,0,0,0,0,0,0,0,0,0,1,1,0,0,0,0,0,1,0,0,1,3,10,0,1,0,0,0,0,0,0,0,0,0,0,0,0,0,7,12,2,0,1,0,1,0,0.4000000059604645
1mnn4st,0.032,0.026,0.0,0.878,0.122,0.3612,19,15.903189008614273,0,1,0,0,0,0,0,0,0,0,0,0,0,0,0,0,0,0,0,0,0,1,0,0,0,1,0,0,0,0,0,0,0,0,0,0,0,0,0,0,0,0,0,5,1,0,1,0,0,1,1.0
1mnndkh,0.024,0.014,0.0,1.0,0.0,0.0,4,11.20814326018867,0,0,0,0,0,0,0,0,0,0,0,0,0,0,0,0,0,0,0,0,0,0,0,0,0,0,0,0,0,0,0,0,0,0,0,0,0,0,0,0,0,0,0,0,0,0,0,0,0,1,1.0
1mnopg5,0.025,0.154,0.0,0.929,0.071,0.0772,18,8.841846274778883,1,2,0,1,0,0,0,0,0,0,0,0,0,0,0,0,0,0,0,0,0,1,0,0,0,0,0,0,0,0,0,0,0,0,0,0,0,0,1,0,0,0,2,2,1,1,0,0,0,1,1.0
1mnowni,0.029,0.116,0.058,0.75,0.192,0.9763,132,11.602472056035307,1,10,0,5,0,0,0,0,0,0,0,0,0,0,1,1,0,0,0,0,0,0,9,0,7,4,5,0,0,0,1,0,0,0,0,0,0,0,0,0,0,0,6,14,2,1,2,2,2,646,0.8999999761581421
1mnp63k,0.035,0.157,0.204,0.617,0.179,-0.1027,12,11.20814326018867,0,0,0,0,0,0,0,0,0,0,0,0,0,0,0,0,0,0,0,0,0,1,0,0,0,0,1,0,0,0,0,0,0,0,0,0,0,0,0,0,0,0,2,3,0,0,0,0,0,1,1.0
1mnp8ju,0.053,0.218,0.1,0.817,0.084,-0.9522,556,14.276558368476785,2,15,0,7,0,0,0,0,0,0,0,0,0,0,0,6,0,0,0,0,0,5,3,0,14,22,18,0,0,0,1,0,1,0,0,1,0,0,0,3,0,0,68,26,2,2,5,1,1,0,0.4399999976158142
1mnplvq,0.084,0.043,0.0,1.0,0.0,0.0,5,8.841846274778883,0,0,0,0,0,0,0,0,0,0,0,0,0,0,0,0,0,0,0,0,0,0,0,0,0,0,1,0,0,0,0,0,0,0,0,0,0,0,0,0,0,0,0,0,0,0,0,0,0,1,1.0
1mnpm3n,0.065,0.921,0.0,1.0,0.0,0.0,7,8.841846274778883,0,0,1,0,0,0,0,0,0,0,0,0,0,0,0,0,0,0,0,0,0,0,0,0,0,0,2,0,0,0,0,0,0,0,0,0,0,0,0,0,0,0,1,2,0,0,0,0,0,1,1.0
1mnpofk,0.053,0.401,0.172,0.658,0.17,0.33,229,11.003577315987393,1,16,0,10,0,1,0,0,0,0,0,0,0,0,3,3,0,0,0,0,1,0,22,1,1,7,11,0,1,0,4,0,0,0,0,0,0,1,0,0,0,0,2,15,5,0,5,2,0,0,0.1899999976158142
1mnprxk,0.045,0.472,0.08,0.733,0.188,0.9463,108,11.491704259439757,2,8,0,2,0,0,0,0,0,0,0,0,0,0,0,3,0,0,0,0,0,0,12,0,0,3,7,0,0,1,1,1,0,0,0,2,0,0,2,0,0,0,3,14,4,0,1,0,0,43,0.7099999785423279
1mnps27,0.052,0.034,0.0,0.865,0.135,0.9359,125,18.243605946275583,5,10,0,2,0,0,0,0,0,0,0,0,0,0,0,2,0,0,0,0,0,0,1,0,2,2,0,0,0,0,0,0,0,0,0,0,0,0,1,0,0,0,5,20,4,3,2,0,0,0,0.4099999964237213
1mnqm3o,0.044,0.255,0.156,0.733,0.111,-0.9664,313,13.023866798666859,1,16,0,3,0,1,0,0,0,0,0,0,0,0,0,4,0,0,0,0,0,0,1,0,4,7,13,0,1,0,1,0,0,0,0,0,0,0,0,0,0,0,29,26,3,1,7,1,1,0,0.3199999928474426
1mnqsng,0.032,0.397,0.142,0.749,0.109,-0.9895,831,10.725368477522942,5,49,0,23,0,1,0,0,0,0,0,0,0,0,5,7,0,0,0,0,0,6,0,32,6,48,37,0,0,2,0,2,0,0,0,0,0,0,0,3,0,0,23,35,2,6,14,3,4,0,0.25
1mnqt4p,0.023,0.023,0.0,0.778,0.222,0.5719,14,11.20814326018867,1,0,0,0,0,0,0,0,0,0,0,0,0,0,0,0,0,0,0,0,0,0,0,0,0,1,1,0,0,0,0,0,0,0,0,0,0,0,0,0,0,0,1,1,0,0,0,0,0,1,1.0
1mnqv0f,0.056,0.082,0.0,1.0,0.0,0.0,10,3.1291,0,0,0,0,0,0,0,0,0,0,0,0,0,0,0,0,0,0,0,0,0,0,0,0,0,0,0,0,0,0,0,0,0,0,0,0,0,0,0,0,0,0,0,4,0,0,0,0,0,1,1.0
1mnqv84,0.024,0.018,0.06,0.751,0.189,0.9661,140,16.52667757954773,2,3,0,1,0,0,0,0,0,0,0,0,0,0,1,0,0,0,0,0,0,0,4,0,3,8,5,0,0,0,2,0,1,0,0,0,0,0,0,0,0,0,3,15,0,1,0,2,0,73,0.8100000023841858
1mnr0lo,0.038,0.114,0.0,1.0,0.0,0.0,17,3.1291,0,0,0,0,0,0,0,0,0,0,0,0,0,0,0,0,0,0,0,0,0,2,0,0,0,1,0,0,0,0,0,0,0,0,0,0,0,0,1,0,0,0,2,2,0,0,0,0,0,1,1.0
1mnr0mj,0.062,0.201,0.0,0.805,0.195,0.4404,13,8.841846274778883,0,0,0,1,0,0,0,0,0,0,0,0,0,0,0,0,0,0,0,0,0,0,0,0,0,1,1,0,0,0,0,0,0,0,0,0,0,0,0,0,0,0,2,3,0,0,1,0,0,1,1.0
1mnr2k8,0.02,0.063,0.042,0.83,0.128,0.9832,318,13.160352788161607,3,19,0,5,0,3,0,0,0,0,0,0,0,0,1,5,0,0,0,0,1,3,17,1,1,11,10,0,1,0,3,0,0,0,0,0,0,0,1,3,0,0,7,24,4,1,2,1,0,218,0.8700000047683716
1mnr965,0.031,0.177,0.168,0.683,0.149,-0.0772,13,15.903189008614273,0,0,0,0,0,0,0,0,0,0,0,0,0,0,0,0,0,0,0,0,0,0,0,0,0,0,1,0,0,0,0,0,0,0,0,0,0,0,1,0,0,0,0,2,1,0,0,0,0,1,1.0
1mnrjdy,0.253,0.112,0.105,0.782,0.114,0.7431,435,12.096993983539278,2,24,1,7,0,0,0,0,0,0,0,0,0,0,8,1,0,0,0,0,0,10,2,0,19,12,21,0,0,0,0,0,0,0,0,1,0,0,1,2,0,0,14,21,0,0,5,1,0,0,0.44999998807907104
1mns08f,0.246,0.034,0.0,0.861,0.139,0.2732,14,13.023866798666859,1,0,0,0,0,0,0,0,0,0,0,0,0,0,0,0,0,0,0,0,0,0,0,0,0,0,1,0,0,0,0,0,0,0,0,0,0,0,0,0,0,0,1,3,0,0,1,0,0,1,1.0
1mnsb7d,0.055,0.476,0.279,0.721,0.0,-0.4767,9,8.841846274778883,0,0,0,0,0,0,0,0,0,0,0,0,0,0,0,0,0,0,0,0,0,0,0,0,0,0,1,0,0,0,0,0,0,0,0,0,0,0,0,0,0,0,2,1,0,0,0,0,0,1,1.0
1mnsns0,0.019,0.075,0.368,0.632,0.0,-0.5423,7,8.841846274778883,0,0,0,1,0,0,0,0,0,0,0,0,0,0,0,0,0,0,0,0,0,0,0,0,0,1,0,0,0,0,0,0,0,0,0,0,0,0,0,0,0,0,1,0,0,0,0,0,0,1,1.0
1mnsqze,0.031,0.274,0.124,0.76,0.115,0.6232,545,11.144777236671896,6,44,0,12,1,2,0,0,0,1,0,0,0,0,5,4,0,0,0,0,0,2,11,28,17,25,33,1,0,0,1,0,1,0,0,1,0,0,5,2,0,0,16,32,3,2,10,0,5,0,0.27000001072883606
1mnszhu,0.067,0.427,0.205,0.658,0.137,-0.9235,117,9.888512548439397,4,8,2,2,0,0,0,0,0,0,0,0,0,0,0,0,0,0,0,0,0,2,1,5,7,5,7,0,0,1,1,0,0,0,0,0,0,0,0,1,0,0,0,11,1,2,7,1,0,0,0.05000000074505806
1mnt4py,0.022,0.014,0.0,1.0,0.0,0.0,4,3.1291,0,0,0,0,0,0,0,0,0,0,0,0,0,0,0,0,0,0,0,0,0,0,0,0,0,0,0,0,0,0,0,0,0,0,0,0,0,0,0,0,0,0,0,1,0,0,0,0,0,1,1.0
1mnt7qq,0.054,0.378,0.027,0.931,0.042,0.1779,104,10.355215969177355,1,4,0,0,0,0,0,0,0,0,0,0,0,0,0,0,0,0,0,0,0,0,2,1,7,2,3,0,0,0,0,0,0,0,0,1,0,0,0,1,0,0,9,13,1,1,2,0,0,0,0.23000000417232513
1mnu4rv,0.05,0.32,0.086,0.852,0.062,-0.5651,217,10.63711953065702,9,26,0,9,0,0,0,0,0,0,0,0,1,0,0,2,0,0,0,0,1,0,12,0,1,4,7,0,0,0,0,0,0,0,0,1,0,0,0,0,0,0,11,18,2,5,1,1,1,0,0.1899999976158142
1mnu7wh,0.018,0.186,0.032,0.869,0.099,0.9135,203,10.290406445055957,1,17,0,7,0,0,0,0,0,0,0,0,0,0,1,4,0,0,0,0,0,0,11,5,6,4,4,0,0,1,1,0,0,0,0,0,0,0,2,1,0,0,1,21,3,0,3,2,0,206,0.8899999856948853
1mnucxh,0.041,0.03,0.052,0.845,0.103,0.797,194,14.554592549557764,1,11,0,4,0,0,0,0,0,0,0,0,0,0,0,3,0,0,0,0,0,2,6,1,1,4,9,0,0,0,3,0,0,0,0,0,0,0,1,2,0,0,9,15,2,0,5,1,0,0,0.20999999344348907
1mnupgf,0.123,0.343,0.0,1.0,0.0,0.0,8,3.1291,1,0,0,1,0,0,0,0,0,0,0,0,0,0,0,0,0,0,0,0,0,0,0,0,0,0,0,0,0,0,0,0,0,0,0,0,0,0,0,0,0,0,0,0,0,0,1,0,0,1,1.0
1mnuucj,0.072,0.301,0.0,1.0,0.0,0.0,11,3.1291,0,0,0,0,0,0,0,0,0,0,0,0,0,0,0,0,0,0,0,0,0,0,0,0,0,0,0,0,0,0,0,0,0,0,0,0,0,0,0,0,0,0,0,0,0,0,0,0,0,1,1.0
1mnuvu2,0.223,0.396,0.094,0.745,0.16,0.8127,120,9.236282656511921,0,5,1,3,0,2,0,0,0,0,0,0,0,0,2,0,0,0,0,0,0,1,0,5,1,2,5,0,0,0,0,0,0,0,0,0,0,0,0,2,0,0,1,10,2,0,2,0,0,0,0.18000000715255737
1mnuygt,0.024,0.032,0.107,0.893,0.0,-0.0191,10,3.1291,0,0,0,1,0,0,0,0,0,0,0,0,0,0,0,0,0,0,0,0,0,0,0,0,0,0,0,0,0,0,0,0,0,0,0,0,0,0,0,0,0,0,1,1,0,0,0,0,0,1,1.0
1mnv1gw,0.03,0.046,0.152,0.848,0.0,-0.0191,7,3.1291,0,0,0,1,0,0,0,0,0,0,0,0,0,0,0,0,0,0,0,0,0,0,0,0,0,0,0,0,0,0,0,0,0,0,0,0,0,0,0,0,0,0,0,0,0,0,0,0,0,1,1.0
1mnv34g,0.041,0.112,0.071,0.778,0.151,0.8202,115,10.504223727775692,2,6,0,3,0,2,0,0,0,0,0,0,1,0,0,1,0,0,0,0,0,0,8,0,2,4,4,0,0,0,1,0,0,0,0,4,0,0,0,1,0,0,5,14,1,0,2,0,1,0,0.4399999976158142
1mnvfjf,0.037,0.199,0.056,0.876,0.069,0.782,341,10.472087959537523,4,29,0,9,0,0,0,0,0,0,0,0,3,0,1,1,0,0,0,0,0,9,4,0,18,14,9,0,0,2,3,0,1,0,0,0,0,0,3,4,0,0,13,23,3,1,2,4,0,0,0.23000000417232513
1mnvukr,0.033,0.257,0.173,0.791,0.036,-0.9871,240,7.492282038375204,4,25,0,6,0,0,0,0,0,0,0,0,0,0,2,3,0,0,0,0,0,1,9,6,4,3,15,0,0,1,3,0,0,0,0,0,0,0,3,4,0,0,1,22,5,1,5,3,2,0,0.25
1mnw0ju,0.292,0.473,0.027,0.898,0.076,0.6559,124,9.725611199111238,0,8,1,4,0,1,0,0,0,0,0,0,0,0,0,1,0,0,0,0,0,5,7,0,3,6,4,0,0,0,1,0,0,0,0,0,0,0,0,0,0,0,6,13,1,0,3,2,0,0,0.25
1mnwd6e,0.027,0.52,0.0,0.85,0.15,0.4588,18,14.554592549557764,1,0,0,1,0,0,0,0,0,0,0,0,0,0,0,0,0,0,0,0,0,0,0,0,0,1,1,0,0,0,0,0,0,0,0,0,0,0,0,0,0,0,0,5,0,0,1,0,0,1,1.0
1mnwfq4,0.024,0.093,0.15,0.5,0.35,0.4588,7,11.20814326018867,0,0,0,0,0,0,0,0,0,0,0,0,0,0,0,0,0,0,0,0,0,0,0,0,0,1,2,0,0,0,0,0,0,0,0,0,0,0,0,0,0,0,0,2,0,0,0,0,0,1,1.0
1mnwtmp,0.044,0.103,0.187,0.708,0.105,-0.9345,150,12.745084868956482,1,14,2,7,0,0,0,0,0,0,0,0,0,0,0,0,0,1,1,0,0,0,6,7,0,8,11,0,0,0,0,0,0,0,0,0,0,0,1,0,0,0,4,19,3,0,9,1,1,0,0.36000001430511475
1mnx51t,0.104,0.154,0.032,0.848,0.12,0.9848,267,10.934197308810441,2,15,0,10,0,1,0,0,0,0,0,0,0,0,3,3,0,0,0,0,1,7,15,2,5,9,9,0,0,0,2,0,0,0,0,0,0,0,0,6,0,0,1,21,2,1,3,4,2,0,0.36000001430511475
1mnxsfn,0.119,0.183,0.0,1.0,0.0,0.0,8,3.1291,0,1,0,0,0,0,0,0,0,0,0,0,0,0,0,0,0,0,0,0,0,0,0,0,0,0,0,0,0,0,0,0,0,0,0,0,0,0,0,0,0,0,0,0,0,0,0,0,0,1,1.0
1mny037,0.115,0.255,0.106,0.727,0.167,0.9853,385,9.095868883498916,0,17,0,18,0,0,0,0,0,0,0,0,0,1,4,2,0,0,1,0,0,0,2,38,36,14,21,0,0,0,0,1,0,0,0,0,1,0,0,1,0,0,4,17,2,3,12,0,1,0,0.11999999731779099
1mnyi5h,0.035,0.072,0.0,1.0,0.0,0.0,7,8.841846274778883,0,0,0,0,0,0,0,0,0,0,0,0,0,0,0,0,0,0,0,0,0,0,0,0,0,0,1,0,0,0,0,0,0,0,0,0,0,0,0,0,0,0,0,2,0,0,0,0,0,1,1.0
1mnyise,0.034,0.188,0.057,0.81,0.132,0.9442,215,15.742502247213078,1,3,0,1,0,0,0,0,0,0,0,0,0,0,0,0,0,0,0,0,0,0,0,1,7,15,12,0,0,0,0,0,0,0,0,0,0,0,0,0,0,0,15,17,2,2,3,0,1,1672,0.8899999856948853
1mo05iu,0.133,0.304,0.299,0.664,0.036,-0.993,134,18.243605946275583,2,6,0,3,0,0,0,0,0,0,0,0,0,0,1,2,0,0,0,0,0,0,7,0,1,2,11,0,1,0,4,0,0,0,0,0,0,0,0,1,0,0,7,16,1,1,3,2,0,0,0.33000001311302185
1mo0nxl,0.125,0.265,0.311,0.634,0.055,-0.9979,232,15.903189008614273,3,11,0,6,0,0,0,0,0,0,0,0,0,0,3,3,0,0,0,0,0,0,10,2,1,4,20,0,0,1,3,0,0,0,0,1,0,0,0,1,0,0,7,20,2,3,5,0,1,0,0.3799999952316284
1mo164f,0.095,0.602,0.081,0.735,0.183,0.98,217,11.741389052700956,6,15,0,7,0,1,0,0,0,0,0,0,0,0,2,3,0,0,0,0,0,2,5,5,5,14,7,1,0,0,1,0,1,0,0,0,0,0,0,1,0,0,2,26,4,1,7,0,0,0,0.3499999940395355
1mo17cc,0.041,0.042,0.081,0.83,0.089,0.6488,375,11.886574207783884,2,10,0,4,0,1,0,0,0,0,0,0,0,0,2,3,0,0,0,0,0,0,4,1,4,16,19,0,0,0,0,0,0,0,0,2,0,0,0,7,0,0,17,25,3,1,15,0,0,0,0.25999999046325684
1mo1h07,0.016,0.113,0.14,0.811,0.05,-0.4588,20,8.841846274778883,0,3,0,1,0,0,0,0,0,0,0,0,0,0,0,0,0,0,0,0,0,0,0,2,0,0,1,0,0,0,0,0,0,0,0,0,0,0,0,0,0,0,0,2,0,1,0,0,0,1,1.0
1mo1l1i,0.02,0.086,0.126,0.768,0.106,-0.6168,175,10.727762888450027,0,5,0,8,0,0,0,0,0,0,0,0,0,0,1,0,0,0,0,0,0,0,6,0,10,7,3,0,0,0,0,1,0,0,0,0,0,0,0,0,0,0,17,18,2,0,1,0,0,0,0.27000001072883606
1mo28lk,0.024,0.088,0.124,0.835,0.041,-0.9856,308,10.451354775682146,5,32,0,8,0,0,0,0,0,0,0,0,0,0,0,5,0,0,0,0,0,3,19,8,1,6,14,0,0,0,1,0,0,0,0,0,0,0,2,3,0,0,10,23,4,3,6,2,0,0,0.4000000059604645
1mo2kpe,0.013,0.018,0.0,0.611,0.389,0.624,10,11.20814326018867,0,0,0,0,0,0,0,0,0,0,0,0,0,0,0,0,0,0,0,0,0,0,0,0,0,2,0,0,0,0,0,0,0,0,0,0,0,0,1,1,0,0,0,4,1,0,0,0,0,1,1.0
1mo2x48,0.039,0.132,0.088,0.813,0.099,0.1927,515,14.088047467708748,3,28,0,10,0,1,0,0,0,0,0,0,0,0,0,4,0,0,0,0,0,0,19,2,5,14,16,0,1,0,2,0,0,0,0,2,0,0,0,1,0,0,40,32,3,6,8,3,3,307,0.8100000023841858
1mo2xu8,0.015,0.132,0.295,0.492,0.213,-0.4588,16,14.554592549557764,0,0,0,0,0,0,0,0,0,0,0,0,0,0,0,0,0,0,0,0,0,0,0,0,1,2,1,0,0,0,0,0,0,0,0,0,0,0,0,0,0,0,0,0,0,1,0,0,0,1,1.0
1mo2zza,0.025,0.031,0.193,0.807,0.0,-0.4767,14,11.20814326018867,0,0,0,0,0,0,0,0,0,0,0,0,0,0,0,0,0,0,0,0,0,0,1,0,0,1,1,0,0,0,0,0,0,0,0,1,0,0,0,0,0,0,0,3,0,0,0,0,0,1,1.0
1mo31v2,0.216,0.471,0.042,0.8,0.158,0.9834,222,11.979248473330827,3,17,0,9,0,0,0,0,0,0,0,0,0,0,0,4,0,0,0,0,0,0,16,4,10,7,3,0,3,0,6,0,0,0,0,0,0,0,1,1,0,0,1,17,4,0,4,5,1,556,0.6200000047683716
1mo34de,0.206,0.15,0.187,0.813,0.0,-0.7845,32,14.554592549557764,0,0,0,0,0,0,0,0,0,0,0,0,0,0,0,0,0,0,0,0,0,0,0,0,0,1,0,0,0,0,0,0,0,0,0,0,0,0,0,0,0,0,4,7,0,0,1,0,0,1,1.0
1mo34hu,0.049,0.019,0.04,0.894,0.066,0.8442,289,13.44872652322977,9,5,0,2,0,2,0,0,0,0,0,0,0,0,2,0,0,0,0,0,0,1,3,1,2,7,7,0,0,0,0,1,0,0,0,1,0,0,0,1,0,0,10,23,2,7,8,0,0,0,0.47999998927116394
1mo39f6,0.026,0.112,0.195,0.531,0.274,0.2263,8,3.1291,0,0,0,0,0,0,0,0,0,0,0,0,0,0,0,0,0,0,0,0,0,0,1,0,0,0,1,0,0,0,0,0,0,0,0,0,0,0,0,0,0,0,1,0,0,0,0,0,0,1,1.0
1mo3e9l,0.056,0.047,0.0,0.796,0.204,0.6249,17,8.841846274778883,0,1,0,0,0,0,0,0,0,0,0,0,0,0,1,0,0,0,0,0,0,0,0,0,0,2,0,0,0,0,0,0,0,0,0,0,0,0,0,0,0,0,1,2,1,0,0,0,0,1,1.0
1mo3hyc,0.295,0.203,0.035,0.779,0.187,0.9883,204,14.554592549557764,2,8,0,1,0,0,0,0,0,0,0,0,0,0,2,1,0,0,0,0,0,2,0,0,4,8,2,0,0,0,0,1,0,0,0,1,0,0,1,0,0,0,4,20,0,0,1,0,0,0,0.20999999344348907
1mo3p58,0.018,0.204,0.0,1.0,0.0,0.0,11,11.20814326018867,0,0,0,0,0,0,0,0,0,0,0,0,0,0,0,0,0,0,0,0,0,0,0,1,0,0,1,0,0,0,0,0,0,0,0,0,0,0,0,0,0,0,0,1,0,0,0,0,0,1,1.0
1mo4gur,0.047,0.109,0.0,1.0,0.0,0.0,8,8.841846274778883,0,0,0,1,0,0,0,0,0,0,0,0,0,0,0,0,0,0,0,0,0,0,0,0,0,0,0,0,0,0,0,0,0,0,0,0,0,0,0,0,0,0,2,0,0,0,0,0,0,1,1.0
1mo4q5u,0.04,0.041,0.121,0.606,0.273,0.4585,15,3.1291,0,0,0,3,0,0,0,0,0,0,0,0,0,0,0,0,0,0,0,0,0,0,0,0,0,2,2,0,0,0,0,0,0,0,0,0,0,0,0,0,0,0,0,3,0,0,0,0,0,1,1.0
1mo5fec,0.484,0.321,0.099,0.793,0.108,0.3787,151,11.20814326018867,2,10,0,7,0,0,1,0,0,0,0,0,1,0,0,2,0,0,0,0,0,2,8,0,3,6,5,0,0,0,0,0,0,0,0,0,0,0,0,0,0,0,4,13,2,2,5,1,0,0,0.10999999940395355
1mo5muc,0.191,0.1,0.114,0.826,0.06,-0.9836,448,13.023866798666859,3,31,0,7,0,0,0,0,0,0,0,0,0,0,0,2,0,0,0,0,0,3,6,0,7,6,12,1,0,0,0,0,0,0,0,0,0,0,2,3,0,0,26,18,5,6,9,0,0,10,0.5600000023841858
1mo5pq8,0.053,0.144,0.147,0.752,0.102,-0.296,22,14.554592549557764,0,2,0,0,0,0,0,0,0,0,0,0,0,0,0,0,0,0,0,0,0,0,1,0,0,1,1,0,0,0,0,0,0,0,0,0,0,0,0,0,0,0,0,3,0,0,0,0,0,1,1.0
1mo5yvg,0.034,0.064,0.097,0.819,0.084,-0.8624,378,11.807384569943707,4,22,0,12,0,1,0,0,0,0,0,0,0,0,2,4,0,0,0,0,0,0,25,10,7,12,10,0,1,2,3,0,0,0,0,1,0,0,2,2,0,0,11,23,3,2,5,2,1,60,0.7900000214576721
1mo60dy,0.018,0.05,0.0,0.769,0.231,0.6249,19,14.554592549557764,1,0,0,0,0,0,0,0,0,0,0,0,0,0,0,1,0,0,0,0,0,0,0,0,0,0,0,0,0,0,0,0,0,0,0,0,0,0,0,0,0,0,0,5,0,1,0,0,0,1,1.0
1mo62yb,0.085,0.097,0.078,0.836,0.086,-0.3845,290,14.638296910706313,2,10,0,4,0,1,0,0,0,0,0,0,0,0,1,2,0,0,0,0,0,3,4,1,1,10,12,0,0,0,1,0,0,0,0,5,0,0,0,1,0,0,19,24,2,2,1,1,1,0,0.3799999952316284
1mo64pw,0.065,0.075,0.126,0.772,0.102,-0.7826,142,14.191785591663535,1,7,0,3,0,0,0,0,0,0,0,0,0,0,3,1,0,0,0,0,1,0,4,1,0,3,10,0,0,0,0,0,0,0,0,0,0,0,0,1,0,0,3,21,1,1,2,1,0,0,0.14000000059604645
1mo65ng,0.037,0.033,0.121,0.798,0.081,-0.9548,249,12.340626583579944,7,7,0,1,0,0,0,0,0,0,0,0,0,0,1,1,0,0,0,0,0,1,0,0,2,10,10,0,0,0,0,0,0,0,0,0,0,0,0,1,0,0,8,25,3,0,10,0,0,0,0.41999998688697815
1mo6sq9,0.045,0.52,0.106,0.83,0.064,-0.849,310,10.718039707386858,4,23,4,2,0,0,0,0,0,0,0,0,0,1,3,1,0,0,0,0,0,0,13,3,8,11,18,0,1,2,1,0,0,0,0,2,0,0,3,5,0,0,3,25,6,1,2,3,0,0,0.41999998688697815
1mo718f,0.097,0.045,0.085,0.816,0.099,0.7602,353,9.971965246562196,6,16,1,7,0,1,0,0,0,1,0,0,0,0,4,2,0,0,0,1,0,2,32,0,12,17,18,0,0,0,1,0,1,0,0,3,0,0,3,2,0,0,9,29,7,1,7,0,1,1,1.0
1mo71rp,0.029,0.054,0.035,0.819,0.146,0.9842,231,10.125756701596842,5,15,0,6,0,0,0,0,0,0,0,0,0,0,1,2,0,0,0,0,0,1,19,0,2,8,4,0,1,3,3,0,0,0,0,0,0,0,2,1,0,0,12,18,3,2,5,3,0,1,0.5600000023841858
1mo72rg,0.035,0.394,0.407,0.362,0.231,-0.449,6,8.841846274778883,0,0,0,1,0,0,0,0,0,0,0,0,0,0,0,0,0,0,0,0,0,0,0,0,0,2,0,0,0,0,0,0,0,0,0,0,0,0,0,0,0,0,0,0,0,0,0,0,0,1,1.0
1mo760n,0.024,0.685,0.355,0.645,0.0,-0.5106,7,8.841846274778883,0,0,0,0,0,0,0,0,0,0,0,0,0,0,0,0,0,0,0,0,0,0,0,0,0,0,1,0,0,0,0,0,0,0,0,0,0,0,0,0,0,0,2,1,1,0,0,0,0,1,1.0
1mo790t,0.081,0.185,0.101,0.807,0.092,-0.5843,400,9.851270322608155,7,17,1,7,0,1,0,0,0,1,0,0,0,0,4,2,0,0,0,1,0,3,33,1,17,20,22,0,0,0,1,0,1,0,0,3,0,0,3,2,0,0,9,30,7,1,7,0,1,0,0.07000000029802322
1mo7afx,0.048,0.523,0.107,0.829,0.064,-0.8596,310,10.843485225782072,4,23,4,2,0,0,0,0,0,0,0,0,0,1,3,1,0,0,0,0,0,0,13,3,8,11,18,0,1,2,1,0,0,0,0,2,0,0,3,5,0,0,3,25,6,1,2,3,0,0,0.20999999344348907
1mo7vqc,0.067,0.058,0.053,0.899,0.047,-0.1548,95,12.457975602129121,1,8,0,0,0,0,0,0,0,0,0,0,0,0,0,3,0,0,0,0,0,2,0,0,1,3,5,0,0,0,0,0,0,0,0,0,0,0,1,0,0,0,4,16,1,2,1,0,0,0,0.5
1mo8a1d,0.331,0.388,0.04,0.881,0.079,0.7685,111,12.457975602129121,0,6,0,4,0,0,0,0,0,0,0,0,0,0,0,1,0,0,0,0,0,3,2,0,3,4,2,0,0,0,0,0,1,0,0,0,0,0,0,1,0,0,4,11,1,2,2,0,1,0,0.4699999988079071
1mo8qih,0.036,0.557,0.058,0.825,0.117,0.875,135,12.261556223090622,3,13,0,6,0,1,0,0,0,0,0,0,0,0,1,2,0,0,0,0,0,3,5,0,1,3,8,0,0,1,0,0,0,0,0,0,0,0,0,0,0,0,1,14,2,0,3,5,1,0,0.28999999165534973
1mo8vca,0.043,0.045,0.0,0.769,0.231,0.2732,8,8.841846274778883,0,0,0,1,0,0,0,0,0,0,0,0,0,0,0,0,0,0,0,0,0,0,0,0,0,0,1,0,0,0,0,0,0,0,0,0,0,0,0,0,0,0,1,2,0,0,0,0,0,1,1.0
1mo8wwd,0.162,0.113,0.098,0.856,0.046,-0.3563,98,13.662883650711645,2,4,0,3,0,0,0,0,0,0,0,0,0,0,0,1,0,0,0,0,0,0,0,0,6,1,4,0,0,0,0,0,0,0,0,0,0,0,0,0,0,0,3,9,1,1,7,0,0,0,0.17000000178813934
1mo8zcc,0.02,0.024,0.0,1.0,0.0,0.0,9,13.023866798666859,0,0,0,1,0,0,0,0,0,0,0,0,0,0,0,0,0,0,0,0,0,0,0,0,0,1,0,0,0,0,0,0,0,0,0,0,0,0,0,0,0,0,1,1,0,1,1,0,0,1,1.0
1mo96ju,0.085,0.1,0.097,0.903,0.0,-0.9034,107,8.167268648758528,4,8,0,3,0,0,0,0,0,0,0,0,0,0,0,0,0,0,0,0,0,0,3,3,1,0,6,0,0,0,1,0,0,0,0,0,0,0,1,0,0,0,0,10,1,2,4,1,1,0,0.17000000178813934
1mo9i9f,0.018,0.061,0.106,0.842,0.052,-0.9766,540,14.790194502661404,12,74,0,11,0,0,0,0,0,0,0,0,0,0,7,2,0,0,0,0,0,2,12,15,12,17,28,0,0,1,3,0,0,0,0,0,0,0,0,0,0,0,4,28,4,4,12,3,0,4,0.5600000023841858
1moa0qx,0.105,0.206,0.079,0.82,0.101,0.3646,186,13.227904075235838,0,7,1,2,0,2,0,0,0,0,0,0,0,0,0,0,0,0,0,0,0,3,3,0,0,5,9,0,0,0,1,1,0,0,0,0,0,0,0,1,0,0,15,16,1,2,0,1,0,0,0.15000000596046448
1moatb0,0.039,0.77,0.0,1.0,0.0,0.0,7,3.1291,0,0,0,0,0,0,0,0,0,0,0,0,0,0,0,0,0,0,0,0,0,0,0,0,0,0,0,0,0,0,0,0,0,0,0,0,0,0,0,0,0,0,0,1,0,0,0,0,0,1,1.0
1moazmb,0.022,0.243,0.0,1.0,0.0,0.0,10,8.841846274778883,0,0,0,1,0,0,0,0,0,0,0,0,0,0,0,0,0,0,0,0,0,0,0,0,0,0,1,0,0,0,0,0,0,0,0,1,0,0,0,0,0,0,0,2,0,0,0,0,0,1,1.0
1mob8kg,0.047,0.132,0.179,0.781,0.04,-0.9844,189,13.925175675911131,0,11,0,3,0,0,0,0,0,0,0,0,1,0,0,4,0,0,0,0,0,1,2,2,8,8,4,0,0,0,2,0,0,0,0,0,0,0,0,0,0,0,22,13,2,0,1,1,0,0,0.27000001072883606
1mob8mb,0.047,0.077,0.255,0.745,0.0,-0.7579,21,8.841846274778883,0,1,0,0,0,1,0,0,0,0,0,0,0,0,0,0,0,0,0,0,0,0,1,0,2,0,2,0,0,0,0,0,0,0,0,1,0,0,0,0,0,0,0,4,0,0,0,0,0,1,1.0
1mobaid,0.047,0.077,0.255,0.745,0.0,-0.7579,21,8.841846274778883,0,1,0,0,0,1,0,0,0,0,0,0,0,0,0,0,0,0,0,0,0,0,1,0,2,0,2,0,0,0,0,0,0,0,0,1,0,0,0,0,0,0,0,4,0,0,0,0,0,1,1.0
1mobldf,0.066,0.047,0.092,0.787,0.121,0.7982,206,11.20814326018867,5,13,0,4,0,0,0,0,0,0,0,0,0,0,3,2,0,0,0,0,0,0,3,4,2,10,5,1,0,1,1,1,0,0,0,1,0,0,1,0,0,0,3,26,2,3,3,0,0,462,0.7099999785423279
1mobpav,0.03,0.024,0.219,0.781,0.0,-0.4939,17,11.20814326018867,0,2,0,0,0,0,0,0,0,0,0,0,0,0,0,0,0,0,0,0,0,1,0,0,0,0,0,0,0,0,0,0,0,0,0,1,0,0,0,0,0,0,0,3,0,0,0,0,0,1,1.0
1mobswc,0.114,0.183,0.071,0.828,0.101,0.9359,475,13.981356848031755,5,29,0,6,0,0,0,0,0,0,0,0,0,0,2,2,0,0,0,0,0,0,7,2,13,21,12,1,0,0,1,0,1,1,0,0,0,0,0,2,0,0,27,28,2,5,7,2,0,0,0.3499999940395355
1mobud2,0.035,0.313,0.355,0.645,0.0,-0.8501,17,8.841846274778883,0,0,0,1,0,0,0,0,0,0,0,0,0,0,0,0,0,0,0,0,0,0,0,2,0,1,1,0,0,0,0,0,1,0,0,1,0,0,0,0,0,0,1,4,0,0,0,0,0,1,1.0
1mocm4m,0.05,0.024,0.0,1.0,0.0,0.0,10,8.841846274778883,0,1,0,0,0,0,0,0,0,0,0,0,0,0,0,0,0,0,0,0,0,1,0,0,0,0,0,0,0,0,0,0,0,0,0,0,0,0,0,0,0,0,0,0,0,0,0,0,0,1,1.0
1mocvz9,0.018,0.018,0.0,0.833,0.167,0.3818,14,14.554592549557764,0,0,0,0,0,0,0,0,0,0,0,0,0,0,0,0,0,0,0,0,0,0,0,0,0,0,0,0,0,0,0,0,0,0,0,0,0,0,0,0,0,0,0,1,0,0,1,0,0,1,1.0
1modkbb,0.055,0.071,0.115,0.841,0.044,-0.9451,204,15.381575749822971,5,11,0,7,0,0,0,0,0,0,0,0,0,0,0,5,0,0,0,0,0,0,5,0,8,2,5,0,0,1,1,0,1,0,0,3,0,0,0,1,0,0,7,17,5,0,7,1,0,79,0.6499999761581421
1moduc8,0.036,0.196,0.0,1.0,0.0,0.0,17,13.023866798666859,0,0,0,1,0,0,0,0,0,0,0,0,0,0,0,0,0,0,0,0,0,0,0,0,0,0,0,0,0,0,0,0,0,0,0,0,0,0,0,0,0,0,2,2,0,0,0,0,0,1,1.0
1moe8sr,0.035,0.255,0.118,0.711,0.171,0.4588,31,14.554592549557764,0,1,0,1,0,0,0,0,0,0,0,0,0,0,0,0,0,0,0,0,0,0,0,0,0,0,1,0,0,0,0,0,0,0,0,0,0,0,0,0,0,0,0,6,0,1,0,0,0,1,1.0
1moekeu,0.047,0.406,0.148,0.738,0.114,-0.9942,1134,13.076082289451744,6,72,6,15,0,2,0,0,0,0,0,0,0,0,8,4,0,0,0,0,0,15,13,16,41,61,79,1,1,0,2,2,0,0,0,1,0,0,5,5,0,0,56,46,6,12,6,3,1,69,0.6299999952316284
1moeuzf,0.058,0.235,0.223,0.707,0.07,-0.9962,304,12.540900571622839,4,24,0,6,0,0,0,0,0,0,0,0,0,0,0,1,0,0,0,0,0,0,11,0,8,10,33,0,0,0,0,0,2,0,0,1,0,0,2,0,0,0,2,28,4,6,5,0,2,0,0.3199999928474426
1mof8al,0.021,0.177,0.252,0.748,0.0,-0.6597,18,13.023866798666859,0,2,0,1,0,0,0,0,0,0,0,0,0,0,0,0,0,0,0,0,0,0,2,1,0,1,2,1,1,0,0,0,0,0,0,0,0,0,0,0,0,0,0,4,0,0,1,0,0,1,1.0
1mog8t6,0.029,0.173,0.078,0.759,0.163,0.9983,931,14.965219502524835,20,50,0,8,0,2,0,0,0,0,0,0,0,0,0,3,0,0,0,0,0,0,12,4,5,39,31,0,0,0,3,1,0,0,0,0,0,0,1,3,0,0,20,33,5,13,17,0,0,0,0.41999998688697815
1mogelf,0.016,0.044,0.162,0.838,0.0,-0.4404,16,14.554592549557764,0,1,0,1,0,0,0,0,0,0,0,0,0,0,0,0,0,0,0,0,0,0,0,1,0,1,0,0,0,0,0,0,0,0,0,1,0,0,0,0,0,0,0,3,0,0,0,0,0,0,0.5
1mogkj0,0.022,0.076,0.06,0.824,0.116,0.9064,196,13.383793397009324,0,10,0,6,0,0,0,0,0,0,1,0,0,0,0,2,0,1,0,0,2,4,6,12,1,7,7,0,1,0,2,0,0,0,0,3,0,0,0,1,0,0,0,18,1,2,2,3,1,61,0.7300000190734863
1mogmwv,0.019,0.041,0.211,0.746,0.043,-0.987,177,17.288020509699884,2,10,0,2,0,0,0,0,0,0,0,0,0,0,1,0,0,0,0,0,0,0,9,0,0,8,13,0,0,1,4,0,0,0,0,0,0,0,0,0,0,0,5,15,0,2,3,2,0,61,0.8899999856948853
1mogri1,0.026,0.139,0.132,0.741,0.127,0.2526,297,14.191785591663535,4,24,0,7,0,0,0,0,0,0,0,0,0,0,1,3,0,0,0,0,0,1,9,0,3,14,19,0,0,1,1,0,2,0,0,1,0,0,0,2,0,0,2,28,3,3,5,3,0,0,0.38999998569488525
1mogum8,0.127,0.129,0.0,1.0,0.0,0.0,11,13.023866798666859,0,0,0,1,0,0,0,0,0,0,0,0,0,0,1,0,0,0,0,0,0,0,0,0,0,0,1,0,0,0,0,0,0,0,0,0,0,0,0,0,0,0,1,2,0,0,0,0,0,1,1.0
1moh7w5,0.206,0.051,0.084,0.797,0.119,0.909,303,8.964715089967882,1,21,0,8,0,0,0,0,0,0,0,0,0,0,0,3,0,0,0,0,0,1,16,0,13,10,10,0,0,1,0,0,0,0,0,1,0,0,1,0,0,0,7,20,2,3,1,0,0,601,0.8799999952316284
1mohh9d,0.048,0.158,0.047,0.86,0.092,0.9327,332,10.864195022040775,8,20,1,9,0,4,0,0,0,0,0,0,1,0,1,3,0,1,0,0,0,4,15,2,4,9,8,0,1,1,2,0,1,0,0,1,0,0,0,3,0,0,10,30,5,1,2,1,2,0,0.30000001192092896
1mohkt2,0.047,0.082,0.137,0.777,0.086,-0.9802,346,21.980200940440234,1,6,0,0,0,0,0,0,0,0,0,0,0,0,0,10,0,0,0,0,0,7,0,0,3,11,13,0,0,0,0,0,0,0,0,0,0,0,0,0,0,0,66,16,1,0,0,0,0,404,0.6600000262260437
1mohwm9,0.055,0.156,0.195,0.651,0.154,-0.1779,13,14.554592549557764,0,1,0,0,0,0,0,0,0,0,0,0,0,0,0,0,0,0,0,0,0,0,0,0,0,0,1,0,0,0,0,0,0,0,0,0,0,0,0,1,0,0,0,3,0,0,0,0,0,1,1.0
1mohzxz,0.085,0.02,0.079,0.855,0.067,-0.2323,149,11.20814326018867,0,11,0,2,0,0,0,0,0,0,0,0,0,0,0,1,0,0,0,0,0,1,0,1,1,3,3,0,0,0,0,0,0,0,0,0,0,0,0,0,0,0,3,15,2,2,3,0,0,0,0.4000000059604645
1moi1qi,0.055,0.331,0.093,0.76,0.148,0.9144,196,11.407655852321103,3,11,0,4,0,1,0,0,0,0,0,0,0,0,1,3,0,0,0,0,0,11,3,0,4,5,7,0,0,0,0,0,2,0,0,2,0,0,0,0,0,0,6,15,2,4,2,1,0,76,0.5699999928474426
1moi2ek,0.025,0.018,0.0,1.0,0.0,0.0,13,14.554592549557764,0,0,0,0,0,0,0,0,0,0,0,0,0,0,0,0,0,0,0,0,0,1,0,0,0,0,0,0,0,0,0,0,0,0,0,0,0,0,0,0,0,0,2,1,0,0,0,0,0,1,1.0
1moi2i1,0.021,0.027,0.136,0.864,0.0,-0.296,15,8.841846274778883,0,1,0,2,0,0,0,0,0,0,0,0,0,0,0,0,0,0,0,0,0,0,0,0,0,0,0,0,0,0,0,0,0,0,0,0,0,0,0,0,0,0,1,3,0,0,0,0,0,1,1.0
1moi8xm,0.079,0.174,0.089,0.75,0.161,0.9761,271,12.635684438814376,4,21,0,6,0,1,0,0,0,0,0,0,0,0,2,3,0,1,0,0,0,0,10,0,10,13,16,0,0,3,2,0,0,0,0,0,0,0,0,3,0,0,1,18,4,2,6,2,3,0,0.12999999523162842
1moifjx,0.138,0.096,0.156,0.802,0.042,-0.9467,116,10.914260884657427,0,5,0,2,0,0,0,0,0,0,0,0,0,0,0,0,0,0,0,0,0,9,0,0,0,3,6,0,0,0,0,0,0,0,0,3,0,0,1,1,0,0,6,10,1,0,1,0,0,480,0.7099999785423279
1moig4e,0.078,0.03,0.0,1.0,0.0,0.0,19,13.023866798666859,0,0,0,0,0,0,0,0,0,0,0,0,0,0,0,0,0,0,0,0,0,0,0,0,0,0,1,0,0,0,0,0,0,0,0,0,0,0,0,0,0,0,0,1,0,0,1,0,0,1,1.0
1moihi2,0.064,0.035,0.0,1.0,0.0,0.0,20,13.023866798666859,0,0,0,0,0,0,0,0,0,0,0,0,0,0,0,0,0,0,0,0,0,0,0,0,0,0,1,0,0,0,0,0,0,0,0,0,0,0,0,0,0,0,0,1,0,0,1,0,0,1,1.0
1moit5b,0.044,0.157,0.195,0.676,0.129,-0.9977,899,14.106358169646779,9,61,0,19,0,0,0,0,0,0,0,0,1,0,4,10,0,0,0,0,0,4,7,8,12,40,67,0,4,0,0,2,0,0,0,1,0,0,1,8,0,0,13,44,2,13,30,3,0,0,0.11999999731779099
1moizua,0.032,0.113,0.0,1.0,0.0,0.0,9,8.841846274778883,0,1,0,1,0,0,0,0,0,0,0,0,0,0,0,0,0,0,0,0,0,0,0,0,0,0,0,0,0,0,0,0,0,0,0,0,0,0,0,0,0,0,0,3,0,0,0,0,0,0,0.5
1mojb1g,0.065,0.035,0.116,0.752,0.132,0.8688,315,13.454273218885966,2,14,0,14,0,0,1,0,0,0,0,0,0,0,0,2,0,0,0,0,0,3,8,1,2,16,11,0,0,0,1,0,0,0,0,0,0,0,1,0,0,0,4,26,1,6,5,1,0,80,0.6700000166893005
1mojd56,0.297,0.127,0.059,0.796,0.145,0.9516,194,13.172668634160413,3,4,0,3,0,0,0,0,0,0,0,0,0,0,0,0,0,0,0,0,0,1,0,0,9,15,8,0,0,0,0,0,0,0,0,0,0,0,0,0,0,0,11,14,3,0,7,1,1,211,0.75
1mojl3h,0.024,0.201,0.13,0.768,0.101,-0.9808,740,15.59284089910409,11,45,0,14,0,2,0,1,0,0,0,0,0,0,0,11,0,0,0,0,1,1,15,7,22,19,37,0,0,2,3,0,0,0,0,4,0,1,0,6,0,0,11,38,5,5,10,1,1,436,0.6299999952316284
1mojr6l,0.028,0.052,0.07,0.836,0.094,0.7651,243,12.745084868956482,1,14,0,8,0,0,0,0,0,0,0,0,0,0,0,3,0,0,0,0,0,0,3,0,1,5,6,0,0,0,0,0,0,0,0,1,0,0,0,2,0,0,8,18,3,5,4,3,1,0,0.4000000059604645
1mojvnb,0.056,0.188,0.06,0.872,0.068,0.5854,411,13.63333581228068,6,20,0,4,0,0,0,0,0,0,0,0,0,0,1,5,0,0,0,0,0,2,7,0,3,6,13,1,0,1,2,0,0,0,0,1,0,0,3,2,0,0,56,27,1,2,7,2,0,0,0.4099999964237213
1mok2as,0.055,0.112,0.178,0.715,0.108,-0.9847,312,14.803905376888956,6,9,0,4,0,0,0,0,0,0,0,0,0,0,0,2,0,0,0,0,0,1,5,1,1,10,16,0,0,0,1,0,0,0,0,0,0,0,0,0,0,0,25,16,2,1,6,0,0,0,0.23000000417232513
1mok9cd,0.233,0.442,0.196,0.685,0.119,-0.9948,498,12.55080252130686,4,28,0,13,0,2,0,0,0,0,0,0,0,0,2,5,0,0,1,1,0,1,8,5,19,20,33,2,1,0,1,0,0,0,0,1,0,0,3,1,0,0,9,37,6,2,4,1,1,113,0.5600000023841858
1mok9hb,0.027,0.025,0.05,0.82,0.131,0.9392,160,15.247664890283005,1,10,0,6,0,0,0,0,0,0,0,0,0,0,0,2,0,0,0,0,0,0,10,0,5,7,4,0,0,0,0,0,0,0,0,0,0,0,1,0,0,0,0,12,2,0,3,2,0,8,0.8299999833106995
1mokpfg,0.04,0.52,0.229,0.556,0.215,-0.0516,10,8.841846274778883,0,0,1,0,0,0,0,0,0,0,0,0,0,0,0,0,0,0,0,0,0,0,0,0,0,1,0,0,0,0,0,0,0,0,0,0,0,0,0,0,0,0,0,1,0,0,0,0,0,1,1.0
1mokpi0,0.033,0.033,0.0,0.707,0.293,0.4404,8,3.1291,0,1,0,0,0,0,0,0,0,0,0,0,0,0,0,0,0,0,0,0,0,0,0,0,0,1,0,0,0,0,0,0,0,0,0,1,0,0,0,0,0,0,0,3,0,0,0,0,0,1,1.0
1mol8e4,0.04,0.283,0.259,0.741,0.0,-0.4215,9,3.1291,0,0,0,0,0,0,0,0,0,0,0,0,0,0,0,0,0,0,0,0,0,0,1,0,0,0,1,0,0,0,0,0,0,0,0,0,0,0,0,0,0,0,0,1,0,0,0,0,1,1,1.0
1molr0y,0.544,0.52,0.128,0.805,0.067,-0.9317,185,16.92669308720184,1,8,2,1,0,0,0,0,0,0,0,0,1,0,1,0,0,0,0,0,0,7,0,1,9,6,9,0,0,0,0,1,0,0,0,0,0,0,0,1,0,0,7,15,2,0,6,0,0,0,0.41999998688697815
1momht6,0.015,0.041,0.0,1.0,0.0,0.0,12,8.841846274778883,0,0,0,0,0,0,0,0,0,0,0,0,0,0,0,0,0,0,0,0,0,0,0,0,0,0,0,0,0,0,0,0,0,0,0,0,0,0,0,1,0,0,1,3,0,0,0,0,0,1,1.0
1momlnc,0.015,0.041,0.0,1.0,0.0,0.0,12,8.841846274778883,0,0,0,0,0,0,0,0,0,0,0,0,0,0,0,0,0,0,0,0,0,0,0,0,0,0,0,0,0,0,0,0,0,0,0,0,0,0,0,1,0,0,1,3,0,0,0,0,0,1,1.0
1momsxv,0.043,0.019,0.0,1.0,0.0,0.0,40,11.20814326018867,1,3,0,1,0,0,0,0,0,0,0,0,0,0,0,0,0,0,0,0,0,0,0,1,0,1,0,0,0,0,0,0,0,0,0,0,0,0,1,0,0,0,1,7,1,2,3,0,0,1,1.0
1monne9,0.019,0.057,0.128,0.598,0.274,0.5279,17,8.841846274778883,0,1,0,0,0,0,0,1,0,0,0,0,0,0,0,0,0,0,0,0,0,0,0,3,0,1,0,0,0,0,0,0,0,0,0,1,0,0,0,0,0,0,1,3,0,0,1,0,0,1,1.0
1monvlc,0.098,0.255,0.192,0.67,0.138,-0.876,170,12.540900571622839,5,10,0,3,0,0,0,0,0,0,0,0,0,0,1,4,0,0,0,0,0,0,3,2,1,7,13,0,0,0,1,0,0,0,0,0,0,0,2,1,0,0,2,22,5,1,3,0,1,28,0.7200000286102295
1moon7y,0.049,0.019,0.021,0.914,0.065,0.7567,160,10.686352973137792,0,6,0,3,0,0,0,0,0,0,0,0,0,0,0,2,0,0,0,0,0,0,3,0,2,7,1,0,0,0,2,1,0,0,0,0,0,0,0,1,0,0,19,15,2,2,2,1,0,114,0.9399999976158142
1mootlk,0.035,0.112,0.055,0.851,0.094,0.6128,98,13.968273953766033,0,3,0,3,0,0,0,0,0,0,0,0,0,0,0,2,0,0,0,0,0,0,0,1,4,6,2,0,0,0,0,0,0,0,0,0,0,0,0,0,0,0,3,13,1,3,2,1,0,0,0.3100000023841858
1mooyx7,0.026,0.219,0.104,0.713,0.183,0.9983,865,18.44649429890437,4,25,0,8,0,1,0,0,0,0,0,0,0,0,0,6,0,0,0,0,0,0,0,0,39,55,46,0,0,0,0,0,0,0,0,0,0,0,0,4,0,0,19,28,3,6,3,1,1,0,0.44999998807907104
1mopa7o,0.093,0.053,0.086,0.849,0.065,-0.7196,221,10.65027996061788,4,13,1,3,0,0,0,0,0,0,0,0,0,0,0,0,0,0,2,0,0,0,3,6,2,4,7,0,0,0,0,0,0,0,0,1,0,0,2,1,0,0,8,14,3,3,8,1,0,0,0.07999999821186066
1moqhsp,0.029,0.044,0.0,1.0,0.0,0.0,15,13.023866798666859,0,0,0,0,0,0,0,0,0,0,0,0,0,0,0,0,0,0,0,0,0,1,0,0,0,0,0,0,0,0,0,0,0,0,0,0,0,0,0,1,0,0,2,0,0,0,0,0,0,1,1.0
1moryp1,0.111,0.444,0.272,0.693,0.035,-0.9876,154,14.314028922438442,2,15,2,1,0,0,0,0,0,0,0,0,0,0,0,2,0,0,0,0,0,0,1,0,1,5,15,0,0,0,0,0,0,0,0,0,0,0,2,1,0,0,0,20,4,3,2,1,0,62,0.7699999809265137
1mosc4g,0.053,0.451,0.111,0.745,0.143,0.8333,331,10.30751831280988,5,19,4,9,0,0,0,0,0,0,0,0,0,0,2,3,0,0,0,0,0,7,8,4,7,13,16,0,0,0,0,3,1,0,0,8,0,0,4,1,0,0,16,24,6,5,2,1,0,1569,0.9300000071525574
1mosh07,0.087,0.175,0.0,1.0,0.0,0.0,5,3.1291,0,0,0,0,0,0,0,0,0,0,0,0,0,0,0,0,0,0,0,0,0,0,0,0,0,0,0,0,0,0,0,0,0,0,0,0,0,0,0,0,0,0,0,2,0,0,0,0,0,1,1.0
1mosk3b,0.024,0.113,0.0,1.0,0.0,0.0,6,3.1291,0,0,0,0,0,0,0,0,0,0,0,0,0,0,0,0,0,0,0,0,0,0,0,0,0,0,0,0,0,0,0,0,0,0,0,0,0,0,0,0,0,0,0,1,0,0,0,0,0,1,1.0
1motis8,0.04,0.084,0.057,0.753,0.19,0.93,110,12.68835289967788,2,12,0,6,0,0,0,0,0,0,0,0,0,0,0,3,1,0,0,0,0,4,1,4,2,7,2,1,0,0,1,0,0,0,0,0,0,0,0,0,0,0,0,11,1,2,5,1,0,0,0.4699999988079071
1motnq5,0.041,0.327,0.0,1.0,0.0,0.0,32,8.841846274778883,0,0,0,0,0,0,0,1,0,0,0,0,0,0,0,0,0,0,0,0,0,0,0,5,0,0,0,0,0,0,0,0,1,0,0,0,0,0,0,0,0,0,0,4,0,0,1,0,0,1,1.0
1moujsm,0.129,0.113,0.128,0.766,0.106,-0.128,20,13.023866798666859,1,0,0,0,0,0,0,0,0,0,0,0,0,0,0,1,0,0,0,0,0,0,0,0,0,0,0,0,0,0,0,0,0,0,0,0,0,0,0,0,0,0,1,4,0,0,1,0,0,1,1.0
1moul2u,0.081,0.162,0.15,0.85,0.0,-0.4588,18,11.20814326018867,1,0,0,0,0,0,0,0,0,0,0,0,0,0,0,1,0,0,0,0,0,0,0,0,0,0,0,0,0,0,0,0,0,0,0,0,0,0,0,0,0,0,0,4,0,0,1,0,0,1,1.0
1mouyo1,0.055,0.361,0.146,0.839,0.015,-0.9832,248,14.191785591663535,4,15,0,9,0,0,0,0,0,0,0,0,0,0,0,4,0,0,1,0,0,0,0,6,3,5,21,0,0,0,0,0,0,0,0,0,0,0,0,0,0,0,9,24,4,1,6,0,0,37,0.699999988079071
1mouzuf,0.031,0.15,0.0,1.0,0.0,0.0,23,15.903189008614273,1,2,0,0,0,0,0,0,0,0,0,0,0,0,0,0,0,0,0,0,0,0,1,0,0,2,0,0,0,0,1,0,0,0,0,0,0,0,0,0,0,0,3,1,0,0,0,1,0,1,1.0
1mov2ae,0.03,0.05,0.127,0.781,0.092,-0.9521,431,10.662846686107436,7,29,0,6,0,0,0,0,0,0,0,0,0,0,5,4,0,0,0,0,0,1,10,2,9,25,16,0,0,3,3,0,1,0,0,1,0,0,0,3,0,0,18,26,1,1,9,0,4,0,0.14000000059604645
1mov2uq,0.027,0.049,0.246,0.41,0.344,0.296,7,8.841846274778883,0,0,0,0,0,0,0,0,0,0,0,0,0,0,0,0,0,0,0,0,0,0,1,0,0,1,0,0,0,0,0,0,0,0,0,0,0,0,0,0,0,0,0,0,0,1,0,0,0,1,1.0
1mov6iy,0.017,0.109,0.185,0.815,0.0,-0.7783,32,15.903189008614273,1,2,0,1,0,0,0,0,0,0,0,0,0,0,0,0,0,0,0,0,0,0,0,0,0,3,3,0,0,0,0,0,0,0,0,0,0,0,0,1,0,0,0,4,1,0,0,0,0,1,1.0
1mov93p,0.027,0.348,0.0,1.0,0.0,0.0,8,3.1291,0,0,0,1,0,1,0,0,0,0,0,0,0,0,0,0,0,0,0,0,0,0,0,0,0,0,1,0,0,0,0,0,0,0,0,0,0,0,0,0,0,0,1,0,0,0,0,0,0,1,1.0
1movhe8,0.026,0.095,0.087,0.805,0.108,0.9329,662,12.161744961471694,11,55,0,26,0,1,0,0,0,0,0,0,1,0,4,6,0,0,0,0,0,3,35,10,14,17,20,1,1,1,0,0,1,0,0,0,0,0,0,7,0,0,10,37,4,1,5,2,0,0,0.41999998688697815
1movthn,0.061,0.089,0.064,0.832,0.104,0.8663,291,8.548686976883017,4,13,0,5,0,0,2,0,0,0,0,0,0,0,1,2,0,0,2,0,0,0,5,10,7,8,8,0,0,0,1,1,1,0,0,0,0,0,2,3,0,0,5,21,4,2,8,1,0,12,0.6600000262260437
1mow7cm,0.051,0.231,0.15,0.738,0.112,-0.4863,114,13.023866798666859,0,11,0,4,0,0,0,0,0,0,0,0,0,0,0,0,0,0,0,0,0,2,1,0,2,6,4,0,0,0,1,0,0,0,0,0,0,0,0,0,0,0,12,9,1,1,3,1,0,0,0.3100000023841858
1moweoq,0.016,0.029,0.0,0.904,0.096,0.1531,16,11.20814326018867,0,2,0,1,0,0,0,0,0,0,0,0,0,0,0,1,0,0,0,0,0,0,2,0,0,0,0,0,0,0,0,0,0,0,0,0,0,0,0,0,0,0,0,3,0,0,0,0,0,1,1.0
1mowle6,0.04,0.024,0.097,0.813,0.09,-0.8285,589,13.10208751628618,6,33,1,8,0,0,0,0,0,0,0,0,0,0,2,4,0,0,0,0,0,0,1,1,18,14,23,0,0,0,0,0,0,0,0,0,1,0,1,6,0,0,11,29,4,7,13,0,0,47,0.7400000095367432
1mowmbs,0.032,0.053,0.033,0.701,0.266,0.8402,36,19.287186520377343,0,1,0,0,0,0,0,0,0,0,0,0,0,0,0,0,0,0,0,0,0,0,0,0,0,0,2,0,0,0,0,0,0,0,0,0,0,0,0,0,0,0,2,5,0,1,1,0,0,1,1.0
1mownhn,0.042,0.401,0.474,0.526,0.0,-0.802,10,11.20814326018867,1,0,0,0,0,0,0,0,0,0,0,0,0,0,0,0,0,0,0,0,0,0,0,0,0,0,2,0,0,0,0,0,0,0,0,0,0,0,0,0,0,0,1,3,0,0,1,0,0,1,1.0
1mowqib,0.019,0.028,0.056,0.765,0.179,0.9849,229,19.78447435784618,6,10,0,2,0,0,0,0,0,0,0,0,0,0,0,0,0,0,0,0,0,0,5,0,1,17,6,0,0,0,1,0,1,0,0,2,0,0,0,1,0,0,13,14,1,3,7,1,0,0,0.5
1mowtb6,0.026,0.039,0.0,1.0,0.0,0.0,13,3.1291,0,0,0,0,0,0,0,0,0,0,0,0,0,0,0,0,0,0,0,0,0,2,0,0,0,0,0,0,0,0,0,0,0,0,0,0,0,0,0,0,0,0,1,2,0,0,0,0,0,1,1.0
1mox3q6,0.019,0.155,0.094,0.77,0.136,0.6208,122,14.191785591663535,2,8,0,1,0,0,0,0,0,0,0,0,0,0,1,0,0,0,0,0,0,10,2,0,1,7,4,0,0,0,1,0,0,0,0,4,0,0,1,2,0,0,4,14,2,0,2,1,0,0,0.3700000047683716
1moxf3n,0.05,0.125,0.066,0.788,0.147,0.988,365,11.622719091009316,6,28,0,13,0,0,0,0,0,0,0,0,0,0,6,5,0,0,0,0,0,2,8,0,8,22,10,0,0,0,2,0,0,0,0,0,1,0,0,0,0,0,5,30,3,3,8,2,0,0,0.20999999344348907
1moxz4r,0.023,0.026,0.0,0.494,0.506,0.6239,5,3.1291,0,0,0,0,0,0,0,0,0,0,0,0,0,0,0,0,0,0,0,0,0,0,0,0,0,2,0,0,0,0,0,0,0,0,0,0,0,0,0,0,0,0,0,0,0,0,0,0,0,1,1.0
1moz5rb,0.073,0.041,0.0,0.816,0.184,0.6597,26,11.20814326018867,2,0,0,0,0,0,0,0,0,0,0,0,0,0,0,0,0,0,0,0,0,0,0,0,2,1,0,0,0,0,0,0,0,0,0,0,0,0,0,0,0,0,2,5,0,1,0,0,0,1,1.0
1moz7ie,0.081,0.035,0.0,0.795,0.205,0.6597,23,11.20814326018867,2,0,0,0,0,0,0,0,0,0,0,0,0,0,1,0,0,0,0,0,0,0,0,0,0,1,0,0,0,0,0,0,0,0,0,0,0,0,0,0,0,0,4,5,0,1,0,0,0,1,1.0
1mozd2b,0.038,0.248,0.165,0.753,0.082,-0.9953,573,13.839777934574535,6,30,0,7,0,4,0,0,0,0,0,0,0,1,1,3,0,0,0,0,0,1,0,4,5,17,27,0,0,0,0,0,0,0,0,0,0,0,0,5,0,0,14,22,1,5,6,1,0,0,0.38999998569488525
1mozevv,0.063,0.054,0.0,0.833,0.167,0.6124,27,13.023866798666859,2,0,0,0,0,0,0,0,0,0,0,0,0,0,1,0,0,0,0,0,0,0,0,0,0,1,0,0,0,0,0,0,0,0,0,0,0,0,0,0,0,0,3,6,0,0,0,0,0,1,1.0
1mozzth,0.103,0.071,0.0,1.0,0.0,0.0,5,3.1291,0,0,0,1,0,0,0,0,0,0,0,0,0,0,0,0,0,0,0,0,0,0,0,0,0,0,0,0,0,0,0,0,0,0,0,0,0,0,0,0,0,0,1,0,0,0,0,0,0,1,1.0
1mp05ny,0.198,0.235,0.132,0.795,0.073,-0.9962,759,10.727762888450027,15,60,0,22,0,0,0,0,0,0,0,0,0,0,6,7,0,0,1,0,0,3,5,5,43,19,30,0,0,1,1,0,0,0,0,0,0,0,0,7,0,0,7,35,3,8,18,4,1,0,0.4300000071525574
1mp0fmc,0.161,0.045,0.053,0.836,0.111,0.9566,321,11.333407214811011,5,23,0,3,0,0,0,0,0,0,0,0,0,0,0,3,0,0,0,0,0,0,3,15,4,8,7,0,0,0,1,0,0,0,0,0,0,0,0,1,0,0,3,18,2,0,9,1,0,0,0.4000000059604645
1mp0hhe,0.281,0.223,0.278,0.633,0.089,-0.4588,13,13.023866798666859,0,0,0,1,0,0,0,0,0,0,0,0,0,0,0,0,0,0,0,0,0,0,1,0,0,1,1,0,0,0,0,0,0,0,0,0,0,0,0,0,0,0,1,1,0,0,0,0,0,1,1.0
1mp0z4v,0.033,0.094,0.094,0.85,0.056,-0.9692,609,15.725762489011483,7,46,0,8,0,0,0,0,0,0,0,0,0,0,3,6,0,0,0,0,0,6,13,0,9,17,32,1,1,2,7,0,1,0,0,0,0,0,1,1,0,0,16,38,3,10,4,8,0,484,0.7400000095367432
1mp169f,0.138,0.363,0.153,0.69,0.157,-0.1137,126,13.023866798666859,1,4,0,3,0,0,0,0,0,0,0,0,0,0,1,2,0,0,0,0,0,0,2,2,7,9,7,0,2,0,2,0,0,0,0,0,0,0,0,1,0,0,5,13,1,1,9,1,0,0,0.23999999463558197
1mp1a63,0.035,0.139,0.097,0.697,0.206,0.9747,180,10.63711953065702,2,12,0,6,0,0,0,0,0,0,0,0,1,0,2,4,0,0,0,0,0,0,19,0,3,8,8,0,0,0,1,0,0,0,0,1,0,0,3,2,0,0,12,21,4,0,3,3,0,0,0.4000000059604645
1mp1thw,0.086,0.394,0.355,0.645,0.0,-0.5106,7,8.841846274778883,0,0,0,0,0,0,0,0,0,0,0,0,0,0,0,0,0,0,0,0,0,0,0,0,0,0,1,0,0,0,0,0,0,0,0,0,0,0,0,0,0,0,1,0,0,0,0,0,0,1,1.0
1mp1u86,0.046,0.004,0.0,0.543,0.457,0.6369,6,3.1291,0,1,0,0,0,0,0,0,0,0,0,0,0,0,0,0,0,0,0,0,0,0,0,0,0,1,0,0,0,0,0,0,1,0,0,0,0,0,0,0,0,0,0,0,0,0,0,0,0,1,1.0
1mp23x9,0.048,0.248,0.054,0.828,0.119,0.9329,231,10.608840637214634,3,16,0,7,0,0,0,0,0,0,0,0,0,0,0,3,0,0,1,0,0,0,7,4,8,9,6,0,0,1,1,0,0,0,0,0,0,0,1,1,0,0,12,20,5,0,8,2,0,0,0.2199999988079071
1mp2wsb,0.05,0.071,0.286,0.714,0.0,-0.5574,10,11.20814326018867,0,0,0,0,0,0,0,0,0,0,0,0,0,0,0,0,0,0,0,0,0,0,0,0,0,0,1,0,0,0,0,0,0,0,0,0,0,0,0,0,0,0,2,1,0,0,0,0,0,1,1.0
1mp4ca2,0.086,0.397,0.355,0.645,0.0,-0.5106,7,8.841846274778883,0,0,0,0,0,0,0,0,0,0,0,0,0,0,0,0,0,0,0,0,0,0,0,0,0,0,1,0,0,0,0,0,0,0,0,0,0,0,0,0,0,0,1,0,0,0,0,0,0,1,1.0
1mp4nu9,0.396,0.155,0.375,0.625,0.0,-0.5574,7,11.20814326018867,1,0,0,0,0,0,0,0,0,0,0,0,0,0,0,0,0,0,0,0,0,0,0,0,0,0,1,0,0,0,0,0,0,0,0,0,0,0,0,0,0,0,0,1,0,0,1,0,0,1,0.9900000095367432
1mp4psl,0.396,0.155,0.375,0.625,0.0,-0.5574,7,11.20814326018867,1,0,0,0,0,0,0,0,0,0,0,0,0,0,0,0,0,0,0,0,0,0,0,0,0,0,1,0,0,0,0,0,0,0,0,0,0,0,0,0,0,0,0,1,0,0,1,0,0,1,1.0
1mp4sxp,0.037,0.013,0.0,1.0,0.0,0.0,10,8.841846274778883,0,0,0,0,0,0,0,0,0,0,0,0,0,0,0,0,0,0,0,0,0,0,0,0,0,0,0,0,0,0,0,0,0,0,0,0,0,0,0,0,0,0,1,2,0,0,0,0,0,1,1.0
1mp52p2,0.049,0.095,0.094,0.815,0.091,-0.8057,986,13.414231853378414,18,58,0,23,0,1,0,0,0,0,0,0,0,0,3,8,0,0,0,0,0,7,5,9,12,18,33,0,0,1,2,1,0,0,0,0,0,0,2,6,0,0,20,44,7,3,22,1,1,86,0.6700000166893005
1mp5elq,0.033,0.021,0.0,1.0,0.0,0.0,5,3.1291,1,1,0,0,0,0,0,0,0,0,0,0,0,0,0,0,0,0,0,0,0,0,0,0,0,0,0,0,0,0,0,0,0,0,0,0,0,0,0,0,0,0,0,0,0,0,1,0,0,1,1.0
1mp6bry,0.12,0.401,0.448,0.455,0.097,-0.7506,10,8.841846274778883,1,0,0,0,0,0,0,0,0,0,0,0,0,0,0,0,0,0,0,0,0,0,1,0,0,0,2,0,0,0,1,0,0,0,0,0,0,0,0,0,0,0,0,0,0,0,1,1,0,1,1.0
1mp6hvv,0.064,0.034,0.0,1.0,0.0,0.0,13,14.554592549557764,0,1,0,0,0,0,0,0,0,0,0,0,0,0,0,0,0,0,0,0,0,0,0,0,0,1,1,0,0,0,0,0,0,0,0,0,0,0,0,0,0,0,1,4,0,0,0,0,0,1,1.0
1mp6nvq,0.121,0.114,0.096,0.765,0.139,0.8637,214,11.698219412168324,0,13,0,7,0,1,0,0,0,0,0,0,0,0,0,0,0,0,0,0,0,0,0,7,3,6,8,0,0,0,0,0,0,0,0,2,0,0,2,2,0,0,4,16,2,1,2,0,0,0,0.20999999344348907
1mp6z7b,0.023,0.122,0.054,0.8,0.146,0.9184,103,14.554592549557764,4,16,0,3,0,0,0,0,0,0,0,0,0,0,0,1,0,0,0,0,0,0,7,0,0,2,1,0,0,0,0,0,0,0,0,1,0,0,1,1,0,0,6,14,2,0,2,0,1,0,0.27000001072883606
1mp7fr3,0.198,0.234,0.149,0.798,0.053,-0.9897,312,11.855464076750408,1,21,0,9,0,5,0,0,0,0,0,0,0,0,2,1,1,0,0,0,0,4,2,8,5,2,16,0,1,0,0,0,1,0,0,0,1,0,1,1,0,0,28,26,4,3,4,2,0,0,0.14000000059604645
1mp7nf2,0.077,0.479,0.08,0.72,0.2,0.9443,110,12.031772070788634,1,5,1,1,0,2,0,0,0,0,0,0,0,0,0,3,0,0,0,0,0,0,7,0,1,6,4,0,0,0,1,0,0,0,0,0,0,0,2,0,0,0,4,12,4,0,1,0,1,0,0.3799999952316284
1mp7qi3,0.037,0.508,0.23,0.676,0.095,-0.6124,23,8.841846274778883,0,3,0,1,0,0,0,0,0,0,0,0,0,0,0,0,0,0,0,0,0,0,0,0,2,1,2,0,0,0,0,0,0,0,0,0,0,0,0,0,0,0,0,3,0,0,2,0,0,1,1.0
1mp83he,0.03,0.112,0.084,0.779,0.137,0.5877,113,9.725611199111238,1,10,0,11,0,0,0,0,0,0,0,0,0,0,0,2,0,0,0,0,0,0,1,6,0,4,4,0,1,0,0,0,0,0,0,0,0,0,0,1,0,0,2,16,1,0,1,1,0,891,0.9100000262260437
1mp8jvg,0.017,0.4,0.353,0.551,0.096,-0.7912,19,14.554592549557764,0,0,0,1,0,0,0,0,0,0,0,0,0,0,1,1,0,0,0,0,0,0,0,0,0,1,2,0,0,0,0,0,0,0,0,0,0,0,0,0,0,0,0,4,1,0,0,0,0,1,1.0
1mp8ll9,0.672,0.378,0.069,0.838,0.094,0.953,472,11.675519718221192,2,15,1,10,0,3,0,0,1,0,0,0,0,0,2,4,0,0,0,0,0,0,7,2,9,20,11,0,0,0,0,1,1,0,0,1,0,0,0,0,0,0,15,29,2,0,8,3,0,0,0.38999998569488525
1mp8v8i,0.302,0.109,0.0,0.868,0.132,0.4404,20,8.841846274778883,0,0,0,1,0,0,0,0,0,0,0,0,0,0,0,0,0,0,0,0,0,0,0,0,2,0,1,0,0,0,0,0,0,0,0,0,0,0,0,0,0,0,0,4,0,1,0,0,0,1,1.0
1mp8vs7,0.063,0.052,0.0,1.0,0.0,0.0,9,8.841846274778883,1,0,0,1,0,0,0,0,0,0,0,0,0,0,0,0,0,0,0,0,0,0,1,0,0,0,0,0,1,0,1,0,0,0,0,0,0,0,0,0,0,0,0,3,0,0,1,1,0,1,1.0
1mp8ypx,0.384,0.15,0.126,0.737,0.136,0.3833,133,7.6454224807358475,0,4,0,6,0,3,0,0,0,0,0,0,0,0,0,3,0,0,0,0,0,0,6,0,4,8,8,0,0,2,0,0,0,0,0,0,0,0,3,0,0,0,3,15,1,1,1,1,1,0,0.36000001430511475
1mp98o4,0.089,0.684,0.111,0.789,0.101,0.5057,143,12.161744961471694,4,11,0,4,0,0,0,0,1,0,0,0,0,0,0,4,0,1,0,0,0,3,5,1,0,5,4,0,0,0,1,0,3,0,0,1,0,0,0,1,0,0,0,11,0,3,7,0,0,263,0.7099999785423279
1mp9a4e,0.053,0.059,0.076,0.846,0.078,0.7782,704,11.407655852321103,5,75,1,22,0,2,1,0,0,0,0,0,0,1,5,3,0,0,1,1,0,3,25,19,30,14,17,0,1,0,4,0,2,0,0,3,0,0,4,6,0,0,3,40,6,3,22,5,1,0,0.3499999940395355
1mp9tkh,0.049,0.255,0.255,0.745,0.0,-0.6249,13,13.023866798666859,0,0,0,0,0,0,0,0,0,0,0,0,0,0,0,0,0,0,0,0,0,0,0,0,0,0,2,0,0,0,0,0,0,0,0,0,0,0,1,0,0,0,0,3,1,0,0,0,0,0,0.25
1mp9vos,0.028,0.02,0.026,0.873,0.101,0.9325,185,11.792908689023552,1,10,0,3,0,0,0,0,0,0,0,0,0,0,0,0,0,0,1,0,0,0,3,10,0,4,4,0,0,0,1,0,1,0,0,0,0,0,2,0,0,0,8,25,3,0,5,1,0,0,0.4099999964237213
1mpadxm,0.046,0.427,0.171,0.742,0.087,-0.927,127,10.125756701596842,1,13,0,2,0,0,0,0,0,0,0,0,0,0,3,0,0,0,0,0,0,0,0,1,11,8,7,0,0,0,0,0,0,0,0,0,0,0,0,0,0,0,2,13,2,2,0,0,0,0,0.4399999976158142
1mpafu0,0.046,0.037,0.0,0.808,0.192,0.5859,17,13.023866798666859,0,0,0,0,0,0,0,0,0,0,0,0,0,0,0,0,0,0,0,0,0,0,2,0,0,1,0,0,0,0,0,0,0,0,0,1,0,0,0,0,0,0,3,3,0,0,2,0,0,1,0.6600000262260437
1mpal48,0.075,0.056,0.129,0.81,0.061,-0.9559,198,9.827888789773866,0,7,0,4,0,0,0,0,0,0,0,0,0,0,3,6,0,0,0,0,0,0,13,0,3,6,8,0,0,0,2,0,2,0,0,1,0,0,0,1,0,0,13,18,1,1,1,2,1,0,0.3400000035762787
1mpbtlt,0.028,0.051,0.202,0.655,0.143,-0.25,13,11.20814326018867,0,0,0,0,0,0,1,0,0,0,0,0,0,0,0,0,0,0,0,0,0,0,0,0,0,0,1,0,0,0,0,0,0,0,0,0,0,0,0,0,0,0,1,0,0,0,0,0,0,1,1.0
1mpcae6,0.064,0.027,0.109,0.758,0.133,0.9764,1125,13.578046427968012,9,94,0,24,0,0,0,0,0,0,0,0,0,1,9,10,0,0,3,0,0,7,5,9,10,38,34,0,0,0,2,1,1,0,0,0,0,0,8,6,0,0,19,45,6,16,33,1,1,0,0.27000001072883606
1mpck3g,0.048,0.02,0.042,0.882,0.075,0.25,29,17.122413403193683,2,0,0,0,0,0,0,0,0,0,0,0,0,0,0,0,0,0,0,0,0,0,0,0,0,1,0,0,0,0,0,0,0,0,0,0,0,0,0,1,0,0,0,4,0,0,1,0,0,1,1.0
1mpcsa3,0.068,0.417,0.115,0.783,0.101,-0.6076,318,13.606401829973382,2,24,2,7,0,0,0,0,0,0,0,0,0,0,0,2,0,0,0,0,0,0,19,3,3,15,24,0,0,2,2,0,0,0,0,0,0,1,0,2,0,0,7,24,2,4,2,2,0,730,0.7599999904632568
1mpcvqy,0.037,0.338,0.113,0.809,0.079,-0.753,110,10.9516,0,7,0,2,0,1,0,0,0,0,0,0,0,0,0,1,0,0,0,1,0,0,3,0,5,2,3,0,0,0,1,0,0,0,0,0,0,0,0,1,0,0,8,9,0,0,1,1,0,22,0.6700000166893005
1mpd4rz,0.058,0.238,0.021,0.899,0.08,0.9368,276,14.458980052321824,3,5,0,2,0,1,0,0,0,0,0,0,0,0,0,1,0,0,0,0,0,0,0,0,3,7,5,0,0,0,0,0,0,0,0,0,0,0,1,1,0,0,37,23,2,0,0,0,0,0,0.12999999523162842
1mpd8lp,0.214,0.255,0.079,0.864,0.057,-0.3872,202,13.25671669890799,9,12,0,1,0,0,0,0,0,0,0,0,0,0,0,1,0,0,0,0,1,1,4,0,10,4,11,0,0,0,1,1,0,0,0,1,0,0,0,0,0,0,17,17,2,0,8,2,0,0,0.33000001311302185
1mpdfxs,0.15,0.052,0.059,0.868,0.073,0.6661,222,14.158211354625415,1,11,0,4,0,0,0,0,0,0,0,0,0,0,1,1,0,0,0,0,0,1,1,0,0,6,9,0,0,1,1,0,0,0,0,1,0,0,1,1,0,0,5,21,0,6,5,1,0,0,0.3499999940395355
1mpe38n,0.101,0.044,0.0,1.0,0.0,0.0,17,8.841846274778883,0,1,0,0,0,0,0,0,0,0,0,0,0,0,0,0,0,0,0,0,0,0,0,0,0,1,0,1,0,0,0,0,0,0,0,0,0,0,0,1,0,0,2,2,0,1,0,0,0,1,1.0
1mpe9zr,0.043,0.459,0.0,1.0,0.0,0.0,10,13.023866798666859,0,0,0,0,0,0,0,0,0,0,0,0,0,0,0,0,0,0,0,0,0,0,0,0,0,0,0,0,0,0,0,0,0,0,0,0,0,0,0,0,0,0,0,2,0,0,0,0,0,1,1.0
1mpecsu,0.037,0.114,0.148,0.718,0.134,-0.6054,230,13.901157680251561,4,9,0,1,0,0,0,0,0,0,0,0,0,0,0,2,0,0,0,0,0,1,0,1,4,4,13,0,0,0,0,0,0,0,0,0,0,0,1,0,0,0,3,22,2,1,4,0,0,0,0.3199999928474426
1mpegnl,0.214,0.07,0.0,1.0,0.0,0.0,10,11.20814326018867,1,0,0,1,0,0,0,0,0,0,0,0,0,0,0,0,0,0,0,0,0,0,0,0,0,0,0,0,0,0,0,0,0,0,0,0,0,0,0,0,0,0,2,0,0,0,1,0,0,1,1.0
1mpeimt,0.049,0.285,0.079,0.911,0.01,-0.8689,175,13.5591,3,11,0,5,0,0,0,0,0,0,0,0,0,0,1,3,0,0,0,0,0,0,3,1,2,1,7,0,0,0,1,0,0,0,0,0,0,0,0,2,0,0,7,15,2,1,5,1,0,0,0.4300000071525574
1mpf067,0.092,0.076,0.068,0.724,0.208,0.5635,28,11.20814326018867,0,1,0,2,0,1,0,0,0,0,0,0,0,0,0,0,0,0,0,0,0,0,0,0,1,0,1,0,0,0,0,0,0,0,0,0,0,0,0,0,0,0,1,4,0,2,1,0,1,1,1.0
1mpfd51,0.031,0.15,0.141,0.739,0.12,-0.895,487,10.686352973137792,5,23,3,14,0,0,0,0,0,0,0,0,1,0,8,7,0,0,0,0,0,0,34,5,7,18,25,0,0,0,2,1,0,0,0,0,0,0,2,13,0,0,12,28,5,0,4,2,1,12,0.5299999713897705
1mpgvii,0.022,0.057,0.109,0.694,0.197,0.9718,233,12.009924989830619,4,18,0,9,0,1,0,1,0,0,0,0,0,0,3,1,0,0,0,0,0,0,9,1,13,11,7,0,0,0,1,0,0,0,0,0,0,0,1,2,0,0,0,22,3,4,10,0,2,65,0.699999988079071
1mpha0c,0.232,0.643,0.073,0.78,0.147,0.9914,432,10.371327730470783,1,24,3,9,0,0,0,0,0,0,0,0,0,0,1,2,0,0,0,0,2,9,5,3,10,18,15,0,0,0,1,0,2,0,0,2,0,0,2,3,0,0,17,28,3,4,8,1,0,0,0.3100000023841858
1mphn5e,0.033,0.071,0.459,0.541,0.0,-0.5267,5,3.1291,0,0,0,0,0,0,0,0,0,0,0,0,0,0,0,0,0,0,0,0,0,0,0,0,0,0,1,0,0,0,0,0,0,0,0,0,0,0,0,0,0,0,0,1,0,0,0,0,0,1,1.0
1mphqf3,0.022,0.114,0.327,0.673,0.0,-0.5267,8,3.1291,0,0,0,0,0,0,0,0,0,0,0,0,0,0,0,0,0,0,0,0,0,0,0,0,0,0,1,0,0,0,0,0,0,0,0,0,0,0,0,1,0,0,0,2,0,0,0,0,0,1,1.0
1mphudv,0.041,0.111,0.166,0.674,0.16,0.3794,346,11.645159339076184,2,12,0,11,0,0,0,0,0,0,0,0,0,0,1,3,0,0,1,0,0,3,5,2,17,13,18,0,0,1,0,0,3,0,0,5,0,0,1,3,0,0,23,27,6,2,9,3,1,0,0.23999999463558197
1mphxkn,0.319,0.348,0.091,0.854,0.055,-0.8201,194,10.727762888450027,1,15,0,3,0,2,0,0,1,0,0,0,0,0,3,1,0,0,0,0,0,0,2,9,10,7,10,0,0,0,0,0,1,0,0,0,0,0,0,0,0,0,1,17,2,0,4,1,2,0,0.07000000029802322
1mpj0d9,0.025,0.045,0.022,0.848,0.13,0.9735,210,14.434950587195996,7,8,0,3,0,0,0,0,0,0,0,0,0,0,1,2,0,0,0,0,0,0,20,0,5,6,1,0,0,0,7,2,0,0,0,2,0,0,0,0,0,0,4,16,2,0,6,5,0,0,0.20999999344348907
1mpj0hd,0.035,0.032,0.07,0.861,0.07,0.0,145,13.968273953766033,2,4,1,1,0,0,0,0,0,0,0,0,0,0,0,3,0,0,0,0,0,0,11,1,1,2,6,0,0,0,0,0,0,0,0,0,0,0,0,0,0,0,3,20,3,1,0,2,0,0,0.3799999952316284
1mpjdbk,0.029,0.029,0.0,1.0,0.0,0.0,7,11.20814326018867,0,0,0,0,0,0,0,0,0,0,0,0,0,0,0,0,0,0,0,0,0,0,0,0,0,0,0,0,0,0,0,0,0,0,0,0,0,0,0,0,0,0,1,0,0,0,0,0,0,1,1.0
1mpjmow,0.044,0.197,0.147,0.784,0.069,-0.994,542,17.187047989186283,9,34,0,12,0,1,0,0,0,0,0,0,0,0,2,7,0,0,0,0,0,3,6,2,8,15,36,0,2,1,0,0,0,0,0,0,0,0,4,5,0,0,13,41,3,2,7,2,0,685,0.8100000023841858
1mpk9ml,0.048,0.054,0.0,0.886,0.114,0.2023,15,3.1291,0,1,0,0,0,0,0,0,0,0,0,0,0,0,0,0,0,0,0,0,0,0,1,0,0,1,0,0,0,0,1,0,0,0,0,0,0,0,0,0,0,0,0,2,0,0,0,0,1,1,1.0
1mpkcrx,0.045,0.162,0.076,0.835,0.089,0.4186,125,11.855464076750408,1,14,0,6,0,0,0,0,0,0,0,0,0,0,0,2,0,0,0,0,0,0,5,0,2,6,5,0,0,0,1,0,0,0,0,0,0,0,0,1,0,0,3,13,2,0,2,1,2,4,0.6000000238418579
1mpkgap,0.038,0.152,0.239,0.697,0.064,-0.9952,235,15.247664890283005,4,16,0,1,0,0,0,0,0,0,0,0,0,0,0,0,0,0,0,0,0,0,3,3,0,4,13,0,1,1,1,0,0,0,0,1,0,0,0,2,0,0,21,21,2,2,3,0,0,0,0.49000000953674316
1mplgs2,0.015,0.019,0.0,0.635,0.365,0.3182,5,3.1291,0,0,0,0,0,0,0,0,0,0,0,0,0,0,0,0,0,0,0,0,0,0,0,0,0,1,0,0,0,0,0,0,0,0,0,0,0,0,0,0,0,0,1,0,0,0,0,0,0,1,0.6000000238418579
1mpliu0,0.102,0.175,0.439,0.561,0.0,-0.8555,15,11.20814326018867,1,0,0,0,0,0,0,0,0,0,0,0,0,0,0,0,0,0,0,0,0,0,0,0,1,0,3,0,0,0,0,0,0,0,0,0,0,0,0,1,0,0,0,1,0,0,1,0,0,1,1.0
1mplw2a,0.037,0.04,0.116,0.765,0.119,-0.1089,171,10.74609503303851,1,18,0,5,0,1,0,0,0,0,0,0,0,0,1,3,0,0,0,0,0,0,17,1,0,4,8,1,1,0,4,0,0,0,0,0,0,0,1,2,0,0,1,14,3,0,0,4,1,4,0.5699999928474426
1mply1w,0.015,0.022,0.219,0.781,0.0,-0.4215,11,13.023866798666859,0,0,0,0,0,0,0,0,0,0,0,0,0,0,0,0,0,0,0,0,0,0,0,0,0,0,1,0,0,0,0,0,0,0,0,0,0,0,0,0,0,0,2,1,0,0,0,0,0,1,1.0
1mpm1ka,0.055,0.019,0.0,0.686,0.314,0.4939,8,11.20814326018867,0,0,0,1,0,0,0,0,0,0,0,0,0,0,0,0,0,0,0,0,0,0,0,0,0,0,0,0,0,0,0,0,0,0,0,0,0,0,0,0,0,0,0,1,0,0,0,0,0,1,1.0
1mpmifc,0.262,0.846,0.128,0.761,0.11,-0.12,22,13.023866798666859,1,1,0,0,0,0,0,0,0,0,0,0,0,0,0,1,0,0,0,0,0,0,0,0,0,2,3,0,0,0,0,0,0,0,0,0,0,0,0,0,0,0,0,2,0,0,1,0,0,1,1.0
1mpnehg,0.038,0.051,0.097,0.799,0.104,0.6369,431,13.149919865122353,4,22,0,3,0,0,0,0,0,0,0,0,0,0,0,1,0,0,0,0,0,4,4,0,2,10,12,0,0,0,2,0,0,0,0,1,0,0,0,0,0,0,30,26,2,4,6,1,0,498,0.8899999856948853
1mpnmmm,0.146,0.169,0.129,0.73,0.141,-0.3314,111,11.765960540728905,0,5,0,1,0,0,0,0,0,0,0,0,0,0,1,2,0,0,0,0,0,0,2,0,2,5,6,0,1,0,2,0,0,0,0,0,0,0,1,2,0,0,9,12,3,0,0,2,0,0,0.36000001430511475
1mpnyq8,0.018,0.232,0.0,0.837,0.163,0.6249,22,11.20814326018867,0,3,0,0,0,0,0,0,0,0,0,0,0,0,0,0,0,0,0,0,0,0,0,0,1,2,1,0,0,0,0,0,0,0,0,0,0,0,0,0,0,0,2,0,0,0,0,0,0,1,1.0
1mpo7rg,0.271,0.191,0.291,0.709,0.0,-0.6249,11,8.841846274778883,0,0,0,0,0,0,0,0,0,0,0,0,0,0,0,0,0,0,0,0,0,0,0,0,0,0,1,0,0,0,0,0,0,0,0,1,0,0,0,0,0,0,1,1,0,0,0,0,0,0,0.33000001311302185
1mpoy2m,0.025,0.029,0.0,1.0,0.0,0.0,8,13.023866798666859,0,0,0,1,0,0,0,0,0,0,0,0,0,0,0,0,0,0,0,0,0,0,0,0,0,0,0,0,0,0,0,0,0,0,0,0,0,0,1,0,0,0,2,1,1,0,0,0,0,1,1.0
1mpp0qi,0.034,0.026,0.0,1.0,0.0,0.0,9,3.1291,0,1,0,0,0,1,0,0,0,0,0,0,0,0,0,0,0,0,0,0,0,0,0,0,0,0,0,0,0,0,0,0,0,0,0,0,0,0,0,0,0,0,0,3,0,0,0,0,0,1,1.0
1mpp6su,0.034,0.026,0.0,1.0,0.0,0.0,9,3.1291,0,1,0,0,0,1,0,0,0,0,0,0,0,0,0,0,0,0,0,0,0,0,0,0,0,0,0,0,0,0,0,0,0,0,0,0,0,0,0,0,0,0,0,3,0,0,0,0,0,1,1.0
1mppy9i,0.026,0.037,0.0,1.0,0.0,0.0,16,13.023866798666859,0,1,0,0,0,0,0,0,0,0,0,0,0,0,0,0,0,0,0,0,0,0,0,0,0,0,0,0,0,0,0,0,0,0,0,0,0,0,0,0,0,0,0,4,0,0,1,0,0,2,1.0
1mppyw9,0.109,0.473,0.224,0.59,0.187,-0.1604,12,8.841846274778883,0,1,0,0,0,0,0,0,0,0,0,0,0,0,0,0,0,0,0,0,0,0,0,0,0,1,2,0,0,0,0,0,0,0,0,0,0,0,0,0,0,0,0,2,0,1,0,0,0,1,1.0
1mpq2ax,0.018,0.086,0.179,0.821,0.0,-0.7506,37,15.903189008614273,0,3,0,1,0,0,0,0,0,0,0,0,0,0,0,0,0,0,0,0,0,0,0,0,3,0,2,0,0,0,0,0,0,0,0,0,0,0,0,1,0,0,0,6,0,0,0,0,0,1,1.0
1mpq3r9,0.376,0.214,0.054,0.833,0.113,0.8338,105,8.548686976883017,0,3,0,3,0,0,0,0,0,0,0,0,0,0,0,1,0,0,0,0,0,0,0,1,6,5,2,0,0,0,0,2,0,0,0,0,0,0,0,0,0,0,10,11,0,0,1,0,1,190,0.7099999785423279
1mpqqx3,0.072,0.238,0.094,0.801,0.106,0.2342,291,17.015998829145012,5,16,0,3,0,0,0,0,0,0,0,0,0,0,0,2,0,0,0,0,0,0,2,0,3,7,13,0,0,0,1,0,0,0,0,0,0,0,0,0,0,0,12,26,1,2,1,1,0,0,0.33000001311302185
1mpqvq3,0.098,0.038,0.149,0.851,0.0,-0.2732,13,8.841846274778883,0,0,0,0,0,0,0,0,0,0,0,0,0,0,0,0,0,0,0,0,0,0,0,0,0,0,0,0,0,0,0,0,0,0,0,0,0,0,0,0,0,0,1,0,0,0,1,0,0,1,1.0
1mpr0zb,0.025,0.117,0.0,0.614,0.386,0.4847,6,3.1291,0,0,0,1,0,0,0,0,0,0,0,0,0,0,0,0,0,0,0,0,0,0,0,0,0,1,0,0,0,0,0,0,0,0,0,0,0,0,0,0,0,0,0,1,0,0,0,0,0,1,1.0
1mpr6jl,0.021,0.322,0.375,0.385,0.24,-0.34,6,3.1291,0,0,0,0,0,0,0,0,0,0,0,0,0,0,0,0,0,0,0,0,0,0,0,0,0,1,1,0,0,0,0,0,0,0,0,0,0,0,0,0,0,0,0,0,0,0,0,0,0,1,1.0
1mpr9ri,0.115,0.016,0.0,0.781,0.219,0.4939,17,8.841846274778883,1,0,0,0,0,0,0,0,0,0,0,0,0,0,0,0,0,0,0,0,0,1,0,0,0,1,0,0,0,0,0,0,0,0,0,0,0,0,0,0,0,0,4,4,1,0,1,0,0,1,1.0
1mprjp2,0.066,0.025,0.037,0.851,0.113,0.9423,177,15.151101081350806,3,13,0,6,0,0,0,0,0,0,0,0,0,0,0,2,0,0,0,0,0,2,3,0,0,8,2,1,0,0,3,0,0,0,0,0,0,0,2,3,0,0,2,22,3,2,4,1,1,0,0.4000000059604645
1mprm83,0.105,0.612,0.188,0.681,0.131,-0.9527,192,14.90622815163357,0,18,7,1,0,0,0,0,0,0,0,0,0,0,0,2,0,0,0,0,0,0,11,0,4,4,10,0,0,3,0,0,0,0,0,0,0,0,0,0,0,0,2,18,2,1,7,3,0,0,0.10000000149011612
1mps3j8,0.048,0.148,0.114,0.722,0.163,0.9985,1507,11.869152499402258,13,64,3,19,0,0,0,0,0,0,0,0,0,0,5,6,0,0,0,0,0,15,25,5,12,71,71,0,1,1,7,5,2,0,0,1,0,0,3,3,0,0,40,52,5,11,17,6,0,0,0.27000001072883606
1mps5ed,0.05,0.115,0.0,0.845,0.155,0.3384,14,11.20814326018867,0,0,0,0,0,0,0,0,0,0,0,0,0,0,0,0,0,0,0,0,0,0,0,0,0,0,0,0,0,0,0,0,0,0,0,0,0,0,0,0,0,0,0,4,0,1,0,0,0,1,1.0
1mpt149,0.176,0.39,0.012,0.77,0.218,0.9913,184,11.93303328291395,4,15,0,7,0,3,0,0,0,0,0,0,0,0,0,2,0,0,0,0,0,2,9,0,4,11,3,0,0,1,2,0,0,0,0,0,0,0,3,2,0,0,1,23,5,1,2,2,1,0,0.41999998688697815
1mpu5si,0.032,0.132,0.14,0.686,0.175,0.9092,370,13.581749320917972,5,14,0,15,0,0,0,0,0,0,0,0,0,0,3,3,0,0,0,0,0,0,29,4,0,20,13,0,1,2,2,0,0,0,0,0,0,0,1,2,0,0,1,32,4,1,9,4,1,0,0.4000000059604645
1mpukt1,0.072,0.361,0.16,0.765,0.075,-0.9945,485,13.85296031240616,5,41,0,9,0,0,0,0,0,0,0,0,0,0,1,7,0,0,0,0,0,1,2,4,17,9,24,0,0,0,0,0,2,0,0,0,0,0,3,3,0,0,5,35,4,6,5,2,0,7,0.6800000071525574
1mpvl88,0.057,0.05,0.066,0.814,0.119,0.9857,553,12.966835967463105,8,44,0,11,0,2,0,0,0,0,0,0,0,0,3,5,0,0,0,0,0,10,14,2,9,20,9,0,0,3,2,1,2,0,0,4,0,0,0,1,0,0,7,28,2,3,7,1,0,0,0.33000001311302185
1mpvxes,0.022,0.058,0.143,0.75,0.107,-0.9306,296,10.65027996061788,3,31,0,12,0,0,0,0,0,0,0,0,0,0,1,6,0,0,0,0,0,0,10,1,6,11,10,0,0,2,2,0,0,0,0,0,0,0,2,4,0,0,0,25,3,1,5,2,1,39,0.6700000166893005
1mpw16c,0.05,0.363,0.119,0.821,0.06,-0.9409,221,17.613555460941566,1,16,0,5,0,0,0,0,0,0,0,0,0,0,0,1,0,0,0,0,0,0,1,4,9,3,7,0,0,0,0,1,0,0,0,0,0,0,2,4,0,0,3,24,3,2,1,2,0,0,0.36000001430511475
1mpwnx6,0.128,0.055,0.087,0.87,0.043,-0.6484,175,11.538034831475386,2,13,0,10,0,1,0,0,0,0,0,0,1,0,1,1,0,0,0,0,0,9,3,0,0,5,6,0,1,0,3,0,0,0,0,0,0,0,1,1,0,0,8,15,1,0,8,1,0,0,0.23000000417232513
1mpwo2z,0.039,0.036,0.047,0.777,0.176,0.9967,497,13.6886701853816,6,27,0,5,0,0,0,0,0,0,0,0,0,0,1,3,0,0,0,0,0,1,5,4,10,25,7,1,0,0,2,0,0,0,0,0,0,0,1,0,0,0,33,24,3,2,5,3,0,0,0.25999999046325684
1mpwqwk,0.051,0.057,0.0,1.0,0.0,0.0,17,14.554592549557764,0,0,0,0,0,0,0,0,0,0,0,0,0,0,0,0,0,0,0,0,0,0,0,0,0,0,0,0,0,0,0,0,0,0,0,0,0,0,0,0,0,0,3,2,0,0,1,0,0,1,1.0
1mpwsq0,0.032,0.315,0.145,0.747,0.107,-0.9366,185,11.003577315987393,4,31,0,1,0,1,0,0,0,0,0,0,0,0,1,0,0,0,0,0,0,1,3,1,4,6,9,0,0,0,1,0,1,0,0,4,1,0,1,2,0,0,0,17,4,1,4,0,1,199,0.550000011920929
1mpxra9,0.033,0.139,0.056,0.841,0.103,0.9946,985,13.301529381037508,16,75,0,20,0,0,0,0,0,0,0,0,0,0,3,7,0,0,1,0,0,7,9,2,24,17,22,0,1,0,4,0,1,0,0,0,0,0,0,9,0,0,47,38,6,9,25,5,1,0,0.41999998688697815
1mpzo53,0.074,0.031,0.0,0.878,0.122,0.2023,14,13.023866798666859,0,1,0,0,0,0,0,0,0,0,0,0,0,0,0,0,0,0,0,0,0,0,0,0,0,0,1,0,0,0,0,0,0,0,0,0,0,0,0,0,0,0,1,4,0,0,1,0,0,1,1.0
1mpzshj,0.017,0.025,0.186,0.814,0.0,-0.1531,8,13.023866798666859,0,0,0,0,0,0,0,0,0,0,0,0,0,0,0,0,0,0,0,0,0,1,0,0,0,0,0,0,0,0,0,0,0,0,0,0,0,0,0,0,0,0,1,1,0,0,0,0,0,1,1.0
1mpzsi0,0.175,0.401,0.253,0.747,0.0,-0.7964,23,13.023866798666859,2,1,0,0,0,0,0,0,0,0,0,0,0,0,0,0,0,0,0,0,0,0,0,0,0,0,2,0,0,0,0,0,0,0,0,0,0,0,0,0,0,0,0,3,0,0,2,0,0,1,1.0
1mpzxa8,0.036,0.058,0.328,0.672,0.0,-0.705,14,14.554592549557764,0,0,0,0,0,0,0,0,0,0,0,0,0,0,0,1,0,0,0,0,0,1,0,0,0,0,1,0,0,0,0,0,0,0,0,0,0,0,0,0,0,0,0,3,0,1,0,0,0,1,1.0
1mq052q,0.019,0.121,0.057,0.858,0.084,0.8264,259,12.905362322585251,2,16,0,3,0,0,0,0,1,0,0,0,0,0,1,5,0,0,1,0,0,0,8,6,13,10,4,0,1,1,2,0,2,0,0,1,0,0,0,2,0,0,3,29,2,2,2,3,2,0,0.20000000298023224
1mq0gcz,0.098,0.11,0.011,0.893,0.096,0.9251,125,10.560738912317856,0,9,0,3,0,0,0,0,0,0,0,0,0,0,0,1,0,0,0,0,0,0,0,1,3,7,1,0,0,0,0,0,3,0,0,0,0,0,0,0,0,0,0,10,2,0,0,0,0,0,0.20999999344348907
1mq0gxp,0.042,0.281,0.066,0.797,0.136,0.904,189,16.26309291913925,7,6,0,2,0,2,0,0,0,0,0,0,0,0,0,1,0,0,0,0,0,0,7,0,2,7,4,0,0,0,1,0,0,0,0,0,0,0,0,0,0,0,1,17,4,3,3,1,1,184,0.6899999976158142
1mq0j3s,0.08,0.281,0.076,0.792,0.132,0.9833,476,9.586721724236664,3,25,0,12,0,0,0,0,0,0,0,0,0,0,4,5,0,0,0,0,0,0,43,2,6,21,13,0,0,0,6,1,0,0,0,0,0,0,2,5,0,0,28,30,3,2,3,2,3,2,0.5299999713897705
1mq122y,0.034,0.013,0.0,1.0,0.0,0.0,5,8.841846274778883,0,0,0,0,0,0,0,0,0,0,0,0,0,0,0,0,0,0,0,0,0,0,0,0,0,0,0,0,0,0,0,0,0,0,0,0,0,0,0,0,0,0,0,0,0,0,0,0,0,1,1.0
1mq1lp6,0.03,0.179,0.111,0.794,0.095,-0.1027,22,8.841846274778883,0,1,0,1,0,0,0,0,0,0,0,0,0,0,0,0,0,0,0,0,0,0,0,0,0,0,1,0,0,0,0,0,0,0,0,0,0,0,0,0,0,0,2,3,0,1,0,0,0,1,1.0
1mq1tyh,0.059,0.603,0.132,0.77,0.098,-0.7039,120,9.516144504307135,1,8,1,4,0,0,1,0,0,0,0,0,0,0,0,0,0,0,0,0,0,0,3,3,6,3,7,0,0,0,0,0,0,0,0,1,0,0,1,1,0,0,3,13,2,0,1,0,1,86,0.7699999809265137
1mq2d3p,0.025,0.018,0.0,1.0,0.0,0.0,10,8.841846274778883,0,0,0,0,0,0,0,0,0,0,0,0,0,0,0,0,0,0,0,0,0,0,0,0,0,3,0,0,0,0,0,0,0,0,0,0,0,0,0,0,0,0,0,1,0,0,0,0,0,1,1.0
1mq2ntt,0.102,0.043,0.079,0.825,0.096,0.6801,448,11.362043627235082,5,33,2,12,0,0,0,0,0,0,0,0,1,0,6,3,0,1,0,0,1,4,12,1,10,12,14,0,1,0,2,1,0,0,0,1,0,0,0,1,0,0,19,32,4,4,12,2,0,54,0.6800000071525574
1mq2o5q,0.039,0.054,0.186,0.721,0.093,-0.9941,423,11.111384760643409,4,47,0,10,0,0,0,0,0,0,0,0,0,0,5,5,0,0,8,0,0,0,10,33,2,8,22,2,0,1,5,0,0,0,0,0,0,0,1,2,0,0,2,28,4,4,15,2,0,526,0.8399999737739563
1mq307e,0.129,0.13,0.147,0.726,0.127,-0.5823,109,12.28987398476788,2,3,0,2,0,1,0,0,0,0,0,0,0,0,0,0,0,0,0,0,0,0,0,0,6,4,6,0,0,0,0,0,0,0,0,0,0,0,0,0,0,0,2,9,0,0,2,0,0,0,0.3499999940395355
1mq33f9,0.025,0.659,0.554,0.446,0.0,-0.7351,7,8.841846274778883,0,0,0,0,0,0,0,0,0,0,0,0,0,0,0,0,0,0,0,0,0,0,0,0,0,0,2,0,0,0,0,0,0,0,0,0,0,0,0,0,0,0,0,1,0,0,0,0,0,1,1.0
1mq3aib,0.039,0.634,0.182,0.749,0.069,-0.9775,231,8.841846274778883,7,18,0,10,0,0,0,0,0,0,0,0,0,0,2,4,1,1,1,0,0,0,17,13,4,5,19,0,1,0,1,1,2,0,0,4,0,0,1,1,0,0,2,23,3,1,7,3,0,0,0.18000000715255737
1mq3ce9,0.205,0.233,0.0,1.0,0.0,0.0,10,3.1291,0,0,0,1,0,0,0,0,0,0,0,0,0,0,0,0,0,0,0,0,0,0,0,0,0,0,0,0,0,0,0,0,0,0,0,0,0,0,0,0,0,0,0,2,1,0,0,0,0,1,1.0
1mq3eq5,0.046,0.261,0.0,1.0,0.0,0.0,18,3.1291,0,2,0,1,0,0,0,0,0,0,0,0,0,0,0,1,0,0,0,0,0,0,0,3,0,0,0,0,0,0,0,0,0,0,0,0,0,0,0,1,0,0,0,5,0,0,0,0,0,1,1.0
1mq3h83,0.047,0.211,0.123,0.742,0.136,0.9082,801,11.333407214811011,8,77,0,29,0,0,1,1,0,0,0,0,0,0,5,9,0,0,0,0,1,10,27,19,5,35,33,0,1,1,3,0,7,0,0,8,0,0,1,8,0,0,24,37,4,13,23,4,1,0,0.3100000023841858
1mq3i3n,0.029,0.165,0.127,0.805,0.068,-0.9917,605,12.516099999999998,10,56,0,15,0,0,0,0,0,0,0,0,0,0,8,6,0,0,0,0,0,0,12,4,9,10,26,1,1,1,2,0,1,0,0,2,0,0,5,9,0,0,19,36,6,16,10,3,2,0,0.27000001072883606
1mq3pes,0.032,0.046,0.0,0.847,0.153,0.2023,11,8.841846274778883,0,0,0,1,0,0,0,0,0,0,0,0,0,0,0,0,0,0,0,0,0,0,1,0,0,1,1,0,0,0,0,0,0,0,0,0,0,0,0,0,0,0,0,3,0,0,0,0,0,1,1.0
1mq3qpw,0.018,0.022,0.041,0.82,0.139,0.9766,230,13.023866798666859,3,12,0,1,0,0,0,0,0,0,0,0,0,0,3,0,0,0,0,0,0,0,12,0,1,9,4,0,0,0,4,1,0,0,0,0,0,0,0,1,0,0,10,10,1,1,12,1,0,15,0.7599999904632568
1mq3xgv,0.014,0.022,0.0,0.778,0.222,0.7184,23,13.023866798666859,0,1,0,0,0,0,0,0,0,0,0,0,0,0,0,0,0,0,0,0,0,0,2,0,0,4,0,0,0,0,0,0,0,0,0,0,0,0,0,0,0,0,1,4,0,0,0,0,1,1,1.0
1mq40gx,0.015,0.036,0.058,0.828,0.113,0.9987,1686,13.289312910317317,15,10,0,3,0,2,0,0,0,0,0,0,0,0,1,12,0,0,0,0,0,2,5,1,18,85,49,0,0,0,0,3,2,0,0,1,0,0,0,1,0,0,227,25,1,7,2,1,3,0,0.05999999865889549
1mq4dvl,0.025,0.187,0.055,0.82,0.125,0.9719,403,15.112257680678326,3,20,0,7,0,0,0,0,0,0,0,0,0,0,1,1,0,0,0,0,1,0,5,3,13,14,13,1,0,1,0,0,0,0,0,0,0,0,1,0,0,0,38,24,1,5,13,5,0,0,0.49000000953674316
1mq4w8w,0.041,0.047,0.0,0.736,0.264,0.5106,14,13.023866798666859,0,0,0,0,0,0,0,0,0,0,0,0,0,0,0,0,0,0,0,0,0,0,0,0,0,1,1,0,0,0,0,0,0,0,0,0,0,0,0,0,0,0,1,5,1,0,0,0,0,1,1.0
1mq4ycn,0.273,0.23,0.317,0.683,0.0,-0.6249,13,13.023866798666859,0,1,0,0,0,0,0,0,0,0,0,0,0,0,0,0,0,0,0,0,0,0,0,0,0,0,1,0,0,0,0,0,0,0,0,0,0,0,0,0,0,0,1,1,0,0,0,0,0,1,1.0
1mq5xqa,0.202,0.097,0.062,0.897,0.041,-0.5562,202,13.463846863241148,1,19,0,3,0,0,0,0,0,0,0,0,0,0,5,2,0,0,0,0,0,9,0,0,1,3,10,0,0,0,0,0,0,0,0,0,0,0,0,0,0,0,6,18,3,2,1,0,0,0,0.46000000834465027
1mq6015,0.292,0.378,0.0,0.738,0.262,0.4927,10,8.841846274778883,0,0,0,0,0,0,0,0,0,0,0,0,0,0,0,0,0,0,0,0,0,0,0,0,0,1,0,0,0,0,0,0,0,0,0,0,0,0,0,0,0,0,0,0,0,0,0,0,0,1,1.0
1mq6qmp,0.046,0.114,0.248,0.653,0.1,-0.9865,157,11.602472056035307,2,10,0,6,0,0,0,0,0,0,0,0,0,0,2,2,0,1,0,0,0,0,17,0,1,7,13,0,1,1,3,0,1,0,0,0,0,0,1,0,0,0,7,18,3,0,4,3,1,0,0.49000000953674316
1mq7lww,0.018,0.024,0.137,0.863,0.0,-0.2263,13,3.1291,0,0,0,0,0,0,0,0,0,0,0,0,0,0,0,0,0,0,0,0,0,0,0,0,0,0,0,0,0,0,0,0,0,0,0,0,0,0,0,0,0,0,1,1,0,0,0,0,0,1,1.0
1mq7suj,0.019,0.026,0.0,1.0,0.0,0.0,8,8.841846274778883,0,0,0,0,0,0,0,0,0,0,0,0,0,0,0,0,0,0,0,0,0,0,0,0,0,0,0,0,0,0,0,0,0,0,0,0,0,0,0,0,0,0,0,1,0,0,0,0,0,1,1.0
1mq7ujo,0.021,0.584,0.116,0.884,0.0,-0.4404,23,14.554592549557764,0,3,0,2,0,0,0,0,0,0,0,0,0,0,1,1,0,0,0,0,0,0,0,0,0,1,1,0,0,0,0,0,0,0,0,0,0,0,0,1,0,0,0,4,0,1,1,0,0,1,1.0
1mq7wgn,0.035,0.022,0.0,1.0,0.0,0.0,13,8.841846274778883,0,0,0,1,0,0,0,0,0,0,0,0,0,0,0,0,0,0,0,0,0,0,0,0,0,0,0,0,0,0,0,0,0,0,0,0,0,0,0,0,0,0,0,3,0,0,0,0,0,1,1.0
1mq7y0w,0.096,0.265,0.163,0.777,0.059,-0.9664,180,9.888512548439397,1,13,0,10,0,1,0,0,0,0,0,0,0,0,1,1,0,0,0,0,0,0,0,2,11,5,15,0,0,0,0,0,0,0,0,0,0,0,0,2,0,0,1,17,4,0,1,0,0,0,0.3700000047683716
1mq81en,0.159,0.025,0.0,1.0,0.0,0.0,16,11.20814326018867,0,1,0,1,0,0,0,0,0,0,0,0,0,0,0,1,0,0,0,0,0,1,0,0,0,0,0,0,0,0,0,0,0,0,0,0,0,0,0,0,0,0,0,3,0,0,1,0,0,1,1.0
1mq83jz,0.076,0.056,0.059,0.798,0.143,0.9981,840,13.515550749253407,7,31,0,11,0,0,0,0,0,0,0,0,0,0,3,10,0,0,0,0,0,19,17,0,10,35,22,0,1,0,10,4,0,0,0,2,0,0,0,3,0,0,55,38,2,10,17,3,1,426,0.7599999904632568
1mq8ayy,0.03,0.014,0.0,1.0,0.0,0.0,12,3.1291,1,0,0,0,0,0,0,0,0,0,0,0,0,0,0,0,0,0,0,0,0,1,0,0,0,0,0,0,0,0,0,0,0,0,0,0,0,0,0,0,0,0,1,3,0,0,1,0,0,1,1.0
1mq8azy,0.016,0.036,0.0,0.89,0.11,0.3818,22,17.122413403193683,1,2,0,0,0,0,0,0,0,0,0,0,0,0,0,0,0,0,0,0,0,0,0,1,0,0,0,0,0,0,0,0,0,0,0,0,0,0,0,0,0,0,0,2,0,0,0,0,0,1,1.0
1mq8d0i,0.028,0.189,0.239,0.761,0.0,-0.296,8,3.1291,0,0,0,1,0,0,0,0,0,0,0,0,0,0,0,0,0,0,0,0,0,0,0,0,0,0,0,0,0,0,0,0,0,0,0,0,0,0,0,0,0,0,0,2,0,0,0,0,0,1,1.0
1mq8qqj,0.06,0.016,0.035,0.905,0.06,0.3634,96,12.161744961471694,0,6,0,1,0,0,0,0,0,0,0,0,0,0,0,1,0,0,0,0,0,0,6,2,2,4,0,0,0,1,0,0,0,0,0,0,0,0,0,2,0,0,1,15,0,0,2,1,0,20,0.8399999737739563
1mq8z8d,0.457,0.294,0.0,1.0,0.0,0.0,8,11.20814326018867,0,0,0,0,0,0,0,0,0,0,0,0,0,0,0,0,0,0,0,0,0,0,0,0,0,0,0,0,0,0,0,0,0,0,0,0,0,0,0,0,0,0,1,0,0,0,0,0,0,1,1.0
1mq9w6x,0.058,0.481,0.118,0.832,0.05,-0.959,236,13.397384779245865,2,13,0,6,0,0,0,0,0,0,0,0,0,0,3,0,0,0,0,0,0,0,0,8,4,4,21,0,0,0,0,0,0,0,0,0,0,0,0,0,0,0,11,20,2,4,6,0,0,0,0.30000001192092896
1mq9y2f,0.135,0.114,0.151,0.774,0.075,-0.9968,660,14.427873371737409,12,35,0,11,0,1,0,0,0,0,0,0,0,0,4,4,0,0,0,0,0,5,11,0,12,21,33,0,0,0,1,1,1,0,0,0,0,0,0,2,0,0,35,36,10,5,10,3,1,1356,0.8999999761581421
1mqaqqb,0.033,0.052,0.216,0.784,0.0,-0.296,9,3.1291,0,0,0,1,0,0,0,0,0,0,0,0,0,0,0,0,0,0,0,0,0,0,1,0,0,0,0,0,0,0,0,0,0,0,0,0,0,0,0,0,0,0,0,0,0,0,0,0,0,1,1.0
1mqb70h,0.035,0.337,0.164,0.798,0.038,-0.9735,155,11.20814326018867,0,10,0,1,0,2,0,0,0,0,0,0,0,0,0,1,0,0,0,1,0,0,14,0,1,3,12,0,0,0,1,0,0,0,0,0,0,0,0,1,0,0,3,11,1,1,1,3,0,0,0.41999998688697815
1mqc7vg,0.039,0.188,0.167,0.773,0.06,-0.5423,20,13.023866798666859,0,1,0,1,0,0,0,0,0,0,0,0,0,0,0,0,0,0,0,0,0,0,0,0,0,0,0,0,0,0,0,0,0,0,0,0,0,0,0,1,0,0,0,2,0,0,1,0,0,1,1.0
1mqc90w,0.073,0.191,0.149,0.781,0.071,-0.9963,720,11.080906280650957,13,79,1,19,0,0,1,0,0,0,0,0,0,1,6,10,0,0,3,0,0,0,3,57,7,11,40,2,0,0,0,1,0,0,0,0,0,0,1,7,0,0,7,37,3,7,18,0,1,0,0.25999999046325684
1mqcmu9,0.097,0.033,0.046,0.836,0.119,0.9652,266,14.265292616868656,4,14,0,1,0,0,0,0,0,0,0,0,0,0,0,1,0,0,0,0,0,2,12,1,6,12,3,0,0,0,4,0,0,0,0,0,0,0,0,0,0,0,8,24,7,4,11,5,0,0,0.17000000178813934
1mqcr2y,0.045,0.141,0.506,0.494,0.0,-0.6249,5,11.20814326018867,0,0,0,0,0,0,0,0,0,0,0,0,0,0,0,0,0,0,0,0,0,0,0,0,0,0,1,0,0,0,0,0,0,0,0,0,0,0,0,0,0,0,0,0,0,0,0,0,0,1,1.0
1mqcs7d,0.029,0.187,0.144,0.786,0.07,-0.9775,282,15.322241378113624,0,21,1,3,0,2,0,0,0,0,0,0,0,0,2,0,0,0,0,0,0,7,3,0,3,12,27,0,0,0,2,0,0,0,0,0,0,0,0,2,0,0,4,21,2,3,1,1,1,211,0.6200000047683716
1mqd14g,0.022,0.097,0.0,0.845,0.155,0.0258,7,8.841846274778883,0,0,0,1,0,0,0,0,0,0,0,0,0,0,0,0,0,0,0,0,0,0,0,0,0,0,0,0,0,0,0,0,0,0,0,0,0,0,0,0,0,0,0,1,0,0,0,0,0,1,1.0
1mqduds,0.034,0.304,0.047,0.709,0.244,0.975,102,14.554592549557764,2,7,0,0,0,0,0,0,0,0,0,0,0,0,0,0,0,0,0,0,0,0,0,0,5,7,4,0,0,0,0,0,0,0,0,0,0,0,0,0,0,0,1,11,0,1,2,0,0,1,1.0
1mqdyby,0.504,0.553,0.524,0.476,0.0,-0.6597,5,3.1291,0,0,0,0,0,0,0,0,0,0,0,0,0,0,0,0,0,0,0,0,0,0,0,0,0,0,1,0,0,0,0,0,0,0,0,0,0,0,0,0,0,0,0,0,0,0,0,0,0,1,0.9900000095367432
1mqe2ju,0.058,0.276,0.051,0.753,0.196,0.9817,228,13.149919865122353,7,16,2,5,0,0,0,0,0,0,0,0,0,0,2,1,0,1,0,0,1,1,5,0,2,30,7,0,0,1,3,0,2,0,0,0,0,0,0,1,0,0,3,23,2,1,7,1,0,0,0.20000000298023224
1mqee6n,0.036,0.026,0.167,0.606,0.227,0.2023,10,11.20814326018867,0,0,0,1,0,0,0,0,0,0,0,0,0,0,1,0,0,0,0,0,0,0,0,0,0,0,1,0,0,0,0,0,0,0,0,0,0,0,0,0,0,0,0,2,0,1,0,0,0,1,0.9900000095367432
1mqeeep,0.059,0.255,0.047,0.898,0.055,-0.1669,195,9.3871,0,11,1,3,0,0,1,0,0,0,0,0,0,0,1,1,0,0,2,0,0,0,10,5,5,6,4,0,0,1,2,0,0,0,0,2,0,0,1,2,0,0,7,20,2,0,3,2,1,191,0.800000011920929
1mqeh84,0.039,0.036,0.155,0.634,0.211,0.2023,11,11.20814326018867,0,0,0,1,0,0,0,0,0,0,0,0,0,0,1,0,0,0,0,0,0,1,0,0,0,0,1,0,0,0,0,0,0,0,0,0,0,0,0,0,0,0,0,2,0,1,0,0,0,1,1.0
1mqehtu,0.162,0.528,0.111,0.78,0.109,0.1722,847,13.768850305458301,6,52,3,13,0,3,0,0,0,0,0,0,0,0,5,7,0,0,6,0,0,0,10,23,17,26,35,0,0,0,1,0,0,0,0,2,0,0,0,4,0,0,33,42,5,4,26,1,0,0,0.2800000011920929
1mqejbk,0.025,0.025,0.039,0.885,0.076,0.6701,140,11.538034831475386,4,11,0,2,0,0,0,0,0,0,0,0,0,0,2,2,0,0,1,0,0,2,12,1,0,5,2,2,1,0,4,0,0,0,0,0,0,0,0,0,0,0,4,12,2,1,5,0,1,0,0.3700000047683716
1mqeogm,0.048,0.255,0.278,0.722,0.0,-0.4019,8,11.20814326018867,0,0,0,0,0,0,0,0,0,0,0,0,0,0,0,0,0,0,0,0,0,0,0,0,0,0,1,0,0,0,0,0,0,0,0,0,0,0,0,0,0,0,1,0,0,0,0,0,0,1,1.0
1mqfer5,0.105,0.251,0.0,1.0,0.0,0.0,29,11.20814326018867,1,1,0,0,0,0,0,0,0,0,0,0,0,0,1,0,0,0,0,0,0,0,0,0,0,0,0,0,0,0,0,0,0,0,0,0,0,0,0,0,0,0,0,9,1,0,0,0,0,1,1.0
1mqfj41,0.029,0.578,0.217,0.783,0.0,-0.3612,10,8.841846274778883,0,0,1,0,0,0,0,0,0,0,0,0,0,0,0,0,0,0,0,0,0,0,0,0,0,0,1,0,0,0,0,0,0,0,0,0,0,0,0,0,0,0,2,1,0,0,0,0,0,1,1.0
1mqflj5,0.032,0.174,0.0,1.0,0.0,0.0,17,14.554592549557764,0,1,0,0,0,0,0,0,0,0,0,0,0,0,0,0,0,0,0,0,0,0,0,0,0,0,0,0,0,0,0,0,0,0,0,0,0,0,0,0,0,0,3,2,0,0,0,0,0,1,1.0
1mqfncd,0.024,0.068,0.15,0.641,0.209,0.9776,325,12.704596331783538,8,17,0,9,0,0,0,0,0,0,0,0,0,0,1,2,0,0,0,0,0,12,5,2,9,24,18,1,1,0,1,0,1,0,0,0,0,0,0,1,0,0,7,28,2,4,6,3,1,3,0.5199999809265137
1mqh9a3,0.108,0.159,0.209,0.791,0.0,-0.4404,12,13.023866798666859,1,0,0,0,0,0,1,0,0,0,0,0,0,0,0,0,0,0,0,0,0,1,0,0,0,0,0,0,0,0,0,0,0,0,0,0,0,0,0,0,0,0,0,1,0,0,1,0,0,1,1.0
1mqhjsy,0.064,0.017,0.042,0.835,0.124,0.9764,291,13.991409890343128,5,11,0,11,0,0,0,0,0,0,0,0,0,1,3,1,0,0,0,0,0,0,3,9,3,5,3,0,0,0,1,0,0,0,0,1,0,0,1,4,0,0,3,29,5,0,6,1,0,56,0.6100000143051147
1mqhvxs,0.082,0.153,0.0,1.0,0.0,0.0,17,11.20814326018867,0,0,0,0,0,0,0,0,0,0,0,0,0,0,0,0,0,0,0,0,0,0,0,0,0,1,0,0,0,0,0,0,0,0,0,0,0,0,0,1,0,0,1,3,0,0,0,0,0,1,1.0
1mqjpde,0.156,0.09,0.216,0.703,0.081,-0.9585,103,9.188382445141503,1,6,0,4,0,0,0,0,0,0,0,0,0,0,0,1,0,0,0,0,0,2,3,1,4,4,3,0,0,0,1,0,0,0,0,2,0,0,1,2,0,0,5,15,1,0,1,1,1,0,0.17000000178813934
1mqjud5,0.073,0.233,0.156,0.724,0.121,-0.9806,441,10.31748142421505,0,23,8,14,0,6,0,0,0,0,0,0,0,0,8,3,0,0,0,0,0,3,27,0,2,19,20,0,0,0,1,1,8,0,0,3,0,0,0,6,0,0,10,26,3,4,2,1,0,0,0.46000000834465027
1mqjwsj,0.076,0.27,0.097,0.741,0.162,0.9555,262,10.21488967967688,1,20,0,9,0,0,0,0,0,0,0,0,0,0,0,2,0,0,0,0,0,0,11,8,15,14,13,0,0,0,2,0,0,0,1,4,0,0,0,3,0,0,4,24,2,0,1,3,1,0,0.28999999165534973
1mqkdtm,0.09,0.039,0.009,0.856,0.135,0.9655,178,12.602617957971052,5,9,0,5,0,0,0,0,0,0,0,0,0,0,3,1,0,0,0,0,0,5,2,2,2,4,4,0,0,0,0,0,0,0,0,0,0,0,1,4,0,0,3,16,2,0,3,0,0,402,0.8299999833106995
1mqkprn,0.142,0.097,0.158,0.842,0.0,-0.4588,17,13.023866798666859,3,0,0,0,0,0,0,0,0,0,0,0,0,0,0,0,0,0,0,0,0,0,0,0,0,0,0,0,0,0,0,0,0,0,0,0,0,0,0,0,0,0,0,1,0,0,3,0,0,1,1.0
1mql04u,0.049,0.032,0.0,1.0,0.0,0.0,5,8.841846274778883,0,1,0,0,0,0,0,0,0,0,0,0,0,0,0,0,0,0,0,0,0,0,0,0,0,0,0,0,0,0,0,0,0,0,0,0,0,0,0,0,0,0,0,0,0,0,0,0,0,1,1.0
1mql2tb,0.025,0.025,0.268,0.52,0.212,-0.1901,9,3.1291,0,0,0,1,0,0,0,0,0,0,0,0,0,0,0,0,0,0,0,0,0,0,0,0,0,1,0,0,0,0,0,0,0,0,0,0,0,0,0,0,0,0,0,1,0,0,0,0,0,1,1.0
1mql9be,0.033,0.025,0.054,0.873,0.073,0.9519,931,10.852061532183505,10,57,0,22,0,0,0,0,0,0,0,0,0,0,4,11,0,0,1,0,0,6,26,14,13,25,27,2,1,4,2,0,1,0,0,2,1,0,2,5,0,0,42,42,7,6,23,3,3,0,0.3199999928474426
1mqlp1j,0.45,0.143,0.083,0.858,0.059,-0.7814,341,10.971632043042849,2,18,0,5,0,0,0,0,0,0,0,0,0,0,2,3,0,0,0,0,0,18,3,0,4,16,14,0,0,0,0,8,0,0,0,0,0,0,1,3,0,0,27,23,2,1,12,0,0,4,0.5799999833106995
1mqltqr,0.287,0.127,0.05,0.759,0.191,0.6486,26,17.122413403193683,0,1,0,0,0,0,0,0,0,0,0,0,0,0,1,0,0,0,0,0,0,0,0,0,0,2,2,0,0,0,0,0,0,0,0,0,0,0,0,0,0,0,0,4,1,0,0,0,0,1,1.0
1mqlv3q,0.138,0.423,0.0,1.0,0.0,0.0,13,3.1291,0,0,0,0,0,0,0,0,0,0,0,0,0,0,0,0,0,0,0,0,0,0,0,2,0,0,0,0,0,0,0,0,0,0,0,0,0,0,0,0,0,0,0,3,0,0,0,0,0,1,1.0
1mqm0cy,0.052,0.03,0.064,0.789,0.147,0.9906,511,15.14089131213641,7,33,1,12,0,2,0,0,0,0,0,0,0,0,3,3,0,0,3,0,0,4,5,9,10,20,9,0,1,0,2,0,0,0,0,0,0,0,1,1,0,0,19,32,4,1,10,2,0,0,0.25999999046325684
1mqmo9w,0.027,0.017,0.0,0.667,0.333,0.4574,7,3.1291,0,0,0,0,0,0,0,0,0,0,0,0,0,0,0,0,0,0,0,0,0,0,0,0,0,0,0,0,0,0,0,0,0,0,0,1,0,0,0,0,0,0,1,1,0,0,0,0,0,1,1.0
1mqoa5n,0.422,0.143,0.419,0.581,0.0,-0.5574,6,11.20814326018867,1,0,0,0,0,0,0,0,0,0,0,0,0,0,0,0,0,0,0,0,0,0,0,0,0,0,1,0,0,0,0,0,0,0,0,0,0,0,0,0,0,0,0,1,0,0,1,0,0,1,1.0
1mqooad,0.033,0.153,0.053,0.883,0.063,0.4276,177,10.125756701596842,0,16,0,4,2,0,0,0,0,0,0,0,0,0,0,1,0,0,0,0,0,0,4,0,4,3,6,0,0,0,1,0,0,0,0,4,0,0,0,2,0,0,6,17,1,0,0,3,3,1,0.5299999713897705
1mqos3k,0.067,0.153,0.0,1.0,0.0,0.0,8,13.023866798666859,0,0,0,0,0,0,0,0,0,0,0,0,0,0,0,0,0,0,0,0,0,0,0,0,0,0,0,0,0,0,0,0,0,0,0,0,0,0,0,0,0,0,1,0,0,0,0,0,0,1,1.0
1mqp6lp,0.047,0.29,0.103,0.789,0.108,0.7197,373,14.191785591663535,6,17,0,8,0,2,0,0,0,0,0,0,0,0,1,2,0,0,0,0,0,0,3,1,18,10,14,0,0,0,0,0,0,0,0,2,0,0,3,5,0,0,8,23,5,2,7,1,1,0,0.33000001311302185
1mqp735,0.052,0.086,0.109,0.827,0.064,-0.7949,180,13.172668634160413,2,8,0,3,0,0,0,0,0,0,0,0,0,0,0,2,0,0,0,0,0,1,9,0,6,4,6,0,1,0,3,0,0,0,0,1,0,0,0,0,0,0,3,15,1,3,4,2,0,0,0.17000000178813934
1mqp8v6,0.039,0.148,0.192,0.648,0.16,-0.7815,316,7.168621630094336,5,15,0,14,0,0,0,0,0,0,0,0,0,0,4,2,0,0,0,0,1,32,7,4,3,16,32,0,0,3,0,3,0,0,0,0,0,0,0,4,0,0,0,17,2,1,2,2,0,109,0.699999988079071
1mqq8jl,0.021,0.022,0.065,0.799,0.136,0.6808,69,10.864195022040775,0,2,0,2,0,0,0,0,0,0,0,0,0,0,0,1,0,0,0,0,0,1,0,1,1,3,3,0,0,0,0,1,0,0,0,1,0,0,0,0,0,0,4,8,0,0,1,0,0,7,0.8199999928474426
1mqqe21,0.018,0.4,0.064,0.877,0.059,-0.7883,405,13.319297830178854,7,19,2,1,0,2,0,0,0,0,0,0,0,0,2,5,0,0,2,0,0,0,3,2,2,20,20,0,0,0,3,1,2,0,0,0,0,0,2,1,0,0,3,23,6,2,6,1,0,364,0.7900000214576721
1mqr2xu,0.02,0.243,0.061,0.872,0.068,0.058,29,15.903189008614273,1,2,0,1,0,0,0,0,0,0,0,0,0,0,0,0,0,0,0,0,0,1,1,0,0,1,1,0,0,0,1,0,0,0,0,0,0,0,0,0,0,0,0,4,2,0,0,1,0,1,0.6600000262260437
1mqsbsi,0.27,0.439,0.0,0.859,0.141,0.2023,12,3.1291,1,0,0,1,0,0,0,0,0,0,0,0,0,0,0,0,0,0,0,0,0,0,2,0,0,0,1,0,0,0,1,0,0,0,0,0,0,0,0,0,0,0,0,1,0,0,1,1,0,1,1.0
1mqse3f,0.503,0.409,0.0,0.807,0.193,0.2732,15,8.841846274778883,0,0,0,1,0,0,0,0,0,0,0,0,0,0,0,0,0,0,0,0,0,0,1,0,0,1,0,0,0,0,0,0,0,0,0,0,0,0,0,0,0,0,0,2,0,0,1,1,0,1,1.0
1mqu02n,0.031,0.241,0.209,0.742,0.049,-0.7845,36,20.267338824336647,1,2,0,1,0,0,0,0,0,0,0,0,0,0,0,0,0,0,0,0,0,0,0,0,0,3,1,0,0,0,0,0,0,0,0,0,0,0,0,1,0,0,0,6,0,0,1,0,0,1,1.0
1mqu2vq,0.031,0.238,0.209,0.742,0.049,-0.7845,36,20.267338824336647,1,2,0,1,0,0,0,0,0,0,0,0,0,0,0,0,0,0,0,0,0,0,0,0,0,3,1,0,0,0,0,0,0,0,0,0,0,0,0,1,0,0,0,6,0,0,1,0,0,1,1.0
1mqu9mp,0.055,0.687,0.376,0.624,0.0,-0.8331,15,8.841846274778883,1,0,0,0,0,0,0,0,0,0,0,0,0,0,0,0,0,0,0,0,0,0,1,0,1,1,2,0,0,0,1,0,0,0,0,0,0,0,0,0,0,0,0,1,0,0,1,1,0,1,1.0
1mqucpu,0.021,0.053,0.211,0.789,0.0,-0.4939,13,11.20814326018867,0,0,0,0,0,0,0,0,0,0,0,0,0,0,0,0,0,0,0,0,0,0,0,0,0,0,2,0,0,0,0,0,0,0,0,0,0,0,0,0,0,0,0,3,0,0,1,0,0,467,0.800000011920929
1mqv0j6,0.033,0.024,0.24,0.76,0.0,-0.6249,14,3.1291,0,0,0,0,0,0,0,0,0,0,0,0,0,0,0,0,0,0,0,0,0,0,0,0,0,0,1,0,0,0,0,0,0,0,0,0,0,0,0,0,0,0,2,2,0,0,0,0,0,1,1.0
1mqvf3l,0.019,0.309,0.0,0.67,0.33,0.7096,14,8.841846274778883,0,2,0,0,0,0,0,0,0,0,0,0,0,0,0,0,0,0,0,0,0,0,2,0,0,1,2,0,0,0,0,0,0,0,0,0,0,0,0,0,0,0,0,1,0,0,0,0,0,1,1.0
1mqvh7n,0.058,0.317,0.383,0.617,0.0,-0.78,13,8.841846274778883,0,0,0,0,0,0,0,0,0,0,0,0,0,0,0,0,0,0,0,0,0,0,0,0,1,1,2,0,0,0,0,0,0,0,0,0,0,0,0,0,0,0,1,2,0,0,0,0,0,0,0.5
1mqvqb4,0.022,0.401,0.191,0.656,0.153,-0.1779,14,14.554592549557764,0,0,0,0,0,0,0,0,0,0,0,0,0,0,0,0,0,0,0,0,0,0,0,0,0,1,4,0,0,0,0,0,0,0,0,0,0,0,0,0,0,0,0,3,0,0,0,0,0,0,0.3400000035762787
1mqvukt,0.079,0.378,0.231,0.769,0.0,-0.128,6,8.841846274778883,1,0,0,0,0,0,0,0,0,0,0,0,0,0,0,0,0,0,0,0,0,0,0,0,0,0,1,0,0,0,0,0,0,0,0,0,0,0,0,0,0,0,2,0,0,0,1,0,0,2,1.0
1mqvytw,0.147,0.458,0.524,0.476,0.0,-0.6597,5,3.1291,0,0,0,0,0,0,0,0,0,0,0,0,0,0,0,0,0,0,0,0,0,0,0,0,0,0,1,0,0,0,0,0,0,0,0,0,0,0,0,0,0,0,0,0,0,0,0,0,0,1,1.0
1mqw5wk,0.033,0.036,0.116,0.565,0.319,0.6049,14,11.20814326018867,0,0,0,1,0,0,0,0,0,0,0,0,0,0,0,0,0,0,0,0,0,0,0,0,0,2,0,0,0,0,0,0,0,0,0,0,0,0,0,0,0,0,0,2,0,0,0,0,0,1,1.0
1mqx0br,0.211,0.04,0.085,0.747,0.168,0.3248,14,12.161744961471694,0,1,0,1,0,0,0,0,0,0,0,0,0,0,0,0,0,0,0,0,0,0,0,0,0,0,0,0,0,0,0,0,1,0,0,0,0,0,0,0,0,0,3,3,0,0,0,0,0,1,1.0
1mqx0ns,0.025,0.113,0.0,0.787,0.213,0.6597,22,13.023866798666859,0,2,0,0,0,0,0,0,0,0,0,0,0,0,0,0,0,0,0,0,0,0,0,1,0,2,0,0,0,0,0,0,0,0,0,0,0,0,0,0,0,0,0,5,1,0,1,0,0,1,1.0
1mqx9o5,0.211,0.041,0.085,0.747,0.168,0.3248,14,12.161744961471694,0,1,0,1,0,0,0,0,0,0,0,0,0,0,0,0,0,0,0,0,0,0,0,0,0,0,0,0,0,0,0,0,1,0,0,0,0,0,0,0,0,0,3,3,0,0,0,0,0,1,1.0
1mqxitw,0.087,0.037,0.124,0.632,0.244,0.3248,9,13.023866798666859,0,0,0,1,0,0,0,0,0,0,0,0,0,0,0,0,0,0,0,0,0,0,0,0,0,0,0,0,0,0,0,0,0,0,0,0,0,0,0,0,0,0,2,0,0,0,0,0,0,1,1.0
1mqxrgf,0.028,0.033,0.252,0.748,0.0,-0.4019,9,3.1291,0,0,0,0,0,0,0,0,0,0,0,0,0,0,0,0,0,0,0,0,0,0,0,0,0,0,1,0,0,0,0,0,0,0,0,0,0,0,0,0,0,0,2,1,0,0,0,0,0,1,1.0
1mqxxwp,0.041,0.012,0.0,1.0,0.0,0.0,12,11.20814326018867,0,0,0,1,0,0,0,0,0,0,0,0,0,0,0,0,0,0,0,0,0,0,0,0,1,1,0,0,0,0,0,0,0,0,0,0,0,0,0,0,0,0,0,1,0,0,0,0,0,1,1.0
1mqy959,0.031,0.068,0.0,0.838,0.162,0.4404,16,11.20814326018867,1,0,0,1,0,0,0,0,0,0,0,0,0,0,0,0,0,0,0,0,0,0,0,0,1,2,0,0,0,0,0,0,0,0,0,0,0,0,0,0,0,0,1,1,0,0,1,0,0,0,0.3400000035762787
1mqybzi,0.037,0.11,0.0,0.547,0.453,0.8736,15,3.1291,0,1,0,1,0,1,0,0,0,0,0,0,0,0,0,0,0,0,0,0,0,0,0,1,0,2,0,0,0,0,0,0,0,0,0,0,0,0,0,0,0,0,0,1,0,0,0,0,0,0,0.23999999463558197
1mqydgd,0.037,0.043,0.155,0.845,0.0,-0.296,13,13.023866798666859,0,0,0,0,0,0,0,0,0,0,0,0,0,0,0,0,0,0,0,0,0,1,0,0,0,0,0,0,0,0,0,0,0,0,0,0,0,0,0,0,0,0,0,2,0,0,0,0,0,13,0.5799999833106995
1mqz2ta,0.276,0.197,0.114,0.842,0.043,-0.5106,42,19.287186520377343,0,2,0,0,0,0,0,0,0,0,0,0,0,0,2,0,0,0,0,0,0,1,0,0,2,2,1,0,0,0,0,0,0,0,0,0,0,0,0,0,0,0,7,5,0,1,0,0,0,1,1.0
1mqz4sk,0.028,0.018,0.0,0.461,0.539,0.8887,12,3.1291,0,1,0,0,0,0,0,0,0,0,0,0,0,0,0,0,0,0,0,0,0,0,0,0,0,2,0,0,0,0,0,0,0,0,0,0,0,0,0,0,0,0,0,2,1,0,0,0,0,1,1.0
1mqz9cx,0.167,0.906,0.425,0.575,0.0,-0.5709,6,8.841846274778883,0,0,1,0,0,0,0,0,0,0,0,0,0,0,0,0,0,0,0,0,0,0,0,0,0,0,2,0,0,0,0,0,0,0,0,0,0,0,0,0,0,0,0,0,0,0,0,0,0,1,1.0
1mqzjlc,0.087,0.097,0.143,0.857,0.0,-0.3612,16,8.841846274778883,0,0,0,1,0,0,0,0,0,0,0,0,0,0,1,0,0,0,0,0,0,0,0,0,1,0,0,0,0,0,0,0,0,0,0,0,0,0,0,0,0,0,0,3,0,0,2,0,0,1,1.0
1mqzl2t,0.562,0.112,0.113,0.887,0.0,-0.3182,19,11.20814326018867,0,2,0,0,0,0,0,0,0,0,0,0,0,0,0,0,0,0,0,0,0,0,0,0,1,0,1,0,0,0,0,0,0,0,0,1,0,0,0,0,0,0,1,3,0,1,0,0,0,1,1.0
1mqznv0,0.106,0.034,0.0,1.0,0.0,0.0,9,8.841846274778883,0,0,0,1,0,0,0,0,0,0,0,0,0,0,0,0,0,0,0,0,0,0,0,0,0,1,1,0,1,0,0,0,0,0,0,0,0,0,0,1,0,0,0,3,0,0,0,0,0,0,0.23999999463558197
1mr0988,0.464,0.659,0.0,1.0,0.0,0.0,9,11.20814326018867,1,0,0,0,0,0,0,0,0,0,0,0,0,0,0,0,0,0,0,0,0,0,0,0,0,0,0,0,0,0,0,0,0,0,0,0,0,0,0,0,0,0,0,0,0,0,1,0,0,1,1.0
1mr0qu0,0.091,0.203,0.123,0.658,0.218,0.3182,19,13.023866798666859,1,0,0,0,0,0,0,0,0,0,0,0,0,0,0,0,0,0,0,0,0,0,0,0,0,2,1,0,0,0,0,0,0,0,0,0,0,0,0,0,0,0,3,3,0,1,1,0,0,0,0.10999999940395355
1mr1yvn,0.055,0.687,0.376,0.624,0.0,-0.8331,15,8.841846274778883,1,0,0,0,0,0,0,0,0,0,0,0,0,0,0,0,0,0,0,0,0,0,1,0,1,1,2,0,0,0,1,0,0,0,0,0,0,0,0,0,0,0,0,1,0,0,1,1,0,1,1.0
1mr23iy,0.049,0.031,0.0,0.816,0.184,0.4019,13,13.023866798666859,1,0,0,1,0,0,0,0,0,0,0,0,0,0,0,0,0,0,0,0,0,0,0,0,0,1,0,0,0,0,0,0,0,0,0,0,0,0,0,0,0,0,2,0,0,0,1,0,0,1,1.0
1mr288y,0.228,0.427,0.524,0.476,0.0,-0.6597,5,8.841846274778883,0,0,0,0,0,0,0,0,0,0,0,0,0,0,0,0,0,0,0,0,0,0,0,0,0,0,1,0,0,0,0,0,0,0,0,0,0,0,0,0,0,0,0,0,0,0,0,0,0,1,1.0
1mr384n,0.021,0.017,0.0,0.825,0.175,0.7783,34,14.554592549557764,0,2,0,0,0,0,0,0,0,0,0,0,0,0,1,0,0,0,0,0,0,0,0,3,0,2,0,0,0,0,0,0,0,0,0,0,0,0,0,0,0,0,2,7,0,0,0,0,0,1,1.0
1mr3a4t,0.021,0.017,0.0,0.825,0.175,0.7783,34,14.554592549557764,0,2,0,0,0,0,0,0,0,0,0,0,0,0,1,0,0,0,0,0,0,0,0,3,0,2,0,0,0,0,0,0,0,0,0,0,0,0,0,0,0,0,2,7,0,0,0,0,0,1,1.0
1mr3ben,0.029,0.014,0.0,1.0,0.0,0.0,12,3.1291,1,0,0,0,0,0,0,0,0,0,0,0,0,0,0,0,0,0,0,0,0,0,0,0,0,0,0,0,0,0,0,0,0,0,0,0,0,0,0,0,0,0,0,4,0,0,1,0,0,1,1.0
1mr3bri,0.021,0.017,0.0,0.825,0.175,0.7783,34,14.554592549557764,0,2,0,0,0,0,0,0,0,0,0,0,0,0,1,0,0,0,0,0,0,0,0,3,0,2,0,0,0,0,0,0,0,0,0,0,0,0,0,0,0,0,2,7,0,0,0,0,0,1,1.0
1mr3q9i,0.029,0.153,0.339,0.661,0.0,-0.6249,9,8.841846274778883,0,0,0,0,0,0,0,0,0,0,0,0,0,0,0,0,0,0,0,0,0,0,0,0,0,0,1,0,0,0,0,0,0,0,0,0,0,0,0,0,0,0,0,0,0,0,1,0,0,1,1.0
1mr3xms,0.075,0.152,0.0,0.828,0.172,0.4404,15,3.1291,0,0,0,0,0,0,0,0,0,0,0,0,0,0,0,0,0,0,0,0,0,0,0,0,0,1,0,0,0,0,0,0,0,0,0,0,0,0,0,0,0,0,0,2,0,0,0,0,0,0,0.3799999952316284
1mr42ac,0.049,0.027,0.11,0.789,0.101,-0.0577,23,8.841846274778883,0,1,0,2,0,0,0,0,0,0,0,0,0,0,0,0,0,0,0,0,0,0,0,0,1,1,2,0,0,0,0,0,0,0,0,0,0,0,0,0,0,0,1,4,0,0,0,0,0,1,1.0
1mr4e7r,0.036,0.31,0.0,1.0,0.0,0.0,13,8.841846274778883,0,0,0,2,0,0,0,0,0,0,0,0,0,0,0,0,0,0,0,0,0,0,0,1,0,0,0,0,0,0,0,0,0,0,0,0,0,0,0,0,0,0,0,0,0,0,0,0,0,1,1.0
1mr4fzg,0.028,0.03,0.125,0.532,0.343,0.5705,12,13.023866798666859,0,0,0,1,0,0,0,0,0,0,0,0,0,0,0,0,0,0,0,0,0,0,0,1,0,1,2,0,0,0,0,0,0,0,0,0,0,0,1,0,0,0,0,6,2,0,0,0,0,1,1.0
1mr4rzm,0.024,0.151,0.141,0.763,0.097,-0.2177,17,11.20814326018867,0,1,0,1,0,0,0,0,0,0,0,0,0,0,0,0,1,0,0,0,0,0,0,0,0,0,1,0,0,0,0,0,0,0,0,0,0,0,1,0,0,0,0,4,1,0,1,0,0,1,1.0
1mr57zt,0.022,0.027,0.0,0.786,0.214,0.9864,146,9.606745405546679,1,8,0,3,0,0,0,0,0,0,0,0,0,0,0,1,0,0,0,0,1,0,4,2,2,9,0,0,0,0,0,0,0,0,0,1,0,0,0,2,0,0,8,16,1,2,0,0,0,0,0.3700000047683716
1mr5udo,0.089,0.092,0.072,0.825,0.103,0.9877,1099,14.674990948584703,11,61,0,18,0,0,0,0,0,0,0,0,0,0,5,23,0,0,0,0,0,2,54,1,6,37,33,0,1,1,15,0,0,0,0,1,0,0,1,1,0,0,34,46,7,11,34,8,0,147,0.8100000023841858
1mr6b6v,0.059,0.019,0.0,1.0,0.0,0.0,20,7.168621630094336,0,2,0,1,0,0,0,0,0,0,0,0,0,0,0,1,0,0,0,0,0,2,0,0,0,0,0,0,0,0,0,0,1,0,0,0,0,0,2,0,0,0,2,2,1,0,0,0,0,1,1.0
1mr6hnw,0.044,0.285,0.0,0.748,0.252,0.7964,27,11.20814326018867,0,2,0,1,0,0,0,0,0,0,0,0,0,0,0,0,0,0,0,0,0,0,0,0,2,3,0,0,0,0,0,0,0,0,0,0,0,0,1,1,0,0,1,5,3,0,0,0,0,1,1.0
1mr6j3y,0.366,0.485,0.119,0.881,0.0,-0.3744,20,8.841846274778883,2,2,1,1,0,1,0,0,0,0,0,0,0,0,0,0,0,0,0,0,0,0,1,0,0,0,1,0,0,0,1,0,0,0,0,1,0,0,1,0,0,0,0,5,1,0,0,1,0,1,1.0
1mr6jpe,0.156,0.43,0.059,0.794,0.147,0.9793,262,9.3871,5,29,2,4,0,3,0,0,0,0,0,0,1,0,0,5,0,0,0,0,0,0,28,0,7,6,8,0,0,0,3,0,0,0,0,3,0,0,3,5,0,0,3,21,5,0,3,2,0,0,0.1899999976158142
1mr708t,0.072,0.16,0.041,0.897,0.063,0.7371,223,11.20814326018867,4,21,0,5,0,0,0,0,0,0,0,0,0,0,3,3,0,0,0,0,0,1,7,3,4,6,5,0,1,0,3,0,0,0,0,0,0,0,1,1,0,0,5,20,2,2,3,5,1,0,0.46000000834465027
1mr77i1,0.078,0.032,0.044,0.849,0.106,0.9577,263,13.120403394923592,3,14,0,2,0,0,0,0,0,0,0,0,0,0,1,2,0,0,0,0,0,2,4,3,0,8,6,0,0,1,0,0,0,0,0,0,0,0,2,0,0,0,8,28,1,2,1,1,0,0,0.41999998688697815
1mr7e7x,0.017,0.024,0.227,0.588,0.185,-0.128,9,3.1291,1,0,0,0,0,0,0,0,0,0,0,0,0,0,0,0,0,0,0,0,0,0,0,1,0,0,1,0,0,0,0,0,0,0,0,0,0,0,0,0,0,0,0,1,0,0,1,0,0,1,0.6600000262260437
1mr7hli,0.036,0.231,0.204,0.796,0.0,-0.7506,27,11.20814326018867,1,2,0,0,0,0,0,0,0,0,0,0,0,0,0,0,0,0,0,0,0,0,0,3,0,2,2,0,0,0,0,0,0,0,0,0,0,0,0,0,0,0,0,5,0,0,0,0,0,1,1.0
1mr7wqr,0.04,0.361,0.188,0.812,0.0,-0.624,24,19.287186520377343,0,1,0,0,0,0,0,0,0,0,0,0,0,0,0,0,0,0,0,0,0,0,0,0,0,1,1,0,0,0,0,0,0,0,0,0,0,0,0,0,0,0,1,7,0,0,0,0,0,0,0.33000001311302185
1mr868b,0.141,0.313,0.236,0.764,0.0,-0.7783,24,11.20814326018867,1,1,0,0,0,0,0,0,0,0,0,0,0,0,0,0,0,0,0,0,0,0,0,0,0,1,2,0,0,0,0,0,0,0,0,0,0,0,0,0,0,0,0,6,0,0,1,0,0,0,0.33000001311302185
1mr8lkw,0.1,0.129,0.0,1.0,0.0,0.0,21,8.841846274778883,0,2,0,0,0,0,0,0,0,0,0,0,0,0,0,0,0,0,0,0,0,0,0,0,1,0,1,0,0,0,0,1,1,0,0,0,0,0,0,0,0,0,0,3,1,0,0,0,0,1,1.0
1mr8n5e,0.1,0.129,0.0,1.0,0.0,0.0,21,8.841846274778883,0,2,0,0,0,0,0,0,0,0,0,0,0,0,0,0,0,0,0,0,0,0,0,0,1,0,1,0,0,0,0,1,1,0,0,0,0,0,0,0,0,0,0,3,1,0,0,0,0,1,1.0
1mra56r,0.034,0.509,0.282,0.718,0.0,-0.9313,43,11.855464076750408,0,3,0,0,0,0,0,0,0,0,0,0,0,0,0,0,0,0,0,0,0,0,0,3,0,1,5,0,0,0,0,0,0,0,0,0,0,0,0,0,0,0,0,4,0,0,0,0,0,1,1.0
1mra82g,0.031,0.112,0.085,0.854,0.061,-0.9873,1100,13.63333581228068,17,69,1,11,0,0,0,0,0,0,0,0,0,0,7,8,0,0,3,0,0,5,20,5,29,39,39,0,3,1,12,2,0,0,0,0,0,0,1,3,0,0,53,42,3,9,13,9,0,466,0.800000011920929
1mraq4h,0.018,0.055,0.39,0.61,0.0,-0.4939,6,11.20814326018867,0,0,0,0,0,0,0,0,0,0,0,0,0,0,0,0,0,0,0,0,0,0,0,0,0,0,0,0,0,0,0,0,0,0,0,0,0,0,0,0,0,0,0,1,0,0,0,0,0,1,1.0
1mrbmff,0.072,0.111,0.0,0.775,0.225,0.4939,12,11.20814326018867,0,0,0,1,0,0,0,0,0,0,0,0,0,0,0,0,0,0,0,0,0,0,0,0,0,0,1,0,0,0,0,0,0,0,0,0,0,0,1,0,0,0,0,5,1,0,0,0,0,1,1.0
1mrbr7e,0.035,0.024,0.0,0.741,0.259,0.4927,14,8.841846274778883,0,1,0,0,0,0,0,0,0,0,0,0,0,0,0,0,0,0,0,0,0,0,0,0,0,2,0,0,0,0,0,0,0,0,0,1,0,0,0,0,0,0,0,4,0,0,0,0,0,1,1.0
1mrby1g,0.048,0.16,0.0,0.767,0.233,0.3261,13,11.20814326018867,0,0,0,1,0,0,0,0,0,0,0,0,0,0,0,0,0,0,0,0,0,0,0,0,0,1,0,0,0,0,0,0,0,0,0,0,0,0,0,1,0,0,0,1,0,0,0,0,0,1,1.0
1mrbz4m,0.401,0.285,0.328,0.672,0.0,-0.6597,10,13.023866798666859,0,0,0,0,0,0,0,0,0,0,0,0,0,0,0,0,0,0,0,0,0,0,0,0,0,1,1,0,0,0,0,0,0,0,0,0,0,0,0,0,0,0,1,0,0,0,0,0,0,1,1.0
1mrc3pf,0.033,0.097,0.156,0.844,0.0,-0.1695,10,8.841846274778883,0,0,0,1,0,0,0,0,0,0,0,0,0,0,1,0,0,0,0,0,0,0,0,0,0,1,0,0,0,0,0,0,0,0,0,0,0,0,0,0,0,0,0,4,0,0,0,0,0,1,1.0
1mrclrs,0.035,0.084,0.13,0.672,0.197,0.1531,19,8.841846274778883,1,2,0,0,0,0,0,0,0,0,0,0,0,0,0,0,0,0,0,0,0,0,0,0,2,0,1,0,0,0,0,0,0,0,0,0,0,0,0,0,0,0,0,5,0,0,1,0,0,0,0.5
1mrcokg,0.034,0.022,0.0,0.894,0.106,0.3612,22,13.023866798666859,1,0,0,1,0,0,0,0,0,0,0,0,0,0,0,0,0,0,0,0,0,0,0,0,0,2,0,0,0,0,0,0,0,0,0,0,0,0,0,0,0,0,2,2,1,0,1,0,0,1,1.0
1mrczlb,0.028,0.363,0.119,0.814,0.067,-0.1365,27,8.841846274778883,0,3,0,1,0,0,0,0,0,0,0,0,0,0,0,1,0,0,0,0,0,3,0,0,0,0,2,0,0,0,0,0,0,0,0,0,0,0,0,0,0,0,0,2,0,0,0,0,0,1,1.0
1mrd462,0.033,0.034,0.111,0.889,0.0,-0.1901,15,3.1291,0,0,0,1,0,0,0,0,0,0,0,0,0,0,0,1,0,0,0,0,0,2,0,0,1,0,1,0,0,0,0,0,0,0,0,0,0,0,1,0,0,0,0,3,1,0,0,0,0,0,0.30000001192092896
1mrdvkn,0.078,0.172,0.0,1.0,0.0,0.0,6,8.841846274778883,0,0,0,0,0,0,0,0,0,0,0,0,0,0,0,0,0,0,0,0,0,0,0,0,0,0,1,0,0,0,0,0,0,0,0,0,0,0,0,0,0,0,0,0,0,0,0,0,0,1,1.0
1mrenjh,0.021,0.055,0.222,0.778,0.0,-0.6124,24,14.554592549557764,0,0,0,1,0,0,0,0,0,0,0,0,0,0,0,0,0,0,0,0,0,0,0,0,1,1,1,0,0,0,0,0,0,0,0,0,0,0,0,0,0,0,2,4,2,0,0,0,0,1,1.0
1mreszc,0.052,0.176,0.075,0.786,0.139,0.9036,151,10.608840637214634,1,11,2,2,0,0,0,0,0,0,0,0,0,0,0,2,0,0,0,0,0,0,0,6,0,8,7,0,0,0,0,0,1,0,0,5,0,0,1,0,0,0,7,16,2,0,4,0,1,153,0.8299999833106995
1mrez2m,0.072,0.903,0.45,0.355,0.195,-0.6486,9,3.1291,0,1,1,1,0,0,0,0,0,0,0,0,0,0,0,0,0,0,0,0,0,0,0,0,0,3,0,0,0,0,0,0,0,0,0,0,0,0,0,0,0,0,0,0,0,0,0,0,0,1,1.0
1mrf2aj,0.022,0.034,0.0,1.0,0.0,0.0,9,3.1291,0,1,0,0,0,0,0,0,0,0,0,0,0,0,0,0,0,0,0,0,0,0,1,0,0,0,0,0,0,0,0,0,0,0,0,1,0,0,0,1,0,0,0,2,0,0,0,0,0,1,1.0
1mrf9qj,0.03,0.283,0.25,0.298,0.452,0.5267,10,13.023866798666859,0,0,0,0,0,0,0,0,0,0,0,0,0,0,0,0,0,0,0,0,0,0,0,0,0,2,0,0,0,0,0,0,0,0,0,0,0,0,0,0,0,0,0,1,0,0,0,0,0,1,1.0
1mrfm1p,0.041,0.046,0.0,0.741,0.259,0.6808,18,11.20814326018867,1,2,0,0,0,0,0,0,0,0,0,0,0,0,0,0,0,0,0,0,0,0,0,0,0,2,0,0,0,0,0,0,0,0,0,0,0,0,0,0,0,0,0,4,0,0,1,0,0,1,1.0
1mrfwr5,0.046,0.103,0.0,0.881,0.119,0.4019,21,13.023866798666859,0,1,0,1,0,0,0,0,0,0,0,0,0,0,0,0,0,0,0,0,0,0,0,0,0,1,0,0,0,0,0,0,0,0,0,0,0,0,0,0,0,0,3,5,0,0,1,0,0,1,1.0
1mrg39c,0.136,0.711,0.298,0.702,0.0,-0.5267,9,3.1291,0,0,0,0,0,0,0,0,0,0,0,0,0,0,0,0,0,0,0,0,0,0,0,0,0,0,1,0,0,0,0,0,0,0,0,0,0,0,0,0,0,0,1,2,0,0,0,0,0,1,1.0
1mrgh8t,0.128,0.776,0.527,0.473,0.0,-0.8361,11,3.1291,0,1,1,1,0,0,0,0,0,0,0,0,0,0,0,0,0,0,0,0,0,0,1,0,0,1,1,0,0,0,0,0,0,0,0,0,0,0,0,0,0,0,0,1,0,0,0,0,0,1,1.0
1mrghw8,0.043,0.237,0.05,0.693,0.257,0.7692,22,8.841846274778883,1,1,0,2,0,0,0,0,0,0,0,0,0,0,0,0,0,0,0,0,0,0,0,0,0,4,0,0,0,0,0,0,0,0,0,0,0,0,0,1,0,0,4,4,0,0,1,0,0,78,0.7400000095367432
1mrgw0z,0.021,0.397,0.082,0.819,0.099,0.464,273,16.385398648044777,4,16,0,1,0,0,0,0,0,0,0,0,0,0,0,2,0,0,1,0,0,0,6,2,5,9,15,0,0,0,0,0,0,0,0,0,1,0,0,0,0,0,0,27,1,2,7,0,0,4,0.5299999713897705
1mrh2l2,0.053,0.44,0.0,0.746,0.254,0.4756,14,14.554592549557764,0,0,0,1,0,0,0,0,0,0,0,0,0,0,0,1,0,0,0,0,0,0,0,0,0,2,1,0,0,0,0,0,0,0,0,0,0,0,0,1,0,0,0,6,0,0,0,0,0,1,1.0
1mrh5oo,0.06,0.037,0.184,0.816,0.0,-0.4019,13,3.1291,0,0,0,0,0,0,0,0,0,0,0,0,0,0,0,0,0,0,0,0,0,2,0,0,0,0,1,0,0,0,0,0,0,0,0,0,0,0,0,0,0,0,0,0,0,0,0,0,0,0,0.28999999165534973
1mria4r,0.047,0.378,0.0,0.846,0.154,0.25,12,11.20814326018867,0,0,0,0,0,0,0,0,0,0,0,0,0,0,0,0,0,0,0,0,0,0,0,0,0,0,1,0,0,0,0,0,0,0,0,0,0,0,0,1,0,0,2,2,0,1,0,0,0,1,1.0
1mrib65,0.023,0.075,0.0,0.756,0.244,0.4404,10,8.841846274778883,0,0,0,0,0,0,0,0,0,0,0,0,0,0,0,0,0,0,0,0,0,0,0,0,0,1,0,0,0,0,0,0,0,0,0,0,0,0,0,0,0,0,0,3,0,0,0,0,0,1,1.0
1mrj302,0.219,0.592,0.0,1.0,0.0,0.0,15,3.1291,0,0,0,2,0,0,0,0,0,0,0,0,0,0,0,0,0,0,0,0,0,0,0,0,0,0,0,0,0,0,0,0,0,0,0,0,0,0,0,0,0,0,2,2,0,0,2,0,0,1,1.0
1mrj51v,0.186,0.589,0.0,1.0,0.0,0.0,15,3.1291,0,0,0,2,0,0,0,0,0,0,0,0,0,0,0,0,0,0,0,0,0,0,0,0,0,0,0,0,0,0,0,0,0,0,0,0,0,0,0,0,0,0,2,2,0,0,2,0,0,1,1.0
1mrkg5a,0.015,0.36,0.305,0.568,0.127,-0.765,27,15.903189008614273,0,0,0,0,0,0,0,0,0,0,0,0,0,0,0,0,0,0,0,0,0,1,0,0,0,1,5,0,0,0,0,0,0,0,0,0,0,0,0,0,0,0,1,6,1,1,0,0,0,1,1.0
1mrkg8v,0.055,0.699,0.376,0.624,0.0,-0.8331,15,8.841846274778883,1,0,0,0,0,0,0,0,0,0,0,0,0,0,0,0,0,0,0,0,0,0,1,0,1,1,2,0,0,0,1,0,0,0,0,0,0,0,0,0,0,0,0,1,0,0,1,1,0,1,1.0
1mrkgmx,0.067,0.113,0.0,1.0,0.0,0.0,7,11.20814326018867,0,0,0,1,0,0,0,0,0,0,0,0,0,0,0,0,0,0,0,0,0,0,0,0,0,0,0,0,0,0,0,0,0,0,0,0,0,0,0,0,0,0,1,2,0,0,0,0,0,1,1.0
1mrkz0u,0.032,0.371,0.32,0.68,0.0,-0.5106,8,3.1291,0,0,0,0,0,0,0,0,0,0,0,0,0,0,0,0,0,0,0,0,0,0,2,0,0,0,1,0,0,0,0,0,0,0,0,0,0,0,0,0,0,0,0,0,0,0,0,0,0,1,1.0
1mrlgda,0.054,0.153,0.081,0.815,0.104,0.1531,24,15.903189008614273,0,1,0,0,0,0,0,0,0,0,0,0,0,0,0,0,0,0,0,0,0,0,0,0,2,0,0,0,0,0,0,0,0,0,0,0,0,0,0,0,0,0,2,1,0,0,0,0,0,1,1.0
1mrm37c,0.123,0.283,0.0,1.0,0.0,0.0,12,13.023866798666859,0,0,0,0,0,0,0,0,0,0,0,0,0,0,0,0,0,0,0,0,0,0,0,0,0,0,1,0,0,0,0,0,0,0,0,0,0,0,0,1,0,0,0,3,0,0,0,0,0,1,1.0
1mrmy92,0.028,0.419,0.281,0.719,0.0,-0.8225,25,14.554592549557764,0,1,0,1,0,0,0,0,0,0,0,0,0,0,0,1,0,0,0,0,0,0,0,2,0,1,2,0,0,0,0,0,0,0,0,0,0,0,0,0,0,0,0,6,0,0,0,0,0,1,1.0
1mrnqz1,0.025,0.112,0.248,0.67,0.082,-0.9942,215,12.40481918309499,7,28,0,8,0,0,0,0,0,0,0,0,0,0,0,5,0,0,0,0,0,1,16,0,4,4,13,0,1,0,5,0,0,0,0,0,0,0,4,5,0,0,1,23,5,1,1,3,0,52,0.7900000214576721
1mro1jj,0.057,0.304,0.0,1.0,0.0,0.0,6,3.1291,0,0,0,0,0,0,0,0,0,0,0,0,0,0,0,0,0,0,0,0,0,0,2,0,0,0,0,0,0,0,0,0,0,0,0,0,0,0,0,0,0,0,0,0,0,0,0,0,0,1,1.0
1mroits,0.022,0.025,0.0,1.0,0.0,0.0,7,8.841846274778883,0,0,0,0,0,0,0,0,0,0,0,0,0,0,0,0,0,0,0,0,0,0,0,0,0,0,0,0,0,0,0,0,0,0,0,0,0,0,0,0,0,0,0,0,0,0,0,0,0,1,1.0
1mroq0c,0.048,0.234,0.0,1.0,0.0,0.0,12,11.20814326018867,0,2,0,0,0,0,0,0,0,0,0,0,0,0,0,0,0,0,0,0,0,0,0,0,0,0,0,0,0,0,0,0,0,0,0,0,0,0,0,0,0,0,1,1,0,0,1,0,0,1,1.0
1mrqa9n,0.07,0.113,0.044,0.857,0.098,0.6755,149,12.38480682065935,1,7,0,5,0,0,0,0,0,0,0,0,0,0,0,1,0,0,0,0,0,0,0,0,5,7,4,0,0,0,0,0,0,0,0,0,0,0,0,1,0,0,3,10,0,0,3,0,0,0,0.46000000834465027
1mrs1qz,0.027,0.289,0.097,0.731,0.172,0.9827,318,15.774802946060372,2,19,0,13,0,0,0,0,0,0,0,0,0,0,4,3,0,0,0,0,0,4,1,0,7,16,9,0,0,0,0,0,0,0,0,0,0,0,0,2,0,0,4,24,1,7,6,0,1,117,0.550000011920929
1mrsk8k,0.035,0.233,0.016,0.889,0.094,0.9396,212,12.68835289967788,2,10,0,3,0,1,0,0,0,0,0,0,0,0,0,2,0,0,0,0,0,0,4,0,0,7,2,0,0,2,0,0,0,0,0,1,0,0,0,0,0,0,17,16,1,2,1,0,1,0,0.17000000178813934
1mrsolj,0.263,0.236,0.064,0.773,0.163,0.9658,194,9.888512548439397,4,3,0,3,0,1,0,0,0,0,0,0,0,0,1,1,0,0,1,0,0,1,0,7,1,9,5,0,0,0,0,0,0,0,0,0,0,0,1,3,0,0,5,21,2,0,1,1,0,0,0.12999999523162842
1mrsvao,0.03,0.027,0.11,0.749,0.14,0.6601,207,11.022393298168332,3,7,0,1,0,0,0,0,0,0,0,0,0,0,0,2,0,0,1,0,0,0,8,5,4,13,10,0,0,0,1,1,0,0,0,1,0,0,3,2,0,0,8,18,1,2,4,2,1,32,0.7099999785423279
1mrtanh,0.018,0.027,0.0,1.0,0.0,0.0,12,11.20814326018867,0,0,0,0,0,0,0,0,0,0,0,0,0,0,0,0,0,0,0,0,0,0,0,0,0,1,0,0,0,0,0,0,0,0,0,0,0,0,0,0,0,0,0,2,0,0,0,0,0,1,1.0
1mrtkm6,0.223,0.479,0.201,0.566,0.233,0.128,11,13.023866798666859,0,1,1,0,0,0,0,0,0,0,0,0,0,0,0,0,0,0,0,0,0,0,0,0,0,1,1,0,0,0,0,0,0,0,0,0,0,0,0,0,0,0,1,1,0,0,0,0,0,1,1.0
1mrtr1q,0.061,0.321,0.169,0.763,0.067,-0.9571,148,12.815532586354998,2,11,0,1,0,0,0,0,0,0,0,0,0,0,0,0,0,0,0,0,0,5,1,0,4,5,8,0,0,0,0,0,0,0,0,0,0,0,0,1,0,0,5,17,0,2,2,0,0,18,0.5799999833106995
1mru20m,0.288,0.211,0.022,0.915,0.063,0.8751,228,10.355215969177355,2,14,0,7,0,0,0,0,0,0,0,0,0,0,0,1,0,0,0,0,0,3,0,0,7,6,5,0,0,0,0,0,2,0,0,5,0,0,1,1,0,0,10,18,0,1,6,0,0,1,0.5199999809265137
1mru318,0.035,0.067,0.0,1.0,0.0,0.0,12,11.20814326018867,0,0,0,0,0,0,0,0,0,0,0,0,0,0,0,0,0,0,0,0,0,0,0,0,0,1,0,0,0,0,0,0,0,0,0,0,0,0,0,0,0,0,0,2,0,0,0,0,0,1,1.0
1mrv14a,0.053,0.118,0.113,0.772,0.115,-0.1901,143,23.460913003271497,2,6,0,5,0,0,0,0,0,0,0,0,0,0,0,1,0,0,0,0,0,1,0,0,4,8,12,0,0,0,0,0,0,0,0,0,0,0,2,2,0,0,2,15,2,0,2,0,0,0,0.17000000178813934
1mrv5k7,0.03,0.252,0.265,0.735,0.0,-0.6597,17,11.20814326018867,0,0,0,1,0,0,0,0,0,0,0,0,0,0,0,0,0,0,0,0,0,0,0,0,0,1,0,0,0,0,0,0,0,0,0,0,0,0,0,0,0,0,2,2,0,0,0,0,0,1,1.0
1mrvj65,0.034,0.329,0.137,0.863,0.0,-0.8271,58,10.686352973137792,0,3,0,0,0,0,0,0,0,0,0,0,0,0,0,0,0,0,0,0,0,0,1,0,2,1,1,0,0,0,0,0,0,0,0,0,0,0,0,0,0,0,2,9,0,1,0,0,0,0,0.17000000178813934
1mrvwl4,0.025,0.087,0.139,0.747,0.114,-0.845,202,14.138980108339055,4,24,0,5,0,0,0,0,0,0,0,0,1,0,2,4,0,0,0,0,0,1,8,0,1,6,8,0,0,0,2,0,0,0,0,0,0,0,0,0,0,0,6,23,3,3,5,2,2,0,0.3700000047683716
1mrwpk7,0.017,0.031,0.0,1.0,0.0,0.0,6,8.841846274778883,0,0,0,0,0,0,0,0,0,0,0,0,0,0,0,0,0,0,0,0,0,0,0,0,0,0,0,0,0,0,0,0,0,0,0,0,0,0,0,0,0,0,0,1,0,0,0,0,0,1,1.0
1mrx1r1,0.015,0.36,0.305,0.568,0.127,-0.765,27,15.903189008614273,0,0,0,0,0,0,0,0,0,0,0,0,0,0,0,0,0,0,0,0,0,1,0,0,0,1,5,0,0,0,0,0,0,0,0,0,0,0,0,0,0,0,1,6,1,1,0,0,0,1,1.0
1mry0f5,0.227,0.129,0.0,0.806,0.194,0.9865,174,10.504223727775692,1,10,0,4,0,2,0,0,0,0,0,0,0,0,0,0,0,0,0,0,0,0,8,1,9,8,1,0,0,1,0,0,0,0,0,1,0,0,2,3,0,0,0,18,3,3,2,1,0,842,0.7200000286102295
1mryb8k,0.015,0.36,0.305,0.568,0.127,-0.765,27,15.903189008614273,0,0,0,0,0,0,0,0,0,0,0,0,0,0,0,0,0,0,0,0,0,1,0,0,0,1,5,0,0,0,0,0,0,0,0,0,0,0,0,0,0,0,1,6,1,1,0,0,0,1,1.0
1mrykqa,0.014,0.02,0.0,1.0,0.0,0.0,18,11.20814326018867,0,0,0,0,0,0,0,0,0,0,0,0,0,0,1,0,0,0,0,0,0,0,0,0,0,0,0,0,0,0,0,0,0,0,0,0,0,0,0,0,0,0,1,6,0,0,0,0,0,1,1.0
1mryxcy,0.052,0.186,0.044,0.835,0.121,0.9959,805,13.324688043637089,16,61,1,21,0,0,0,0,0,1,0,0,0,0,6,16,0,0,0,0,1,6,27,3,21,26,16,0,2,2,3,0,3,0,0,2,0,0,4,6,0,0,4,46,9,3,6,7,0,0,0.25999999046325684
